"","value","rating.rt","participant","pic_path"
"1",4.986083984,2.9876,"5589be79fdf99b18be320155","EC_0234.jpg"
"2",0.997753906,3.5369,"5589be79fdf99b18be320155","EC_0176.jpg"
"3",8.009716797,2.6537,"5589be79fdf99b18be320155","EC_0092.jpg"
"4",6.931005859,2.5718,"5589be79fdf99b18be320155","EC_0038.jpg"
"5",7.99765625,2.3854,"5589be79fdf99b18be320155","EC_0152.jpg"
"6",8.942041016,2.4823,"5589be79fdf99b18be320155","EC_0232.jpg"
"7",7.036279297,2.1907,"5589be79fdf99b18be320155","EC_0095.jpg"
"8",0,3.057,"5589be79fdf99b18be320155","EC_0142.jpg"
"9",9.958447266,2.5885,"5589be79fdf99b18be320155","EC_0248.jpg"
"10",1.030761719,3.0515,"5589be79fdf99b18be320155","EC_0131.jpg"
"11",9.991064453,3.7539,"5589be79fdf99b18be320155","EC_0172.jpg"
"12",9.989550781,2.8884,"5589be79fdf99b18be320155","EC_0157.jpg"
"13",9.984326172,3.7171,"5589be79fdf99b18be320155","EC_0053.jpg"
"14",3.899560547,2.589,"5589be79fdf99b18be320155","EC_0230.jpg"
"15",8.077880859,2.514,"5589be79fdf99b18be320155","EC_0109.jpg"
"16",8.843408203,2.3527,"5589be79fdf99b18be320155","EC_0211.jpg"
"17",9.982861328,3.5094,"5589be79fdf99b18be320155","EC_0188.jpg"
"18",0,3.722,"5589be79fdf99b18be320155","EC_0129.jpeg"
"19",6.906933594,2.3568,"5589be79fdf99b18be320155","EC_0113.jpg"
"20",8.977734375,2.6803,"5589be79fdf99b18be320155","EC_0138.png"
"21",8.0828125,3.2714,"5589be79fdf99b18be320155","EC_0006.jpg"
"22",8.980419922,2.4645,"5589be79fdf99b18be320155","EC_0030.jpg"
"23",9.958203125,3.218,"5589be79fdf99b18be320155","EC_0151.jpg"
"24",5.051660156,2.1909,"5589be79fdf99b18be320155","EC_0238.jpg"
"25",0.9828125,3.8505,"5589be79fdf99b18be320155","EC_0009.jpg"
"26",7.919921875,2.6729,"5589be79fdf99b18be320155","EC_0031.jpg"
"27",6.023925781,3.5836,"5589be79fdf99b18be320155","EC_0014.jpg"
"28",0,3.5283,"5589be79fdf99b18be320155","EC_0185.jpg"
"29",7.995507812,2.8748,"5589be79fdf99b18be320155","EC_0013.jpg"
"30",0.020117188,3.4367,"5589be79fdf99b18be320155","EC_0121.jpg"
"31",2.939355469,2.7806,"5589be79fdf99b18be320155","EC_0105.jpg"
"32",0.085449219,4.4344,"5589be79fdf99b18be320155","EC_0005.jpg"
"33",3.951025391,3.0032,"5589be79fdf99b18be320155","EC_0076.jpg"
"34",9.141552734,2.7665,"5589be79fdf99b18be320155","EC_0249.jpg"
"35",7.889208984,2.6866,"5589be79fdf99b18be320155","EC_0141.jpg"
"36",9.075195313,2.506,"5589be79fdf99b18be320155","EC_0233.jpg"
"37",4.025878906,3.9961,"5589be79fdf99b18be320155","EC_0115.jpg"
"38",9.970166016,2.9859,"5589be79fdf99b18be320155","EC_0219.jpg"
"39",0.012060547,3.8567,"5589be79fdf99b18be320155","EC_0161.jpg"
"40",1.991308594,2.2887,"5589be79fdf99b18be320155","EC_0221.jpg"
"41",8.032226563,3.0531,"5589be79fdf99b18be320155","EC_0099.jpg"
"42",2.995117188,2.3,"5589be79fdf99b18be320155","EC_0163.jpg"
"43",8.672363281,2.4658,"5589be79fdf99b18be320155","EC_0081.jpg"
"44",6.232177734,2.4895,"5589be79fdf99b18be320155","EC_0177.jpg"
"45",1.067236328,2.4553,"5589be79fdf99b18be320155","EC_0214.jpg"
"46",9.033642578,2.3962,"5589be79fdf99b18be320155","EC_0046.jpg"
"47",3.068505859,2.8542,"5589be79fdf99b18be320155","EC_0198.jpg"
"48",9.945800781,2.6013,"5589be79fdf99b18be320155","EC_0088.jpg"
"49",5.045947266,2.4987,"5589be79fdf99b18be320155","EC_0074.jpg"
"50",7.121142578,3.0718,"5589be79fdf99b18be320155","EC_0135.jpg"
"51",7.919335938,2.5371,"5589be79fdf99b18be320155","EC_0125.jpeg"
"52",3.960791016,3.1383,"5589be79fdf99b18be320155","EC_0120.jpg"
"53",1.047314453,3.2567,"5589be79fdf99b18be320155","EC_0001.jpg"
"54",5.000439453,2.854,"5589be79fdf99b18be320155","EC_0236.jpg"
"55",8.995751953,2.4379,"5589be79fdf99b18be320155","EC_0134.jpg"
"56",7.018408203,2.7539,"5589be79fdf99b18be320155","EC_0167.jpg"
"57",7.070654297,2.7526,"5589be79fdf99b18be320155","EC_0027.jpg"
"58",9.034570312,6.674,"5589be79fdf99b18be320155","EC_0063.jpg"
"59",3.91953125,2.736,"5589be79fdf99b18be320155","EC_0244.jpg"
"60",8.927685547,2.2709,"5589be79fdf99b18be320155","EC_0132.jpg"
"61",5.925634766,2.6732,"5589be79fdf99b18be320155","EC_0080.jpg"
"62",3.968945313,3.3957,"5589be79fdf99b18be320155","EC_0029.jpg"
"63",6.022900391,3.0707,"5589be79fdf99b18be320155","EC_0097.jpg"
"64",9.990332031,3.5862,"5589be79fdf99b18be320155","EC_0017.jpg"
"65",3.025488281,3.2002,"5589be79fdf99b18be320155","EC_0007.jpg"
"66",0.026269531,4.7415,"5589be79fdf99b18be320155","EC_0033.jpeg"
"67",3.912939453,3.3696,"5589be79fdf99b18be320155","EC_0069.jpg"
"68",0.869921875,2.5218,"5589be79fdf99b18be320155","EC_0103.jpg"
"69",9.958398437,3.3358,"5589be79fdf99b18be320155","EC_0039.jpg"
"70",7.925244141,2.5936,"5589be79fdf99b18be320155","EC_0060.jpg"
"71",6.074951172,3.0181,"5589be79fdf99b18be320155","EC_0084.jpg"
"72",4.939990234,2.9068,"5589be79fdf99b18be320155","EC_0229.jpg"
"73",1.864697266,3.497,"5589be79fdf99b18be320155","EC_0011.jpg"
"74",9.996484375,2.8048,"5589be79fdf99b18be320155","EC_0168.jpeg"
"75",9.957128906,2.5355,"5589be79fdf99b18be320155","EC_0246.jpg"
"76",4.075195313,2.2557,"5589be79fdf99b18be320155","EC_0061.jpg"
"77",7.981445313,2.6972,"5589be79fdf99b18be320155","EC_0164.jpg"
"78",9.057470703,2.355,"5589be79fdf99b18be320155","EC_0096.jpg"
"79",6.924121094,2.7554,"5589be79fdf99b18be320155","EC_0067.jpg"
"80",8.102441406,2.5158,"5589be79fdf99b18be320155","EC_0183.jpg"
"81",9.942822266,3.0229,"5589be79fdf99b18be320155","EC_0012.jpg"
"82",0.021240234,2.9731,"5589be79fdf99b18be320155","EC_0019.jpg"
"83",9.947705078,2.5729,"5589be79fdf99b18be320155","EC_0102.jpg"
"84",9.951611328,2.4367,"5589be79fdf99b18be320155","EC_0209.jpg"
"85",1.087207031,3.1407,"5589be79fdf99b18be320155","EC_0077.jpg"
"86",9.969677734,3.2197,"5589be79fdf99b18be320155","EC_0193.png"
"87",9.948535156,2.5517,"5589be79fdf99b18be320155","EC_0024.jpg"
"88",6.962207031,2.6383,"5589be79fdf99b18be320155","EC_0083.jpg"
"89",6.011572266,3.2133,"5589be79fdf99b18be320155","EC_0194.jpg"
"90",0.067529297,2.9881,"5589be79fdf99b18be320155","EC_0201.jpg"
"91",9.970068359,4.0629,"5589be79fdf99b18be320155","EC_0243.jpg"
"92",9.971679688,3.69,"5589be79fdf99b18be320155","EC_0057.jpeg"
"93",9.968798828,2.0885,"5589be79fdf99b18be320155","EC_0054.jpg"
"94",9.963769531,2.5548,"5589be79fdf99b18be320155","EC_0101.jpg"
"95",3.017871094,2.6225,"5589be79fdf99b18be320155","EC_0016.jpg"
"96",0.014306641,2.652,"5589be79fdf99b18be320155","EC_0184.jpg"
"97",8.011474609,3.1702,"5589be79fdf99b18be320155","EC_0049.jpg"
"98",4.026269531,3.0144,"5589be79fdf99b18be320155","EC_0204.jpg"
"99",7.886914062,3.4529,"5589be79fdf99b18be320155","EC_0170.jpg"
"100",9.023095703,2.2555,"5589be79fdf99b18be320155","EC_0153.jpg"
"101",9.996435547,2.6688,"5589be79fdf99b18be320155","EC_0055.jpg"
"102",8.012548828,4.3507,"5589be79fdf99b18be320155","EC_0213.jpg"
"103",9.990478516,3.2704,"5589be79fdf99b18be320155","EC_0223.jpg"
"104",5.054492188,2.5019,"5589be79fdf99b18be320155","EC_0200.png"
"105",6.894042969,2.9056,"5589be79fdf99b18be320155","EC_0085.jpg"
"106",9.084277344,2.9882,"5589be79fdf99b18be320155","EC_0239.jpg"
"107",2.835107422,3.1413,"5589be79fdf99b18be320155","EC_0156.jpg"
"108",9.980175781,4.7421,"5589be79fdf99b18be320155","EC_0123.jpeg"
"109",9.982080078,3.8212,"5589be79fdf99b18be320155","EC_0203.jpg"
"110",1.033154297,3.0864,"5589be79fdf99b18be320155","EC_0222.jpg"
"111",9.971386719,3.2196,"5589be79fdf99b18be320155","EC_0119.jpg"
"112",8.968359375,2.2726,"5589be79fdf99b18be320155","EC_0032.jpg"
"113",9.1046875,2.7215,"5589be79fdf99b18be320155","EC_0159.jpg"
"114",9.964599609,2.9672,"5589be79fdf99b18be320155","EC_0034.jpg"
"115",10,7.3832,"5589be79fdf99b18be320155","EC_0098.jpg"
"116",10,2.812,"5589be79fdf99b18be320155","EC_0041.jpg"
"117",1.032519531,3.188,"5589be79fdf99b18be320155","EC_0100.jpg"
"118",5.966015625,2.886,"5589be79fdf99b18be320155","EC_0139.png"
"119",7.211914063,2.7381,"5589be79fdf99b18be320155","EC_0228.jpg"
"120",10,3.3224,"5589be79fdf99b18be320155","EC_0205.jpg"
"121",10,3.977,"5589be79fdf99b18be320155","EC_0174.jpg"
"122",8.026611328,2.3576,"5589be79fdf99b18be320155","EC_0158.jpg"
"123",8.023730469,2.0176,"5589be79fdf99b18be320155","EC_0062.jpg"
"124",2.996923828,3.0554,"5589be79fdf99b18be320155","EC_0136.jpg"
"125",8.881591797,2.3744,"5589be79fdf99b18be320155","EC_0003.jpg"
"126",7.151611328,2.3631,"5589be79fdf99b18be320155","EC_0166.jpg"
"127",7.926757813,3.356,"5589be79fdf99b18be320155","EC_0070.jpg"
"128",0.014550781,4.1823,"5589be79fdf99b18be320155","EC_0140.jpg"
"129",3.982177734,3.1045,"5589be79fdf99b18be320155","EC_0124.jpeg"
"130",0.078417969,3.1346,"5589be79fdf99b18be320155","EC_0162.jpg"
"131",9.945019531,3.3384,"5589be79fdf99b18be320155","EC_0207.jpg"
"132",9.903466797,2.9592,"5589be79fdf99b18be320155","EC_0066.jpg"
"133",8.076220703,3.1527,"5589be79fdf99b18be320155","EC_0036.jpeg"
"134",7.818310547,3.0177,"5589be79fdf99b18be320155","EC_0197.jpg"
"135",6.808398438,3.4045,"5589be79fdf99b18be320155","EC_0199.jpg"
"136",7.001806641,3.3971,"5589be79fdf99b18be320155","EC_0051.jpg"
"137",7.894189453,3.0395,"5589be79fdf99b18be320155","EC_0165.jpg"
"138",0,3.5105,"5589be79fdf99b18be320155","EC_0227.jpg"
"139",9.023339844,3.8874,"5589be79fdf99b18be320155","EC_0002.jpg"
"140",8.923779297,2.5341,"5589be79fdf99b18be320155","EC_0231.jpg"
"141",6.999609375,2.598,"5589be79fdf99b18be320155","EC_0133.jpg"
"142",9.966992188,6.1927,"5589be79fdf99b18be320155","EC_0056.jpg"
"143",6.935839844,2.8406,"5589be79fdf99b18be320155","EC_0037.jpg"
"144",0.166455078,4.1533,"5589be79fdf99b18be320155","EC_0111.jpg"
"145",5.985400391,2.3813,"5589be79fdf99b18be320155","EC_0242.jpg"
"146",9.91953125,3.0739,"5589be79fdf99b18be320155","EC_0160.jpg"
"147",5.830371094,2.7365,"5589be79fdf99b18be320155","EC_0089.jpg"
"148",7.994873047,2.7547,"5589be79fdf99b18be320155","EC_0090.jpg"
"149",1.070166016,2.8025,"5589be79fdf99b18be320155","EC_0224.jpg"
"150",5.033300781,2.9959,"5589be79fdf99b18be320155","EC_0182.jpg"
"151",10,2.7308,"5589be79fdf99b18be320155","EC_0171.jpg"
"152",9.14140625,2.3853,"5589be79fdf99b18be320155","EC_0079.jpg"
"153",8.919775391,3.1752,"5589be79fdf99b18be320155","EC_0128.jpeg"
"154",9.861181641,2.2069,"5589be79fdf99b18be320155","EC_0048.jpg"
"155",6.875634766,2.8013,"5589be79fdf99b18be320155","EC_0108.jpg"
"156",2.787792969,2.9463,"5589be79fdf99b18be320155","EC_0018.jpg"
"157",8.885839844,2.5316,"5589be79fdf99b18be320155","EC_0072.jpg"
"158",8.882958984,2.5098,"5589be79fdf99b18be320155","EC_0087.jpg"
"159",10,3.0076,"5589be79fdf99b18be320155","EC_0040.jpg"
"160",0.973095703,3.1509,"5589be79fdf99b18be320155","EC_0071.jpg"
"161",7.883642578,3.4075,"5589be79fdf99b18be320155","EC_0235.jpg"
"162",1.10546875,3.5219,"5589be79fdf99b18be320155","EC_0065.jpg"
"163",7.894335938,2.708,"5589be79fdf99b18be320155","EC_0169.png"
"164",5.890234375,3.1588,"5589be79fdf99b18be320155","EC_0210.jpg"
"165",1.016796875,2.3401,"5589be79fdf99b18be320155","EC_0240.jpg"
"166",10,2.8073,"5589be79fdf99b18be320155","EC_0028.jpg"
"167",7.007128906,2.7732,"5589be79fdf99b18be320155","EC_0180.jpg"
"168",7.954492187,2.656,"5589be79fdf99b18be320155","EC_0086.jpg"
"169",9.980761719,3.1464,"5589be79fdf99b18be320155","EC_0058.jpg"
"170",6.903271484,2.8413,"5589be79fdf99b18be320155","EC_0154.jpg"
"171",2.135058594,2.8086,"5589be79fdf99b18be320155","EC_0010.jpg"
"172",7.873144531,2.8741,"5589be79fdf99b18be320155","EC_0250.jpg"
"173",1.06328125,3.9168,"5589be79fdf99b18be320155","EC_0150.jpg"
"174",7.136865234,3.6339,"5589be79fdf99b18be320155","EC_0064.jpg"
"175",8.092822266,2.5644,"5589be79fdf99b18be320155","EC_0020.jpg"
"176",0.045947266,3.3627,"5589be79fdf99b18be320155","EC_0206.png"
"177",8.949804688,2.3096,"5589be79fdf99b18be320155","EC_0104.jpg"
"178",9.976318359,2.59,"5589be79fdf99b18be320155","EC_0202.jpg"
"179",9.988623047,4.4175,"5589be79fdf99b18be320155","EC_0047.jpg"
"180",0.068164063,4.8163,"5589be79fdf99b18be320155","EC_0195.jpg"
"181",7.9078125,2.7054,"5589be79fdf99b18be320155","EC_0068.jpg"
"182",0.037792969,2.7552,"5589be79fdf99b18be320155","EC_0247.jpg"
"183",8.127978516,2.3572,"5589be79fdf99b18be320155","EC_0015.jpg"
"184",1.880664062,3.1369,"5589be79fdf99b18be320155","EC_0094.jpg"
"185",9.933837891,3.3071,"5589be79fdf99b18be320155","EC_0073.jpg"
"186",9.984423828,3.4198,"5589be79fdf99b18be320155","EC_0137.jpg"
"187",1.975,3.8527,"5589be79fdf99b18be320155","EC_0147.png"
"188",9.916992188,2.8192,"5589be79fdf99b18be320155","EC_0050.jpg"
"189",9.98671875,4.1186,"5589be79fdf99b18be320155","EC_0008.jpg"
"190",0.067871094,4.1546,"5589be79fdf99b18be320155","EC_0241.jpg"
"191",9.973095703,2.8285,"5589be79fdf99b18be320155","EC_0148.jpg"
"192",0.05546875,2.4076,"5589be79fdf99b18be320155","EC_0226.jpg"
"193",2.019824219,3.2372,"5589be79fdf99b18be320155","EC_0059.jpg"
"194",8.912597656,2.5299,"5589be79fdf99b18be320155","EC_0181.jpg"
"195",0.037841797,3.2209,"5589be79fdf99b18be320155","EC_0196.jpg"
"196",7.206738281,3.1227,"5589be79fdf99b18be320155","EC_0237.jpg"
"197",7.925341797,2.5188,"5589be79fdf99b18be320155","EC_0173.jpg"
"198",6.038671875,2.7875,"5589be79fdf99b18be320155","EC_0022.jpg"
"199",9.075732422,4.0337,"5589be79fdf99b18be320155","EC_0117.jpg"
"200",5.030957031,2.9739,"5589be79fdf99b18be320155","EC_0042.jpg"
"201",2.915576172,2.3407,"5589be79fdf99b18be320155","EC_0245.jpg"
"202",8.929541016,2.805,"5589be79fdf99b18be320155","EC_0082.jpg"
"203",0.068652344,5.866,"5589be79fdf99b18be320155","EC_0075.jpg"
"204",9.153320313,2.4529,"5589be79fdf99b18be320155","EC_0093.jpg"
"205",6.034423828,3.3062,"5589be79fdf99b18be320155","EC_0106.jpg"
"206",9.868310547,3.2315,"5589be79fdf99b18be320155","EC_0118.jpg"
"207",6.781738281,2.5802,"5589be79fdf99b18be320155","EC_0187.jpeg"
"208",9.031054687,3.0196,"5589be79fdf99b18be320155","EC_0149.jpg"
"209",8.858349609,2.6958,"5589be79fdf99b18be320155","EC_0044.jpg"
"210",3.940380859,2.7392,"5589be79fdf99b18be320155","EC_0116.jpg"
"211",5.188888889,2.7308,"55a43687fdf99b7da1908e0f","EC_0032.jpg"
"212",9.844444444,3.3212,"55a43687fdf99b7da1908e0f","EC_0228.jpg"
"213",0.711111111,3.2718,"55a43687fdf99b7da1908e0f","EC_0148.jpg"
"214",9.044444444,2.858,"55a43687fdf99b7da1908e0f","EC_0138.png"
"215",2.133333333,2.9278,"55a43687fdf99b7da1908e0f","EC_0214.jpg"
"216",2.9,3.1768,"55a43687fdf99b7da1908e0f","EC_0084.jpg"
"217",4.955555556,2.3172,"55a43687fdf99b7da1908e0f","EC_0166.jpg"
"218",9.022222222,4.8168,"55a43687fdf99b7da1908e0f","EC_0109.jpg"
"219",3.966666667,7.6727,"55a43687fdf99b7da1908e0f","EC_0226.jpg"
"220",5.966666667,3.2419,"55a43687fdf99b7da1908e0f","EC_0086.jpg"
"221",0.888888889,5.7484,"55a43687fdf99b7da1908e0f","EC_0067.jpg"
"222",2.033333333,2.8341,"55a43687fdf99b7da1908e0f","EC_0083.jpg"
"223",2.066666667,4.3999,"55a43687fdf99b7da1908e0f","EC_0137.jpg"
"224",9.966666667,7.746,"55a43687fdf99b7da1908e0f","EC_0125.jpeg"
"225",7.988888889,7.3592,"55a43687fdf99b7da1908e0f","EC_0159.jpg"
"226",3.155555556,4.1596,"55a43687fdf99b7da1908e0f","EC_0005.jpg"
"227",7.066666667,5.057,"55a43687fdf99b7da1908e0f","EC_0243.jpg"
"228",5.9,3.5418,"55a43687fdf99b7da1908e0f","EC_0047.jpg"
"229",5.888888889,2.3757,"55a43687fdf99b7da1908e0f","EC_0048.jpg"
"230",8.188888889,4.7752,"55a43687fdf99b7da1908e0f","EC_0231.jpg"
"231",5.011111111,6.1484,"55a43687fdf99b7da1908e0f","EC_0017.jpg"
"232",9,2.9089,"55a43687fdf99b7da1908e0f","EC_0101.jpg"
"233",7.922222222,2.7082,"55a43687fdf99b7da1908e0f","EC_0103.jpg"
"234",1.022222222,7.4293,"55a43687fdf99b7da1908e0f","EC_0164.jpg"
"235",5.933333333,3.3436,"55a43687fdf99b7da1908e0f","EC_0062.jpg"
"236",4.066666667,7.4094,"55a43687fdf99b7da1908e0f","EC_0202.jpg"
"237",6.966666667,11.0498,"55a43687fdf99b7da1908e0f","EC_0150.jpg"
"238",8.044444444,6.2355,"55a43687fdf99b7da1908e0f","EC_0200.png"
"239",9.833333333,2.7234,"55a43687fdf99b7da1908e0f","EC_0072.jpg"
"240",6.9,3.0878,"55a43687fdf99b7da1908e0f","EC_0094.jpg"
"241",9.044444444,21.6249,"55a43687fdf99b7da1908e0f","EC_0124.jpeg"
"242",6.922222222,10.2158,"55a43687fdf99b7da1908e0f","EC_0206.png"
"243",8.988888889,14.1549,"55a43687fdf99b7da1908e0f","EC_0044.jpg"
"244",2.933333333,5.0209,"55a43687fdf99b7da1908e0f","EC_0169.png"
"245",9.866666667,3.4028,"55a43687fdf99b7da1908e0f","EC_0129.jpeg"
"246",7.122222222,9.8844,"55a43687fdf99b7da1908e0f","EC_0069.jpg"
"247",6.988888889,13.715,"55a43687fdf99b7da1908e0f","EC_0233.jpg"
"248",9.044444444,3.5014,"55a43687fdf99b7da1908e0f","EC_0105.jpg"
"249",6.9,12.8005,"55a43687fdf99b7da1908e0f","EC_0070.jpg"
"250",8.088888889,4.5115,"55a43687fdf99b7da1908e0f","EC_0100.jpg"
"251",7.988888889,2.5045,"55a43687fdf99b7da1908e0f","EC_0096.jpg"
"252",3.055555556,2.8365,"55a43687fdf99b7da1908e0f","EC_0201.jpg"
"253",3.988888889,5.6578,"55a43687fdf99b7da1908e0f","EC_0250.jpg"
"254",1.877777778,8.011,"55a43687fdf99b7da1908e0f","EC_0198.jpg"
"255",9.933333333,14.758,"55a43687fdf99b7da1908e0f","EC_0113.jpg"
"256",7.044444444,6.1457,"55a43687fdf99b7da1908e0f","EC_0097.jpg"
"257",1.155555556,4.7362,"55a43687fdf99b7da1908e0f","EC_0199.jpg"
"258",5.111111111,5.9631,"55a43687fdf99b7da1908e0f","EC_0053.jpg"
"259",1.966666667,2.7674,"55a43687fdf99b7da1908e0f","EC_0195.jpg"
"260",2.944444444,3.2077,"55a43687fdf99b7da1908e0f","EC_0061.jpg"
"261",7.022222222,25.5032,"55a43687fdf99b7da1908e0f","EC_0013.jpg"
"262",8.888888889,2.4969,"55a43687fdf99b7da1908e0f","EC_0029.jpg"
"263",9.011111111,2.6371,"55a43687fdf99b7da1908e0f","EC_0002.jpg"
"264",4.955555556,2.5799,"55a43687fdf99b7da1908e0f","EC_0151.jpg"
"265",6.033333333,2.403,"55a43687fdf99b7da1908e0f","EC_0085.jpg"
"266",3.011111111,2.0667,"55a43687fdf99b7da1908e0f","EC_0176.jpg"
"267",9.055555556,2.7016,"55a43687fdf99b7da1908e0f","EC_0232.jpg"
"268",8,2.3634,"55a43687fdf99b7da1908e0f","EC_0008.jpg"
"269",5.955555556,2.532,"55a43687fdf99b7da1908e0f","EC_0211.jpg"
"270",8.844444444,2.7586,"55a43687fdf99b7da1908e0f","EC_0034.jpg"
"271",8.044444444,2.3038,"55a43687fdf99b7da1908e0f","EC_0054.jpg"
"272",7,2.3159,"55a43687fdf99b7da1908e0f","EC_0042.jpg"
"273",4.911111111,8.6509,"55a43687fdf99b7da1908e0f","EC_0240.jpg"
"274",8.022222222,4.7417,"55a43687fdf99b7da1908e0f","EC_0098.jpg"
"275",4.166666667,2.6797,"55a43687fdf99b7da1908e0f","EC_0224.jpg"
"276",6.011111111,3.3814,"55a43687fdf99b7da1908e0f","EC_0108.jpg"
"277",7.988888889,2.6203,"55a43687fdf99b7da1908e0f","EC_0132.jpg"
"278",9.911111111,31.7916,"55a43687fdf99b7da1908e0f","EC_0219.jpg"
"279",8.055555556,4.2605,"55a43687fdf99b7da1908e0f","EC_0080.jpg"
"280",9.077777778,3.1163,"55a43687fdf99b7da1908e0f","EC_0082.jpg"
"281",3.977777778,2.7431,"55a43687fdf99b7da1908e0f","EC_0131.jpg"
"282",6.966666667,4.8746,"55a43687fdf99b7da1908e0f","EC_0157.jpg"
"283",7.955555556,7.0782,"55a43687fdf99b7da1908e0f","EC_0209.jpg"
"284",7.033333333,2.5025,"55a43687fdf99b7da1908e0f","EC_0139.png"
"285",9.944444444,4.446,"55a43687fdf99b7da1908e0f","EC_0229.jpg"
"286",9.677777778,2.5661,"55a43687fdf99b7da1908e0f","EC_0194.jpg"
"287",7.011111111,2.7805,"55a43687fdf99b7da1908e0f","EC_0056.jpg"
"288",3.055555556,2.4824,"55a43687fdf99b7da1908e0f","EC_0089.jpg"
"289",5.933333333,2.661,"55a43687fdf99b7da1908e0f","EC_0165.jpg"
"290",7.855555556,3.0157,"55a43687fdf99b7da1908e0f","EC_0024.jpg"
"291",9.933333333,4.1197,"55a43687fdf99b7da1908e0f","EC_0076.jpg"
"292",8.066666667,2.4911,"55a43687fdf99b7da1908e0f","EC_0028.jpg"
"293",0.133333333,4.0766,"55a43687fdf99b7da1908e0f","EC_0235.jpg"
"294",5.9,4.8294,"55a43687fdf99b7da1908e0f","EC_0187.jpeg"
"295",0.344444444,2.8756,"55a43687fdf99b7da1908e0f","EC_0142.jpg"
"296",6.966666667,2.8954,"55a43687fdf99b7da1908e0f","EC_0134.jpg"
"297",1.977777778,3.438,"55a43687fdf99b7da1908e0f","EC_0077.jpg"
"298",2.966666667,2.2785,"55a43687fdf99b7da1908e0f","EC_0087.jpg"
"299",4.944444444,4.1258,"55a43687fdf99b7da1908e0f","EC_0088.jpg"
"300",2.055555556,2.4194,"55a43687fdf99b7da1908e0f","EC_0184.jpg"
"301",3.011111111,2.4395,"55a43687fdf99b7da1908e0f","EC_0120.jpg"
"302",9.911111111,2.8116,"55a43687fdf99b7da1908e0f","EC_0038.jpg"
"303",4.955555556,2.7355,"55a43687fdf99b7da1908e0f","EC_0163.jpg"
"304",9.9,2.9499,"55a43687fdf99b7da1908e0f","EC_0242.jpg"
"305",6.922222222,2.705,"55a43687fdf99b7da1908e0f","EC_0118.jpg"
"306",2.011111111,2.7372,"55a43687fdf99b7da1908e0f","EC_0181.jpg"
"307",4.966666667,2.852,"55a43687fdf99b7da1908e0f","EC_0172.jpg"
"308",5.966666667,2.6909,"55a43687fdf99b7da1908e0f","EC_0162.jpg"
"309",6.922222222,2.542,"55a43687fdf99b7da1908e0f","EC_0040.jpg"
"310",2.066666667,2.8983,"55a43687fdf99b7da1908e0f","EC_0074.jpg"
"311",7.966666667,2.6777,"55a43687fdf99b7da1908e0f","EC_0009.jpg"
"312",9.922222222,3.0749,"55a43687fdf99b7da1908e0f","EC_0205.jpg"
"313",5.033333333,2.8288,"55a43687fdf99b7da1908e0f","EC_0213.jpg"
"314",1.988888889,2.9246,"55a43687fdf99b7da1908e0f","EC_0059.jpg"
"315",4.2,2.3561,"55a43687fdf99b7da1908e0f","EC_0011.jpg"
"316",9.866666667,3.3327,"55a43687fdf99b7da1908e0f","EC_0174.jpg"
"317",6.9,2.7585,"55a43687fdf99b7da1908e0f","EC_0020.jpg"
"318",5.833333333,2.4054,"55a43687fdf99b7da1908e0f","EC_0238.jpg"
"319",5.133333333,2.3512,"55a43687fdf99b7da1908e0f","EC_0117.jpg"
"320",9.2,2.7328,"55a43687fdf99b7da1908e0f","EC_0149.jpg"
"321",8.533333333,2.0351,"55a43687fdf99b7da1908e0f","EC_0152.jpg"
"322",9.711111111,3.3058,"55a43687fdf99b7da1908e0f","EC_0104.jpg"
"323",7.922222222,2.4026,"55a43687fdf99b7da1908e0f","EC_0158.jpg"
"324",6.888888889,2.8933,"55a43687fdf99b7da1908e0f","EC_0006.jpg"
"325",5.111111111,2.4405,"55a43687fdf99b7da1908e0f","EC_0236.jpg"
"326",5.944444444,6.9221,"55a43687fdf99b7da1908e0f","EC_0156.jpg"
"327",8.511111111,2.6027,"55a43687fdf99b7da1908e0f","EC_0188.jpg"
"328",3.488888889,2.7103,"55a43687fdf99b7da1908e0f","EC_0064.jpg"
"329",3.922222222,2.2803,"55a43687fdf99b7da1908e0f","EC_0244.jpg"
"330",5.088888889,2.2185,"55a43687fdf99b7da1908e0f","EC_0018.jpg"
"331",2.122222222,2.4184,"55a43687fdf99b7da1908e0f","EC_0154.jpg"
"332",2.533333333,2.0316,"55a43687fdf99b7da1908e0f","EC_0007.jpg"
"333",8.355555556,3.1954,"55a43687fdf99b7da1908e0f","EC_0121.jpg"
"334",7.388888889,2.4572,"55a43687fdf99b7da1908e0f","EC_0239.jpg"
"335",2.866666667,3.9437,"55a43687fdf99b7da1908e0f","EC_0066.jpg"
"336",5.866666667,2.4769,"55a43687fdf99b7da1908e0f","EC_0116.jpg"
"337",7.1,2.6943,"55a43687fdf99b7da1908e0f","EC_0182.jpg"
"338",9.677777778,3.0088,"55a43687fdf99b7da1908e0f","EC_0123.jpeg"
"339",9.933333333,2.3893,"55a43687fdf99b7da1908e0f","EC_0057.jpeg"
"340",6.455555556,2.1472,"55a43687fdf99b7da1908e0f","EC_0197.jpg"
"341",7.611111111,2.0891,"55a43687fdf99b7da1908e0f","EC_0027.jpg"
"342",9.655555556,2.3529,"55a43687fdf99b7da1908e0f","EC_0010.jpg"
"343",6.966666667,2.0805,"55a43687fdf99b7da1908e0f","EC_0022.jpg"
"344",7.266666667,2.3353,"55a43687fdf99b7da1908e0f","EC_0065.jpg"
"345",7.788888889,2.0237,"55a43687fdf99b7da1908e0f","EC_0003.jpg"
"346",9.011111111,2.4738,"55a43687fdf99b7da1908e0f","EC_0030.jpg"
"347",6.766666667,2.5068,"55a43687fdf99b7da1908e0f","EC_0012.jpg"
"348",8.188888889,2.3742,"55a43687fdf99b7da1908e0f","EC_0039.jpg"
"349",7.077777778,2.5426,"55a43687fdf99b7da1908e0f","EC_0055.jpg"
"350",6.033333333,2.5841,"55a43687fdf99b7da1908e0f","EC_0136.jpg"
"351",7.211111111,1.9529,"55a43687fdf99b7da1908e0f","EC_0196.jpg"
"352",4.844444444,2.1952,"55a43687fdf99b7da1908e0f","EC_0051.jpg"
"353",5.411111111,2.4588,"55a43687fdf99b7da1908e0f","EC_0221.jpg"
"354",1.911111111,2.1764,"55a43687fdf99b7da1908e0f","EC_0095.jpg"
"355",2.9,1.925,"55a43687fdf99b7da1908e0f","EC_0014.jpg"
"356",4.511111111,2.4713,"55a43687fdf99b7da1908e0f","EC_0237.jpg"
"357",3.288888889,2.6228,"55a43687fdf99b7da1908e0f","EC_0210.jpg"
"358",1.333333333,2.2228,"55a43687fdf99b7da1908e0f","EC_0180.jpg"
"359",7.055555556,2.9665,"55a43687fdf99b7da1908e0f","EC_0031.jpg"
"360",8.166666667,2.2289,"55a43687fdf99b7da1908e0f","EC_0119.jpg"
"361",2.477777778,2.1056,"55a43687fdf99b7da1908e0f","EC_0230.jpg"
"362",3.844444444,2.9555,"55a43687fdf99b7da1908e0f","EC_0073.jpg"
"363",4.033333333,2.6185,"55a43687fdf99b7da1908e0f","EC_0153.jpg"
"364",8.988888889,44.0554,"55a43687fdf99b7da1908e0f","EC_0160.jpg"
"365",5.022222222,2.1009,"55a43687fdf99b7da1908e0f","EC_0135.jpg"
"366",5.977777778,1.9812,"55a43687fdf99b7da1908e0f","EC_0106.jpg"
"367",8.044444444,2.2333,"55a43687fdf99b7da1908e0f","EC_0001.jpg"
"368",3.1,2.2562,"55a43687fdf99b7da1908e0f","EC_0060.jpg"
"369",4.4,2.4972,"55a43687fdf99b7da1908e0f","EC_0249.jpg"
"370",2.366666667,2.3869,"55a43687fdf99b7da1908e0f","EC_0093.jpg"
"371",1.222222222,3.133,"55a43687fdf99b7da1908e0f","EC_0204.jpg"
"372",2.411111111,2.1335,"55a43687fdf99b7da1908e0f","EC_0147.png"
"373",1.311111111,2.3518,"55a43687fdf99b7da1908e0f","EC_0140.jpg"
"374",6.422222222,2.7797,"55a43687fdf99b7da1908e0f","EC_0246.jpg"
"375",6.888888889,2.3824,"55a43687fdf99b7da1908e0f","EC_0015.jpg"
"376",8.033333333,2.3166,"55a43687fdf99b7da1908e0f","EC_0063.jpg"
"377",8.3,2.358,"55a43687fdf99b7da1908e0f","EC_0241.jpg"
"378",5.955555556,2.1482,"55a43687fdf99b7da1908e0f","EC_0111.jpg"
"379",8.111111111,2.3579,"55a43687fdf99b7da1908e0f","EC_0223.jpg"
"380",9.355555556,2.3815,"55a43687fdf99b7da1908e0f","EC_0081.jpg"
"381",7.255555556,2.192,"55a43687fdf99b7da1908e0f","EC_0068.jpg"
"382",5.577777778,1.9237,"55a43687fdf99b7da1908e0f","EC_0203.jpg"
"383",3.2,2.8504,"55a43687fdf99b7da1908e0f","EC_0033.jpeg"
"384",2.122222222,2.6442,"55a43687fdf99b7da1908e0f","EC_0234.jpg"
"385",7.055555556,14.8177,"55a43687fdf99b7da1908e0f","EC_0092.jpg"
"386",8.277777778,2.4343,"55a43687fdf99b7da1908e0f","EC_0133.jpg"
"387",6.888888889,2.0151,"55a43687fdf99b7da1908e0f","EC_0177.jpg"
"388",5.833333333,2.0011,"55a43687fdf99b7da1908e0f","EC_0141.jpg"
"389",9.877777778,2.8073,"55a43687fdf99b7da1908e0f","EC_0041.jpg"
"390",2.644444444,2.4512,"55a43687fdf99b7da1908e0f","EC_0049.jpg"
"391",4.322222222,3.6399,"55a43687fdf99b7da1908e0f","EC_0185.jpg"
"392",6.1,2.3281,"55a43687fdf99b7da1908e0f","EC_0079.jpg"
"393",2.933333333,2.8929,"55a43687fdf99b7da1908e0f","EC_0245.jpg"
"394",5.077777778,2.5116,"55a43687fdf99b7da1908e0f","EC_0171.jpg"
"395",6.222222222,2.1657,"55a43687fdf99b7da1908e0f","EC_0075.jpg"
"396",6.777777778,2.6432,"55a43687fdf99b7da1908e0f","EC_0036.jpeg"
"397",8.277777778,6.1475,"55a43687fdf99b7da1908e0f","EC_0193.png"
"398",6.955555556,18.1257,"55a43687fdf99b7da1908e0f","EC_0170.jpg"
"399",7.922222222,6.973,"55a43687fdf99b7da1908e0f","EC_0099.jpg"
"400",8.555555556,3.2274,"55a43687fdf99b7da1908e0f","EC_0128.jpeg"
"401",5.322222222,2.1112,"55a43687fdf99b7da1908e0f","EC_0173.jpg"
"402",1.877777778,6.1908,"55a43687fdf99b7da1908e0f","EC_0248.jpg"
"403",6.788888889,3.1609,"55a43687fdf99b7da1908e0f","EC_0016.jpg"
"404",3.777777778,2.2854,"55a43687fdf99b7da1908e0f","EC_0161.jpg"
"405",6.977777778,2.6669,"55a43687fdf99b7da1908e0f","EC_0115.jpg"
"406",8.177777778,2.2097,"55a43687fdf99b7da1908e0f","EC_0071.jpg"
"407",2.877777778,2.4903,"55a43687fdf99b7da1908e0f","EC_0222.jpg"
"408",1.722222222,3.2554,"55a43687fdf99b7da1908e0f","EC_0227.jpg"
"409",0.666666667,6.8894,"55a43687fdf99b7da1908e0f","EC_0183.jpg"
"410",6.877777778,2.6615,"55a43687fdf99b7da1908e0f","EC_0058.jpg"
"411",8.2,2.1559,"55a43687fdf99b7da1908e0f","EC_0046.jpg"
"412",5.966666667,2.3739,"55a43687fdf99b7da1908e0f","EC_0019.jpg"
"413",8.944444444,2.0553,"55a43687fdf99b7da1908e0f","EC_0167.jpg"
"414",9.488888889,2.2609,"55a43687fdf99b7da1908e0f","EC_0207.jpg"
"415",9.833333333,2.6245,"55a43687fdf99b7da1908e0f","EC_0037.jpg"
"416",8.911111111,2.1904,"55a43687fdf99b7da1908e0f","EC_0050.jpg"
"417",6.488888889,2.5433,"55a43687fdf99b7da1908e0f","EC_0168.jpeg"
"418",5.433333333,2.8002,"55a43687fdf99b7da1908e0f","EC_0247.jpg"
"419",6.788888889,1.9938,"55a43687fdf99b7da1908e0f","EC_0102.jpg"
"420",2.477777778,2.4773,"55a43687fdf99b7da1908e0f","EC_0090.jpg"
"421",8.065423171,4.21247,"5658f4787d69570012dfe2d1","EC_0013.jpg"
"422",7.903908888,3.53862,"5658f4787d69570012dfe2d1","EC_0087.jpg"
"423",5.008465449,3.67297,"5658f4787d69570012dfe2d1","EC_0228.jpg"
"424",4.945415656,5.631085,"5658f4787d69570012dfe2d1","EC_0213.jpg"
"425",4.968688488,4.031075,"5658f4787d69570012dfe2d1","EC_0056.jpg"
"426",7.027461529,3.34809,"5658f4787d69570012dfe2d1","EC_0070.jpg"
"427",2.946702639,3.288215,"5658f4787d69570012dfe2d1","EC_0003.jpg"
"428",3.99936676,3.7605,"5658f4787d69570012dfe2d1","EC_0149.jpg"
"429",5.965072314,3.687475,"5658f4787d69570012dfe2d1","EC_0018.jpg"
"430",0.361705224,4.634855,"5658f4787d69570012dfe2d1","EC_0184.jpg"
"431",3.027547201,3.728995,"5658f4787d69570012dfe2d1","EC_0222.jpg"
"432",5.046223799,3.28683,"5658f4787d69570012dfe2d1","EC_0090.jpg"
"433",6.912446817,2.98741,"5658f4787d69570012dfe2d1","EC_0044.jpg"
"434",5.051821868,3.071985,"5658f4787d69570012dfe2d1","EC_0082.jpg"
"435",1.863348087,3.29282,"5658f4787d69570012dfe2d1","EC_0227.jpg"
"436",3.015604814,3.18579,"5658f4787d69570012dfe2d1","EC_0140.jpg"
"437",3.213719527,4.734775,"5658f4787d69570012dfe2d1","EC_0207.jpg"
"438",5.858534177,3.394785,"5658f4787d69570012dfe2d1","EC_0197.jpg"
"439",8.081353505,4.190975,"5658f4787d69570012dfe2d1","EC_0157.jpg"
"440",4.964054426,3.7615,"5658f4787d69570012dfe2d1","EC_0032.jpg"
"441",7.029751142,3.491845,"5658f4787d69570012dfe2d1","EC_0141.jpg"
"442",2.918496132,3.64185,"5658f4787d69570012dfe2d1","EC_0162.jpg"
"443",1.93791151,4.108625,"5658f4787d69570012dfe2d1","EC_0124.jpeg"
"444",5.943919818,4.36531,"5658f4787d69570012dfe2d1","EC_0199.jpg"
"445",6.981771787,2.812215,"5658f4787d69570012dfe2d1","EC_0039.jpg"
"446",1.720376412,3.947815,"5658f4787d69570012dfe2d1","EC_0119.jpg"
"447",3.013871511,3.19532,"5658f4787d69570012dfe2d1","EC_0214.jpg"
"448",6.965669791,4.501555,"5658f4787d69570012dfe2d1","EC_0177.jpg"
"449",6.10074838,3.220025,"5658f4787d69570012dfe2d1","EC_0101.jpg"
"450",4.040212631,3.60392,"5658f4787d69570012dfe2d1","EC_0169.png"
"451",5.721402963,3.21984,"5658f4787d69570012dfe2d1","EC_0015.jpg"
"452",6.117825508,2.54965,"5658f4787d69570012dfe2d1","EC_0105.jpg"
"453",1.765436331,3.08568,"5658f4787d69570012dfe2d1","EC_0088.jpg"
"454",1.961945295,3.203,"5658f4787d69570012dfe2d1","EC_0240.jpg"
"455",8.076073329,2.775675,"5658f4787d69570012dfe2d1","EC_0168.jpeg"
"456",7.266429265,3.039975,"5658f4787d69570012dfe2d1","EC_0244.jpg"
"457",7.266429265,2.912145,"5658f4787d69570012dfe2d1","EC_0117.jpg"
"458",3.276030223,4.75735,"5658f4787d69570012dfe2d1","EC_0046.jpg"
"459",7.805958589,3.179975,"5658f4787d69570012dfe2d1","EC_0065.jpg"
"460",6.910815239,3.449725,"5658f4787d69570012dfe2d1","EC_0136.jpg"
"461",3.536518415,3.618135,"5658f4787d69570012dfe2d1","EC_0111.jpg"
"462",5.97323974,2.65285,"5658f4787d69570012dfe2d1","EC_0163.jpg"
"463",7.077802817,2.7639,"5658f4787d69570012dfe2d1","EC_0167.jpg"
"464",5.654591719,3.162015,"5658f4787d69570012dfe2d1","EC_0137.jpg"
"465",2.074144681,3.38339,"5658f4787d69570012dfe2d1","EC_0069.jpg"
"466",5.05677859,4.22632,"5658f4787d69570012dfe2d1","EC_0121.jpg"
"467",7.813896338,2.692965,"5658f4787d69570012dfe2d1","EC_0014.jpg"
"468",2.778653304,3.120575,"5658f4787d69570012dfe2d1","EC_0022.jpg"
"469",5.889530182,3.147345,"5658f4787d69570012dfe2d1","EC_0223.jpg"
"470",2.629274527,3.907025,"5658f4787d69570012dfe2d1","EC_0161.jpg"
"471",3.192707698,3.723165,"5658f4787d69570012dfe2d1","EC_0036.jpeg"
"472",5.92760245,2.90392,"5658f4787d69570012dfe2d1","EC_0198.jpg"
"473",7.045207024,2.49336,"5658f4787d69570012dfe2d1","EC_0211.jpg"
"474",6.150608857,3.21108,"5658f4787d69570012dfe2d1","EC_0158.jpg"
"475",7.944738865,2.878505,"5658f4787d69570012dfe2d1","EC_0006.jpg"
"476",7.892375787,2.62851,"5658f4787d69570012dfe2d1","EC_0164.jpg"
"477",2.416040897,2.922915,"5658f4787d69570012dfe2d1","EC_0040.jpg"
"478",5.036280155,4.34029,"5658f4787d69570012dfe2d1","EC_0063.jpg"
"479",2.208402157,3.74851,"5658f4787d69570012dfe2d1","EC_0067.jpg"
"480",3.921146393,3.514005,"5658f4787d69570012dfe2d1","EC_0099.jpg"
"481",5.945131779,3.371135,"5658f4787d69570012dfe2d1","EC_0246.jpg"
"482",7.502392928,3.204095,"5658f4787d69570012dfe2d1","EC_0061.jpg"
"483",6.062097549,4.02347,"5658f4787d69570012dfe2d1","EC_0171.jpg"
"484",6.513824463,2.95485,"5658f4787d69570012dfe2d1","EC_0103.jpg"
"485",6.531555653,3.446655,"5658f4787d69570012dfe2d1","EC_0109.jpg"
"486",3.414444129,4.32071,"5658f4787d69570012dfe2d1","EC_0002.jpg"
"487",3.910272121,3.671855,"5658f4787d69570012dfe2d1","EC_0079.jpg"
"488",5.600400766,2.752655,"5658f4787d69570012dfe2d1","EC_0097.jpg"
"489",8.309926192,3.419955,"5658f4787d69570012dfe2d1","EC_0170.jpg"
"490",8.309926192,3.03879,"5658f4787d69570012dfe2d1","EC_0120.jpg"
"491",3.25069507,4.32671,"5658f4787d69570012dfe2d1","EC_0206.png"
"492",3.871753216,3.28774,"5658f4787d69570012dfe2d1","EC_0075.jpg"
"493",7.072617213,3.5492,"5658f4787d69570012dfe2d1","EC_0102.jpg"
"494",2.995824814,3.06815,"5658f4787d69570012dfe2d1","EC_0176.jpg"
"495",5.230314732,3.311535,"5658f4787d69570012dfe2d1","EC_0007.jpg"
"496",7.918455601,3.31609,"5658f4787d69570012dfe2d1","EC_0037.jpg"
"497",2.929356893,3.09604,"5658f4787d69570012dfe2d1","EC_0031.jpg"
"498",5.061399937,3.36577,"5658f4787d69570012dfe2d1","EC_0066.jpg"
"499",3.09284687,3.90764,"5658f4787d69570012dfe2d1","EC_0196.jpg"
"500",6.969697475,3.43698,"5658f4787d69570012dfe2d1","EC_0086.jpg"
"501",6.062041124,3.722855,"5658f4787d69570012dfe2d1","EC_0133.jpg"
"502",6.141849359,4.384895,"5658f4787d69570012dfe2d1","EC_0202.jpg"
"503",5.050157706,2.669895,"5658f4787d69570012dfe2d1","EC_0047.jpg"
"504",7.517522176,3.1167,"5658f4787d69570012dfe2d1","EC_0123.jpeg"
"505",6.522258123,3.20293,"5658f4787d69570012dfe2d1","EC_0156.jpg"
"506",7.058425744,2.98719,"5658f4787d69570012dfe2d1","EC_0096.jpg"
"507",2.11864233,3.259705,"5658f4787d69570012dfe2d1","EC_0019.jpg"
"508",6.531332334,2.878405,"5658f4787d69570012dfe2d1","EC_0104.jpg"
"509",3.089378675,3.35409,"5658f4787d69570012dfe2d1","EC_0033.jpeg"
"510",7.551176548,3.076615,"5658f4787d69570012dfe2d1","EC_0193.png"
"511",4.903377692,3.22317,"5658f4787d69570012dfe2d1","EC_0219.jpg"
"512",7.188588778,2.6981,"5658f4787d69570012dfe2d1","EC_0200.png"
"513",3.530294895,3.587005,"5658f4787d69570012dfe2d1","EC_0131.jpg"
"514",8.073209922,2.82032,"5658f4787d69570012dfe2d1","EC_0166.jpg"
"515",8.094150225,2.71476,"5658f4787d69570012dfe2d1","EC_0009.jpg"
"516",8.053340117,3.14574,"5658f4787d69570012dfe2d1","EC_0084.jpg"
"517",7.686983744,2.51619,"5658f4787d69570012dfe2d1","EC_0051.jpg"
"518",8.673311869,4.030535,"5658f4787d69570012dfe2d1","EC_0160.jpg"
"519",5.104071299,2.796555,"5658f4787d69570012dfe2d1","EC_0100.jpg"
"520",6.337764263,2.50029,"5658f4787d69570012dfe2d1","EC_0224.jpg"
"521",7.170411746,3.388205,"5658f4787d69570012dfe2d1","EC_0072.jpg"
"522",5.143850644,3.581815,"5658f4787d69570012dfe2d1","EC_0010.jpg"
"523",5.12639602,2.876375,"5658f4787d69570012dfe2d1","EC_0077.jpg"
"524",7.186949253,3.075995,"5658f4787d69570012dfe2d1","EC_0231.jpg"
"525",7.899644375,3.47888,"5658f4787d69570012dfe2d1","EC_0245.jpg"
"526",6.145763397,3.164865,"5658f4787d69570012dfe2d1","EC_0205.jpg"
"527",2.141603231,3.62455,"5658f4787d69570012dfe2d1","EC_0041.jpg"
"528",6.40629371,2.619415,"5658f4787d69570012dfe2d1","EC_0118.jpg"
"529",2.971158822,3.397765,"5658f4787d69570012dfe2d1","EC_0152.jpg"
"530",5.082212289,3.05553,"5658f4787d69570012dfe2d1","EC_0028.jpg"
"531",3.11164856,3.55602,"5658f4787d69570012dfe2d1","EC_0080.jpg"
"532",3.95993789,5.01356,"5658f4787d69570012dfe2d1","EC_0241.jpg"
"533",4.030555884,3.29585,"5658f4787d69570012dfe2d1","EC_0209.jpg"
"534",4.925418695,3.926095,"5658f4787d69570012dfe2d1","EC_0064.jpg"
"535",5.771154563,4.62905,"5658f4787d69570012dfe2d1","EC_0138.png"
"536",6.011560758,2.89612,"5658f4787d69570012dfe2d1","EC_0151.jpg"
"537",7.857529322,3.50675,"5658f4787d69570012dfe2d1","EC_0236.jpg"
"538",4.958483378,4.580495,"5658f4787d69570012dfe2d1","EC_0242.jpg"
"539",5.018223921,4.347395,"5658f4787d69570012dfe2d1","EC_0247.jpg"
"540",7.096924782,3.371085,"5658f4787d69570012dfe2d1","EC_0181.jpg"
"541",4.72584486,3.959895,"5658f4787d69570012dfe2d1","EC_0128.jpeg"
"542",6.06392622,3.31158,"5658f4787d69570012dfe2d1","EC_0201.jpg"
"543",3.972717921,4.15822,"5658f4787d69570012dfe2d1","EC_0148.jpg"
"544",3.016225497,2.99004,"5658f4787d69570012dfe2d1","EC_0134.jpg"
"545",8.068386714,4.84743,"5658f4787d69570012dfe2d1","EC_0016.jpg"
"546",1.979000568,3.77216,"5658f4787d69570012dfe2d1","EC_0226.jpg"
"547",5.018146833,3.31939,"5658f4787d69570012dfe2d1","EC_0185.jpg"
"548",4.997720718,3.080605,"5658f4787d69570012dfe2d1","EC_0172.jpg"
"549",7.299276193,2.76963,"5658f4787d69570012dfe2d1","EC_0098.jpg"
"550",4.179089864,3.848375,"5658f4787d69570012dfe2d1","EC_0239.jpg"
"551",2.958767414,5.59349,"5658f4787d69570012dfe2d1","EC_0001.jpg"
"552",4.032464822,3.855,"5658f4787d69570012dfe2d1","EC_0054.jpg"
"553",7.059774399,5.62305,"5658f4787d69570012dfe2d1","EC_0142.jpg"
"554",2.836550872,2.858055,"5658f4787d69570012dfe2d1","EC_0059.jpg"
"555",3.909693559,3.053855,"5658f4787d69570012dfe2d1","EC_0150.jpg"
"556",4.972084363,2.8031,"5658f4787d69570012dfe2d1","EC_0048.jpg"
"557",8.010932604,3.37332,"5658f4787d69570012dfe2d1","EC_0074.jpg"
"558",8.051660061,2.409945,"5658f4787d69570012dfe2d1","EC_0154.jpg"
"559",6.115208467,2.941925,"5658f4787d69570012dfe2d1","EC_0139.png"
"560",5.957027276,3.98935,"5658f4787d69570012dfe2d1","EC_0147.png"
"561",6.970407168,2.856595,"5658f4787d69570012dfe2d1","EC_0180.jpg"
"562",5.975679557,4.58821,"5658f4787d69570012dfe2d1","EC_0058.jpg"
"563",7.060519854,2.72488,"5658f4787d69570012dfe2d1","EC_0085.jpg"
"564",3.936419487,3.043855,"5658f4787d69570012dfe2d1","EC_0011.jpg"
"565",5.088427067,2.90461,"5658f4787d69570012dfe2d1","EC_0229.jpg"
"566",6.978228887,2.570295,"5658f4787d69570012dfe2d1","EC_0194.jpg"
"567",3.703081608,3.033835,"5658f4787d69570012dfe2d1","EC_0076.jpg"
"568",7.057357629,2.793325,"5658f4787d69570012dfe2d1","EC_0108.jpg"
"569",7.038129965,2.429185,"5658f4787d69570012dfe2d1","EC_0230.jpg"
"570",7.061402798,2.157445,"5658f4787d69570012dfe2d1","EC_0081.jpg"
"571",7.061183453,3.054755,"5658f4787d69570012dfe2d1","EC_0115.jpg"
"572",4.984764258,2.58027,"5658f4787d69570012dfe2d1","EC_0113.jpg"
"573",3.017965158,2.74239,"5658f4787d69570012dfe2d1","EC_0055.jpg"
"574",6.673061053,2.824715,"5658f4787d69570012dfe2d1","EC_0024.jpg"
"575",5.153203805,3.691855,"5658f4787d69570012dfe2d1","EC_0093.jpg"
"576",5.969498158,4.174735,"5658f4787d69570012dfe2d1","EC_0071.jpg"
"577",3.073026339,3.25488,"5658f4787d69570012dfe2d1","EC_0060.jpg"
"578",5.518314044,2.576315,"5658f4787d69570012dfe2d1","EC_0159.jpg"
"579",6.07189099,3.47062,"5658f4787d69570012dfe2d1","EC_0221.jpg"
"580",7.96983401,2.904075,"5658f4787d69570012dfe2d1","EC_0238.jpg"
"581",7.034981251,2.861215,"5658f4787d69570012dfe2d1","EC_0020.jpg"
"582",6.974083583,4.214495,"5658f4787d69570012dfe2d1","EC_0106.jpg"
"583",4.993809859,2.67064,"5658f4787d69570012dfe2d1","EC_0235.jpg"
"584",3.950075308,2.995655,"5658f4787d69570012dfe2d1","EC_0053.jpg"
"585",4.97344017,2.88944,"5658f4787d69570012dfe2d1","EC_0089.jpg"
"586",2.139647802,2.621415,"5658f4787d69570012dfe2d1","EC_0125.jpeg"
"587",2.012250423,3.067295,"5658f4787d69570012dfe2d1","EC_0049.jpg"
"588",4.789000352,2.65806,"5658f4787d69570012dfe2d1","EC_0250.jpg"
"589",3.819394906,3.237315,"5658f4787d69570012dfe2d1","EC_0017.jpg"
"590",3.878496488,2.644385,"5658f4787d69570012dfe2d1","EC_0183.jpg"
"591",5.010151863,3.08031,"5658f4787d69570012dfe2d1","EC_0153.jpg"
"592",2.765872876,2.79876,"5658f4787d69570012dfe2d1","EC_0237.jpg"
"593",7.101565202,2.985875,"5658f4787d69570012dfe2d1","EC_0248.jpg"
"594",6.017657916,2.919355,"5658f4787d69570012dfe2d1","EC_0234.jpg"
"595",2.580724955,3.439505,"5658f4787d69570012dfe2d1","EC_0232.jpg"
"596",4.093775749,3.150385,"5658f4787d69570012dfe2d1","EC_0132.jpg"
"597",7.718327045,2.86535,"5658f4787d69570012dfe2d1","EC_0073.jpg"
"598",1.941099167,2.65714,"5658f4787d69570012dfe2d1","EC_0187.jpeg"
"599",8.116066456,2.844,"5658f4787d69570012dfe2d1","EC_0029.jpg"
"600",3.095485369,3.101245,"5658f4787d69570012dfe2d1","EC_0165.jpg"
"601",2.033342123,2.59715,"5658f4787d69570012dfe2d1","EC_0095.jpg"
"602",2.093643347,2.39933,"5658f4787d69570012dfe2d1","EC_0050.jpg"
"603",0.964180231,3.271055,"5658f4787d69570012dfe2d1","EC_0233.jpg"
"604",2.507965167,2.738545,"5658f4787d69570012dfe2d1","EC_0027.jpg"
"605",6.989468733,3.312445,"5658f4787d69570012dfe2d1","EC_0243.jpg"
"606",3.145923615,2.955375,"5658f4787d69570012dfe2d1","EC_0203.jpg"
"607",4.00402228,3.670605,"5658f4787d69570012dfe2d1","EC_0182.jpg"
"608",4.940036933,2.645555,"5658f4787d69570012dfe2d1","EC_0034.jpg"
"609",3.912462393,2.911575,"5658f4787d69570012dfe2d1","EC_0038.jpg"
"610",7.024739583,2.96053,"5658f4787d69570012dfe2d1","EC_0008.jpg"
"611",2.983293533,4.98103,"5658f4787d69570012dfe2d1","EC_0249.jpg"
"612",7.114698092,2.64653,"5658f4787d69570012dfe2d1","EC_0210.jpg"
"613",5.132609208,3.000785,"5658f4787d69570012dfe2d1","EC_0030.jpg"
"614",5.192728837,2.72748,"5658f4787d69570012dfe2d1","EC_0068.jpg"
"615",6.888260841,3.132205,"5658f4787d69570012dfe2d1","EC_0094.jpg"
"616",3.122764428,3.30571,"5658f4787d69570012dfe2d1","EC_0083.jpg"
"617",8.063062827,3.42674,"5658f4787d69570012dfe2d1","EC_0057.jpeg"
"618",5.096903642,3.00595,"5658f4787d69570012dfe2d1","EC_0204.jpg"
"619",6.216932138,3.30394,"5658f4787d69570012dfe2d1","EC_0173.jpg"
"620",7.029534181,2.621665,"5658f4787d69570012dfe2d1","EC_0092.jpg"
"621",1.011359294,3.883075,"5658f4787d69570012dfe2d1","EC_0012.jpg"
"622",7.889211178,4.29058,"5658f4787d69570012dfe2d1","EC_0062.jpg"
"623",3.949914773,3.525105,"5658f4787d69570012dfe2d1","EC_0042.jpg"
"624",6.118688583,3.04159,"5658f4787d69570012dfe2d1","EC_0174.jpg"
"625",5.104191303,3.47015,"5658f4787d69570012dfe2d1","EC_0005.jpg"
"626",8.006932735,3.12072,"5658f4787d69570012dfe2d1","EC_0188.jpg"
"627",7.05444018,3.14792,"5658f4787d69570012dfe2d1","EC_0135.jpg"
"628",2.090874116,3.648325,"5658f4787d69570012dfe2d1","EC_0129.jpeg"
"629",4.985437393,3.111515,"5658f4787d69570012dfe2d1","EC_0116.jpg"
"630",6.112801234,3.19952,"5658f4787d69570012dfe2d1","EC_0195.jpg"
"631",6.090277778,2.5659,"56f2319af2df32000d8fb1a4","EC_0173.jpg"
"632",6.979166667,5.1005,"56f2319af2df32000d8fb1a4","EC_0157.jpg"
"633",7.020833333,2.5787,"56f2319af2df32000d8fb1a4","EC_0137.jpg"
"634",5.979166667,2.1572,"56f2319af2df32000d8fb1a4","EC_0117.jpg"
"635",4.951388889,2.6225,"56f2319af2df32000d8fb1a4","EC_0001.jpg"
"636",6.013888889,11.561,"56f2319af2df32000d8fb1a4","EC_0229.jpg"
"637",7.013888889,2.7846,"56f2319af2df32000d8fb1a4","EC_0073.jpg"
"638",6.423611111,2.3653,"56f2319af2df32000d8fb1a4","EC_0109.jpg"
"639",6.020833333,3.727,"56f2319af2df32000d8fb1a4","EC_0219.jpg"
"640",8.847222222,2.5732,"56f2319af2df32000d8fb1a4","EC_0020.jpg"
"641",4.145833333,2.7664,"56f2319af2df32000d8fb1a4","EC_0231.jpg"
"642",5.069444444,2.0597,"56f2319af2df32000d8fb1a4","EC_0171.jpg"
"643",4.756944444,2.9027,"56f2319af2df32000d8fb1a4","EC_0142.jpg"
"644",4.444444444,7.5705,"56f2319af2df32000d8fb1a4","EC_0158.jpg"
"645",5.305555556,2.9258,"56f2319af2df32000d8fb1a4","EC_0006.jpg"
"646",4.958333333,15.8489,"56f2319af2df32000d8fb1a4","EC_0029.jpg"
"647",3.048611111,6.9983,"56f2319af2df32000d8fb1a4","EC_0054.jpg"
"648",6.013888889,6.7253,"56f2319af2df32000d8fb1a4","EC_0030.jpg"
"649",8.305555556,2.4338,"56f2319af2df32000d8fb1a4","EC_0242.jpg"
"650",6.013888889,2.3102,"56f2319af2df32000d8fb1a4","EC_0069.jpg"
"651",4.965277778,2.9405,"56f2319af2df32000d8fb1a4","EC_0151.jpg"
"652",3,5.9457,"56f2319af2df32000d8fb1a4","EC_0121.jpg"
"653",4.083333333,4.8863,"56f2319af2df32000d8fb1a4","EC_0097.jpg"
"654",4.979166667,100.9948,"56f2319af2df32000d8fb1a4","EC_0168.jpeg"
"655",5.472222222,2.3705,"56f2319af2df32000d8fb1a4","EC_0049.jpg"
"656",4.041666667,2.3628,"56f2319af2df32000d8fb1a4","EC_0147.png"
"657",7.229166667,8.5117,"56f2319af2df32000d8fb1a4","EC_0134.jpg"
"658",5.965277778,3.8007,"56f2319af2df32000d8fb1a4","EC_0089.jpg"
"659",4.958333333,4.4245,"56f2319af2df32000d8fb1a4","EC_0154.jpg"
"660",5.861111111,8.6144,"56f2319af2df32000d8fb1a4","EC_0018.jpg"
"661",6.493055556,2.6316,"56f2319af2df32000d8fb1a4","EC_0082.jpg"
"662",3.972222222,13.1744,"56f2319af2df32000d8fb1a4","EC_0227.jpg"
"663",5.986111111,2.4674,"56f2319af2df32000d8fb1a4","EC_0053.jpg"
"664",8.930555556,15.5234,"56f2319af2df32000d8fb1a4","EC_0199.jpg"
"665",4.979166667,2.9279,"56f2319af2df32000d8fb1a4","EC_0033.jpeg"
"666",5.958333333,2.6647,"56f2319af2df32000d8fb1a4","EC_0014.jpg"
"667",4,2.4156,"56f2319af2df32000d8fb1a4","EC_0169.png"
"668",5.777777778,2.5389,"56f2319af2df32000d8fb1a4","EC_0149.jpg"
"669",7.055555556,4.4911,"56f2319af2df32000d8fb1a4","EC_0003.jpg"
"670",6.388888889,2.2493,"56f2319af2df32000d8fb1a4","EC_0244.jpg"
"671",4.986111111,41.9968,"56f2319af2df32000d8fb1a4","EC_0167.jpg"
"672",7.875,54.5121,"56f2319af2df32000d8fb1a4","EC_0031.jpg"
"673",4.958333333,2.6809,"56f2319af2df32000d8fb1a4","EC_0152.jpg"
"674",5.930555556,1.907,"56f2319af2df32000d8fb1a4","EC_0160.jpg"
"675",4.9375,5.7674,"56f2319af2df32000d8fb1a4","EC_0005.jpg"
"676",4.145833333,3.8572,"56f2319af2df32000d8fb1a4","EC_0105.jpg"
"677",5.006944444,4.0959,"56f2319af2df32000d8fb1a4","EC_0009.jpg"
"678",8.166666667,2.443,"56f2319af2df32000d8fb1a4","EC_0104.jpg"
"679",6.409722222,2.6472,"56f2319af2df32000d8fb1a4","EC_0188.jpg"
"680",8.284722222,2.5321,"56f2319af2df32000d8fb1a4","EC_0116.jpg"
"681",4.902777778,2.199,"56f2319af2df32000d8fb1a4","EC_0079.jpg"
"682",5.9375,2.018,"56f2319af2df32000d8fb1a4","EC_0060.jpg"
"683",7,2.3949,"56f2319af2df32000d8fb1a4","EC_0193.png"
"684",3.055555556,3.4277,"56f2319af2df32000d8fb1a4","EC_0047.jpg"
"685",7.736111111,2.2756,"56f2319af2df32000d8fb1a4","EC_0132.jpg"
"686",7.965277778,9.5269,"56f2319af2df32000d8fb1a4","EC_0002.jpg"
"687",2.020833333,4.5082,"56f2319af2df32000d8fb1a4","EC_0085.jpg"
"688",4.027777778,4.4253,"56f2319af2df32000d8fb1a4","EC_0241.jpg"
"689",6,4.3716,"56f2319af2df32000d8fb1a4","EC_0007.jpg"
"690",7.097222222,4.7719,"56f2319af2df32000d8fb1a4","EC_0194.jpg"
"691",5.006944444,2.3632,"56f2319af2df32000d8fb1a4","EC_0124.jpeg"
"692",5,4.5551,"56f2319af2df32000d8fb1a4","EC_0024.jpg"
"693",4.965277778,2.0794,"56f2319af2df32000d8fb1a4","EC_0156.jpg"
"694",5.986111111,2.7878,"56f2319af2df32000d8fb1a4","EC_0159.jpg"
"695",4.090277778,2.1235,"56f2319af2df32000d8fb1a4","EC_0027.jpg"
"696",5.111111111,1.7487,"56f2319af2df32000d8fb1a4","EC_0066.jpg"
"697",5.048611111,3.7475,"56f2319af2df32000d8fb1a4","EC_0074.jpg"
"698",5.979166667,2.3425,"56f2319af2df32000d8fb1a4","EC_0205.jpg"
"699",6.027777778,2.6242,"56f2319af2df32000d8fb1a4","EC_0094.jpg"
"700",5.604166667,2.2233,"56f2319af2df32000d8fb1a4","EC_0095.jpg"
"701",5.131944444,4.6844,"56f2319af2df32000d8fb1a4","EC_0012.jpg"
"702",5.083333333,6.6691,"56f2319af2df32000d8fb1a4","EC_0080.jpg"
"703",4.006944444,16.4938,"56f2319af2df32000d8fb1a4","EC_0165.jpg"
"704",4.895833333,5.9066,"56f2319af2df32000d8fb1a4","EC_0153.jpg"
"705",5.972222222,3.8979,"56f2319af2df32000d8fb1a4","EC_0129.jpeg"
"706",6.729166667,9.4868,"56f2319af2df32000d8fb1a4","EC_0093.jpg"
"707",6.013888889,2.1673,"56f2319af2df32000d8fb1a4","EC_0202.jpg"
"708",3,2.51,"56f2319af2df32000d8fb1a4","EC_0113.jpg"
"709",7.972222222,2.8423,"56f2319af2df32000d8fb1a4","EC_0133.jpg"
"710",5.076388889,2.0667,"56f2319af2df32000d8fb1a4","EC_0056.jpg"
"711",5.152777778,1.7261,"56f2319af2df32000d8fb1a4","EC_0182.jpg"
"712",5.736111111,2.6081,"56f2319af2df32000d8fb1a4","EC_0239.jpg"
"713",7.895833333,2.5937,"56f2319af2df32000d8fb1a4","EC_0072.jpg"
"714",7.715277778,2.1088,"56f2319af2df32000d8fb1a4","EC_0102.jpg"
"715",7.861111111,2.0609,"56f2319af2df32000d8fb1a4","EC_0174.jpg"
"716",7.861111111,1.7531,"56f2319af2df32000d8fb1a4","EC_0098.jpg"
"717",6.965277778,2.7144,"56f2319af2df32000d8fb1a4","EC_0076.jpg"
"718",6.055555556,2.4944,"56f2319af2df32000d8fb1a4","EC_0055.jpg"
"719",5.298611111,2.2411,"56f2319af2df32000d8fb1a4","EC_0088.jpg"
"720",5.854166667,2.873,"56f2319af2df32000d8fb1a4","EC_0234.jpg"
"721",5.076388889,2.0026,"56f2319af2df32000d8fb1a4","EC_0017.jpg"
"722",5.006944444,6.2988,"56f2319af2df32000d8fb1a4","EC_0051.jpg"
"723",3.986111111,7.0847,"56f2319af2df32000d8fb1a4","EC_0213.jpg"
"724",6,3.0168,"56f2319af2df32000d8fb1a4","EC_0063.jpg"
"725",5,3.0043,"56f2319af2df32000d8fb1a4","EC_0118.jpg"
"726",5.833333333,2.0814,"56f2319af2df32000d8fb1a4","EC_0115.jpg"
"727",5.118055556,2.4232,"56f2319af2df32000d8fb1a4","EC_0243.jpg"
"728",5.118055556,13.1145,"56f2319af2df32000d8fb1a4","EC_0044.jpg"
"729",5.805555556,5.8699,"56f2319af2df32000d8fb1a4","EC_0183.jpg"
"730",5.791666667,1.2691,"56f2319af2df32000d8fb1a4","EC_0250.jpg"
"731",5.076388889,2.0626,"56f2319af2df32000d8fb1a4","EC_0140.jpg"
"732",4.944444444,13.802,"56f2319af2df32000d8fb1a4","EC_0166.jpg"
"733",5.902777778,2.3921,"56f2319af2df32000d8fb1a4","EC_0164.jpg"
"734",5.111111111,2.0588,"56f2319af2df32000d8fb1a4","EC_0187.jpeg"
"735",8.583333333,2.5131,"56f2319af2df32000d8fb1a4","EC_0068.jpg"
"736",1.888888889,2.3249,"56f2319af2df32000d8fb1a4","EC_0162.jpg"
"737",2.451388889,3.0737,"56f2319af2df32000d8fb1a4","EC_0233.jpg"
"738",4.333333333,2.576,"56f2319af2df32000d8fb1a4","EC_0230.jpg"
"739",6.326388889,2.0943,"56f2319af2df32000d8fb1a4","EC_0050.jpg"
"740",6.1875,2.2758,"56f2319af2df32000d8fb1a4","EC_0087.jpg"
"741",6.465277778,2.2585,"56f2319af2df32000d8fb1a4","EC_0038.jpg"
"742",6.215277778,2.5612,"56f2319af2df32000d8fb1a4","EC_0077.jpg"
"743",5.138888889,2.2711,"56f2319af2df32000d8fb1a4","EC_0048.jpg"
"744",7.034722222,21.109,"56f2319af2df32000d8fb1a4","EC_0099.jpg"
"745",5.923611111,4.2245,"56f2319af2df32000d8fb1a4","EC_0224.jpg"
"746",4.034722222,2.4303,"56f2319af2df32000d8fb1a4","EC_0059.jpg"
"747",5.875,3.3957,"56f2319af2df32000d8fb1a4","EC_0125.jpeg"
"748",6.090277778,73.6907,"56f2319af2df32000d8fb1a4","EC_0070.jpg"
"749",7.826388889,2.7701,"56f2319af2df32000d8fb1a4","EC_0041.jpg"
"750",6.951388889,21.5313,"56f2319af2df32000d8fb1a4","EC_0022.jpg"
"751",6.013888889,3.6866,"56f2319af2df32000d8fb1a4","EC_0204.jpg"
"752",4.0625,4.5263,"56f2319af2df32000d8fb1a4","EC_0206.png"
"753",6.055555556,7.2674,"56f2319af2df32000d8fb1a4","EC_0209.jpg"
"754",5.013888889,2.2558,"56f2319af2df32000d8fb1a4","EC_0246.jpg"
"755",6.534722222,2.441,"56f2319af2df32000d8fb1a4","EC_0196.jpg"
"756",5.090277778,9.1741,"56f2319af2df32000d8fb1a4","EC_0210.jpg"
"757",5.069444444,2.9523,"56f2319af2df32000d8fb1a4","EC_0028.jpg"
"758",6.201388889,3.5748,"56f2319af2df32000d8fb1a4","EC_0101.jpg"
"759",6.013888889,7.8188,"56f2319af2df32000d8fb1a4","EC_0136.jpg"
"760",7.729166667,3.1939,"56f2319af2df32000d8fb1a4","EC_0086.jpg"
"761",2.236111111,2.7067,"56f2319af2df32000d8fb1a4","EC_0161.jpg"
"762",3.333333333,2.541,"56f2319af2df32000d8fb1a4","EC_0228.jpg"
"763",6.6875,6.3076,"56f2319af2df32000d8fb1a4","EC_0016.jpg"
"764",6.083333333,6.8575,"56f2319af2df32000d8fb1a4","EC_0071.jpg"
"765",7,3.9666,"56f2319af2df32000d8fb1a4","EC_0203.jpg"
"766",5.194444444,2.1331,"56f2319af2df32000d8fb1a4","EC_0096.jpg"
"767",6.486111111,3.8089,"56f2319af2df32000d8fb1a4","EC_0249.jpg"
"768",6.527777778,2.2787,"56f2319af2df32000d8fb1a4","EC_0015.jpg"
"769",6.423611111,39.316,"56f2319af2df32000d8fb1a4","EC_0170.jpg"
"770",6.840277778,2.6098,"56f2319af2df32000d8fb1a4","EC_0037.jpg"
"771",8.069444444,2.7407,"56f2319af2df32000d8fb1a4","EC_0034.jpg"
"772",7.013888889,19.4345,"56f2319af2df32000d8fb1a4","EC_0128.jpeg"
"773",3.736111111,2.6124,"56f2319af2df32000d8fb1a4","EC_0111.jpg"
"774",6.048611111,2.7984,"56f2319af2df32000d8fb1a4","EC_0141.jpg"
"775",6.520833333,2.8837,"56f2319af2df32000d8fb1a4","EC_0042.jpg"
"776",6.763888889,27.6466,"56f2319af2df32000d8fb1a4","EC_0222.jpg"
"777",5.944444444,3.4561,"56f2319af2df32000d8fb1a4","EC_0238.jpg"
"778",4.986111111,3.6,"56f2319af2df32000d8fb1a4","EC_0184.jpg"
"779",5.895833333,5.0803,"56f2319af2df32000d8fb1a4","EC_0200.png"
"780",6.145833333,2.4347,"56f2319af2df32000d8fb1a4","EC_0185.jpg"
"781",2.069444444,13.6663,"56f2319af2df32000d8fb1a4","EC_0195.jpg"
"782",2.979166667,3.8056,"56f2319af2df32000d8fb1a4","EC_0067.jpg"
"783",6.277777778,2.5181,"56f2319af2df32000d8fb1a4","EC_0235.jpg"
"784",7.25,2.0022,"56f2319af2df32000d8fb1a4","EC_0057.jpeg"
"785",6.805555556,1.9662,"56f2319af2df32000d8fb1a4","EC_0180.jpg"
"786",8.680555556,2.0841,"56f2319af2df32000d8fb1a4","EC_0108.jpg"
"787",4.930555556,2.0659,"56f2319af2df32000d8fb1a4","EC_0148.jpg"
"788",1.659722222,2.2314,"56f2319af2df32000d8fb1a4","EC_0226.jpg"
"789",6,2.3059,"56f2319af2df32000d8fb1a4","EC_0100.jpg"
"790",6.055555556,12.7803,"56f2319af2df32000d8fb1a4","EC_0197.jpg"
"791",5.930555556,1.8613,"56f2319af2df32000d8fb1a4","EC_0207.jpg"
"792",5,1.9741,"56f2319af2df32000d8fb1a4","EC_0135.jpg"
"793",5.840277778,1.9158,"56f2319af2df32000d8fb1a4","EC_0138.png"
"794",6.6875,2.2076,"56f2319af2df32000d8fb1a4","EC_0119.jpg"
"795",6.847222222,2.6022,"56f2319af2df32000d8fb1a4","EC_0248.jpg"
"796",5.1875,2.2294,"56f2319af2df32000d8fb1a4","EC_0150.jpg"
"797",6.201388889,1.754,"56f2319af2df32000d8fb1a4","EC_0092.jpg"
"798",5.659722222,2.1895,"56f2319af2df32000d8fb1a4","EC_0061.jpg"
"799",5.715277778,2.0943,"56f2319af2df32000d8fb1a4","EC_0046.jpg"
"800",6.1875,2.1092,"56f2319af2df32000d8fb1a4","EC_0221.jpg"
"801",5.229166667,2.1155,"56f2319af2df32000d8fb1a4","EC_0120.jpg"
"802",7.145833333,2.0228,"56f2319af2df32000d8fb1a4","EC_0058.jpg"
"803",7.201388889,2.1008,"56f2319af2df32000d8fb1a4","EC_0036.jpeg"
"804",5.020833333,3.2652,"56f2319af2df32000d8fb1a4","EC_0084.jpg"
"805",6.486111111,2.4391,"56f2319af2df32000d8fb1a4","EC_0163.jpg"
"806",5,3.5356,"56f2319af2df32000d8fb1a4","EC_0181.jpg"
"807",5.868055556,1.9716,"56f2319af2df32000d8fb1a4","EC_0198.jpg"
"808",5.125,2.4746,"56f2319af2df32000d8fb1a4","EC_0214.jpg"
"809",10,4.2348,"56f2319af2df32000d8fb1a4","EC_0211.jpg"
"810",6.013888889,2.1909,"56f2319af2df32000d8fb1a4","EC_0081.jpg"
"811",6.104166667,27.9249,"56f2319af2df32000d8fb1a4","EC_0013.jpg"
"812",4.986111111,2.1886,"56f2319af2df32000d8fb1a4","EC_0176.jpg"
"813",4.854166667,2.4157,"56f2319af2df32000d8fb1a4","EC_0039.jpg"
"814",6.979166667,2.8939,"56f2319af2df32000d8fb1a4","EC_0008.jpg"
"815",6.881944444,2.9517,"56f2319af2df32000d8fb1a4","EC_0090.jpg"
"816",9.236111111,2.6534,"56f2319af2df32000d8fb1a4","EC_0247.jpg"
"817",6.215277778,2.0528,"56f2319af2df32000d8fb1a4","EC_0064.jpg"
"818",4.875,4.2612,"56f2319af2df32000d8fb1a4","EC_0083.jpg"
"819",4.5,3.1723,"56f2319af2df32000d8fb1a4","EC_0240.jpg"
"820",3.958333333,2.2627,"56f2319af2df32000d8fb1a4","EC_0019.jpg"
"821",5.048611111,5.0374,"56f2319af2df32000d8fb1a4","EC_0245.jpg"
"822",6.166666667,11.4321,"56f2319af2df32000d8fb1a4","EC_0139.png"
"823",8,4.8907,"56f2319af2df32000d8fb1a4","EC_0106.jpg"
"824",9.722222222,5.8868,"56f2319af2df32000d8fb1a4","EC_0011.jpg"
"825",7.763888889,2.8014,"56f2319af2df32000d8fb1a4","EC_0075.jpg"
"826",7.0625,2.2316,"56f2319af2df32000d8fb1a4","EC_0177.jpg"
"827",5.881944444,2.2277,"56f2319af2df32000d8fb1a4","EC_0172.jpg"
"828",4.868055556,2.3239,"56f2319af2df32000d8fb1a4","EC_0010.jpg"
"829",5.159722222,1.6786,"56f2319af2df32000d8fb1a4","EC_0223.jpg"
"830",6.111111111,2.225,"56f2319af2df32000d8fb1a4","EC_0103.jpg"
"831",6,2.0814,"56f2319af2df32000d8fb1a4","EC_0237.jpg"
"832",5.993055556,1.6408,"56f2319af2df32000d8fb1a4","EC_0040.jpg"
"833",4.020833333,2.0724,"56f2319af2df32000d8fb1a4","EC_0232.jpg"
"834",5.0625,2.0805,"56f2319af2df32000d8fb1a4","EC_0065.jpg"
"835",7.388888889,2.7648,"56f2319af2df32000d8fb1a4","EC_0123.jpeg"
"836",4.958333333,2.2318,"56f2319af2df32000d8fb1a4","EC_0032.jpg"
"837",5.145833333,2.993,"56f2319af2df32000d8fb1a4","EC_0131.jpg"
"838",4.958333333,13.2827,"56f2319af2df32000d8fb1a4","EC_0236.jpg"
"839",7.986111111,2.9906,"56f2319af2df32000d8fb1a4","EC_0201.jpg"
"840",5.944444444,2.2961,"56f2319af2df32000d8fb1a4","EC_0062.jpg"
"841",3.62962963,3.213,"59ffb939517dfb00013dadda","EC_0094.jpg"
"842",8.12037037,2.845,"59ffb939517dfb00013dadda","EC_0149.jpg"
"843",5.12962963,5.288,"59ffb939517dfb00013dadda","EC_0129.jpeg"
"844",7.824074074,2.802,"59ffb939517dfb00013dadda","EC_0096.jpg"
"845",3.546296296,3.188,"59ffb939517dfb00013dadda","EC_0056.jpg"
"846",4.953703704,2.904,"59ffb939517dfb00013dadda","EC_0055.jpg"
"847",8.611111111,2.763,"59ffb939517dfb00013dadda","EC_0209.jpg"
"848",5.953703704,2.987,"59ffb939517dfb00013dadda","EC_0102.jpg"
"849",9.990740741,3.062,"59ffb939517dfb00013dadda","EC_0073.jpg"
"850",7.824074074,2.563,"59ffb939517dfb00013dadda","EC_0048.jpg"
"851",2.907407407,6.762,"59ffb939517dfb00013dadda","EC_0101.jpg"
"852",8.138888889,3.554,"59ffb939517dfb00013dadda","EC_0142.jpg"
"853",9.990740741,4.178,"59ffb939517dfb00013dadda","EC_0038.jpg"
"854",7.638888889,2.604,"59ffb939517dfb00013dadda","EC_0032.jpg"
"855",5.027777778,3.028,"59ffb939517dfb00013dadda","EC_0187.jpeg"
"856",6.240740741,2.595,"59ffb939517dfb00013dadda","EC_0097.jpg"
"857",7.944444444,4.563,"59ffb939517dfb00013dadda","EC_0085.jpg"
"858",8.444444444,3.113,"59ffb939517dfb00013dadda","EC_0123.jpeg"
"859",6.064814815,3.063,"59ffb939517dfb00013dadda","EC_0024.jpg"
"860",10,4.238,"59ffb939517dfb00013dadda","EC_0041.jpg"
"861",6.953703704,3.455,"59ffb939517dfb00013dadda","EC_0002.jpg"
"862",6.546296296,7.381,"59ffb939517dfb00013dadda","EC_0118.jpg"
"863",3.87962963,3.896,"59ffb939517dfb00013dadda","EC_0119.jpg"
"864",3.166666667,11.146,"59ffb939517dfb00013dadda","EC_0011.jpg"
"865",8.981481481,2.605,"59ffb939517dfb00013dadda","EC_0058.jpg"
"866",8.407407407,5.138,"59ffb939517dfb00013dadda","EC_0076.jpg"
"867",3.333333333,3.388,"59ffb939517dfb00013dadda","EC_0171.jpg"
"868",9.907407407,3.555,"59ffb939517dfb00013dadda","EC_0072.jpg"
"869",2.092592593,3.697,"59ffb939517dfb00013dadda","EC_0053.jpg"
"870",7.925925926,13.006,"59ffb939517dfb00013dadda","EC_0063.jpg"
"871",2.824074074,4.277,"59ffb939517dfb00013dadda","EC_0003.jpg"
"872",9.925925926,6.513,"59ffb939517dfb00013dadda","EC_0174.jpg"
"873",1.435185185,3.963,"59ffb939517dfb00013dadda","EC_0005.jpg"
"874",5.342592593,2.896,"59ffb939517dfb00013dadda","EC_0236.jpg"
"875",7.601851852,2.477,"59ffb939517dfb00013dadda","EC_0012.jpg"
"876",8.509259259,2.403,"59ffb939517dfb00013dadda","EC_0207.jpg"
"877",2.731481481,3.003,"59ffb939517dfb00013dadda","EC_0245.jpg"
"878",7.481481481,2.679,"59ffb939517dfb00013dadda","EC_0243.jpg"
"879",8.555555556,2.571,"59ffb939517dfb00013dadda","EC_0106.jpg"
"880",8.305555556,8.128,"59ffb939517dfb00013dadda","EC_0047.jpg"
"881",9.175925926,3.054,"59ffb939517dfb00013dadda","EC_0211.jpg"
"882",8.175925926,2.854,"59ffb939517dfb00013dadda","EC_0013.jpg"
"883",7.703703704,2.814,"59ffb939517dfb00013dadda","EC_0172.jpg"
"884",5.287037037,2.988,"59ffb939517dfb00013dadda","EC_0159.jpg"
"885",9.101851852,3.147,"59ffb939517dfb00013dadda","EC_0156.jpg"
"886",6.592592593,2.355,"59ffb939517dfb00013dadda","EC_0158.jpg"
"887",5.666666667,2.788,"59ffb939517dfb00013dadda","EC_0116.jpg"
"888",9.046296296,3.207,"59ffb939517dfb00013dadda","EC_0077.jpg"
"889",6.861111111,2.397,"59ffb939517dfb00013dadda","EC_0029.jpg"
"890",2.861111111,2.812,"59ffb939517dfb00013dadda","EC_0018.jpg"
"891",8.185185185,3.44,"59ffb939517dfb00013dadda","EC_0115.jpg"
"892",6.12037037,5.119,"59ffb939517dfb00013dadda","EC_0230.jpg"
"893",7.638888889,3.146,"59ffb939517dfb00013dadda","EC_0108.jpg"
"894",7.472222222,2.21,"59ffb939517dfb00013dadda","EC_0109.jpg"
"895",8.87037037,2.731,"59ffb939517dfb00013dadda","EC_0133.jpg"
"896",6.740740741,2.938,"59ffb939517dfb00013dadda","EC_0235.jpg"
"897",7.981481481,3.923,"59ffb939517dfb00013dadda","EC_0177.jpg"
"898",3.657407407,3.412,"59ffb939517dfb00013dadda","EC_0182.jpg"
"899",9.990740741,3.679,"59ffb939517dfb00013dadda","EC_0098.jpg"
"900",4.935185185,3.62,"59ffb939517dfb00013dadda","EC_0204.jpg"
"901",7.648148148,2.379,"59ffb939517dfb00013dadda","EC_0170.jpg"
"902",2.231481481,3.647,"59ffb939517dfb00013dadda","EC_0044.jpg"
"903",7.574074074,2.712,"59ffb939517dfb00013dadda","EC_0083.jpg"
"904",8.453703704,2.587,"59ffb939517dfb00013dadda","EC_0061.jpg"
"905",7.759259259,2.713,"59ffb939517dfb00013dadda","EC_0135.jpg"
"906",2.546296296,3.012,"59ffb939517dfb00013dadda","EC_0015.jpg"
"907",7.666666667,13.264,"59ffb939517dfb00013dadda","EC_0234.jpg"
"908",8.601851852,2.928,"59ffb939517dfb00013dadda","EC_0213.jpg"
"909",7.990740741,2.78,"59ffb939517dfb00013dadda","EC_0248.jpg"
"910",8.657407407,2.904,"59ffb939517dfb00013dadda","EC_0019.jpg"
"911",9.148148148,2.919,"59ffb939517dfb00013dadda","EC_0100.jpg"
"912",8.064814815,3.961,"59ffb939517dfb00013dadda","EC_0134.jpg"
"913",9.074074074,2.537,"59ffb939517dfb00013dadda","EC_0010.jpg"
"914",6.888888889,2.419,"59ffb939517dfb00013dadda","EC_0030.jpg"
"915",8.083333333,2.046,"59ffb939517dfb00013dadda","EC_0075.jpg"
"916",5.388888889,3.463,"59ffb939517dfb00013dadda","EC_0229.jpg"
"917",7.481481481,2.263,"59ffb939517dfb00013dadda","EC_0027.jpg"
"918",7.953703704,2.955,"59ffb939517dfb00013dadda","EC_0203.jpg"
"919",8.407407407,50.571,"59ffb939517dfb00013dadda","EC_0200.png"
"920",7.25,2.306,"59ffb939517dfb00013dadda","EC_0028.jpg"
"921",6.092592593,2.615,"59ffb939517dfb00013dadda","EC_0084.jpg"
"922",7.953703704,2.178,"59ffb939517dfb00013dadda","EC_0197.jpg"
"923",5.509259259,2.796,"59ffb939517dfb00013dadda","EC_0244.jpg"
"924",7.185185185,2.304,"59ffb939517dfb00013dadda","EC_0117.jpg"
"925",5.12962963,2.395,"59ffb939517dfb00013dadda","EC_0185.jpg"
"926",3.601851852,6.72,"59ffb939517dfb00013dadda","EC_0202.jpg"
"927",3.416666667,3.807,"59ffb939517dfb00013dadda","EC_0150.jpg"
"928",2.546296296,2.637,"59ffb939517dfb00013dadda","EC_0054.jpg"
"929",5.851851852,3.721,"59ffb939517dfb00013dadda","EC_0086.jpg"
"930",7.805555556,4.239,"59ffb939517dfb00013dadda","EC_0154.jpg"
"931",8.87037037,2.17,"59ffb939517dfb00013dadda","EC_0120.jpg"
"932",2.601851852,3.401,"59ffb939517dfb00013dadda","EC_0162.jpg"
"933",7.166666667,3.47,"59ffb939517dfb00013dadda","EC_0042.jpg"
"934",0.12037037,3.372,"59ffb939517dfb00013dadda","EC_0206.png"
"935",6.907407407,3.038,"59ffb939517dfb00013dadda","EC_0022.jpg"
"936",2.287037037,4.856,"59ffb939517dfb00013dadda","EC_0210.jpg"
"937",7.009259259,2.996,"59ffb939517dfb00013dadda","EC_0001.jpg"
"938",8.185185185,2.377,"59ffb939517dfb00013dadda","EC_0138.png"
"939",7.481481481,2.573,"59ffb939517dfb00013dadda","EC_0104.jpg"
"940",7.962962963,4.718,"59ffb939517dfb00013dadda","EC_0194.jpg"
"941",8.12037037,2.021,"59ffb939517dfb00013dadda","EC_0132.jpg"
"942",6.796296296,2.231,"59ffb939517dfb00013dadda","EC_0034.jpg"
"943",4.87962963,2.787,"59ffb939517dfb00013dadda","EC_0089.jpg"
"944",2.851851852,3.246,"59ffb939517dfb00013dadda","EC_0121.jpg"
"945",8.018518519,2.561,"59ffb939517dfb00013dadda","EC_0006.jpg"
"946",5.027777778,3.303,"59ffb939517dfb00013dadda","EC_0031.jpg"
"947",2.768518519,2.898,"59ffb939517dfb00013dadda","EC_0164.jpg"
"948",2.277777778,3.477,"59ffb939517dfb00013dadda","EC_0105.jpg"
"949",6.425925926,3.155,"59ffb939517dfb00013dadda","EC_0231.jpg"
"950",4.314814815,3.56,"59ffb939517dfb00013dadda","EC_0199.jpg"
"951",7.342592593,2.895,"59ffb939517dfb00013dadda","EC_0049.jpg"
"952",8.009259259,2.679,"59ffb939517dfb00013dadda","EC_0219.jpg"
"953",0.027777778,4.646,"59ffb939517dfb00013dadda","EC_0195.jpg"
"954",4.842592593,2.73,"59ffb939517dfb00013dadda","EC_0226.jpg"
"955",9.907407407,3.604,"59ffb939517dfb00013dadda","EC_0057.jpeg"
"956",5.074074074,7.436,"59ffb939517dfb00013dadda","EC_0093.jpg"
"957",8.101851852,2.487,"59ffb939517dfb00013dadda","EC_0160.jpg"
"958",1.444444444,3.196,"59ffb939517dfb00013dadda","EC_0113.jpg"
"959",8.074074074,3.405,"59ffb939517dfb00013dadda","EC_0090.jpg"
"960",4.87962963,2.128,"59ffb939517dfb00013dadda","EC_0165.jpg"
"961",7.805555556,2.229,"59ffb939517dfb00013dadda","EC_0051.jpg"
"962",9.805555556,2.623,"59ffb939517dfb00013dadda","EC_0228.jpg"
"963",0.111111111,3.829,"59ffb939517dfb00013dadda","EC_0124.jpeg"
"964",5.833333333,2.204,"59ffb939517dfb00013dadda","EC_0224.jpg"
"965",7.222222222,2.003,"59ffb939517dfb00013dadda","EC_0017.jpg"
"966",2.787037037,11.948,"59ffb939517dfb00013dadda","EC_0103.jpg"
"967",6.796296296,2.898,"59ffb939517dfb00013dadda","EC_0065.jpg"
"968",9.944444444,5.63,"59ffb939517dfb00013dadda","EC_0037.jpg"
"969",7.814814815,12.454,"59ffb939517dfb00013dadda","EC_0046.jpg"
"970",4.87962963,2.336,"59ffb939517dfb00013dadda","EC_0173.jpg"
"971",7.657407407,3.42,"59ffb939517dfb00013dadda","EC_0141.jpg"
"972",5.722222222,3.886,"59ffb939517dfb00013dadda","EC_0250.jpg"
"973",6.981481481,3.362,"59ffb939517dfb00013dadda","EC_0148.jpg"
"974",6.074074074,4.143,"59ffb939517dfb00013dadda","EC_0039.jpg"
"975",3.462962963,6.177,"59ffb939517dfb00013dadda","EC_0033.jpeg"
"976",7.546296296,2.669,"59ffb939517dfb00013dadda","EC_0157.jpg"
"977",6.185185185,3.205,"59ffb939517dfb00013dadda","EC_0247.jpg"
"978",1.675925926,3.812,"59ffb939517dfb00013dadda","EC_0131.jpg"
"979",0.824074074,4.811,"59ffb939517dfb00013dadda","EC_0147.png"
"980",6.583333333,3.279,"59ffb939517dfb00013dadda","EC_0183.jpg"
"981",2.694444444,2.545,"59ffb939517dfb00013dadda","EC_0201.jpg"
"982",7.333333333,2.853,"59ffb939517dfb00013dadda","EC_0007.jpg"
"983",8.990740741,3.896,"59ffb939517dfb00013dadda","EC_0082.jpg"
"984",1.324074074,3.24,"59ffb939517dfb00013dadda","EC_0125.jpeg"
"985",6.62037037,2.837,"59ffb939517dfb00013dadda","EC_0196.jpg"
"986",8.731481481,2.596,"59ffb939517dfb00013dadda","EC_0188.jpg"
"987",5.046296296,3.072,"59ffb939517dfb00013dadda","EC_0176.jpg"
"988",9.574074074,2.562,"59ffb939517dfb00013dadda","EC_0223.jpg"
"989",1.907407407,2.902,"59ffb939517dfb00013dadda","EC_0059.jpg"
"990",0.111111111,4.179,"59ffb939517dfb00013dadda","EC_0239.jpg"
"991",9.685185185,2.812,"59ffb939517dfb00013dadda","EC_0221.jpg"
"992",9.981481481,3.228,"59ffb939517dfb00013dadda","EC_0074.jpg"
"993",6.092592593,2.938,"59ffb939517dfb00013dadda","EC_0249.jpg"
"994",1.657407407,3.371,"59ffb939517dfb00013dadda","EC_0067.jpg"
"995",6.953703704,2.281,"59ffb939517dfb00013dadda","EC_0233.jpg"
"996",0.231481481,3.346,"59ffb939517dfb00013dadda","EC_0153.jpg"
"997",5.962962963,2.595,"59ffb939517dfb00013dadda","EC_0232.jpg"
"998",7.37962963,2.311,"59ffb939517dfb00013dadda","EC_0180.jpg"
"999",5.083333333,3.37,"59ffb939517dfb00013dadda","EC_0139.png"
"1000",8.5,3.247,"59ffb939517dfb00013dadda","EC_0167.jpg"
"1001",6.694444444,3.312,"59ffb939517dfb00013dadda","EC_0237.jpg"
"1002",7.231481481,3.67,"59ffb939517dfb00013dadda","EC_0071.jpg"
"1003",7.898148148,2.487,"59ffb939517dfb00013dadda","EC_0070.jpg"
"1004",4.842592593,3.07,"59ffb939517dfb00013dadda","EC_0095.jpg"
"1005",7.055555556,2.554,"59ffb939517dfb00013dadda","EC_0163.jpg"
"1006",5.12962963,2.971,"59ffb939517dfb00013dadda","EC_0240.jpg"
"1007",7.101851852,3.138,"59ffb939517dfb00013dadda","EC_0088.jpg"
"1008",8.25,3.612,"59ffb939517dfb00013dadda","EC_0169.png"
"1009",1.574074074,2.888,"59ffb939517dfb00013dadda","EC_0161.jpg"
"1010",8.972222222,3.795,"59ffb939517dfb00013dadda","EC_0014.jpg"
"1011",7.055555556,2.354,"59ffb939517dfb00013dadda","EC_0016.jpg"
"1012",7.777777778,2.139,"59ffb939517dfb00013dadda","EC_0181.jpg"
"1013",8.657407407,4.402,"59ffb939517dfb00013dadda","EC_0020.jpg"
"1014",7.898148148,2.663,"59ffb939517dfb00013dadda","EC_0068.jpg"
"1015",6.101851852,3.093,"59ffb939517dfb00013dadda","EC_0140.jpg"
"1016",8.194444444,2.588,"59ffb939517dfb00013dadda","EC_0040.jpg"
"1017",8.203703704,2.195,"59ffb939517dfb00013dadda","EC_0238.jpg"
"1018",7.361111111,1.854,"59ffb939517dfb00013dadda","EC_0008.jpg"
"1019",9.648148148,2.479,"59ffb939517dfb00013dadda","EC_0081.jpg"
"1020",6.648148148,2.78,"59ffb939517dfb00013dadda","EC_0246.jpg"
"1021",5.064814815,4.853,"59ffb939517dfb00013dadda","EC_0036.jpeg"
"1022",5.759259259,2.37,"59ffb939517dfb00013dadda","EC_0222.jpg"
"1023",6.833333333,2.429,"59ffb939517dfb00013dadda","EC_0205.jpg"
"1024",7.5,2.276,"59ffb939517dfb00013dadda","EC_0079.jpg"
"1025",6.851851852,1.83,"59ffb939517dfb00013dadda","EC_0066.jpg"
"1026",7.824074074,2.147,"59ffb939517dfb00013dadda","EC_0242.jpg"
"1027",5.814814815,2.978,"59ffb939517dfb00013dadda","EC_0009.jpg"
"1028",7.564814815,3.047,"59ffb939517dfb00013dadda","EC_0111.jpg"
"1029",8.212962963,2.438,"59ffb939517dfb00013dadda","EC_0099.jpg"
"1030",5.675925926,3.094,"59ffb939517dfb00013dadda","EC_0152.jpg"
"1031",6.601851852,2.378,"59ffb939517dfb00013dadda","EC_0060.jpg"
"1032",7.601851852,2.412,"59ffb939517dfb00013dadda","EC_0198.jpg"
"1033",7.055555556,2.18,"59ffb939517dfb00013dadda","EC_0136.jpg"
"1034",6.342592593,3.318,"59ffb939517dfb00013dadda","EC_0168.jpeg"
"1035",7.740740741,2.08,"59ffb939517dfb00013dadda","EC_0137.jpg"
"1036",8.092592593,2.13,"59ffb939517dfb00013dadda","EC_0092.jpg"
"1037",8.601851852,2.821,"59ffb939517dfb00013dadda","EC_0193.png"
"1038",6.546296296,2.111,"59ffb939517dfb00013dadda","EC_0241.jpg"
"1039",7.777777778,2.346,"59ffb939517dfb00013dadda","EC_0128.jpeg"
"1040",8.694444444,2.112,"59ffb939517dfb00013dadda","EC_0050.jpg"
"1041",8.027777778,2.561,"59ffb939517dfb00013dadda","EC_0062.jpg"
"1042",8.638888889,2.376,"59ffb939517dfb00013dadda","EC_0069.jpg"
"1043",9.083333333,3.013,"59ffb939517dfb00013dadda","EC_0080.jpg"
"1044",6.268518519,2.313,"59ffb939517dfb00013dadda","EC_0151.jpg"
"1045",4.111111111,3.002,"59ffb939517dfb00013dadda","EC_0087.jpg"
"1046",6.888888889,2.828,"59ffb939517dfb00013dadda","EC_0166.jpg"
"1047",7.962962963,3.563,"59ffb939517dfb00013dadda","EC_0184.jpg"
"1048",9.175925926,2.653,"59ffb939517dfb00013dadda","EC_0227.jpg"
"1049",6.87037037,2.153,"59ffb939517dfb00013dadda","EC_0064.jpg"
"1050",4.064814815,2.206,"59ffb939517dfb00013dadda","EC_0214.jpg"
"1051",6.049205187,5.0439,"5a8b1ee2000dab00018cc7cd","EC_0248.jpg"
"1052",7.981707086,4.772,"5a8b1ee2000dab00018cc7cd","EC_0207.jpg"
"1053",9.963435872,3.5477,"5a8b1ee2000dab00018cc7cd","EC_0167.jpg"
"1054",9.953091092,2.9068,"5a8b1ee2000dab00018cc7cd","EC_0096.jpg"
"1055",7.930988905,4.1376,"5a8b1ee2000dab00018cc7cd","EC_0228.jpg"
"1056",4.951322428,3.7886,"5a8b1ee2000dab00018cc7cd","EC_0116.jpg"
"1057",9.994710286,3.4312,"5a8b1ee2000dab00018cc7cd","EC_0141.jpg"
"1058",5.972749159,3.8417,"5a8b1ee2000dab00018cc7cd","EC_0085.jpg"
"1059",9.973272027,3.4684,"5a8b1ee2000dab00018cc7cd","EC_0057.jpeg"
"1060",4.043811035,4.5573,"5a8b1ee2000dab00018cc7cd","EC_0205.jpg"
"1061",8.003099908,4.3403,"5a8b1ee2000dab00018cc7cd","EC_0076.jpg"
"1062",2.975019667,4.7092,"5a8b1ee2000dab00018cc7cd","EC_0180.jpg"
"1063",9.914131673,4.0673,"5a8b1ee2000dab00018cc7cd","EC_0242.jpg"
"1064",5.927186415,4.7666,"5a8b1ee2000dab00018cc7cd","EC_0044.jpg"
"1065",8.901789008,4.0329,"5a8b1ee2000dab00018cc7cd","EC_0079.jpg"
"1066",8.008147515,3.9699,"5a8b1ee2000dab00018cc7cd","EC_0202.jpg"
"1067",6.983613417,3.236,"5a8b1ee2000dab00018cc7cd","EC_0203.jpg"
"1068",5.013667128,3.4547,"5a8b1ee2000dab00018cc7cd","EC_0153.jpg"
"1069",5.013667128,3.6306,"5a8b1ee2000dab00018cc7cd","EC_0140.jpg"
"1070",8.941644965,3.7243,"5a8b1ee2000dab00018cc7cd","EC_0074.jpg"
"1071",9.984419759,3.6335,"5a8b1ee2000dab00018cc7cd","EC_0013.jpg"
"1072",4.884852431,5.1707,"5a8b1ee2000dab00018cc7cd","EC_0198.jpg"
"1073",8.927802192,3.6315,"5a8b1ee2000dab00018cc7cd","EC_0231.jpg"
"1074",9.981411404,4.4577,"5a8b1ee2000dab00018cc7cd","EC_0006.jpg"
"1075",0.087169054,8.024,"5a8b1ee2000dab00018cc7cd","EC_0059.jpg"
"1076",7.917719862,3.5994,"5a8b1ee2000dab00018cc7cd","EC_0015.jpg"
"1077",7.000467258,3.2473,"5a8b1ee2000dab00018cc7cd","EC_0087.jpg"
"1078",3.956271701,3.4003,"5a8b1ee2000dab00018cc7cd","EC_0222.jpg"
"1079",5.983357747,3.3344,"5a8b1ee2000dab00018cc7cd","EC_0061.jpg"
"1080",9.979159885,3.6578,"5a8b1ee2000dab00018cc7cd","EC_0069.jpg"
"1081",8.992458767,3.7456,"5a8b1ee2000dab00018cc7cd","EC_0150.jpg"
"1082",7.002478027,3.7976,"5a8b1ee2000dab00018cc7cd","EC_0230.jpg"
"1083",4.958204481,3.3586,"5a8b1ee2000dab00018cc7cd","EC_0009.jpg"
"1084",9.998056369,3.4028,"5a8b1ee2000dab00018cc7cd","EC_0081.jpg"
"1085",8.001049805,3.7706,"5a8b1ee2000dab00018cc7cd","EC_0234.jpg"
"1086",7.002501763,3.3671,"5a8b1ee2000dab00018cc7cd","EC_0240.jpg"
"1087",9.93100179,4.0929,"5a8b1ee2000dab00018cc7cd","EC_0054.jpg"
"1088",2.93710734,3.3993,"5a8b1ee2000dab00018cc7cd","EC_0113.jpg"
"1089",8.927080621,3.1914,"5a8b1ee2000dab00018cc7cd","EC_0093.jpg"
"1090",6.925271267,3.5187,"5a8b1ee2000dab00018cc7cd","EC_0075.jpg"
"1091",6.01434394,3.8544,"5a8b1ee2000dab00018cc7cd","EC_0051.jpg"
"1092",5.002933078,4.4191,"5a8b1ee2000dab00018cc7cd","EC_0206.png"
"1093",8.975739204,3.4878,"5a8b1ee2000dab00018cc7cd","EC_0008.jpg"
"1094",7.050689697,3.7334,"5a8b1ee2000dab00018cc7cd","EC_0080.jpg"
"1095",5.051706272,3.7063,"5a8b1ee2000dab00018cc7cd","EC_0056.jpg"
"1096",3.937299262,3.5467,"5a8b1ee2000dab00018cc7cd","EC_0095.jpg"
"1097",5.974157037,5.5726,"5a8b1ee2000dab00018cc7cd","EC_0152.jpg"
"1098",6.984331597,3.1821,"5a8b1ee2000dab00018cc7cd","EC_0100.jpg"
"1099",7.988557265,4.8453,"5a8b1ee2000dab00018cc7cd","EC_0139.png"
"1100",5.060588921,3.3387,"5a8b1ee2000dab00018cc7cd","EC_0172.jpg"
"1101",8.982316081,3.2253,"5a8b1ee2000dab00018cc7cd","EC_0188.jpg"
"1102",9.977879503,2.939,"5a8b1ee2000dab00018cc7cd","EC_0120.jpg"
"1103",6.953385417,5.0558,"5a8b1ee2000dab00018cc7cd","EC_0129.jpeg"
"1104",9.912367079,3.1359,"5a8b1ee2000dab00018cc7cd","EC_0098.jpg"
"1105",8.870619032,2.9852,"5a8b1ee2000dab00018cc7cd","EC_0133.jpg"
"1106",2.974888102,3.689,"5a8b1ee2000dab00018cc7cd","EC_0147.png"
"1107",0.007093641,3.8354,"5a8b1ee2000dab00018cc7cd","EC_0161.jpg"
"1108",5.029196506,3.4828,"5a8b1ee2000dab00018cc7cd","EC_0160.jpg"
"1109",7.997216797,4.1873,"5a8b1ee2000dab00018cc7cd","EC_0170.jpg"
"1110",3.987604438,4.4391,"5a8b1ee2000dab00018cc7cd","EC_0210.jpg"
"1111",4.962390815,3.0084,"5a8b1ee2000dab00018cc7cd","EC_0047.jpg"
"1112",6.993040636,3.2018,"5a8b1ee2000dab00018cc7cd","EC_0219.jpg"
"1113",8.9779324,3.5861,"5a8b1ee2000dab00018cc7cd","EC_0195.jpg"
"1114",5.976306831,4.2391,"5a8b1ee2000dab00018cc7cd","EC_0011.jpg"
"1115",9.939348687,3.6829,"5a8b1ee2000dab00018cc7cd","EC_0229.jpg"
"1116",5.993415663,3.7327,"5a8b1ee2000dab00018cc7cd","EC_0033.jpeg"
"1117",9.963319227,3.2569,"5a8b1ee2000dab00018cc7cd","EC_0243.jpg"
"1118",9.952966309,2.851,"5a8b1ee2000dab00018cc7cd","EC_0099.jpg"
"1119",8.012625461,3.713,"5a8b1ee2000dab00018cc7cd","EC_0097.jpg"
"1120",9.002753364,3.1148,"5a8b1ee2000dab00018cc7cd","EC_0066.jpg"
"1121",9.009079319,3.8382,"5a8b1ee2000dab00018cc7cd","EC_0103.jpg"
"1122",8.036168077,3.0534,"5a8b1ee2000dab00018cc7cd","EC_0165.jpg"
"1123",9.936336263,3.385,"5a8b1ee2000dab00018cc7cd","EC_0233.jpg"
"1124",9.936336263,2.8204,"5a8b1ee2000dab00018cc7cd","EC_0142.jpg"
"1125",8.971869575,3.2525,"5a8b1ee2000dab00018cc7cd","EC_0050.jpg"
"1126",9.036817763,3.7535,"5a8b1ee2000dab00018cc7cd","EC_0040.jpg"
"1127",8.080464003,3.8561,"5a8b1ee2000dab00018cc7cd","EC_0247.jpg"
"1128",8.967496745,2.9372,"5a8b1ee2000dab00018cc7cd","EC_0060.jpg"
"1129",9.968348524,3.138,"5a8b1ee2000dab00018cc7cd","EC_0020.jpg"
"1130",5.026593018,3.497,"5a8b1ee2000dab00018cc7cd","EC_0084.jpg"
"1131",3.055558268,3.3544,"5a8b1ee2000dab00018cc7cd","EC_0154.jpg"
"1132",5.921942817,3.3184,"5a8b1ee2000dab00018cc7cd","EC_0238.jpg"
"1133",4.902966309,2.9046,"5a8b1ee2000dab00018cc7cd","EC_0224.jpg"
"1134",7.887856038,4.9696,"5a8b1ee2000dab00018cc7cd","EC_0003.jpg"
"1135",4.994246419,3.3034,"5a8b1ee2000dab00018cc7cd","EC_0048.jpg"
"1136",5.031542291,3.2068,"5a8b1ee2000dab00018cc7cd","EC_0211.jpg"
"1137",8.964268663,4.0435,"5a8b1ee2000dab00018cc7cd","EC_0072.jpg"
"1138",7.08327908,3.5553,"5a8b1ee2000dab00018cc7cd","EC_0086.jpg"
"1139",9.940943739,3.0818,"5a8b1ee2000dab00018cc7cd","EC_0108.jpg"
"1140",5.04878201,3.8228,"5a8b1ee2000dab00018cc7cd","EC_0136.jpg"
"1141",9.940955946,3.0733,"5a8b1ee2000dab00018cc7cd","EC_0106.jpg"
"1142",8.949446615,3.3962,"5a8b1ee2000dab00018cc7cd","EC_0077.jpg"
"1143",8.949446615,3.199,"5a8b1ee2000dab00018cc7cd","EC_0134.jpg"
"1144",1.003653971,3.5327,"5a8b1ee2000dab00018cc7cd","EC_0226.jpg"
"1145",4.94841173,3.2639,"5a8b1ee2000dab00018cc7cd","EC_0237.jpg"
"1146",8.952593316,3.3051,"5a8b1ee2000dab00018cc7cd","EC_0132.jpg"
"1147",8.042346191,5.3188,"5a8b1ee2000dab00018cc7cd","EC_0173.jpg"
"1148",6.007407633,5.3694,"5a8b1ee2000dab00018cc7cd","EC_0249.jpg"
"1149",9.991554091,3.5329,"5a8b1ee2000dab00018cc7cd","EC_0200.png"
"1150",8.001888021,3.5138,"5a8b1ee2000dab00018cc7cd","EC_0135.jpg"
"1151",8.97236735,3.0818,"5a8b1ee2000dab00018cc7cd","EC_0063.jpg"
"1152",0.02142707,3.1677,"5a8b1ee2000dab00018cc7cd","EC_0184.jpg"
"1153",9.976586914,3.0212,"5a8b1ee2000dab00018cc7cd","EC_0032.jpg"
"1154",5.956798638,3.4551,"5a8b1ee2000dab00018cc7cd","EC_0042.jpg"
"1155",7.049958632,3.8,"5a8b1ee2000dab00018cc7cd","EC_0125.jpeg"
"1156",9.901455349,2.8706,"5a8b1ee2000dab00018cc7cd","EC_0014.jpg"
"1157",1.056515164,3.6334,"5a8b1ee2000dab00018cc7cd","EC_0005.jpg"
"1158",8.939622667,4.2592,"5a8b1ee2000dab00018cc7cd","EC_0214.jpg"
"1159",9.001803928,5.462,"5a8b1ee2000dab00018cc7cd","EC_0092.jpg"
"1160",7.010612657,3.1976,"5a8b1ee2000dab00018cc7cd","EC_0018.jpg"
"1161",8.977278646,3.2527,"5a8b1ee2000dab00018cc7cd","EC_0169.png"
"1162",9.951456706,6.9206,"5a8b1ee2000dab00018cc7cd","EC_0199.jpg"
"1163",8.939097765,2.9025,"5a8b1ee2000dab00018cc7cd","EC_0246.jpg"
"1164",9.974293349,5.8354,"5a8b1ee2000dab00018cc7cd","EC_0118.jpg"
"1165",9.032712131,3.1843,"5a8b1ee2000dab00018cc7cd","EC_0117.jpg"
"1166",8.009478082,12.8359,"5a8b1ee2000dab00018cc7cd","EC_0029.jpg"
"1167",9.978088379,3.3209,"5a8b1ee2000dab00018cc7cd","EC_0187.jpeg"
"1168",7.935348172,3.6366,"5a8b1ee2000dab00018cc7cd","EC_0239.jpg"
"1169",4.938992649,3.3359,"5a8b1ee2000dab00018cc7cd","EC_0158.jpg"
"1170",3.981887478,3.4173,"5a8b1ee2000dab00018cc7cd","EC_0181.jpg"
"1171",3.976331923,3.3203,"5a8b1ee2000dab00018cc7cd","EC_0182.jpg"
"1172",9.9793023,3.0994,"5a8b1ee2000dab00018cc7cd","EC_0223.jpg"
"1173",9.965625,2.572,"5a8b1ee2000dab00018cc7cd","EC_0058.jpg"
"1174",9.965625,2.6166,"5a8b1ee2000dab00018cc7cd","EC_0163.jpg"
"1175",9.968185764,2.8393,"5a8b1ee2000dab00018cc7cd","EC_0138.png"
"1176",7.093448215,2.8384,"5a8b1ee2000dab00018cc7cd","EC_0119.jpg"
"1177",9.875020345,2.9201,"5a8b1ee2000dab00018cc7cd","EC_0177.jpg"
"1178",5.026265462,3.6204,"5a8b1ee2000dab00018cc7cd","EC_0124.jpeg"
"1179",9.973103841,3.6964,"5a8b1ee2000dab00018cc7cd","EC_0067.jpg"
"1180",8.085954454,5.1554,"5a8b1ee2000dab00018cc7cd","EC_0174.jpg"
"1181",9.99029541,2.9887,"5a8b1ee2000dab00018cc7cd","EC_0037.jpg"
"1182",9.079960124,2.8034,"5a8b1ee2000dab00018cc7cd","EC_0109.jpg"
"1183",9.953898112,2.9365,"5a8b1ee2000dab00018cc7cd","EC_0055.jpg"
"1184",9.913864475,2.8013,"5a8b1ee2000dab00018cc7cd","EC_0149.jpg"
"1185",9.034754774,3.0801,"5a8b1ee2000dab00018cc7cd","EC_0082.jpg"
"1186",3.937357585,5.199,"5a8b1ee2000dab00018cc7cd","EC_0176.jpg"
"1187",7.046678331,3.6046,"5a8b1ee2000dab00018cc7cd","EC_0241.jpg"
"1188",9.941322157,6.2396,"5a8b1ee2000dab00018cc7cd","EC_0073.jpg"
"1189",8.009136285,4.0543,"5a8b1ee2000dab00018cc7cd","EC_0024.jpg"
"1190",9.964645725,12.2039,"5a8b1ee2000dab00018cc7cd","EC_0038.jpg"
"1191",8.966033257,3.2853,"5a8b1ee2000dab00018cc7cd","EC_0105.jpg"
"1192",8.069224718,4.2934,"5a8b1ee2000dab00018cc7cd","EC_0168.jpeg"
"1193",8.913064236,3.3579,"5a8b1ee2000dab00018cc7cd","EC_0236.jpg"
"1194",8.962323676,3.6149,"5a8b1ee2000dab00018cc7cd","EC_0121.jpg"
"1195",9.938936361,3.2176,"5a8b1ee2000dab00018cc7cd","EC_0070.jpg"
"1196",9.958357747,2.7044,"5a8b1ee2000dab00018cc7cd","EC_0166.jpg"
"1197",9.955684408,4.5671,"5a8b1ee2000dab00018cc7cd","EC_0232.jpg"
"1198",7.898246935,3.9347,"5a8b1ee2000dab00018cc7cd","EC_0053.jpg"
"1199",4.991588677,5.7992,"5a8b1ee2000dab00018cc7cd","EC_0209.jpg"
"1200",6.010476345,3.2228,"5a8b1ee2000dab00018cc7cd","EC_0204.jpg"
"1201",4.045362684,137.6971,"5a8b1ee2000dab00018cc7cd","EC_0137.jpg"
"1202",6.917253282,3.1733,"5a8b1ee2000dab00018cc7cd","EC_0065.jpg"
"1203",1.959113566,3.3306,"5a8b1ee2000dab00018cc7cd","EC_0194.jpg"
"1204",3.928755697,3.2608,"5a8b1ee2000dab00018cc7cd","EC_0036.jpeg"
"1205",6.062875027,3.3758,"5a8b1ee2000dab00018cc7cd","EC_0049.jpg"
"1206",9.981822374,3.3745,"5a8b1ee2000dab00018cc7cd","EC_0022.jpg"
"1207",8.021638997,2.9618,"5a8b1ee2000dab00018cc7cd","EC_0030.jpg"
"1208",5.849780273,3.138,"5a8b1ee2000dab00018cc7cd","EC_0089.jpg"
"1209",2.971381972,3.006,"5a8b1ee2000dab00018cc7cd","EC_0017.jpg"
"1210",8.022998725,3.2079,"5a8b1ee2000dab00018cc7cd","EC_0064.jpg"
"1211",4.990723334,2.82,"5a8b1ee2000dab00018cc7cd","EC_0171.jpg"
"1212",8.960630968,3.3082,"5a8b1ee2000dab00018cc7cd","EC_0164.jpg"
"1213",9.94214681,2.8227,"5a8b1ee2000dab00018cc7cd","EC_0068.jpg"
"1214",9.075764974,3.1906,"5a8b1ee2000dab00018cc7cd","EC_0010.jpg"
"1215",6.995885552,3.0306,"5a8b1ee2000dab00018cc7cd","EC_0151.jpg"
"1216",8.00238444,3.0073,"5a8b1ee2000dab00018cc7cd","EC_0019.jpg"
"1217",9.002890354,3.1944,"5a8b1ee2000dab00018cc7cd","EC_0088.jpg"
"1218",6.033807373,3.0688,"5a8b1ee2000dab00018cc7cd","EC_0213.jpg"
"1219",7.018726942,3.3719,"5a8b1ee2000dab00018cc7cd","EC_0028.jpg"
"1220",8.963286675,3.1227,"5a8b1ee2000dab00018cc7cd","EC_0196.jpg"
"1221",3.005940755,3.5078,"5a8b1ee2000dab00018cc7cd","EC_0159.jpg"
"1222",3.955885824,3.246,"5a8b1ee2000dab00018cc7cd","EC_0007.jpg"
"1223",2.062442695,3.2035,"5a8b1ee2000dab00018cc7cd","EC_0235.jpg"
"1224",0.020924208,3.7567,"5a8b1ee2000dab00018cc7cd","EC_0227.jpg"
"1225",0.028213162,3.0906,"5a8b1ee2000dab00018cc7cd","EC_0162.jpg"
"1226",2.045846897,3.203,"5a8b1ee2000dab00018cc7cd","EC_0183.jpg"
"1227",6.971767171,3.2908,"5a8b1ee2000dab00018cc7cd","EC_0039.jpg"
"1228",7.992472331,4.5848,"5a8b1ee2000dab00018cc7cd","EC_0156.jpg"
"1229",9.970128038,3.2599,"5a8b1ee2000dab00018cc7cd","EC_0148.jpg"
"1230",0.028595988,6.4101,"5a8b1ee2000dab00018cc7cd","EC_0027.jpg"
"1231",6.977429199,3.422,"5a8b1ee2000dab00018cc7cd","EC_0102.jpg"
"1232",8.008036296,2.921,"5a8b1ee2000dab00018cc7cd","EC_0250.jpg"
"1233",9.969102648,3.3604,"5a8b1ee2000dab00018cc7cd","EC_0012.jpg"
"1234",8.982385254,2.9904,"5a8b1ee2000dab00018cc7cd","EC_0001.jpg"
"1235",7.015719265,2.9906,"5a8b1ee2000dab00018cc7cd","EC_0046.jpg"
"1236",7.008883328,3.5902,"5a8b1ee2000dab00018cc7cd","EC_0111.jpg"
"1237",7.888709852,3.2468,"5a8b1ee2000dab00018cc7cd","EC_0083.jpg"
"1238",8.965544976,5.2891,"5a8b1ee2000dab00018cc7cd","EC_0157.jpg"
"1239",4.943385145,3.803,"5a8b1ee2000dab00018cc7cd","EC_0201.jpg"
"1240",3.974963379,3.4892,"5a8b1ee2000dab00018cc7cd","EC_0123.jpeg"
"1241",8.043185764,3.3391,"5a8b1ee2000dab00018cc7cd","EC_0221.jpg"
"1242",9.040203179,3.0892,"5a8b1ee2000dab00018cc7cd","EC_0104.jpg"
"1243",7.014337158,4.8831,"5a8b1ee2000dab00018cc7cd","EC_0071.jpg"
"1244",8.992923991,3.4555,"5a8b1ee2000dab00018cc7cd","EC_0031.jpg"
"1245",0.006952582,4.2005,"5a8b1ee2000dab00018cc7cd","EC_0185.jpg"
"1246",6.940083143,3.893,"5a8b1ee2000dab00018cc7cd","EC_0244.jpg"
"1247",9.967281087,3.5069,"5a8b1ee2000dab00018cc7cd","EC_0034.jpg"
"1248",8.077364095,3.4655,"5a8b1ee2000dab00018cc7cd","EC_0016.jpg"
"1249",5.978661431,3.5226,"5a8b1ee2000dab00018cc7cd","EC_0245.jpg"
"1250",7.982933892,3.3207,"5a8b1ee2000dab00018cc7cd","EC_0094.jpg"
"1251",8.002846273,4.1801,"5a8b1ee2000dab00018cc7cd","EC_0115.jpg"
"1252",6.003639052,4.4245,"5a8b1ee2000dab00018cc7cd","EC_0101.jpg"
"1253",9.980487739,2.9721,"5a8b1ee2000dab00018cc7cd","EC_0197.jpg"
"1254",7.897162543,2.7716,"5a8b1ee2000dab00018cc7cd","EC_0128.jpeg"
"1255",6.048200141,3.1462,"5a8b1ee2000dab00018cc7cd","EC_0090.jpg"
"1256",4.98746677,3.2122,"5a8b1ee2000dab00018cc7cd","EC_0062.jpg"
"1257",9.952681478,2.8064,"5a8b1ee2000dab00018cc7cd","EC_0041.jpg"
"1258",7.904259576,2.7629,"5a8b1ee2000dab00018cc7cd","EC_0131.jpg"
"1259",6.969970025,3.1218,"5a8b1ee2000dab00018cc7cd","EC_0002.jpg"
"1260",8.965482585,3.5769,"5a8b1ee2000dab00018cc7cd","EC_0193.png"
"1261",3.925925926,11.8596,"5a8d8079190420000156435d","EC_0210.jpg"
"1262",7,6.5064,"5a8d8079190420000156435d","EC_0055.jpg"
"1263",5,13.6216,"5a8d8079190420000156435d","EC_0016.jpg"
"1264",4.962962963,6.015,"5a8d8079190420000156435d","EC_0205.jpg"
"1265",6.037037037,13.6748,"5a8d8079190420000156435d","EC_0137.jpg"
"1266",7.611111111,4.6195,"5a8d8079190420000156435d","EC_0047.jpg"
"1267",7.018518519,6.9679,"5a8d8079190420000156435d","EC_0207.jpg"
"1268",7.027777778,6.298,"5a8d8079190420000156435d","EC_0074.jpg"
"1269",9.037037037,5.2866,"5a8d8079190420000156435d","EC_0167.jpg"
"1270",6.925925926,16.442,"5a8d8079190420000156435d","EC_0156.jpg"
"1271",4.018518519,6.6534,"5a8d8079190420000156435d","EC_0136.jpg"
"1272",9.009259259,4.6742,"5a8d8079190420000156435d","EC_0229.jpg"
"1273",9.907407407,6.8565,"5a8d8079190420000156435d","EC_0120.jpg"
"1274",6.962962963,4.5501,"5a8d8079190420000156435d","EC_0159.jpg"
"1275",6.972222222,12.6336,"5a8d8079190420000156435d","EC_0089.jpg"
"1276",4.981481481,5.3195,"5a8d8079190420000156435d","EC_0048.jpg"
"1277",4.018518519,7.0741,"5a8d8079190420000156435d","EC_0054.jpg"
"1278",6.064814815,5.4835,"5a8d8079190420000156435d","EC_0083.jpg"
"1279",2.990740741,5.3495,"5a8d8079190420000156435d","EC_0129.jpeg"
"1280",5.018518519,4.5839,"5a8d8079190420000156435d","EC_0142.jpg"
"1281",7.027777778,4.0428,"5a8d8079190420000156435d","EC_0097.jpg"
"1282",7.018518519,2.9955,"5a8d8079190420000156435d","EC_0154.jpg"
"1283",3.851851852,10.0041,"5a8d8079190420000156435d","EC_0166.jpg"
"1284",6.972222222,6.5702,"5a8d8079190420000156435d","EC_0105.jpg"
"1285",8,3.7722,"5a8d8079190420000156435d","EC_0069.jpg"
"1286",9.972222222,4.6098,"5a8d8079190420000156435d","EC_0032.jpg"
"1287",3.018518519,7.6746,"5a8d8079190420000156435d","EC_0065.jpg"
"1288",6.009259259,3.8469,"5a8d8079190420000156435d","EC_0224.jpg"
"1289",6.916666667,4.9011,"5a8d8079190420000156435d","EC_0170.jpg"
"1290",1.564814815,4.7341,"5a8d8079190420000156435d","EC_0227.jpg"
"1291",0.990740741,3.8644,"5a8d8079190420000156435d","EC_0113.jpg"
"1292",7.009259259,4.1496,"5a8d8079190420000156435d","EC_0219.jpg"
"1293",1.962962963,5.7143,"5a8d8079190420000156435d","EC_0232.jpg"
"1294",3.018518519,4.103,"5a8d8079190420000156435d","EC_0209.jpg"
"1295",4.972222222,5.2708,"5a8d8079190420000156435d","EC_0158.jpg"
"1296",7.990740741,5.2946,"5a8d8079190420000156435d","EC_0193.png"
"1297",8.972222222,7.8437,"5a8d8079190420000156435d","EC_0068.jpg"
"1298",5.916666667,4.1413,"5a8d8079190420000156435d","EC_0141.jpg"
"1299",5.935185185,3.5327,"5a8d8079190420000156435d","EC_0213.jpg"
"1300",7.092592593,3.4294,"5a8d8079190420000156435d","EC_0165.jpg"
"1301",7.703703704,5.1339,"5a8d8079190420000156435d","EC_0174.jpg"
"1302",8.37037037,4.307,"5a8d8079190420000156435d","EC_0157.jpg"
"1303",3.981481481,3.726,"5a8d8079190420000156435d","EC_0150.jpg"
"1304",8.009259259,3.4451,"5a8d8079190420000156435d","EC_0164.jpg"
"1305",9,4.5788,"5a8d8079190420000156435d","EC_0031.jpg"
"1306",0.138888889,10.7769,"5a8d8079190420000156435d","EC_0033.jpeg"
"1307",2.064814815,5.8749,"5a8d8079190420000156435d","EC_0063.jpg"
"1308",6.435185185,4.7269,"5a8d8079190420000156435d","EC_0228.jpg"
"1309",8,7.1157,"5a8d8079190420000156435d","EC_0237.jpg"
"1310",8,4.7317,"5a8d8079190420000156435d","EC_0138.png"
"1311",4.583333333,9.2514,"5a8d8079190420000156435d","EC_0061.jpg"
"1312",4.944444444,3.8872,"5a8d8079190420000156435d","EC_0095.jpg"
"1313",7.944444444,3.182,"5a8d8079190420000156435d","EC_0169.png"
"1314",6.935185185,3.3182,"5a8d8079190420000156435d","EC_0014.jpg"
"1315",6.981481481,7.8068,"5a8d8079190420000156435d","EC_0087.jpg"
"1316",7.703703704,5.3422,"5a8d8079190420000156435d","EC_0092.jpg"
"1317",2.5,6.5961,"5a8d8079190420000156435d","EC_0239.jpg"
"1318",8.314814815,5.2725,"5a8d8079190420000156435d","EC_0119.jpg"
"1319",6.027777778,5.0647,"5a8d8079190420000156435d","EC_0093.jpg"
"1320",7,5.5479,"5a8d8079190420000156435d","EC_0090.jpg"
"1321",0.972222222,156.6519,"5a8d8079190420000156435d","EC_0005.jpg"
"1322",2.074074074,3.7483,"5a8d8079190420000156435d","EC_0140.jpg"
"1323",6.037037037,3.5207,"5a8d8079190420000156435d","EC_0243.jpg"
"1324",8.037037037,3.4353,"5a8d8079190420000156435d","EC_0041.jpg"
"1325",7.888888889,4.1367,"5a8d8079190420000156435d","EC_0249.jpg"
"1326",6.018518519,4.1585,"5a8d8079190420000156435d","EC_0108.jpg"
"1327",5.416666667,4.5347,"5a8d8079190420000156435d","EC_0098.jpg"
"1328",2.981481481,5.1416,"5a8d8079190420000156435d","EC_0111.jpg"
"1329",6.5,4.2328,"5a8d8079190420000156435d","EC_0096.jpg"
"1330",7.25,5.8315,"5a8d8079190420000156435d","EC_0064.jpg"
"1331",8,4.8626,"5a8d8079190420000156435d","EC_0018.jpg"
"1332",8.537037037,5.493,"5a8d8079190420000156435d","EC_0072.jpg"
"1333",9.935185185,3.0675,"5a8d8079190420000156435d","EC_0117.jpg"
"1334",8.953703704,5.1206,"5a8d8079190420000156435d","EC_0248.jpg"
"1335",5.601851852,4.2364,"5a8d8079190420000156435d","EC_0149.jpg"
"1336",6.694444444,2.5798,"5a8d8079190420000156435d","EC_0066.jpg"
"1337",5.018518519,5.6101,"5a8d8079190420000156435d","EC_0079.jpg"
"1338",3.027777778,3.793,"5a8d8079190420000156435d","EC_0196.jpg"
"1339",3.074074074,5.0434,"5a8d8079190420000156435d","EC_0085.jpg"
"1340",4.148148148,8.3902,"5a8d8079190420000156435d","EC_0051.jpg"
"1341",5.055555556,3.8384,"5a8d8079190420000156435d","EC_0058.jpg"
"1342",6.87037037,4.2245,"5a8d8079190420000156435d","EC_0020.jpg"
"1343",8.009259259,3.3839,"5a8d8079190420000156435d","EC_0203.jpg"
"1344",5.953703704,5.4283,"5a8d8079190420000156435d","EC_0010.jpg"
"1345",7.981481481,3.1023,"5a8d8079190420000156435d","EC_0247.jpg"
"1346",5.916666667,6.211,"5a8d8079190420000156435d","EC_0017.jpg"
"1347",6.981481481,14.2552,"5a8d8079190420000156435d","EC_0075.jpg"
"1348",2.046296296,3.8635,"5a8d8079190420000156435d","EC_0044.jpg"
"1349",4.685185185,5.4483,"5a8d8079190420000156435d","EC_0012.jpg"
"1350",1.064814815,4.2953,"5a8d8079190420000156435d","EC_0121.jpg"
"1351",6.583333333,4.0792,"5a8d8079190420000156435d","EC_0076.jpg"
"1352",3.805555556,6.7883,"5a8d8079190420000156435d","EC_0180.jpg"
"1353",4.648148148,4.3275,"5a8d8079190420000156435d","EC_0007.jpg"
"1354",8.296296296,3.8232,"5a8d8079190420000156435d","EC_0082.jpg"
"1355",6.388888889,5.2975,"5a8d8079190420000156435d","EC_0040.jpg"
"1356",5.87962963,9.2586,"5a8d8079190420000156435d","EC_0084.jpg"
"1357",1.046296296,4.8931,"5a8d8079190420000156435d","EC_0183.jpg"
"1358",6.083333333,6.0853,"5a8d8079190420000156435d","EC_0125.jpeg"
"1359",7.037037037,5.447,"5a8d8079190420000156435d","EC_0163.jpg"
"1360",6.990740741,11.2773,"5a8d8079190420000156435d","EC_0168.jpeg"
"1361",6.981481481,3.993,"5a8d8079190420000156435d","EC_0198.jpg"
"1362",1.981481481,8.6174,"5a8d8079190420000156435d","EC_0056.jpg"
"1363",8.861111111,2.9583,"5a8d8079190420000156435d","EC_0073.jpg"
"1364",6.990740741,2.9461,"5a8d8079190420000156435d","EC_0242.jpg"
"1365",4.944444444,3.2,"5a8d8079190420000156435d","EC_0060.jpg"
"1366",1.962962963,3.5925,"5a8d8079190420000156435d","EC_0029.jpg"
"1367",1.953703704,8.6981,"5a8d8079190420000156435d","EC_0152.jpg"
"1368",8.898148148,3.1195,"5a8d8079190420000156435d","EC_0013.jpg"
"1369",8.083333333,3.9656,"5a8d8079190420000156435d","EC_0172.jpg"
"1370",3.962962963,3.4243,"5a8d8079190420000156435d","EC_0240.jpg"
"1371",3.435185185,5.8877,"5a8d8079190420000156435d","EC_0022.jpg"
"1372",3.5,4.4505,"5a8d8079190420000156435d","EC_0176.jpg"
"1373",3.055555556,4.7468,"5a8d8079190420000156435d","EC_0088.jpg"
"1374",4.972222222,3.2426,"5a8d8079190420000156435d","EC_0222.jpg"
"1375",0.777777778,4.398,"5a8d8079190420000156435d","EC_0019.jpg"
"1376",2.990740741,4.6201,"5a8d8079190420000156435d","EC_0181.jpg"
"1377",7.546296296,4.3638,"5a8d8079190420000156435d","EC_0081.jpg"
"1378",9.564814815,3.3719,"5a8d8079190420000156435d","EC_0008.jpg"
"1379",2.592592593,4.6168,"5a8d8079190420000156435d","EC_0244.jpg"
"1380",8.324074074,4.0705,"5a8d8079190420000156435d","EC_0003.jpg"
"1381",4.981481481,4.5748,"5a8d8079190420000156435d","EC_0028.jpg"
"1382",5.972222222,4.2795,"5a8d8079190420000156435d","EC_0062.jpg"
"1383",5.888888889,3.3467,"5a8d8079190420000156435d","EC_0135.jpg"
"1384",2.981481481,3.2073,"5a8d8079190420000156435d","EC_0139.png"
"1385",2.009259259,5.6891,"5a8d8079190420000156435d","EC_0223.jpg"
"1386",4.425925926,3.2576,"5a8d8079190420000156435d","EC_0236.jpg"
"1387",2.712962963,3.3733,"5a8d8079190420000156435d","EC_0124.jpeg"
"1388",4.046296296,3.5464,"5a8d8079190420000156435d","EC_0171.jpg"
"1389",7.305555556,3.2266,"5a8d8079190420000156435d","EC_0201.jpg"
"1390",8.009259259,4.0508,"5a8d8079190420000156435d","EC_0199.jpg"
"1391",4.990740741,5.0556,"5a8d8079190420000156435d","EC_0131.jpg"
"1392",8.925925926,3.1073,"5a8d8079190420000156435d","EC_0246.jpg"
"1393",9.037037037,3.2112,"5a8d8079190420000156435d","EC_0132.jpg"
"1394",1.009259259,6.5579,"5a8d8079190420000156435d","EC_0206.png"
"1395",8.962962963,4.0781,"5a8d8079190420000156435d","EC_0034.jpg"
"1396",9.009259259,3.6915,"5a8d8079190420000156435d","EC_0103.jpg"
"1397",7.037037037,3.2281,"5a8d8079190420000156435d","EC_0086.jpg"
"1398",0.981481481,5.5449,"5a8d8079190420000156435d","EC_0161.jpg"
"1399",0.87037037,3.1421,"5a8d8079190420000156435d","EC_0027.jpg"
"1400",2.101851852,4.1259,"5a8d8079190420000156435d","EC_0148.jpg"
"1401",4.555555556,3.8309,"5a8d8079190420000156435d","EC_0231.jpg"
"1402",9,3.693,"5a8d8079190420000156435d","EC_0104.jpg"
"1403",0.87962963,3.2946,"5a8d8079190420000156435d","EC_0162.jpg"
"1404",5.990740741,4.4885,"5a8d8079190420000156435d","EC_0230.jpg"
"1405",3.981481481,3.3916,"5a8d8079190420000156435d","EC_0009.jpg"
"1406",2.444444444,4.3643,"5a8d8079190420000156435d","EC_0039.jpg"
"1407",8.259259259,3.1466,"5a8d8079190420000156435d","EC_0211.jpg"
"1408",9.009259259,4.4508,"5a8d8079190420000156435d","EC_0070.jpg"
"1409",6.972222222,3.3188,"5a8d8079190420000156435d","EC_0197.jpg"
"1410",7.638888889,7.8039,"5a8d8079190420000156435d","EC_0080.jpg"
"1411",6.018518519,3.2328,"5a8d8079190420000156435d","EC_0160.jpg"
"1412",1.101851852,4.6776,"5a8d8079190420000156435d","EC_0123.jpeg"
"1413",8.037037037,2.8739,"5a8d8079190420000156435d","EC_0002.jpg"
"1414",4,4.9274,"5a8d8079190420000156435d","EC_0241.jpg"
"1415",6.481481481,3.4694,"5a8d8079190420000156435d","EC_0006.jpg"
"1416",7.407407407,3.3614,"5a8d8079190420000156435d","EC_0077.jpg"
"1417",5.462962963,4.0173,"5a8d8079190420000156435d","EC_0221.jpg"
"1418",7.018518519,3.5737,"5a8d8079190420000156435d","EC_0071.jpg"
"1419",7.027777778,3.3877,"5a8d8079190420000156435d","EC_0177.jpg"
"1420",5.981481481,3.6058,"5a8d8079190420000156435d","EC_0134.jpg"
"1421",8.009259259,3.2535,"5a8d8079190420000156435d","EC_0116.jpg"
"1422",8.611111111,3.6472,"5a8d8079190420000156435d","EC_0037.jpg"
"1423",5.009259259,3.7314,"5a8d8079190420000156435d","EC_0115.jpg"
"1424",5.972222222,3.6414,"5a8d8079190420000156435d","EC_0188.jpg"
"1425",4.990740741,4.0948,"5a8d8079190420000156435d","EC_0118.jpg"
"1426",1.972222222,3.8842,"5a8d8079190420000156435d","EC_0182.jpg"
"1427",3.111111111,3.3458,"5a8d8079190420000156435d","EC_0109.jpg"
"1428",2.12962963,4.1763,"5a8d8079190420000156435d","EC_0001.jpg"
"1429",3.990740741,3.9659,"5a8d8079190420000156435d","EC_0102.jpg"
"1430",6.018518519,3.8214,"5a8d8079190420000156435d","EC_0106.jpg"
"1431",6.981481481,3.7806,"5a8d8079190420000156435d","EC_0046.jpg"
"1432",2.935185185,6.0015,"5a8d8079190420000156435d","EC_0184.jpg"
"1433",7.046296296,4.7354,"5a8d8079190420000156435d","EC_0015.jpg"
"1434",4.972222222,2.9055,"5a8d8079190420000156435d","EC_0049.jpg"
"1435",7.962962963,3.469,"5a8d8079190420000156435d","EC_0235.jpg"
"1436",1.027777778,3.3611,"5a8d8079190420000156435d","EC_0195.jpg"
"1437",5.037037037,3.3557,"5a8d8079190420000156435d","EC_0245.jpg"
"1438",8.009259259,3.6068,"5a8d8079190420000156435d","EC_0050.jpg"
"1439",0.861111111,5.9859,"5a8d8079190420000156435d","EC_0194.jpg"
"1440",3.064814815,7.6896,"5a8d8079190420000156435d","EC_0011.jpg"
"1441",4.009259259,3.7078,"5a8d8079190420000156435d","EC_0042.jpg"
"1442",2.092592593,3.3588,"5a8d8079190420000156435d","EC_0094.jpg"
"1443",6.009259259,3.5512,"5a8d8079190420000156435d","EC_0153.jpg"
"1444",2.018518519,4.4275,"5a8d8079190420000156435d","EC_0214.jpg"
"1445",3.990740741,3.2436,"5a8d8079190420000156435d","EC_0202.jpg"
"1446",7.916666667,2.6406,"5a8d8079190420000156435d","EC_0133.jpg"
"1447",8.25,3.3099,"5a8d8079190420000156435d","EC_0200.png"
"1448",8.981481481,3.2552,"5a8d8079190420000156435d","EC_0057.jpeg"
"1449",9,2.8151,"5a8d8079190420000156435d","EC_0038.jpg"
"1450",2.981481481,3.8132,"5a8d8079190420000156435d","EC_0173.jpg"
"1451",0.592592593,7.1069,"5a8d8079190420000156435d","EC_0226.jpg"
"1452",8.962962963,3.902,"5a8d8079190420000156435d","EC_0030.jpg"
"1453",2.018518519,8.1653,"5a8d8079190420000156435d","EC_0024.jpg"
"1454",2.962962963,4.5784,"5a8d8079190420000156435d","EC_0151.jpg"
"1455",3.027777778,3.8235,"5a8d8079190420000156435d","EC_0204.jpg"
"1456",2.018518519,3.8845,"5a8d8079190420000156435d","EC_0067.jpg"
"1457",4.981481481,4.1683,"5a8d8079190420000156435d","EC_0036.jpeg"
"1458",6,2.5943,"5a8d8079190420000156435d","EC_0059.jpg"
"1459",7.037037037,2.4536,"5a8d8079190420000156435d","EC_0147.png"
"1460",7.953703704,3.2228,"5a8d8079190420000156435d","EC_0185.jpg"
"1461",7,3.0944,"5a8d8079190420000156435d","EC_0234.jpg"
"1462",7.898148148,3.3354,"5a8d8079190420000156435d","EC_0053.jpg"
"1463",8.018518519,3.0956,"5a8d8079190420000156435d","EC_0100.jpg"
"1464",4.018518519,5.0117,"5a8d8079190420000156435d","EC_0187.jpeg"
"1465",7,3.4538,"5a8d8079190420000156435d","EC_0233.jpg"
"1466",6.537037037,4.2367,"5a8d8079190420000156435d","EC_0099.jpg"
"1467",7.009259259,5.9784,"5a8d8079190420000156435d","EC_0250.jpg"
"1468",4.972222222,4.0833,"5a8d8079190420000156435d","EC_0238.jpg"
"1469",5.962962963,5.6913,"5a8d8079190420000156435d","EC_0128.jpeg"
"1470",6.472222222,4.9793,"5a8d8079190420000156435d","EC_0101.jpg"
"1471",8.444444444,11.0673,"5b184a76c9d3cb00010ff605","EC_0136.jpg"
"1472",5.009259259,2.349,"5b184a76c9d3cb00010ff605","EC_0040.jpg"
"1473",2.981481481,2.6887,"5b184a76c9d3cb00010ff605","EC_0094.jpg"
"1474",4.898148148,2.6247,"5b184a76c9d3cb00010ff605","EC_0015.jpg"
"1475",7.87962963,3.104,"5b184a76c9d3cb00010ff605","EC_0079.jpg"
"1476",6.916666667,2.6645,"5b184a76c9d3cb00010ff605","EC_0205.jpg"
"1477",7.009259259,2.5409,"5b184a76c9d3cb00010ff605","EC_0171.jpg"
"1478",8.944444444,2.6571,"5b184a76c9d3cb00010ff605","EC_0085.jpg"
"1479",7.046296296,2.2916,"5b184a76c9d3cb00010ff605","EC_0233.jpg"
"1480",3.111111111,3.4026,"5b184a76c9d3cb00010ff605","EC_0044.jpg"
"1481",1.092592593,3.5743,"5b184a76c9d3cb00010ff605","EC_0228.jpg"
"1482",4.027777778,2.9409,"5b184a76c9d3cb00010ff605","EC_0121.jpg"
"1483",2.027777778,3.1665,"5b184a76c9d3cb00010ff605","EC_0088.jpg"
"1484",6.944444444,2.9726,"5b184a76c9d3cb00010ff605","EC_0168.jpeg"
"1485",8.75,2.4911,"5b184a76c9d3cb00010ff605","EC_0081.jpg"
"1486",3.925925926,2.6242,"5b184a76c9d3cb00010ff605","EC_0042.jpg"
"1487",6.111111111,2.2993,"5b184a76c9d3cb00010ff605","EC_0060.jpg"
"1488",7.240740741,2.3815,"5b184a76c9d3cb00010ff605","EC_0003.jpg"
"1489",4.990740741,2.3458,"5b184a76c9d3cb00010ff605","EC_0194.jpg"
"1490",2.759259259,2.3724,"5b184a76c9d3cb00010ff605","EC_0164.jpg"
"1491",4.287037037,2.5101,"5b184a76c9d3cb00010ff605","EC_0124.jpeg"
"1492",8.111111111,2.1543,"5b184a76c9d3cb00010ff605","EC_0231.jpg"
"1493",7.583333333,2.6081,"5b184a76c9d3cb00010ff605","EC_0199.jpg"
"1494",7.87962963,2.3742,"5b184a76c9d3cb00010ff605","EC_0070.jpg"
"1495",5.027777778,1.9927,"5b184a76c9d3cb00010ff605","EC_0235.jpg"
"1496",6.907407407,2.7981,"5b184a76c9d3cb00010ff605","EC_0239.jpg"
"1497",6.194444444,2.6746,"5b184a76c9d3cb00010ff605","EC_0195.jpg"
"1498",3.685185185,2.1724,"5b184a76c9d3cb00010ff605","EC_0061.jpg"
"1499",3.953703704,2.4914,"5b184a76c9d3cb00010ff605","EC_0002.jpg"
"1500",5.083333333,2.249,"5b184a76c9d3cb00010ff605","EC_0139.png"
"1501",5.907407407,2.5663,"5b184a76c9d3cb00010ff605","EC_0019.jpg"
"1502",7.324074074,2.376,"5b184a76c9d3cb00010ff605","EC_0154.jpg"
"1503",9.194444444,3.9595,"5b184a76c9d3cb00010ff605","EC_0050.jpg"
"1504",4.805555556,4.6623,"5b184a76c9d3cb00010ff605","EC_0071.jpg"
"1505",5.990740741,4.0982,"5b184a76c9d3cb00010ff605","EC_0049.jpg"
"1506",3.25,4.109,"5b184a76c9d3cb00010ff605","EC_0214.jpg"
"1507",8.064814815,3.3664,"5b184a76c9d3cb00010ff605","EC_0120.jpg"
"1508",7.907407407,2.713,"5b184a76c9d3cb00010ff605","EC_0017.jpg"
"1509",8.009259259,2.4667,"5b184a76c9d3cb00010ff605","EC_0140.jpg"
"1510",7.472222222,2.1098,"5b184a76c9d3cb00010ff605","EC_0141.jpg"
"1511",8.481481481,3.3491,"5b184a76c9d3cb00010ff605","EC_0117.jpg"
"1512",7.833333333,3.5232,"5b184a76c9d3cb00010ff605","EC_0084.jpg"
"1513",6.740740741,7.8307,"5b184a76c9d3cb00010ff605","EC_0150.jpg"
"1514",6.935185185,2.2254,"5b184a76c9d3cb00010ff605","EC_0170.jpg"
"1515",8.555555556,2.4106,"5b184a76c9d3cb00010ff605","EC_0032.jpg"
"1516",9.481481481,3.383,"5b184a76c9d3cb00010ff605","EC_0037.jpg"
"1517",8.564814815,2.5996,"5b184a76c9d3cb00010ff605","EC_0167.jpg"
"1518",6.490740741,2.1861,"5b184a76c9d3cb00010ff605","EC_0027.jpg"
"1519",5.814814815,2.4918,"5b184a76c9d3cb00010ff605","EC_0148.jpg"
"1520",6.592592593,2.2914,"5b184a76c9d3cb00010ff605","EC_0089.jpg"
"1521",7.944444444,3.0044,"5b184a76c9d3cb00010ff605","EC_0131.jpg"
"1522",5.712962963,2.5244,"5b184a76c9d3cb00010ff605","EC_0176.jpg"
"1523",8.037037037,2.5954,"5b184a76c9d3cb00010ff605","EC_0248.jpg"
"1524",9.388888889,2.5964,"5b184a76c9d3cb00010ff605","EC_0016.jpg"
"1525",8.083333333,2.4252,"5b184a76c9d3cb00010ff605","EC_0100.jpg"
"1526",9.138888889,2.6334,"5b184a76c9d3cb00010ff605","EC_0024.jpg"
"1527",5.990740741,2.5886,"5b184a76c9d3cb00010ff605","EC_0087.jpg"
"1528",8.462962963,2.4725,"5b184a76c9d3cb00010ff605","EC_0245.jpg"
"1529",2.75,3.8484,"5b184a76c9d3cb00010ff605","EC_0030.jpg"
"1530",4.916666667,2.3679,"5b184a76c9d3cb00010ff605","EC_0202.jpg"
"1531",7.972222222,2.6225,"5b184a76c9d3cb00010ff605","EC_0188.jpg"
"1532",9.175925926,2.2307,"5b184a76c9d3cb00010ff605","EC_0057.jpeg"
"1533",9.611111111,2.3921,"5b184a76c9d3cb00010ff605","EC_0106.jpg"
"1534",7.018518519,4.2656,"5b184a76c9d3cb00010ff605","EC_0184.jpg"
"1535",1,4.6721,"5b184a76c9d3cb00010ff605","EC_0008.jpg"
"1536",9.944444444,2.9166,"5b184a76c9d3cb00010ff605","EC_0098.jpg"
"1537",7.824074074,2.082,"5b184a76c9d3cb00010ff605","EC_0153.jpg"
"1538",8.425925926,2.3394,"5b184a76c9d3cb00010ff605","EC_0134.jpg"
"1539",6.712962963,3.889,"5b184a76c9d3cb00010ff605","EC_0249.jpg"
"1540",4.703703704,2.758,"5b184a76c9d3cb00010ff605","EC_0183.jpg"
"1541",5.064814815,2.4242,"5b184a76c9d3cb00010ff605","EC_0142.jpg"
"1542",4.037037037,2.6296,"5b184a76c9d3cb00010ff605","EC_0226.jpg"
"1543",3.333333333,4.3568,"5b184a76c9d3cb00010ff605","EC_0010.jpg"
"1544",6.564814815,2.5082,"5b184a76c9d3cb00010ff605","EC_0236.jpg"
"1545",6.657407407,2.3669,"5b184a76c9d3cb00010ff605","EC_0224.jpg"
"1546",4.388888889,5.5211,"5b184a76c9d3cb00010ff605","EC_0068.jpg"
"1547",7.296296296,2.8208,"5b184a76c9d3cb00010ff605","EC_0007.jpg"
"1548",8.240740741,2.128,"5b184a76c9d3cb00010ff605","EC_0137.jpg"
"1549",9,2.3997,"5b184a76c9d3cb00010ff605","EC_0133.jpg"
"1550",9.388888889,3.7374,"5b184a76c9d3cb00010ff605","EC_0038.jpg"
"1551",7,6.8487,"5b184a76c9d3cb00010ff605","EC_0129.jpeg"
"1552",8.083333333,2.3585,"5b184a76c9d3cb00010ff605","EC_0177.jpg"
"1553",7.148148148,3.7078,"5b184a76c9d3cb00010ff605","EC_0234.jpg"
"1554",8.481481481,5.7728,"5b184a76c9d3cb00010ff605","EC_0029.jpg"
"1555",8.435185185,3.9737,"5b184a76c9d3cb00010ff605","EC_0147.png"
"1556",5.787037037,2.6059,"5b184a76c9d3cb00010ff605","EC_0158.jpg"
"1557",8.638888889,2.3507,"5b184a76c9d3cb00010ff605","EC_0125.jpeg"
"1558",3.703703704,3.6392,"5b184a76c9d3cb00010ff605","EC_0056.jpg"
"1559",1,3.4802,"5b184a76c9d3cb00010ff605","EC_0204.jpg"
"1560",9.953703704,2.3916,"5b184a76c9d3cb00010ff605","EC_0072.jpg"
"1561",0.009259259,2.5747,"5b184a76c9d3cb00010ff605","EC_0156.jpg"
"1562",7.675925926,2.4338,"5b184a76c9d3cb00010ff605","EC_0149.jpg"
"1563",4,2.8408,"5b184a76c9d3cb00010ff605","EC_0161.jpg"
"1564",6.898148148,2.4808,"5b184a76c9d3cb00010ff605","EC_0203.jpg"
"1565",6.555555556,2.2396,"5b184a76c9d3cb00010ff605","EC_0046.jpg"
"1566",7.083333333,2.5082,"5b184a76c9d3cb00010ff605","EC_0031.jpg"
"1567",6.064814815,3.838,"5b184a76c9d3cb00010ff605","EC_0157.jpg"
"1568",7.916666667,2.6307,"5b184a76c9d3cb00010ff605","EC_0250.jpg"
"1569",5.722222222,3.4636,"5b184a76c9d3cb00010ff605","EC_0229.jpg"
"1570",7.240740741,2.3904,"5b184a76c9d3cb00010ff605","EC_0247.jpg"
"1571",5.916666667,3.0261,"5b184a76c9d3cb00010ff605","EC_0113.jpg"
"1572",8.481481481,2.1833,"5b184a76c9d3cb00010ff605","EC_0048.jpg"
"1573",7.12962963,2.0991,"5b184a76c9d3cb00010ff605","EC_0109.jpg"
"1574",4.37962963,2.5394,"5b184a76c9d3cb00010ff605","EC_0219.jpg"
"1575",6.361111111,2.8988,"5b184a76c9d3cb00010ff605","EC_0082.jpg"
"1576",5.944444444,4.5916,"5b184a76c9d3cb00010ff605","EC_0118.jpg"
"1577",7.916666667,6.9911,"5b184a76c9d3cb00010ff605","EC_0099.jpg"
"1578",2.018518519,3.0169,"5b184a76c9d3cb00010ff605","EC_0053.jpg"
"1579",0.953703704,3.3157,"5b184a76c9d3cb00010ff605","EC_0101.jpg"
"1580",3.962962963,2.5524,"5b184a76c9d3cb00010ff605","EC_0009.jpg"
"1581",7.138888889,3.3832,"5b184a76c9d3cb00010ff605","EC_0210.jpg"
"1582",9.990740741,3.3816,"5b184a76c9d3cb00010ff605","EC_0108.jpg"
"1583",7.138888889,2.4269,"5b184a76c9d3cb00010ff605","EC_0182.jpg"
"1584",6.092592593,2.4677,"5b184a76c9d3cb00010ff605","EC_0163.jpg"
"1585",6.055555556,3.2081,"5b184a76c9d3cb00010ff605","EC_0022.jpg"
"1586",6.759259259,2.2247,"5b184a76c9d3cb00010ff605","EC_0160.jpg"
"1587",6.222222222,2.0473,"5b184a76c9d3cb00010ff605","EC_0166.jpg"
"1588",8.009259259,2.3585,"5b184a76c9d3cb00010ff605","EC_0093.jpg"
"1589",5.722222222,2.9872,"5b184a76c9d3cb00010ff605","EC_0067.jpg"
"1590",7.731481481,2.4269,"5b184a76c9d3cb00010ff605","EC_0115.jpg"
"1591",6.185185185,2.0813,"5b184a76c9d3cb00010ff605","EC_0237.jpg"
"1592",9.287037037,2.1894,"5b184a76c9d3cb00010ff605","EC_0173.jpg"
"1593",6.305555556,3.5229,"5b184a76c9d3cb00010ff605","EC_0058.jpg"
"1594",0.37962963,4.2376,"5b184a76c9d3cb00010ff605","EC_0011.jpg"
"1595",6.185185185,2.5476,"5b184a76c9d3cb00010ff605","EC_0206.png"
"1596",6.935185185,15.3682,"5b184a76c9d3cb00010ff605","EC_0059.jpg"
"1597",3.759259259,2.4446,"5b184a76c9d3cb00010ff605","EC_0222.jpg"
"1598",5.953703704,5.573,"5b184a76c9d3cb00010ff605","EC_0111.jpg"
"1599",2.842592593,2.8071,"5b184a76c9d3cb00010ff605","EC_0162.jpg"
"1600",5.62037037,2.2571,"5b184a76c9d3cb00010ff605","EC_0119.jpg"
"1601",7.361111111,3.5313,"5b184a76c9d3cb00010ff605","EC_0028.jpg"
"1602",3.907407407,4.257,"5b184a76c9d3cb00010ff605","EC_0227.jpg"
"1603",6.046296296,3.2074,"5b184a76c9d3cb00010ff605","EC_0104.jpg"
"1604",5.925925926,2.6476,"5b184a76c9d3cb00010ff605","EC_0230.jpg"
"1605",8.351851852,2.5749,"5b184a76c9d3cb00010ff605","EC_0073.jpg"
"1606",3.287037037,4.5136,"5b184a76c9d3cb00010ff605","EC_0063.jpg"
"1607",3.12962963,2.7831,"5b184a76c9d3cb00010ff605","EC_0207.jpg"
"1608",5.990740741,3.039,"5b184a76c9d3cb00010ff605","EC_0200.png"
"1609",6.888888889,4.8346,"5b184a76c9d3cb00010ff605","EC_0096.jpg"
"1610",4.888888889,4.3909,"5b184a76c9d3cb00010ff605","EC_0064.jpg"
"1611",3,3.0038,"5b184a76c9d3cb00010ff605","EC_0005.jpg"
"1612",5.953703704,3.0339,"5b184a76c9d3cb00010ff605","EC_0221.jpg"
"1613",2.212962963,2.5652,"5b184a76c9d3cb00010ff605","EC_0151.jpg"
"1614",7.842592593,2.7748,"5b184a76c9d3cb00010ff605","EC_0232.jpg"
"1615",6.425925926,3.89,"5b184a76c9d3cb00010ff605","EC_0240.jpg"
"1616",6.833333333,3.4113,"5b184a76c9d3cb00010ff605","EC_0034.jpg"
"1617",7.62037037,3.7473,"5b184a76c9d3cb00010ff605","EC_0097.jpg"
"1618",2.814814815,4.0956,"5b184a76c9d3cb00010ff605","EC_0062.jpg"
"1619",2.12037037,2.2794,"5b184a76c9d3cb00010ff605","EC_0209.jpg"
"1620",7.148148148,2.7151,"5b184a76c9d3cb00010ff605","EC_0012.jpg"
"1621",2.324074074,2.8274,"5b184a76c9d3cb00010ff605","EC_0065.jpg"
"1622",6.083333333,2.6909,"5b184a76c9d3cb00010ff605","EC_0211.jpg"
"1623",8.222222222,2.6326,"5b184a76c9d3cb00010ff605","EC_0076.jpg"
"1624",0.287037037,3.774,"5b184a76c9d3cb00010ff605","EC_0041.jpg"
"1625",3.962962963,2.3234,"5b184a76c9d3cb00010ff605","EC_0172.jpg"
"1626",5.259259259,3.9579,"5b184a76c9d3cb00010ff605","EC_0018.jpg"
"1627",6.444444444,3.8495,"5b184a76c9d3cb00010ff605","EC_0238.jpg"
"1628",7.564814815,4.1402,"5b184a76c9d3cb00010ff605","EC_0193.png"
"1629",7.203703704,10.2756,"5b184a76c9d3cb00010ff605","EC_0116.jpg"
"1630",3.064814815,4.2223,"5b184a76c9d3cb00010ff605","EC_0244.jpg"
"1631",7.703703704,2.3573,"5b184a76c9d3cb00010ff605","EC_0020.jpg"
"1632",7.777777778,3.3338,"5b184a76c9d3cb00010ff605","EC_0165.jpg"
"1633",9.175925926,6.3409,"5b184a76c9d3cb00010ff605","EC_0128.jpeg"
"1634",5.111111111,4.1155,"5b184a76c9d3cb00010ff605","EC_0246.jpg"
"1635",0.425925926,6.449,"5b184a76c9d3cb00010ff605","EC_0242.jpg"
"1636",5.574074074,4.123,"5b184a76c9d3cb00010ff605","EC_0152.jpg"
"1637",6.222222222,2.3407,"5b184a76c9d3cb00010ff605","EC_0066.jpg"
"1638",8.148148148,2.7607,"5b184a76c9d3cb00010ff605","EC_0077.jpg"
"1639",6.027777778,2.0914,"5b184a76c9d3cb00010ff605","EC_0105.jpg"
"1640",6.703703704,2.3232,"5b184a76c9d3cb00010ff605","EC_0187.jpeg"
"1641",7.435185185,2.6063,"5b184a76c9d3cb00010ff605","EC_0051.jpg"
"1642",5.675925926,1.8591,"5b184a76c9d3cb00010ff605","EC_0213.jpg"
"1643",6.907407407,2.0982,"5b184a76c9d3cb00010ff605","EC_0132.jpg"
"1644",8.027777778,2.8435,"5b184a76c9d3cb00010ff605","EC_0095.jpg"
"1645",6.888888889,2.2819,"5b184a76c9d3cb00010ff605","EC_0014.jpg"
"1646",7.842592593,2.7223,"5b184a76c9d3cb00010ff605","EC_0169.png"
"1647",3.75,3.0583,"5b184a76c9d3cb00010ff605","EC_0201.jpg"
"1648",2.490740741,2.7999,"5b184a76c9d3cb00010ff605","EC_0013.jpg"
"1649",1.546296296,3.0417,"5b184a76c9d3cb00010ff605","EC_0080.jpg"
"1650",0.231481481,3.0673,"5b184a76c9d3cb00010ff605","EC_0033.jpeg"
"1651",6.407407407,4.0632,"5b184a76c9d3cb00010ff605","EC_0039.jpg"
"1652",7.851851852,2.1545,"5b184a76c9d3cb00010ff605","EC_0092.jpg"
"1653",8.231481481,3.6466,"5b184a76c9d3cb00010ff605","EC_0135.jpg"
"1654",8.805555556,3.1727,"5b184a76c9d3cb00010ff605","EC_0086.jpg"
"1655",4.277777778,2.4909,"5b184a76c9d3cb00010ff605","EC_0196.jpg"
"1656",6.037037037,2.5334,"5b184a76c9d3cb00010ff605","EC_0103.jpg"
"1657",7.305555556,2.8983,"5b184a76c9d3cb00010ff605","EC_0006.jpg"
"1658",7.944444444,2.3878,"5b184a76c9d3cb00010ff605","EC_0075.jpg"
"1659",0,4.0079,"5b184a76c9d3cb00010ff605","EC_0123.jpeg"
"1660",6.240740741,2.2581,"5b184a76c9d3cb00010ff605","EC_0180.jpg"
"1661",7.064814815,2.3244,"5b184a76c9d3cb00010ff605","EC_0055.jpg"
"1662",3.851851852,2.5816,"5b184a76c9d3cb00010ff605","EC_0090.jpg"
"1663",4.962962963,3.0607,"5b184a76c9d3cb00010ff605","EC_0241.jpg"
"1664",6.222222222,2.0957,"5b184a76c9d3cb00010ff605","EC_0198.jpg"
"1665",7.703703704,2.3916,"5b184a76c9d3cb00010ff605","EC_0102.jpg"
"1666",8.231481481,2.9791,"5b184a76c9d3cb00010ff605","EC_0036.jpeg"
"1667",0.990740741,2.9577,"5b184a76c9d3cb00010ff605","EC_0243.jpg"
"1668",8.583333333,2.562,"5b184a76c9d3cb00010ff605","EC_0223.jpg"
"1669",5.796296296,2.6308,"5b184a76c9d3cb00010ff605","EC_0069.jpg"
"1670",1.037037037,6.0487,"5b184a76c9d3cb00010ff605","EC_0159.jpg"
"1671",5.87962963,110.85,"5b184a76c9d3cb00010ff605","EC_0083.jpg"
"1672",2.851851852,3.5672,"5b184a76c9d3cb00010ff605","EC_0185.jpg"
"1673",1.888888889,3.9461,"5b184a76c9d3cb00010ff605","EC_0174.jpg"
"1674",8.231481481,2.3728,"5b184a76c9d3cb00010ff605","EC_0197.jpg"
"1675",9.833333333,2.3893,"5b184a76c9d3cb00010ff605","EC_0074.jpg"
"1676",3.759259259,2.6418,"5b184a76c9d3cb00010ff605","EC_0181.jpg"
"1677",5.962962963,2.404,"5b184a76c9d3cb00010ff605","EC_0138.png"
"1678",7.62037037,2.1939,"5b184a76c9d3cb00010ff605","EC_0047.jpg"
"1679",5.268518519,2.6103,"5b184a76c9d3cb00010ff605","EC_0001.jpg"
"1680",6.833333333,2.3247,"5b184a76c9d3cb00010ff605","EC_0054.jpg"
"1681",7.092592593,2.7958,"5c2699d8867f660001ae2fd4","EC_0041.jpg"
"1682",3.037037037,3.0232,"5c2699d8867f660001ae2fd4","EC_0223.jpg"
"1683",4.953703704,2.5385,"5c2699d8867f660001ae2fd4","EC_0167.jpg"
"1684",4.037037037,3.4868,"5c2699d8867f660001ae2fd4","EC_0128.jpeg"
"1685",6.898148148,3.0423,"5c2699d8867f660001ae2fd4","EC_0037.jpg"
"1686",2.925925926,2.656,"5c2699d8867f660001ae2fd4","EC_0163.jpg"
"1687",6,3.6712,"5c2699d8867f660001ae2fd4","EC_0248.jpg"
"1688",5.990740741,2.675,"5c2699d8867f660001ae2fd4","EC_0106.jpg"
"1689",5.027777778,2.4819,"5c2699d8867f660001ae2fd4","EC_0061.jpg"
"1690",6,2.8127,"5c2699d8867f660001ae2fd4","EC_0193.png"
"1691",5.990740741,2.4081,"5c2699d8867f660001ae2fd4","EC_0180.jpg"
"1692",6.027777778,2.3167,"5c2699d8867f660001ae2fd4","EC_0020.jpg"
"1693",8.074074074,3.1448,"5c2699d8867f660001ae2fd4","EC_0068.jpg"
"1694",8.083333333,2.8539,"5c2699d8867f660001ae2fd4","EC_0221.jpg"
"1695",0,4.3703,"5c2699d8867f660001ae2fd4","EC_0184.jpg"
"1696",1.018518519,5.3997,"5c2699d8867f660001ae2fd4","EC_0226.jpg"
"1697",0.092592593,3.5001,"5c2699d8867f660001ae2fd4","EC_0228.jpg"
"1698",1.981481481,3.7119,"5c2699d8867f660001ae2fd4","EC_0029.jpg"
"1699",6.037037037,4.3083,"5c2699d8867f660001ae2fd4","EC_0095.jpg"
"1700",9.990740741,4.5224,"5c2699d8867f660001ae2fd4","EC_0116.jpg"
"1701",3,4.1971,"5c2699d8867f660001ae2fd4","EC_0005.jpg"
"1702",2.027777778,4.5613,"5c2699d8867f660001ae2fd4","EC_0111.jpg"
"1703",8.972222222,4.5501,"5c2699d8867f660001ae2fd4","EC_0245.jpg"
"1704",5.962962963,4.1564,"5c2699d8867f660001ae2fd4","EC_0092.jpg"
"1705",4.074074074,4.8392,"5c2699d8867f660001ae2fd4","EC_0042.jpg"
"1706",6.907407407,3.9508,"5c2699d8867f660001ae2fd4","EC_0238.jpg"
"1707",2.074074074,5.0084,"5c2699d8867f660001ae2fd4","EC_0033.jpeg"
"1708",5.962962963,7.8591,"5c2699d8867f660001ae2fd4","EC_0247.jpg"
"1709",8.037037037,4.1554,"5c2699d8867f660001ae2fd4","EC_0047.jpg"
"1710",6.12037037,5.2587,"5c2699d8867f660001ae2fd4","EC_0148.jpg"
"1711",7.12962963,2.7992,"5c2699d8867f660001ae2fd4","EC_0197.jpg"
"1712",3.592592593,8.0256,"5c2699d8867f660001ae2fd4","EC_0121.jpg"
"1713",6.62962963,3.2006,"5c2699d8867f660001ae2fd4","EC_0153.jpg"
"1714",1.37037037,4.7298,"5c2699d8867f660001ae2fd4","EC_0055.jpg"
"1715",5.925925926,6.478,"5c2699d8867f660001ae2fd4","EC_0176.jpg"
"1716",5.092592593,4.6743,"5c2699d8867f660001ae2fd4","EC_0105.jpg"
"1717",6.046296296,2.5053,"5c2699d8867f660001ae2fd4","EC_0057.jpeg"
"1718",7.675925926,2.5961,"5c2699d8867f660001ae2fd4","EC_0099.jpg"
"1719",8.805555556,3.4378,"5c2699d8867f660001ae2fd4","EC_0196.jpg"
"1720",9.962962963,10.1874,"5c2699d8867f660001ae2fd4","EC_0030.jpg"
"1721",8.101851852,2.6363,"5c2699d8867f660001ae2fd4","EC_0060.jpg"
"1722",6.990740741,3.0459,"5c2699d8867f660001ae2fd4","EC_0142.jpg"
"1723",8.814814815,2.6947,"5c2699d8867f660001ae2fd4","EC_0117.jpg"
"1724",3.148148148,3.2111,"5c2699d8867f660001ae2fd4","EC_0230.jpg"
"1725",5.055555556,3.0332,"5c2699d8867f660001ae2fd4","EC_0202.jpg"
"1726",4.148148148,4.5543,"5c2699d8867f660001ae2fd4","EC_0239.jpg"
"1727",5.935185185,4.8554,"5c2699d8867f660001ae2fd4","EC_0242.jpg"
"1728",3.916666667,5.284,"5c2699d8867f660001ae2fd4","EC_0063.jpg"
"1729",4.722222222,2.5758,"5c2699d8867f660001ae2fd4","EC_0032.jpg"
"1730",6.12037037,3.8312,"5c2699d8867f660001ae2fd4","EC_0170.jpg"
"1731",4.027777778,4.2825,"5c2699d8867f660001ae2fd4","EC_0039.jpg"
"1732",6.611111111,4.3494,"5c2699d8867f660001ae2fd4","EC_0013.jpg"
"1733",3.944444444,3.7342,"5c2699d8867f660001ae2fd4","EC_0219.jpg"
"1734",9.972222222,4.9601,"5c2699d8867f660001ae2fd4","EC_0008.jpg"
"1735",7.37962963,2.4093,"5c2699d8867f660001ae2fd4","EC_0188.jpg"
"1736",1.138888889,3.6103,"5c2699d8867f660001ae2fd4","EC_0150.jpg"
"1737",1.046296296,2.5693,"5c2699d8867f660001ae2fd4","EC_0162.jpg"
"1738",8,2.9199,"5c2699d8867f660001ae2fd4","EC_0096.jpg"
"1739",4.37037037,5.1051,"5c2699d8867f660001ae2fd4","EC_0241.jpg"
"1740",8.222222222,3.6058,"5c2699d8867f660001ae2fd4","EC_0022.jpg"
"1741",6.37037037,3.6901,"5c2699d8867f660001ae2fd4","EC_0080.jpg"
"1742",6.898148148,3.5229,"5c2699d8867f660001ae2fd4","EC_0231.jpg"
"1743",7.018518519,2.3013,"5c2699d8867f660001ae2fd4","EC_0082.jpg"
"1744",7.851851852,2.4268,"5c2699d8867f660001ae2fd4","EC_0046.jpg"
"1745",4.222222222,3.555,"5c2699d8867f660001ae2fd4","EC_0187.jpeg"
"1746",4,7.8214,"5c2699d8867f660001ae2fd4","EC_0198.jpg"
"1747",2.546296296,3.4654,"5c2699d8867f660001ae2fd4","EC_0094.jpg"
"1748",3.87037037,3.4364,"5c2699d8867f660001ae2fd4","EC_0028.jpg"
"1749",5.564814815,4.863,"5c2699d8867f660001ae2fd4","EC_0089.jpg"
"1750",9.842592593,3.774,"5c2699d8867f660001ae2fd4","EC_0081.jpg"
"1751",6.768518519,2.8669,"5c2699d8867f660001ae2fd4","EC_0019.jpg"
"1752",0.611111111,3.0617,"5c2699d8867f660001ae2fd4","EC_0040.jpg"
"1753",8.046296296,2.6164,"5c2699d8867f660001ae2fd4","EC_0072.jpg"
"1754",4.37962963,4.0549,"5c2699d8867f660001ae2fd4","EC_0249.jpg"
"1755",3.592592593,3.1368,"5c2699d8867f660001ae2fd4","EC_0206.png"
"1756",9.194444444,3.5239,"5c2699d8867f660001ae2fd4","EC_0104.jpg"
"1757",3.046296296,6.5124,"5c2699d8867f660001ae2fd4","EC_0053.jpg"
"1758",4.407407407,4.9902,"5c2699d8867f660001ae2fd4","EC_0214.jpg"
"1759",5.601851852,3.1708,"5c2699d8867f660001ae2fd4","EC_0014.jpg"
"1760",4.351851852,2.7121,"5c2699d8867f660001ae2fd4","EC_0007.jpg"
"1761",3.824074074,2.4727,"5c2699d8867f660001ae2fd4","EC_0213.jpg"
"1762",1.703703704,3.7222,"5c2699d8867f660001ae2fd4","EC_0204.jpg"
"1763",6.657407407,3.3391,"5c2699d8867f660001ae2fd4","EC_0067.jpg"
"1764",9,3.4926,"5c2699d8867f660001ae2fd4","EC_0207.jpg"
"1765",0.046296296,3.1886,"5c2699d8867f660001ae2fd4","EC_0161.jpg"
"1766",0.685185185,7.4469,"5c2699d8867f660001ae2fd4","EC_0129.jpeg"
"1767",8.064814815,7.4294,"5c2699d8867f660001ae2fd4","EC_0101.jpg"
"1768",9.972222222,3.3719,"5c2699d8867f660001ae2fd4","EC_0132.jpg"
"1769",0.009259259,3.0421,"5c2699d8867f660001ae2fd4","EC_0185.jpg"
"1770",8.944444444,3.274,"5c2699d8867f660001ae2fd4","EC_0168.jpeg"
"1771",8.935185185,3.3957,"5c2699d8867f660001ae2fd4","EC_0016.jpg"
"1772",8.953703704,4.0512,"5c2699d8867f660001ae2fd4","EC_0250.jpg"
"1773",5.111111111,2.666,"5c2699d8867f660001ae2fd4","EC_0108.jpg"
"1774",3.435185185,4.2166,"5c2699d8867f660001ae2fd4","EC_0048.jpg"
"1775",6.166666667,7.2242,"5c2699d8867f660001ae2fd4","EC_0136.jpg"
"1776",1.064814815,4.2483,"5c2699d8867f660001ae2fd4","EC_0181.jpg"
"1777",7.046296296,3.5106,"5c2699d8867f660001ae2fd4","EC_0224.jpg"
"1778",8.064814815,2.6344,"5c2699d8867f660001ae2fd4","EC_0050.jpg"
"1779",1.62037037,2.8288,"5c2699d8867f660001ae2fd4","EC_0056.jpg"
"1780",2.740740741,3.3828,"5c2699d8867f660001ae2fd4","EC_0065.jpg"
"1781",7.990740741,3.358,"5c2699d8867f660001ae2fd4","EC_0109.jpg"
"1782",9.981481481,2.7426,"5c2699d8867f660001ae2fd4","EC_0169.png"
"1783",6.481481481,5.0514,"5c2699d8867f660001ae2fd4","EC_0044.jpg"
"1784",8.194444444,4.105,"5c2699d8867f660001ae2fd4","EC_0137.jpg"
"1785",1.962962963,5.1067,"5c2699d8867f660001ae2fd4","EC_0147.png"
"1786",2.333333333,8.3489,"5c2699d8867f660001ae2fd4","EC_0200.png"
"1787",6.740740741,2.7339,"5c2699d8867f660001ae2fd4","EC_0070.jpg"
"1788",8.388888889,2.7283,"5c2699d8867f660001ae2fd4","EC_0086.jpg"
"1789",9.157407407,3.1269,"5c2699d8867f660001ae2fd4","EC_0156.jpg"
"1790",9.222222222,3.9665,"5c2699d8867f660001ae2fd4","EC_0134.jpg"
"1791",1.796296296,4.3836,"5c2699d8867f660001ae2fd4","EC_0006.jpg"
"1792",4.268518519,3.6743,"5c2699d8867f660001ae2fd4","EC_0236.jpg"
"1793",4.314814815,3.4342,"5c2699d8867f660001ae2fd4","EC_0234.jpg"
"1794",1.222222222,2.8381,"5c2699d8867f660001ae2fd4","EC_0083.jpg"
"1795",9.981481481,2.7937,"5c2699d8867f660001ae2fd4","EC_0003.jpg"
"1796",8.907407407,3.4491,"5c2699d8867f660001ae2fd4","EC_0103.jpg"
"1797",2.101851852,3.935,"5c2699d8867f660001ae2fd4","EC_0152.jpg"
"1798",6.305555556,3.6777,"5c2699d8867f660001ae2fd4","EC_0229.jpg"
"1799",6.805555556,4.302,"5c2699d8867f660001ae2fd4","EC_0076.jpg"
"1800",5.175925926,3.6733,"5c2699d8867f660001ae2fd4","EC_0244.jpg"
"1801",9.518518519,3.0388,"5c2699d8867f660001ae2fd4","EC_0233.jpg"
"1802",4.407407407,3.7691,"5c2699d8867f660001ae2fd4","EC_0205.jpg"
"1803",7.574074074,2.7145,"5c2699d8867f660001ae2fd4","EC_0246.jpg"
"1804",0.157407407,3.208,"5c2699d8867f660001ae2fd4","EC_0059.jpg"
"1805",6.361111111,2.3529,"5c2699d8867f660001ae2fd4","EC_0159.jpg"
"1806",6.509259259,3.5469,"5c2699d8867f660001ae2fd4","EC_0135.jpg"
"1807",0.046296296,3.6671,"5c2699d8867f660001ae2fd4","EC_0199.jpg"
"1808",3.296296296,2.8596,"5c2699d8867f660001ae2fd4","EC_0058.jpg"
"1809",2.685185185,2.7268,"5c2699d8867f660001ae2fd4","EC_0113.jpg"
"1810",4.138888889,6.3288,"5c2699d8867f660001ae2fd4","EC_0183.jpg"
"1811",0.990740741,3.9258,"5c2699d8867f660001ae2fd4","EC_0124.jpeg"
"1812",4.611111111,3.6415,"5c2699d8867f660001ae2fd4","EC_0164.jpg"
"1813",0.888888889,2.5554,"5c2699d8867f660001ae2fd4","EC_0054.jpg"
"1814",5.953703704,6.8163,"5c2699d8867f660001ae2fd4","EC_0009.jpg"
"1815",7.185185185,4.8778,"5c2699d8867f660001ae2fd4","EC_0069.jpg"
"1816",9.185185185,3.6544,"5c2699d8867f660001ae2fd4","EC_0203.jpg"
"1817",8.064814815,2.7102,"5c2699d8867f660001ae2fd4","EC_0074.jpg"
"1818",9.333333333,3.0779,"5c2699d8867f660001ae2fd4","EC_0119.jpg"
"1819",7.62962963,3.2254,"5c2699d8867f660001ae2fd4","EC_0172.jpg"
"1820",9.37037037,3.3213,"5c2699d8867f660001ae2fd4","EC_0018.jpg"
"1821",1.814814815,2.9374,"5c2699d8867f660001ae2fd4","EC_0064.jpg"
"1822",9.777777778,4.3402,"5c2699d8867f660001ae2fd4","EC_0138.png"
"1823",5.453703704,2.6932,"5c2699d8867f660001ae2fd4","EC_0120.jpg"
"1824",3.759259259,3.007,"5c2699d8867f660001ae2fd4","EC_0097.jpg"
"1825",9.740740741,6.6001,"5c2699d8867f660001ae2fd4","EC_0209.jpg"
"1826",9.851851852,3.1175,"5c2699d8867f660001ae2fd4","EC_0051.jpg"
"1827",9.324074074,3.0788,"5c2699d8867f660001ae2fd4","EC_0015.jpg"
"1828",3.583333333,4.2758,"5c2699d8867f660001ae2fd4","EC_0100.jpg"
"1829",7,2.6346,"5c2699d8867f660001ae2fd4","EC_0211.jpg"
"1830",4.175925926,3.5971,"5c2699d8867f660001ae2fd4","EC_0087.jpg"
"1831",9.925925926,4.4038,"5c2699d8867f660001ae2fd4","EC_0133.jpg"
"1832",4.37962963,5.8393,"5c2699d8867f660001ae2fd4","EC_0093.jpg"
"1833",5.972222222,2.4828,"5c2699d8867f660001ae2fd4","EC_0240.jpg"
"1834",7.138888889,2.6498,"5c2699d8867f660001ae2fd4","EC_0149.jpg"
"1835",8.805555556,2.5006,"5c2699d8867f660001ae2fd4","EC_0075.jpg"
"1836",3.527777778,3.1545,"5c2699d8867f660001ae2fd4","EC_0123.jpeg"
"1837",2.361111111,2.7899,"5c2699d8867f660001ae2fd4","EC_0243.jpg"
"1838",8.046296296,3.2751,"5c2699d8867f660001ae2fd4","EC_0154.jpg"
"1839",8.435185185,2.841,"5c2699d8867f660001ae2fd4","EC_0036.jpeg"
"1840",2.583333333,2.3913,"5c2699d8867f660001ae2fd4","EC_0027.jpg"
"1841",3.703703704,2.8481,"5c2699d8867f660001ae2fd4","EC_0182.jpg"
"1842",7.962962963,3.777,"5c2699d8867f660001ae2fd4","EC_0165.jpg"
"1843",8.25,5.379,"5c2699d8867f660001ae2fd4","EC_0024.jpg"
"1844",9.037037037,9.9296,"5c2699d8867f660001ae2fd4","EC_0090.jpg"
"1845",8.212962963,3.2558,"5c2699d8867f660001ae2fd4","EC_0151.jpg"
"1846",8.037037037,4.1756,"5c2699d8867f660001ae2fd4","EC_0073.jpg"
"1847",8.935185185,10.6469,"5c2699d8867f660001ae2fd4","EC_0031.jpg"
"1848",8.046296296,5.4889,"5c2699d8867f660001ae2fd4","EC_0139.png"
"1849",5.935185185,3.1035,"5c2699d8867f660001ae2fd4","EC_0131.jpg"
"1850",6.185185185,2.4527,"5c2699d8867f660001ae2fd4","EC_0210.jpg"
"1851",3.509259259,3.2177,"5c2699d8867f660001ae2fd4","EC_0222.jpg"
"1852",8.157407407,4.1179,"5c2699d8867f660001ae2fd4","EC_0084.jpg"
"1853",9.944444444,3.4974,"5c2699d8867f660001ae2fd4","EC_0227.jpg"
"1854",7.046296296,3.9959,"5c2699d8867f660001ae2fd4","EC_0049.jpg"
"1855",8.222222222,5.1512,"5c2699d8867f660001ae2fd4","EC_0079.jpg"
"1856",9.268518519,6.6153,"5c2699d8867f660001ae2fd4","EC_0071.jpg"
"1857",3.601851852,5.8102,"5c2699d8867f660001ae2fd4","EC_0195.jpg"
"1858",6.981481481,2.4267,"5c2699d8867f660001ae2fd4","EC_0098.jpg"
"1859",6.916666667,2.7665,"5c2699d8867f660001ae2fd4","EC_0160.jpg"
"1860",7.907407407,4.6953,"5c2699d8867f660001ae2fd4","EC_0077.jpg"
"1861",8.25,2.3107,"5c2699d8867f660001ae2fd4","EC_0062.jpg"
"1862",5.898148148,5.2294,"5c2699d8867f660001ae2fd4","EC_0066.jpg"
"1863",9.935185185,4.9671,"5c2699d8867f660001ae2fd4","EC_0158.jpg"
"1864",7.231481481,2.349,"5c2699d8867f660001ae2fd4","EC_0011.jpg"
"1865",7.916666667,2.5055,"5c2699d8867f660001ae2fd4","EC_0010.jpg"
"1866",2.055555556,3.7259,"5c2699d8867f660001ae2fd4","EC_0115.jpg"
"1867",8.981481481,8.8311,"5c2699d8867f660001ae2fd4","EC_0038.jpg"
"1868",6.675925926,2.3156,"5c2699d8867f660001ae2fd4","EC_0001.jpg"
"1869",8.111111111,2.5832,"5c2699d8867f660001ae2fd4","EC_0141.jpg"
"1870",8.842592593,3.202,"5c2699d8867f660001ae2fd4","EC_0118.jpg"
"1871",7.324074074,2.9296,"5c2699d8867f660001ae2fd4","EC_0235.jpg"
"1872",7.666666667,5.6505,"5c2699d8867f660001ae2fd4","EC_0173.jpg"
"1873",8.166666667,3.4584,"5c2699d8867f660001ae2fd4","EC_0125.jpeg"
"1874",6.462962963,6.5427,"5c2699d8867f660001ae2fd4","EC_0140.jpg"
"1875",5.537037037,5.2826,"5c2699d8867f660001ae2fd4","EC_0166.jpg"
"1876",4.601851852,2.6879,"5c2699d8867f660001ae2fd4","EC_0017.jpg"
"1877",9.925925926,5.5409,"5c2699d8867f660001ae2fd4","EC_0157.jpg"
"1878",6.472222222,2.7713,"5c2699d8867f660001ae2fd4","EC_0194.jpg"
"1879",8.305555556,3.194,"5c2699d8867f660001ae2fd4","EC_0102.jpg"
"1880",9.296296296,9.7822,"5c2699d8867f660001ae2fd4","EC_0002.jpg"
"1881",8.083333333,2.6117,"5c2699d8867f660001ae2fd4","EC_0237.jpg"
"1882",9.342592593,4.3678,"5c2699d8867f660001ae2fd4","EC_0177.jpg"
"1883",9.944444444,4.3842,"5c2699d8867f660001ae2fd4","EC_0012.jpg"
"1884",9.712962963,2.6166,"5c2699d8867f660001ae2fd4","EC_0034.jpg"
"1885",7.990740741,4.1289,"5c2699d8867f660001ae2fd4","EC_0174.jpg"
"1886",2.527777778,2.4508,"5c2699d8867f660001ae2fd4","EC_0085.jpg"
"1887",6.009259259,2.6341,"5c2699d8867f660001ae2fd4","EC_0171.jpg"
"1888",3.481481481,2.3162,"5c2699d8867f660001ae2fd4","EC_0088.jpg"
"1889",6.111111111,3.5528,"5c2699d8867f660001ae2fd4","EC_0232.jpg"
"1890",6.305555556,3.2265,"5c2699d8867f660001ae2fd4","EC_0201.jpg"
"1891",8.916666949,3.8265,"5c3388fa01439b0001a0adfe","EC_0202.jpg"
"1892",7.953703845,3.1218,"5c3388fa01439b0001a0adfe","EC_0176.jpg"
"1893",7.953703845,3.9606,"5c3388fa01439b0001a0adfe","EC_0083.jpg"
"1894",4.92592635,3.5217,"5c3388fa01439b0001a0adfe","EC_0059.jpg"
"1895",5.02777806,3.514,"5c3388fa01439b0001a0adfe","EC_0101.jpg"
"1896",0.981481693,3.4144,"5c3388fa01439b0001a0adfe","EC_0077.jpg"
"1897",2.879629488,3.1767,"5c3388fa01439b0001a0adfe","EC_0024.jpg"
"1898",2.879629488,3.0044,"5c3388fa01439b0001a0adfe","EC_0249.jpg"
"1899",2.092592451,3.1421,"5c3388fa01439b0001a0adfe","EC_0195.jpg"
"1900",0.999999929,3.3081,"5c3388fa01439b0001a0adfe","EC_0034.jpg"
"1901",5.916666808,3.531,"5c3388fa01439b0001a0adfe","EC_0196.jpg"
"1902",4.092593016,4.3081,"5c3388fa01439b0001a0adfe","EC_0073.jpg"
"1903",7.990741023,3.2595,"5c3388fa01439b0001a0adfe","EC_0167.jpg"
"1904",3.083333616,3.622,"5c3388fa01439b0001a0adfe","EC_0121.jpg"
"1905",0.833333333,3.0561,"5c3388fa01439b0001a0adfe","EC_0133.jpg"
"1906",4.962962822,3.0958,"5c3388fa01439b0001a0adfe","EC_0062.jpg"
"1907",7.898148431,2.9644,"5c3388fa01439b0001a0adfe","EC_0168.jpeg"
"1908",2.148148572,3.77,"5c3388fa01439b0001a0adfe","EC_0221.jpg"
"1909",5.935185044,3.7771,"5c3388fa01439b0001a0adfe","EC_0063.jpg"
"1910",2.79629672,3.8213,"5c3388fa01439b0001a0adfe","EC_0056.jpg"
"1911",4.953703704,12.0039,"5c3388fa01439b0001a0adfe","EC_0135.jpg"
"1912",7.092592451,2.9586,"5c3388fa01439b0001a0adfe","EC_0137.jpg"
"1913",2.907407549,3.5544,"5c3388fa01439b0001a0adfe","EC_0047.jpg"
"1914",7.15740769,2.7486,"5c3388fa01439b0001a0adfe","EC_0174.jpg"
"1915",4.944444586,3.0972,"5c3388fa01439b0001a0adfe","EC_0232.jpg"
"1916",5.990741165,3.2382,"5c3388fa01439b0001a0adfe","EC_0070.jpg"
"1917",4.833333757,2.9307,"5c3388fa01439b0001a0adfe","EC_0222.jpg"
"1918",7.833333192,3.0214,"5c3388fa01439b0001a0adfe","EC_0230.jpg"
"1919",6.611111252,3.5935,"5c3388fa01439b0001a0adfe","EC_0247.jpg"
"1920",4.12037037,3.6494,"5c3388fa01439b0001a0adfe","EC_0039.jpg"
"1921",7.962962963,4.8214,"5c3388fa01439b0001a0adfe","EC_0068.jpg"
"1922",7.962962963,3.7573,"5c3388fa01439b0001a0adfe","EC_0072.jpg"
"1923",2.416666525,3.608,"5c3388fa01439b0001a0adfe","EC_0019.jpg"
"1924",6.185185468,3.6724,"5c3388fa01439b0001a0adfe","EC_0234.jpg"
"1925",1.88888903,3.6238,"5c3388fa01439b0001a0adfe","EC_0185.jpg"
"1926",5.018518942,2.7874,"5c3388fa01439b0001a0adfe","EC_0173.jpg"
"1927",8.009259259,2.8326,"5c3388fa01439b0001a0adfe","EC_0158.jpg"
"1928",0.990740811,4.1277,"5c3388fa01439b0001a0adfe","EC_0058.jpg"
"1929",7.935185609,2.9208,"5c3388fa01439b0001a0adfe","EC_0157.jpg"
"1930",7.935185609,2.2417,"5c3388fa01439b0001a0adfe","EC_0050.jpg"
"1931",6.935185326,3.2433,"5c3388fa01439b0001a0adfe","EC_0239.jpg"
"1932",8.824074357,2.6296,"5c3388fa01439b0001a0adfe","EC_0032.jpg"
"1933",3.787037178,5.394,"5c3388fa01439b0001a0adfe","EC_0111.jpg"
"1934",6.388888889,3.0776,"5c3388fa01439b0001a0adfe","EC_0223.jpg"
"1935",6.657407549,2.7221,"5c3388fa01439b0001a0adfe","EC_0020.jpg"
"1936",3.648148289,2.6957,"5c3388fa01439b0001a0adfe","EC_0057.jpeg"
"1937",7.490740882,3.7059,"5c3388fa01439b0001a0adfe","EC_0151.jpg"
"1938",4.907407407,4.0232,"5c3388fa01439b0001a0adfe","EC_0002.jpg"
"1939",6.462963246,3.6224,"5c3388fa01439b0001a0adfe","EC_0003.jpg"
"1940",1.046296226,3.6655,"5c3388fa01439b0001a0adfe","EC_0206.png"
"1941",8.324074922,3.1324,"5c3388fa01439b0001a0adfe","EC_0015.jpg"
"1942",8.305555273,3.7555,"5c3388fa01439b0001a0adfe","EC_0080.jpg"
"1943",7.490740882,2.5548,"5c3388fa01439b0001a0adfe","EC_0087.jpg"
"1944",4.037036896,2.7227,"5c3388fa01439b0001a0adfe","EC_0183.jpg"
"1945",8.055555556,3.2462,"5c3388fa01439b0001a0adfe","EC_0245.jpg"
"1946",8.055555556,2.424,"5c3388fa01439b0001a0adfe","EC_0132.jpg"
"1947",5.287036896,3.0912,"5c3388fa01439b0001a0adfe","EC_0051.jpg"
"1948",5.129629771,2.7818,"5c3388fa01439b0001a0adfe","EC_0105.jpg"
"1949",8.657407407,3.039,"5c3388fa01439b0001a0adfe","EC_0241.jpg"
"1950",2.712963246,3.5579,"5c3388fa01439b0001a0adfe","EC_0204.jpg"
"1951",3.490741165,2.9054,"5c3388fa01439b0001a0adfe","EC_0022.jpg"
"1952",5.185185185,2.5868,"5c3388fa01439b0001a0adfe","EC_0219.jpg"
"1953",2.111111394,3.1133,"5c3388fa01439b0001a0adfe","EC_0113.jpg"
"1954",1.657407549,3.796,"5c3388fa01439b0001a0adfe","EC_0229.jpg"
"1955",5.861111394,3.7657,"5c3388fa01439b0001a0adfe","EC_0007.jpg"
"1956",7.361111111,2.4974,"5c3388fa01439b0001a0adfe","EC_0106.jpg"
"1957",7.79629672,4.1844,"5c3388fa01439b0001a0adfe","EC_0181.jpg"
"1958",8.916666949,2.4733,"5c3388fa01439b0001a0adfe","EC_0092.jpg"
"1959",5.787037037,3.1568,"5c3388fa01439b0001a0adfe","EC_0211.jpg"
"1960",6.435185185,4.4474,"5c3388fa01439b0001a0adfe","EC_0210.jpg"
"1961",8.21296268,3.5788,"5c3388fa01439b0001a0adfe","EC_0226.jpg"
"1962",7.555555414,2.6216,"5c3388fa01439b0001a0adfe","EC_0197.jpg"
"1963",6.444444303,3.263,"5c3388fa01439b0001a0adfe","EC_0172.jpg"
"1964",7.518518942,3.2056,"5c3388fa01439b0001a0adfe","EC_0154.jpg"
"1965",8.324074922,2.5214,"5c3388fa01439b0001a0adfe","EC_0031.jpg"
"1966",4.935185468,3.5372,"5c3388fa01439b0001a0adfe","EC_0148.jpg"
"1967",8.06481538,4.8717,"5c3388fa01439b0001a0adfe","EC_0018.jpg"
"1968",1.472222364,3.4595,"5c3388fa01439b0001a0adfe","EC_0076.jpg"
"1969",7.787036896,3.1232,"5c3388fa01439b0001a0adfe","EC_0099.jpg"
"1970",7.370370229,3.9277,"5c3388fa01439b0001a0adfe","EC_0079.jpg"
"1971",8.000000848,2.6227,"5c3388fa01439b0001a0adfe","EC_0248.jpg"
"1972",7.685185185,2.847,"5c3388fa01439b0001a0adfe","EC_0011.jpg"
"1973",8.611111111,2.4085,"5c3388fa01439b0001a0adfe","EC_0182.jpg"
"1974",7.861111252,3.0483,"5c3388fa01439b0001a0adfe","EC_0028.jpg"
"1975",8.75,2.4239,"5c3388fa01439b0001a0adfe","EC_0071.jpg"
"1976",3.953704128,3.402,"5c3388fa01439b0001a0adfe","EC_0187.jpeg"
"1977",8.06481538,5.6072,"5c3388fa01439b0001a0adfe","EC_0102.jpg"
"1978",6.453704128,2.5384,"5c3388fa01439b0001a0adfe","EC_0055.jpg"
"1979",5.277777778,2.7041,"5c3388fa01439b0001a0adfe","EC_0082.jpg"
"1980",7.76851866,3.1745,"5c3388fa01439b0001a0adfe","EC_0109.jpg"
"1981",3.296296155,3.056,"5c3388fa01439b0001a0adfe","EC_0095.jpg"
"1982",2.592592593,2.5748,"5c3388fa01439b0001a0adfe","EC_0027.jpg"
"1983",4.453703562,2.9217,"5c3388fa01439b0001a0adfe","EC_0209.jpg"
"1984",2.472222646,3.3778,"5c3388fa01439b0001a0adfe","EC_0128.jpeg"
"1985",8.027777495,3.0392,"5c3388fa01439b0001a0adfe","EC_0103.jpg"
"1986",8.740741588,3.0141,"5c3388fa01439b0001a0adfe","EC_0064.jpg"
"1987",4.444444444,3.8459,"5c3388fa01439b0001a0adfe","EC_0017.jpg"
"1988",6.78703732,2.4724,"5c3388fa01439b0001a0adfe","EC_0138.png"
"1989",7.250000283,2.972,"5c3388fa01439b0001a0adfe","EC_0014.jpg"
"1990",3.11111097,3.2095,"5c3388fa01439b0001a0adfe","EC_0134.jpg"
"1991",3.287037037,2.7122,"5c3388fa01439b0001a0adfe","EC_0049.jpg"
"1992",7.509259118,2.5143,"5c3388fa01439b0001a0adfe","EC_0013.jpg"
"1993",8.546296579,2.8119,"5c3388fa01439b0001a0adfe","EC_0118.jpg"
"1994",4.962962822,4.9408,"5c3388fa01439b0001a0adfe","EC_0199.jpg"
"1995",2.324073933,3.8889,"5c3388fa01439b0001a0adfe","EC_0129.jpeg"
"1996",3.453703986,3.5838,"5c3388fa01439b0001a0adfe","EC_0090.jpg"
"1997",2.574074357,2.8749,"5c3388fa01439b0001a0adfe","EC_0033.jpeg"
"1998",3.990740599,3.6079,"5c3388fa01439b0001a0adfe","EC_0036.jpeg"
"1999",3.03703732,3.0459,"5c3388fa01439b0001a0adfe","EC_0123.jpeg"
"2000",0.620370441,3.2847,"5c3388fa01439b0001a0adfe","EC_0184.jpg"
"2001",4.981481764,3.9814,"5c3388fa01439b0001a0adfe","EC_0140.jpg"
"2002",1.296296296,3.3624,"5c3388fa01439b0001a0adfe","EC_0131.jpg"
"2003",7.509259118,3.0141,"5c3388fa01439b0001a0adfe","EC_0119.jpg"
"2004",9.175926491,2.5913,"5c3388fa01439b0001a0adfe","EC_0200.png"
"2005",8.101851852,2.9122,"5c3388fa01439b0001a0adfe","EC_0171.jpg"
"2006",4.370370794,3.2137,"5c3388fa01439b0001a0adfe","EC_0170.jpg"
"2007",4.935185468,2.9227,"5c3388fa01439b0001a0adfe","EC_0180.jpg"
"2008",2.935185609,4.9408,"5c3388fa01439b0001a0adfe","EC_0038.jpg"
"2009",5.037037178,3.3722,"5c3388fa01439b0001a0adfe","EC_0193.png"
"2010",4.666666808,3.2906,"5c3388fa01439b0001a0adfe","EC_0165.jpg"
"2011",6.962963387,3.2219,"5c3388fa01439b0001a0adfe","EC_0231.jpg"
"2012",7.657407831,3.9333,"5c3388fa01439b0001a0adfe","EC_0149.jpg"
"2013",1.916666737,2.9393,"5c3388fa01439b0001a0adfe","EC_0213.jpg"
"2014",1.972222152,4.5939,"5c3388fa01439b0001a0adfe","EC_0161.jpg"
"2015",1.972222152,2.4799,"5c3388fa01439b0001a0adfe","EC_0053.jpg"
"2016",2.250000283,3.7078,"5c3388fa01439b0001a0adfe","EC_0040.jpg"
"2017",8.787037885,4.1773,"5c3388fa01439b0001a0adfe","EC_0093.jpg"
"2018",8.787037885,2.4564,"5c3388fa01439b0001a0adfe","EC_0162.jpg"
"2019",3.157407266,6.7605,"5c3388fa01439b0001a0adfe","EC_0240.jpg"
"2020",3.277777919,3.2742,"5c3388fa01439b0001a0adfe","EC_0194.jpg"
"2021",8.666667232,2.9606,"5c3388fa01439b0001a0adfe","EC_0238.jpg"
"2022",6.481481481,2.5456,"5c3388fa01439b0001a0adfe","EC_0100.jpg"
"2023",4.675925926,10.1397,"5c3388fa01439b0001a0adfe","EC_0009.jpg"
"2024",3.981481481,2.6736,"5c3388fa01439b0001a0adfe","EC_0224.jpg"
"2025",3.222222505,4.004,"5c3388fa01439b0001a0adfe","EC_0088.jpg"
"2026",8.074073792,2.9237,"5c3388fa01439b0001a0adfe","EC_0163.jpg"
"2027",8.685185468,2.4664,"5c3388fa01439b0001a0adfe","EC_0120.jpg"
"2028",7.259259401,2.7548,"5c3388fa01439b0001a0adfe","EC_0205.jpg"
"2029",4.898148289,2.7145,"5c3388fa01439b0001a0adfe","EC_0150.jpg"
"2030",8.916666949,2.9255,"5c3388fa01439b0001a0adfe","EC_0177.jpg"
"2031",8.916666949,2.1213,"5c3388fa01439b0001a0adfe","EC_0098.jpg"
"2032",7.916666667,2.4937,"5c3388fa01439b0001a0adfe","EC_0153.jpg"
"2033",7.555555414,6.303,"5c3388fa01439b0001a0adfe","EC_0084.jpg"
"2034",6.833333616,2.4741,"5c3388fa01439b0001a0adfe","EC_0159.jpg"
"2035",8.398147866,4.8054,"5c3388fa01439b0001a0adfe","EC_0086.jpg"
"2036",7.879629488,2.8399,"5c3388fa01439b0001a0adfe","EC_0160.jpg"
"2037",9.009259542,3.5487,"5c3388fa01439b0001a0adfe","EC_0117.jpg"
"2038",7.314814815,6.0744,"5c3388fa01439b0001a0adfe","EC_0066.jpg"
"2039",4.953703704,44.7222,"5c3388fa01439b0001a0adfe","EC_0029.jpg"
"2040",2.324073933,6.3175,"5c3388fa01439b0001a0adfe","EC_0085.jpg"
"2041",3.77777806,3.3994,"5c3388fa01439b0001a0adfe","EC_0246.jpg"
"2042",2.953703845,2.4878,"5c3388fa01439b0001a0adfe","EC_0227.jpg"
"2043",2.268518519,2.8388,"5c3388fa01439b0001a0adfe","EC_0228.jpg"
"2044",6.509259542,2.6282,"5c3388fa01439b0001a0adfe","EC_0065.jpg"
"2045",7.731481481,2.4903,"5c3388fa01439b0001a0adfe","EC_0096.jpg"
"2046",8.287037037,2.4059,"5c3388fa01439b0001a0adfe","EC_0141.jpg"
"2047",7.879629488,2.5741,"5c3388fa01439b0001a0adfe","EC_0164.jpg"
"2048",8.314815097,2.4803,"5c3388fa01439b0001a0adfe","EC_0116.jpg"
"2049",8.990741306,2.4225,"5c3388fa01439b0001a0adfe","EC_0188.jpg"
"2050",7.138888748,4.4542,"5c3388fa01439b0001a0adfe","EC_0152.jpg"
"2051",6.509259542,3.1459,"5c3388fa01439b0001a0adfe","EC_0169.png"
"2052",1.305555767,4.3415,"5c3388fa01439b0001a0adfe","EC_0005.jpg"
"2053",6.462963246,3.5901,"5c3388fa01439b0001a0adfe","EC_0061.jpg"
"2054",6.962963387,21.0583,"5c3388fa01439b0001a0adfe","EC_0166.jpg"
"2055",6.962963387,2.405,"5c3388fa01439b0001a0adfe","EC_0097.jpg"
"2056",5.861111394,2.7298,"5c3388fa01439b0001a0adfe","EC_0042.jpg"
"2057",7.185185044,2.5561,"5c3388fa01439b0001a0adfe","EC_0094.jpg"
"2058",8.027777495,2.595,"5c3388fa01439b0001a0adfe","EC_0244.jpg"
"2059",8.824074357,2.963,"5c3388fa01439b0001a0adfe","EC_0030.jpg"
"2060",7.15740769,2.7144,"5c3388fa01439b0001a0adfe","EC_0198.jpg"
"2061",6.157407407,3.205,"5c3388fa01439b0001a0adfe","EC_0108.jpg"
"2062",6.527777778,2.4151,"5c3388fa01439b0001a0adfe","EC_0081.jpg"
"2063",2.740740599,2.8308,"5c3388fa01439b0001a0adfe","EC_0125.jpeg"
"2064",8.166666384,3.289,"5c3388fa01439b0001a0adfe","EC_0046.jpg"
"2065",3.249999859,3.6783,"5c3388fa01439b0001a0adfe","EC_0041.jpg"
"2066",8.870370653,3.777,"5c3388fa01439b0001a0adfe","EC_0008.jpg"
"2067",7.712963246,2.4766,"5c3388fa01439b0001a0adfe","EC_0006.jpg"
"2068",0.833333333,3.6699,"5c3388fa01439b0001a0adfe","EC_0124.jpeg"
"2069",8.111111676,3.0819,"5c3388fa01439b0001a0adfe","EC_0250.jpg"
"2070",6.86111097,3.0073,"5c3388fa01439b0001a0adfe","EC_0069.jpg"
"2071",7.962962963,2.4474,"5c3388fa01439b0001a0adfe","EC_0075.jpg"
"2072",7.962962963,2.488,"5c3388fa01439b0001a0adfe","EC_0147.png"
"2073",2.546296296,3.4366,"5c3388fa01439b0001a0adfe","EC_0001.jpg"
"2074",6.537036896,3.4886,"5c3388fa01439b0001a0adfe","EC_0044.jpg"
"2075",3.546296579,4.5858,"5c3388fa01439b0001a0adfe","EC_0048.jpg"
"2076",8.666667232,2.7719,"5c3388fa01439b0001a0adfe","EC_0104.jpg"
"2077",8.09259344,3.0711,"5c3388fa01439b0001a0adfe","EC_0010.jpg"
"2078",7.101852276,5.3296,"5c3388fa01439b0001a0adfe","EC_0203.jpg"
"2079",8.453703986,2.4391,"5c3388fa01439b0001a0adfe","EC_0016.jpg"
"2080",3.592592875,5.2737,"5c3388fa01439b0001a0adfe","EC_0089.jpg"
"2081",6.51851866,2.5122,"5c3388fa01439b0001a0adfe","EC_0235.jpg"
"2082",2.277777636,3.7273,"5c3388fa01439b0001a0adfe","EC_0074.jpg"
"2083",1.453703774,2.7429,"5c3388fa01439b0001a0adfe","EC_0060.jpg"
"2084",6.342592593,3.7116,"5c3388fa01439b0001a0adfe","EC_0237.jpg"
"2085",4.490740741,2.7418,"5c3388fa01439b0001a0adfe","EC_0233.jpg"
"2086",3.574073933,2.7635,"5c3388fa01439b0001a0adfe","EC_0115.jpg"
"2087",1.324074003,3.7072,"5c3388fa01439b0001a0adfe","EC_0242.jpg"
"2088",6.472222364,3.7076,"5c3388fa01439b0001a0adfe","EC_0201.jpg"
"2089",7.018518801,2.5556,"5c3388fa01439b0001a0adfe","EC_0243.jpg"
"2090",8.148148148,3.3821,"5c3388fa01439b0001a0adfe","EC_0067.jpg"
"2091",7.388889171,5.1627,"5c3388fa01439b0001a0adfe","EC_0156.jpg"
"2092",3.546296579,3.6554,"5c3388fa01439b0001a0adfe","EC_0142.jpg"
"2093",4.92592635,3.5761,"5c3388fa01439b0001a0adfe","EC_0054.jpg"
"2094",6.54629672,3.5398,"5c3388fa01439b0001a0adfe","EC_0037.jpg"
"2095",7.5,2.7593,"5c3388fa01439b0001a0adfe","EC_0236.jpg"
"2096",7.953703845,3.2228,"5c3388fa01439b0001a0adfe","EC_0214.jpg"
"2097",6.675925785,2.7391,"5c3388fa01439b0001a0adfe","EC_0139.png"
"2098",7.722222364,4.1397,"5c3388fa01439b0001a0adfe","EC_0136.jpg"
"2099",3.75,2.7248,"5c3388fa01439b0001a0adfe","EC_0012.jpg"
"2100",7.212963104,3.0881,"5c3388fa01439b0001a0adfe","EC_0207.jpg"
"2101",9.127604167,5.5079,"5ce1f31a27efac0018821eed","EC_0177.jpg"
"2102",9.895833333,3.8874,"5ce1f31a27efac0018821eed","EC_0173.jpg"
"2103",8.098958333,3.2937,"5ce1f31a27efac0018821eed","EC_0141.jpg"
"2104",8.984375,4.0117,"5ce1f31a27efac0018821eed","EC_0068.jpg"
"2105",6.940104167,3.2702,"5ce1f31a27efac0018821eed","EC_0197.jpg"
"2106",2.005208333,4.3678,"5ce1f31a27efac0018821eed","EC_0194.jpg"
"2107",3.033854167,3.4182,"5ce1f31a27efac0018821eed","EC_0161.jpg"
"2108",8.802083333,3.2446,"5ce1f31a27efac0018821eed","EC_0135.jpg"
"2109",6.028645833,3.8611,"5ce1f31a27efac0018821eed","EC_0075.jpg"
"2110",2.942708333,2.9795,"5ce1f31a27efac0018821eed","EC_0113.jpg"
"2111",5.078125,5.2265,"5ce1f31a27efac0018821eed","EC_0142.jpg"
"2112",6.953125,4.0784,"5ce1f31a27efac0018821eed","EC_0071.jpg"
"2113",7.083333333,3.5105,"5ce1f31a27efac0018821eed","EC_0203.jpg"
"2114",6.9921875,3.8474,"5ce1f31a27efac0018821eed","EC_0099.jpg"
"2115",8.815104167,4.4329,"5ce1f31a27efac0018821eed","EC_0014.jpg"
"2116",7.994791667,3.6184,"5ce1f31a27efac0018821eed","EC_0236.jpg"
"2117",7.955729167,4.2797,"5ce1f31a27efac0018821eed","EC_0165.jpg"
"2118",8.958333333,3.61,"5ce1f31a27efac0018821eed","EC_0196.jpg"
"2119",7.044270833,5.793,"5ce1f31a27efac0018821eed","EC_0199.jpg"
"2120",8.0078125,4.7825,"5ce1f31a27efac0018821eed","EC_0084.jpg"
"2121",9.84375,3.2694,"5ce1f31a27efac0018821eed","EC_0073.jpg"
"2122",6.966145833,3.9781,"5ce1f31a27efac0018821eed","EC_0238.jpg"
"2123",7.9296875,3.185,"5ce1f31a27efac0018821eed","EC_0100.jpg"
"2124",7.994791667,2.8848,"5ce1f31a27efac0018821eed","EC_0061.jpg"
"2125",7.96875,3.3245,"5ce1f31a27efac0018821eed","EC_0038.jpg"
"2126",9.934895833,3.8066,"5ce1f31a27efac0018821eed","EC_0172.jpg"
"2127",2.9296875,3.318,"5ce1f31a27efac0018821eed","EC_0027.jpg"
"2128",4.114583333,4.0281,"5ce1f31a27efac0018821eed","EC_0115.jpg"
"2129",8.997395833,3.5509,"5ce1f31a27efac0018821eed","EC_0116.jpg"
"2130",7.083333333,5.2123,"5ce1f31a27efac0018821eed","EC_0067.jpg"
"2131",5.9765625,4.2746,"5ce1f31a27efac0018821eed","EC_0148.jpg"
"2132",9.036458333,3.4853,"5ce1f31a27efac0018821eed","EC_0020.jpg"
"2133",3.046875,3.9333,"5ce1f31a27efac0018821eed","EC_0162.jpg"
"2134",9.84375,3.0125,"5ce1f31a27efac0018821eed","EC_0244.jpg"
"2135",6.966145833,3.9621,"5ce1f31a27efac0018821eed","EC_0024.jpg"
"2136",9.856770833,3.6008,"5ce1f31a27efac0018821eed","EC_0077.jpg"
"2137",4.8828125,3.5956,"5ce1f31a27efac0018821eed","EC_0159.jpg"
"2138",8.893229167,5.3684,"5ce1f31a27efac0018821eed","EC_0188.jpg"
"2139",7.083333333,3.6565,"5ce1f31a27efac0018821eed","EC_0065.jpg"
"2140",7.942708333,9.1974,"5ce1f31a27efac0018821eed","EC_0147.png"
"2141",8.919270833,3.0777,"5ce1f31a27efac0018821eed","EC_0157.jpg"
"2142",9.895833333,2.693,"5ce1f31a27efac0018821eed","EC_0136.jpg"
"2143",5.989583333,3.6602,"5ce1f31a27efac0018821eed","EC_0012.jpg"
"2144",9.973958333,2.8939,"5ce1f31a27efac0018821eed","EC_0047.jpg"
"2145",8.90625,9.8544,"5ce1f31a27efac0018821eed","EC_0164.jpg"
"2146",5.885416667,4.3777,"5ce1f31a27efac0018821eed","EC_0182.jpg"
"2147",8.815104167,8.3189,"5ce1f31a27efac0018821eed","EC_0170.jpg"
"2148",9.973958333,3.9514,"5ce1f31a27efac0018821eed","EC_0248.jpg"
"2149",9.934895833,3.5955,"5ce1f31a27efac0018821eed","EC_0031.jpg"
"2150",9.830729167,3.3608,"5ce1f31a27efac0018821eed","EC_0247.jpg"
"2151",8.020833333,4.5432,"5ce1f31a27efac0018821eed","EC_0200.png"
"2152",6.979166667,10.8931,"5ce1f31a27efac0018821eed","EC_0219.jpg"
"2153",7.03125,3.08,"5ce1f31a27efac0018821eed","EC_0039.jpg"
"2154",9.921875,4.1957,"5ce1f31a27efac0018821eed","EC_0066.jpg"
"2155",9.973958333,3.2347,"5ce1f31a27efac0018821eed","EC_0237.jpg"
"2156",3.0859375,3.4017,"5ce1f31a27efac0018821eed","EC_0204.jpg"
"2157",9.088541667,3.0737,"5ce1f31a27efac0018821eed","EC_0151.jpg"
"2158",9.973958333,3.9665,"5ce1f31a27efac0018821eed","EC_0057.jpeg"
"2159",3.033854167,3.2819,"5ce1f31a27efac0018821eed","EC_0056.jpg"
"2160",9.817708333,2.9698,"5ce1f31a27efac0018821eed","EC_0007.jpg"
"2161",6.9921875,3.1451,"5ce1f31a27efac0018821eed","EC_0213.jpg"
"2162",9.934895833,3.2048,"5ce1f31a27efac0018821eed","EC_0180.jpg"
"2163",8.0078125,9.7828,"5ce1f31a27efac0018821eed","EC_0243.jpg"
"2164",8.033854167,3.0673,"5ce1f31a27efac0018821eed","EC_0132.jpg"
"2165",1.041666667,3.56,"5ce1f31a27efac0018821eed","EC_0184.jpg"
"2166",8.9453125,3.617,"5ce1f31a27efac0018821eed","EC_0087.jpg"
"2167",7.955729167,2.7267,"5ce1f31a27efac0018821eed","EC_0106.jpg"
"2168",9.8046875,3.6792,"5ce1f31a27efac0018821eed","EC_0079.jpg"
"2169",9.830729167,2.928,"5ce1f31a27efac0018821eed","EC_0166.jpg"
"2170",9.947916667,3.3305,"5ce1f31a27efac0018821eed","EC_0082.jpg"
"2171",7.981770833,2.9444,"5ce1f31a27efac0018821eed","EC_0016.jpg"
"2172",7.955729167,4.4426,"5ce1f31a27efac0018821eed","EC_0206.png"
"2173",6.966145833,3.0271,"5ce1f31a27efac0018821eed","EC_0015.jpg"
"2174",9.921875,4.1933,"5ce1f31a27efac0018821eed","EC_0103.jpg"
"2175",3.0078125,3.5447,"5ce1f31a27efac0018821eed","EC_0088.jpg"
"2176",8.971354167,5.6674,"5ce1f31a27efac0018821eed","EC_0193.png"
"2177",8.971354167,2.9462,"5ce1f31a27efac0018821eed","EC_0168.jpeg"
"2178",9.856770833,3.2008,"5ce1f31a27efac0018821eed","EC_0072.jpg"
"2179",9.049479167,2.9347,"5ce1f31a27efac0018821eed","EC_0051.jpg"
"2180",8.0078125,4.2652,"5ce1f31a27efac0018821eed","EC_0185.jpg"
"2181",8.958333333,3.2099,"5ce1f31a27efac0018821eed","EC_0097.jpg"
"2182",9.921875,3.0784,"5ce1f31a27efac0018821eed","EC_0245.jpg"
"2183",7.9296875,3.3435,"5ce1f31a27efac0018821eed","EC_0001.jpg"
"2184",9.049479167,3.0282,"5ce1f31a27efac0018821eed","EC_0046.jpg"
"2185",8.984375,3.2844,"5ce1f31a27efac0018821eed","EC_0139.png"
"2186",7.864583333,3.1838,"5ce1f31a27efac0018821eed","EC_0156.jpg"
"2187",8.971354167,3.306,"5ce1f31a27efac0018821eed","EC_0101.jpg"
"2188",9.856770833,2.8165,"5ce1f31a27efac0018821eed","EC_0234.jpg"
"2189",9.895833333,4.6741,"5ce1f31a27efac0018821eed","EC_0060.jpg"
"2190",9.973958333,3.1119,"5ce1f31a27efac0018821eed","EC_0037.jpg"
"2191",4.908854167,3.9296,"5ce1f31a27efac0018821eed","EC_0053.jpg"
"2192",1.940104167,4.0811,"5ce1f31a27efac0018821eed","EC_0002.jpg"
"2193",7.994791667,4.7901,"5ce1f31a27efac0018821eed","EC_0242.jpg"
"2194",9.921875,3.5281,"5ce1f31a27efac0018821eed","EC_0063.jpg"
"2195",9.8828125,4.3627,"5ce1f31a27efac0018821eed","EC_0119.jpg"
"2196",8.059895833,2.8187,"5ce1f31a27efac0018821eed","EC_0207.jpg"
"2197",9.908854167,3.5173,"5ce1f31a27efac0018821eed","EC_0098.jpg"
"2198",8.8671875,3.0851,"5ce1f31a27efac0018821eed","EC_0241.jpg"
"2199",9.986979167,3.2675,"5ce1f31a27efac0018821eed","EC_0153.jpg"
"2200",7.994791667,5.878,"5ce1f31a27efac0018821eed","EC_0233.jpg"
"2201",9.921875,2.6947,"5ce1f31a27efac0018821eed","EC_0080.jpg"
"2202",7.9296875,2.8619,"5ce1f31a27efac0018821eed","EC_0176.jpg"
"2203",6.0546875,4.0845,"5ce1f31a27efac0018821eed","EC_0009.jpg"
"2204",8.997395833,2.5602,"5ce1f31a27efac0018821eed","EC_0017.jpg"
"2205",7.994791667,3.3002,"5ce1f31a27efac0018821eed","EC_0133.jpg"
"2206",8.997395833,3.6102,"5ce1f31a27efac0018821eed","EC_0169.png"
"2207",6.927083333,4.1443,"5ce1f31a27efac0018821eed","EC_0089.jpg"
"2208",8.059895833,3.1781,"5ce1f31a27efac0018821eed","EC_0109.jpg"
"2209",8.984375,2.8448,"5ce1f31a27efac0018821eed","EC_0003.jpg"
"2210",7.044270833,3.3932,"5ce1f31a27efac0018821eed","EC_0059.jpg"
"2211",6.901041667,3.684,"5ce1f31a27efac0018821eed","EC_0058.jpg"
"2212",5.026041667,4.1218,"5ce1f31a27efac0018821eed","EC_0029.jpg"
"2213",6.9921875,3.4442,"5ce1f31a27efac0018821eed","EC_0128.jpeg"
"2214",8.880208333,3.2272,"5ce1f31a27efac0018821eed","EC_0195.jpg"
"2215",9.921875,3.0497,"5ce1f31a27efac0018821eed","EC_0086.jpg"
"2216",9.986979167,3.3799,"5ce1f31a27efac0018821eed","EC_0090.jpg"
"2217",9.036458333,2.7516,"5ce1f31a27efac0018821eed","EC_0034.jpg"
"2218",3.815104167,3.6107,"5ce1f31a27efac0018821eed","EC_0226.jpg"
"2219",6.002604167,3.3004,"5ce1f31a27efac0018821eed","EC_0214.jpg"
"2220",7.122395833,3.2459,"5ce1f31a27efac0018821eed","EC_0158.jpg"
"2221",9.049479167,4.4116,"5ce1f31a27efac0018821eed","EC_0083.jpg"
"2222",8.697916667,3.7191,"5ce1f31a27efac0018821eed","EC_0011.jpg"
"2223",9.869791667,2.8437,"5ce1f31a27efac0018821eed","EC_0140.jpg"
"2224",9.973958333,4.7448,"5ce1f31a27efac0018821eed","EC_0163.jpg"
"2225",7.8125,3.2463,"5ce1f31a27efac0018821eed","EC_0131.jpg"
"2226",6.888020833,3.0113,"5ce1f31a27efac0018821eed","EC_0041.jpg"
"2227",6.888020833,5.6006,"5ce1f31a27efac0018821eed","EC_0111.jpg"
"2228",5.963541667,3.3331,"5ce1f31a27efac0018821eed","EC_0152.jpg"
"2229",1.966145833,3.2165,"5ce1f31a27efac0018821eed","EC_0121.jpg"
"2230",9.869791667,2.9849,"5ce1f31a27efac0018821eed","EC_0137.jpg"
"2231",8.0078125,3.0942,"5ce1f31a27efac0018821eed","EC_0149.jpg"
"2232",8.0859375,3.8616,"5ce1f31a27efac0018821eed","EC_0118.jpg"
"2233",8.828125,2.8921,"5ce1f31a27efac0018821eed","EC_0229.jpg"
"2234",6.953125,2.9672,"5ce1f31a27efac0018821eed","EC_0228.jpg"
"2235",7.890625,3.3107,"5ce1f31a27efac0018821eed","EC_0239.jpg"
"2236",9.921875,3.0627,"5ce1f31a27efac0018821eed","EC_0008.jpg"
"2237",9.0625,2.6327,"5ce1f31a27efac0018821eed","EC_0160.jpg"
"2238",8.932291667,2.7276,"5ce1f31a27efac0018821eed","EC_0030.jpg"
"2239",4.986979167,3.3842,"5ce1f31a27efac0018821eed","EC_0019.jpg"
"2240",9.0234375,3.1887,"5ce1f31a27efac0018821eed","EC_0018.jpg"
"2241",6.015625,3.3648,"5ce1f31a27efac0018821eed","EC_0085.jpg"
"2242",3.020833333,3.3443,"5ce1f31a27efac0018821eed","EC_0040.jpg"
"2243",7.877604167,2.6676,"5ce1f31a27efac0018821eed","EC_0108.jpg"
"2244",9.973958333,3.483,"5ce1f31a27efac0018821eed","EC_0198.jpg"
"2245",8.932291667,2.7852,"5ce1f31a27efac0018821eed","EC_0050.jpg"
"2246",7.044270833,2.7865,"5ce1f31a27efac0018821eed","EC_0174.jpg"
"2247",9.9609375,3.4689,"5ce1f31a27efac0018821eed","EC_0154.jpg"
"2248",3.0859375,3.3271,"5ce1f31a27efac0018821eed","EC_0134.jpg"
"2249",6.9140625,3.478,"5ce1f31a27efac0018821eed","EC_0222.jpg"
"2250",7.890625,3.8348,"5ce1f31a27efac0018821eed","EC_0210.jpg"
"2251",7.018229167,4.2116,"5ce1f31a27efac0018821eed","EC_0240.jpg"
"2252",9.8828125,2.9458,"5ce1f31a27efac0018821eed","EC_0138.png"
"2253",7.057291667,4.7423,"5ce1f31a27efac0018821eed","EC_0124.jpeg"
"2254",5.885416667,3.0663,"5ce1f31a27efac0018821eed","EC_0022.jpg"
"2255",8.932291667,4.9327,"5ce1f31a27efac0018821eed","EC_0104.jpg"
"2256",5.950520833,4.5676,"5ce1f31a27efac0018821eed","EC_0081.jpg"
"2257",5.130208333,3.5476,"5ce1f31a27efac0018821eed","EC_0069.jpg"
"2258",8.098958333,2.7118,"5ce1f31a27efac0018821eed","EC_0102.jpg"
"2259",9.088541667,2.6351,"5ce1f31a27efac0018821eed","EC_0049.jpg"
"2260",3.8671875,4.0111,"5ce1f31a27efac0018821eed","EC_0181.jpg"
"2261",6.953125,3.7943,"5ce1f31a27efac0018821eed","EC_0223.jpg"
"2262",9.036458333,4.2612,"5ce1f31a27efac0018821eed","EC_0227.jpg"
"2263",9.856770833,3.3843,"5ce1f31a27efac0018821eed","EC_0117.jpg"
"2264",8.984375,2.661,"5ce1f31a27efac0018821eed","EC_0093.jpg"
"2265",8.997395833,2.6167,"5ce1f31a27efac0018821eed","EC_0095.jpg"
"2266",9.973958333,2.8924,"5ce1f31a27efac0018821eed","EC_0013.jpg"
"2267",4.010416667,5.0985,"5ce1f31a27efac0018821eed","EC_0123.jpeg"
"2268",5.9765625,4.5328,"5ce1f31a27efac0018821eed","EC_0129.jpeg"
"2269",8.072916667,4.1794,"5ce1f31a27efac0018821eed","EC_0064.jpg"
"2270",2.8515625,2.9627,"5ce1f31a27efac0018821eed","EC_0055.jpg"
"2271",9.973958333,2.9066,"5ce1f31a27efac0018821eed","EC_0074.jpg"
"2272",6.940104167,2.9339,"5ce1f31a27efac0018821eed","EC_0076.jpg"
"2273",5.013020833,4.572,"5ce1f31a27efac0018821eed","EC_0232.jpg"
"2274",3.0859375,2.8437,"5ce1f31a27efac0018821eed","EC_0054.jpg"
"2275",4.908854167,3.1951,"5ce1f31a27efac0018821eed","EC_0005.jpg"
"2276",8.059895833,3.4129,"5ce1f31a27efac0018821eed","EC_0235.jpg"
"2277",5.0390625,3.1316,"5ce1f31a27efac0018821eed","EC_0230.jpg"
"2278",7.2265625,4.4,"5ce1f31a27efac0018821eed","EC_0036.jpeg"
"2279",9.934895833,3.7777,"5ce1f31a27efac0018821eed","EC_0094.jpg"
"2280",7.0703125,2.8459,"5ce1f31a27efac0018821eed","EC_0062.jpg"
"2281",8.098958333,3.3625,"5ce1f31a27efac0018821eed","EC_0201.jpg"
"2282",9.947916667,4.0328,"5ce1f31a27efac0018821eed","EC_0092.jpg"
"2283",9.908854167,4.9558,"5ce1f31a27efac0018821eed","EC_0249.jpg"
"2284",2.955729167,3.1286,"5ce1f31a27efac0018821eed","EC_0221.jpg"
"2285",5.0390625,4.1104,"5ce1f31a27efac0018821eed","EC_0105.jpg"
"2286",9.752604167,3.2428,"5ce1f31a27efac0018821eed","EC_0120.jpg"
"2287",7.916666667,2.7943,"5ce1f31a27efac0018821eed","EC_0042.jpg"
"2288",9.986979167,2.7781,"5ce1f31a27efac0018821eed","EC_0171.jpg"
"2289",7.109375,2.9612,"5ce1f31a27efac0018821eed","EC_0183.jpg"
"2290",9.8046875,3.4445,"5ce1f31a27efac0018821eed","EC_0246.jpg"
"2291",9.075520833,2.7964,"5ce1f31a27efac0018821eed","EC_0006.jpg"
"2292",8.828125,4.8926,"5ce1f31a27efac0018821eed","EC_0125.jpeg"
"2293",2.903645833,5.1673,"5ce1f31a27efac0018821eed","EC_0033.jpeg"
"2294",8.90625,3.5701,"5ce1f31a27efac0018821eed","EC_0032.jpg"
"2295",7.942708333,2.7516,"5ce1f31a27efac0018821eed","EC_0096.jpg"
"2296",7.8515625,3.1317,"5ce1f31a27efac0018821eed","EC_0150.jpg"
"2297",8.893229167,3.5666,"5ce1f31a27efac0018821eed","EC_0211.jpg"
"2298",7.825520833,3.0022,"5ce1f31a27efac0018821eed","EC_0010.jpg"
"2299",6.9921875,3.7159,"5ce1f31a27efac0018821eed","EC_0028.jpg"
"2300",7.955729167,3.7782,"5ce1f31a27efac0018821eed","EC_0070.jpg"
"2301",3.125,2.854,"5ce1f31a27efac0018821eed","EC_0187.jpeg"
"2302",8.971354167,3.4519,"5ce1f31a27efac0018821eed","EC_0202.jpg"
"2303",9.947916667,3.1453,"5ce1f31a27efac0018821eed","EC_0167.jpg"
"2304",8.971354167,2.3988,"5ce1f31a27efac0018821eed","EC_0048.jpg"
"2305",8.958333333,2.7001,"5ce1f31a27efac0018821eed","EC_0250.jpg"
"2306",8.984375,2.6687,"5ce1f31a27efac0018821eed","EC_0224.jpg"
"2307",6.041666667,2.9625,"5ce1f31a27efac0018821eed","EC_0205.jpg"
"2308",5.091145833,3.4824,"5ce1f31a27efac0018821eed","EC_0044.jpg"
"2309",7.955729167,2.5286,"5ce1f31a27efac0018821eed","EC_0231.jpg"
"2310",8.919270833,2.7937,"5ce1f31a27efac0018821eed","EC_0209.jpg"
"2311",6.497395833,2.5073,"5d07ce1342a8400018a27494","EC_0015.jpg"
"2312",4.921875,2.291,"5d07ce1342a8400018a27494","EC_0202.jpg"
"2313",9.479166667,2.4154,"5d07ce1342a8400018a27494","EC_0028.jpg"
"2314",8.880208333,2.369200001,"5d07ce1342a8400018a27494","EC_0120.jpg"
"2315",8.671875,3.4495,"5d07ce1342a8400018a27494","EC_0134.jpg"
"2316",5.78125,2.339,"5d07ce1342a8400018a27494","EC_0210.jpg"
"2317",7.252604167,3.1808,"5d07ce1342a8400018a27494","EC_0123.jpeg"
"2318",5.455729167,3.637099999,"5d07ce1342a8400018a27494","EC_0193.png"
"2319",6.497395833,2.0845,"5d07ce1342a8400018a27494","EC_0187.jpeg"
"2320",9.0625,2.4612,"5d07ce1342a8400018a27494","EC_0032.jpg"
"2321",5.130208333,2.29,"5d07ce1342a8400018a27494","EC_0094.jpg"
"2322",6.9921875,2.6913,"5d07ce1342a8400018a27494","EC_0165.jpg"
"2323",8.90625,3.2063,"5d07ce1342a8400018a27494","EC_0230.jpg"
"2324",6.236979167,1.4501,"5d07ce1342a8400018a27494","EC_0016.jpg"
"2325",7.513020833,1.3791,"5d07ce1342a8400018a27494","EC_0245.jpg"
"2326",9.869791667,2.4943,"5d07ce1342a8400018a27494","EC_0008.jpg"
"2327",9.908854167,2.3184,"5d07ce1342a8400018a27494","EC_0228.jpg"
"2328",0.403645833,2.2983,"5d07ce1342a8400018a27494","EC_0201.jpg"
"2329",8.75,2.2875,"5d07ce1342a8400018a27494","EC_0024.jpg"
"2330",8.658854167,2.487700001,"5d07ce1342a8400018a27494","EC_0046.jpg"
"2331",8.9453125,2.9706,"5d07ce1342a8400018a27494","EC_0102.jpg"
"2332",8.763020833,3.4242,"5d07ce1342a8400018a27494","EC_0169.png"
"2333",8.411458333,1.9364,"5d07ce1342a8400018a27494","EC_0138.png"
"2334",7.421875,2.0955,"5d07ce1342a8400018a27494","EC_0133.jpg"
"2335",5.247395833,3.9877,"5d07ce1342a8400018a27494","EC_0181.jpg"
"2336",8.229166667,2.831900001,"5d07ce1342a8400018a27494","EC_0244.jpg"
"2337",7.799479167,2.537,"5d07ce1342a8400018a27494","EC_0115.jpg"
"2338",5.2734375,2.2569,"5d07ce1342a8400018a27494","EC_0198.jpg"
"2339",6.861979167,2.5121,"5d07ce1342a8400018a27494","EC_0049.jpg"
"2340",7.330729167,3.6712,"5d07ce1342a8400018a27494","EC_0065.jpg"
"2341",7.0703125,2.2912,"5d07ce1342a8400018a27494","EC_0054.jpg"
"2342",4.127604167,1.7779,"5d07ce1342a8400018a27494","EC_0006.jpg"
"2343",5.2734375,2.524,"5d07ce1342a8400018a27494","EC_0233.jpg"
"2344",6.40625,1.6587,"5d07ce1342a8400018a27494","EC_0075.jpg"
"2345",8.151041667,2.607099999,"5d07ce1342a8400018a27494","EC_0159.jpg"
"2346",7.03125,3.6852,"5d07ce1342a8400018a27494","EC_0031.jpg"
"2347",3.59375,3.752099999,"5d07ce1342a8400018a27494","EC_0009.jpg"
"2348",7.03125,2.426900001,"5d07ce1342a8400018a27494","EC_0013.jpg"
"2349",9.166666667,2.2327,"5d07ce1342a8400018a27494","EC_0108.jpg"
"2350",5.9765625,3.220299999,"5d07ce1342a8400018a27494","EC_0243.jpg"
"2351",9.7265625,2.79,"5d07ce1342a8400018a27494","EC_0205.jpg"
"2352",7.161458333,3.6456,"5d07ce1342a8400018a27494","EC_0242.jpg"
"2353",8.776041667,2.4439,"5d07ce1342a8400018a27494","EC_0020.jpg"
"2354",6.171875,2.8815,"5d07ce1342a8400018a27494","EC_0018.jpg"
"2355",8.216145833,2.3568,"5d07ce1342a8400018a27494","EC_0167.jpg"
"2356",6.236979167,2.2309,"5d07ce1342a8400018a27494","EC_0079.jpg"
"2357",5.638020833,2.5758,"5d07ce1342a8400018a27494","EC_0195.jpg"
"2358",4.973958333,4.5182,"5d07ce1342a8400018a27494","EC_0027.jpg"
"2359",6.692708333,2.3706,"5d07ce1342a8400018a27494","EC_0056.jpg"
"2360",8.528645833,2.3923,"5d07ce1342a8400018a27494","EC_0156.jpg"
"2361",6.09375,2.0008,"5d07ce1342a8400018a27494","EC_0151.jpg"
"2362",7.395833333,3.5223,"5d07ce1342a8400018a27494","EC_0199.jpg"
"2363",8.0078125,2.1093,"5d07ce1342a8400018a27494","EC_0098.jpg"
"2364",8.958333333,2.2182,"5d07ce1342a8400018a27494","EC_0239.jpg"
"2365",5.221354167,2.5773,"5d07ce1342a8400018a27494","EC_0227.jpg"
"2366",0.8203125,3.6804,"5d07ce1342a8400018a27494","EC_0129.jpeg"
"2367",5.442708333,1.7805,"5d07ce1342a8400018a27494","EC_0168.jpeg"
"2368",9.765625,3.5308,"5d07ce1342a8400018a27494","EC_0041.jpg"
"2369",8.723958333,3.311900001,"5d07ce1342a8400018a27494","EC_0196.jpg"
"2370",6.588541667,1.9673,"5d07ce1342a8400018a27494","EC_0085.jpg"
"2371",6.653645833,1.7642,"5d07ce1342a8400018a27494","EC_0038.jpg"
"2372",7.174479167,1.755400001,"5d07ce1342a8400018a27494","EC_0234.jpg"
"2373",5.963541667,1.720099999,"5d07ce1342a8400018a27494","EC_0240.jpg"
"2374",5.247395833,1.614700001,"5d07ce1342a8400018a27494","EC_0119.jpg"
"2375",3.7109375,2.1646,"5d07ce1342a8400018a27494","EC_0183.jpg"
"2376",4.856770833,3.1286,"5d07ce1342a8400018a27494","EC_0076.jpg"
"2377",6.067708333,2.0107,"5d07ce1342a8400018a27494","EC_0163.jpg"
"2378",8.033854167,2.3974,"5d07ce1342a8400018a27494","EC_0010.jpg"
"2379",8.294270833,1.6747,"5d07ce1342a8400018a27494","EC_0092.jpg"
"2380",4.765625,2.035099999,"5d07ce1342a8400018a27494","EC_0139.png"
"2381",5.520833333,1.7197,"5d07ce1342a8400018a27494","EC_0166.jpg"
"2382",6.692708333,1.7688,"5d07ce1342a8400018a27494","EC_0074.jpg"
"2383",3.1640625,2.654400001,"5d07ce1342a8400018a27494","EC_0047.jpg"
"2384",8.606770833,2.3882,"5d07ce1342a8400018a27494","EC_0067.jpg"
"2385",5.989583333,2.4621,"5d07ce1342a8400018a27494","EC_0044.jpg"
"2386",4.8046875,1.8686,"5d07ce1342a8400018a27494","EC_0148.jpg"
"2387",5.885416667,1.574,"5d07ce1342a8400018a27494","EC_0089.jpg"
"2388",5.3125,1.7525,"5d07ce1342a8400018a27494","EC_0084.jpg"
"2389",4.5703125,2.085400001,"5d07ce1342a8400018a27494","EC_0100.jpg"
"2390",5.026041667,2.881599999,"5d07ce1342a8400018a27494","EC_0236.jpg"
"2391",6.40625,2.171599999,"5d07ce1342a8400018a27494","EC_0229.jpg"
"2392",3.8671875,2.4577,"5d07ce1342a8400018a27494","EC_0132.jpg"
"2393",1.953125,2.6123,"5d07ce1342a8400018a27494","EC_0247.jpg"
"2394",5.885416667,2.218099999,"5d07ce1342a8400018a27494","EC_0106.jpg"
"2395",4.674479167,1.744799999,"5d07ce1342a8400018a27494","EC_0066.jpg"
"2396",3.450520833,5.6896,"5d07ce1342a8400018a27494","EC_0090.jpg"
"2397",1.588541667,2.2384,"5d07ce1342a8400018a27494","EC_0154.jpg"
"2398",3.372395833,1.9209,"5d07ce1342a8400018a27494","EC_0164.jpg"
"2399",4.674479167,2.107099999,"5d07ce1342a8400018a27494","EC_0069.jpg"
"2400",4.010416667,2.073,"5d07ce1342a8400018a27494","EC_0137.jpg"
"2401",2.03125,2.971,"5d07ce1342a8400018a27494","EC_0033.jpeg"
"2402",3.098958333,2.5769,"5d07ce1342a8400018a27494","EC_0048.jpg"
"2403",2.8515625,1.690099999,"5d07ce1342a8400018a27494","EC_0237.jpg"
"2404",3.0859375,1.826,"5d07ce1342a8400018a27494","EC_0034.jpg"
"2405",2.877604167,7.7248,"5d07ce1342a8400018a27494","EC_0012.jpg"
"2406",1.4453125,3.3669,"5d07ce1342a8400018a27494","EC_0180.jpg"
"2407",1.002604167,2.5771,"5d07ce1342a8400018a27494","EC_0222.jpg"
"2408",2.3828125,2.165200001,"5d07ce1342a8400018a27494","EC_0176.jpg"
"2409",3.216145833,2.089400001,"5d07ce1342a8400018a27494","EC_0177.jpg"
"2410",5.442708333,1.84,"5d07ce1342a8400018a27494","EC_0007.jpg"
"2411",4.8046875,3.0987,"5d07ce1342a8400018a27494","EC_0103.jpg"
"2412",3.854166667,1.399599999,"5d07ce1342a8400018a27494","EC_0232.jpg"
"2413",5.533854167,2.070299999,"5d07ce1342a8400018a27494","EC_0081.jpg"
"2414",4.557291667,1.706599999,"5d07ce1342a8400018a27494","EC_0174.jpg"
"2415",5.703125,2.003700001,"5d07ce1342a8400018a27494","EC_0109.jpg"
"2416",6.497395833,4.225,"5d07ce1342a8400018a27494","EC_0121.jpg"
"2417",6.510416667,2.171700001,"5d07ce1342a8400018a27494","EC_0131.jpg"
"2418",5.872395833,1.9828,"5d07ce1342a8400018a27494","EC_0241.jpg"
"2419",6.432291667,2.1722,"5d07ce1342a8400018a27494","EC_0248.jpg"
"2420",6.302083333,1.534400001,"5d07ce1342a8400018a27494","EC_0068.jpg"
"2421",2.669270833,2.3494,"5d07ce1342a8400018a27494","EC_0113.jpg"
"2422",6.028645833,1.6922,"5d07ce1342a8400018a27494","EC_0039.jpg"
"2423",2.8515625,2.5217,"5d07ce1342a8400018a27494","EC_0095.jpg"
"2424",1.9140625,3.443400001,"5d07ce1342a8400018a27494","EC_0053.jpg"
"2425",2.044270833,2.2828,"5d07ce1342a8400018a27494","EC_0206.png"
"2426",5.833333333,2.5824,"5d07ce1342a8400018a27494","EC_0182.jpg"
"2427",3.567708333,2.0738,"5d07ce1342a8400018a27494","EC_0250.jpg"
"2428",5.755208333,2.1162,"5d07ce1342a8400018a27494","EC_0209.jpg"
"2429",6.653645833,1.799400001,"5d07ce1342a8400018a27494","EC_0231.jpg"
"2430",6.393229167,2.2992,"5d07ce1342a8400018a27494","EC_0072.jpg"
"2431",3.125,2.1827,"5d07ce1342a8400018a27494","EC_0226.jpg"
"2432",6.614583333,3.408200001,"5d07ce1342a8400018a27494","EC_0213.jpg"
"2433",2.786458333,2.2189,"5d07ce1342a8400018a27494","EC_0160.jpg"
"2434",1.6796875,2.6445,"5d07ce1342a8400018a27494","EC_0171.jpg"
"2435",6.783854167,6.3042,"5d07ce1342a8400018a27494","EC_0029.jpg"
"2436",6.3671875,2.2827,"5d07ce1342a8400018a27494","EC_0083.jpg"
"2437",4.505208333,2.220599999,"5d07ce1342a8400018a27494","EC_0197.jpg"
"2438",3.763020833,2.4038,"5d07ce1342a8400018a27494","EC_0238.jpg"
"2439",3.111979167,2.208400001,"5d07ce1342a8400018a27494","EC_0246.jpg"
"2440",4.921875,2.3762,"5d07ce1342a8400018a27494","EC_0188.jpg"
"2441",7.903645833,2.716,"5d07ce1342a8400018a27494","EC_0185.jpg"
"2442",3.28125,2.0598,"5d07ce1342a8400018a27494","EC_0088.jpg"
"2443",6.041666667,1.8827,"5d07ce1342a8400018a27494","EC_0099.jpg"
"2444",4.0234375,1.953,"5d07ce1342a8400018a27494","EC_0135.jpg"
"2445",7.96875,2.5827,"5d07ce1342a8400018a27494","EC_0207.jpg"
"2446",6.71875,1.8941,"5d07ce1342a8400018a27494","EC_0037.jpg"
"2447",1.5625,2.7896,"5d07ce1342a8400018a27494","EC_0142.jpg"
"2448",1.0546875,2.2857,"5d07ce1342a8400018a27494","EC_0140.jpg"
"2449",3.776041667,2.19,"5d07ce1342a8400018a27494","EC_0249.jpg"
"2450",4.856770833,3.282799999,"5d07ce1342a8400018a27494","EC_0214.jpg"
"2451",2.5,2.343599999,"5d07ce1342a8400018a27494","EC_0051.jpg"
"2452",6.484375,5.5984,"5d07ce1342a8400018a27494","EC_0211.jpg"
"2453",6.328125,1.71,"5d07ce1342a8400018a27494","EC_0064.jpg"
"2454",7.981770833,2.5157,"5d07ce1342a8400018a27494","EC_0221.jpg"
"2455",8.203125,2.2828,"5d07ce1342a8400018a27494","EC_0170.jpg"
"2456",2.109375,2.4928,"5d07ce1342a8400018a27494","EC_0005.jpg"
"2457",8.359375,3.0173,"5d07ce1342a8400018a27494","EC_0002.jpg"
"2458",7.825520833,2.192,"5d07ce1342a8400018a27494","EC_0184.jpg"
"2459",5.494791667,1.783099999,"5d07ce1342a8400018a27494","EC_0073.jpg"
"2460",2.4609375,2.6926,"5d07ce1342a8400018a27494","EC_0141.jpg"
"2461",5.520833333,2.4663,"5d07ce1342a8400018a27494","EC_0111.jpg"
"2462",4.8046875,2.0826,"5d07ce1342a8400018a27494","EC_0058.jpg"
"2463",4.036458333,1.9055,"5d07ce1342a8400018a27494","EC_0118.jpg"
"2464",3.385416667,2.6012,"5d07ce1342a8400018a27494","EC_0150.jpg"
"2465",2.864583333,2.039400001,"5d07ce1342a8400018a27494","EC_0194.jpg"
"2466",0.299479167,3.017599999,"5d07ce1342a8400018a27494","EC_0125.jpeg"
"2467",7.34375,2.603599999,"5d07ce1342a8400018a27494","EC_0082.jpg"
"2468",3.424479167,2.0548,"5d07ce1342a8400018a27494","EC_0105.jpg"
"2469",5.091145833,2.5345,"5d07ce1342a8400018a27494","EC_0219.jpg"
"2470",4.895833333,2.061099999,"5d07ce1342a8400018a27494","EC_0040.jpg"
"2471",3.671875,2.416,"5d07ce1342a8400018a27494","EC_0161.jpg"
"2472",5.442708333,2.4915,"5d07ce1342a8400018a27494","EC_0042.jpg"
"2473",2.6171875,2.7827,"5d07ce1342a8400018a27494","EC_0061.jpg"
"2474",6.484375,2.0162,"5d07ce1342a8400018a27494","EC_0003.jpg"
"2475",3.216145833,2.724400001,"5d07ce1342a8400018a27494","EC_0235.jpg"
"2476",4.0625,3.2253,"5d07ce1342a8400018a27494","EC_0071.jpg"
"2477",3.072916667,2.521400001,"5d07ce1342a8400018a27494","EC_0204.jpg"
"2478",6.705729167,4.2027,"5d07ce1342a8400018a27494","EC_0080.jpg"
"2479",3.203125,2.382799999,"5d07ce1342a8400018a27494","EC_0087.jpg"
"2480",6.041666667,4.126099999,"5d07ce1342a8400018a27494","EC_0019.jpg"
"2481",2.955729167,2.5091,"5d07ce1342a8400018a27494","EC_0062.jpg"
"2482",4.0234375,8.7961,"5d07ce1342a8400018a27494","EC_0124.jpeg"
"2483",5.625,2.0871,"5d07ce1342a8400018a27494","EC_0117.jpg"
"2484",6.015625,2.8213,"5d07ce1342a8400018a27494","EC_0116.jpg"
"2485",6.497395833,3.8517,"5d07ce1342a8400018a27494","EC_0149.jpg"
"2486",4.205729167,4.163799999,"5d07ce1342a8400018a27494","EC_0158.jpg"
"2487",5.872395833,2.5846,"5d07ce1342a8400018a27494","EC_0063.jpg"
"2488",7.122395833,2.6354,"5d07ce1342a8400018a27494","EC_0022.jpg"
"2489",6.497395833,6.217099999,"5d07ce1342a8400018a27494","EC_0101.jpg"
"2490",2.721354167,2.6968,"5d07ce1342a8400018a27494","EC_0128.jpeg"
"2491",2.6953125,2.5073,"5d07ce1342a8400018a27494","EC_0055.jpg"
"2492",6.575520833,5.0366,"5d07ce1342a8400018a27494","EC_0077.jpg"
"2493",4.856770833,2.9819,"5d07ce1342a8400018a27494","EC_0172.jpg"
"2494",3.216145833,2.5452,"5d07ce1342a8400018a27494","EC_0203.jpg"
"2495",2.8515625,2.5821,"5d07ce1342a8400018a27494","EC_0157.jpg"
"2496",2.916666667,2.6704,"5d07ce1342a8400018a27494","EC_0093.jpg"
"2497",7.018229167,3.6612,"5d07ce1342a8400018a27494","EC_0001.jpg"
"2498",7.252604167,2.769,"5d07ce1342a8400018a27494","EC_0104.jpg"
"2499",2.708333333,2.8873,"5d07ce1342a8400018a27494","EC_0036.jpeg"
"2500",5.234375,1.8688,"5d07ce1342a8400018a27494","EC_0070.jpg"
"2501",2.408854167,2.609900001,"5d07ce1342a8400018a27494","EC_0011.jpg"
"2502",3.6328125,6.6538,"5d07ce1342a8400018a27494","EC_0097.jpg"
"2503",2.825520833,3.074400001,"5d07ce1342a8400018a27494","EC_0224.jpg"
"2504",1.666666667,8.508900001,"5d07ce1342a8400018a27494","EC_0200.png"
"2505",0.390625,4.836400001,"5d07ce1342a8400018a27494","EC_0153.jpg"
"2506",6.588541667,2.215,"5d07ce1342a8400018a27494","EC_0173.jpg"
"2507",4.296875,2.5417,"5d07ce1342a8400018a27494","EC_0057.jpeg"
"2508",3.411458333,6.8391,"5d07ce1342a8400018a27494","EC_0086.jpg"
"2509",6.953125,5.9731,"5d07ce1342a8400018a27494","EC_0014.jpg"
"2510",5.729166667,6.3514,"5d07ce1342a8400018a27494","EC_0030.jpg"
"2511",5.625,2.1524,"5d07ce1342a8400018a27494","EC_0060.jpg"
"2512",6.9140625,4.1109,"5d07ce1342a8400018a27494","EC_0152.jpg"
"2513",8.411458333,2.073400001,"5d07ce1342a8400018a27494","EC_0050.jpg"
"2514",5.677083333,1.6635,"5d07ce1342a8400018a27494","EC_0017.jpg"
"2515",0.5859375,2.3514,"5d07ce1342a8400018a27494","EC_0162.jpg"
"2516",5.4296875,1.6821,"5d07ce1342a8400018a27494","EC_0096.jpg"
"2517",3.8671875,1.753599999,"5d07ce1342a8400018a27494","EC_0147.png"
"2518",9.1015625,2.237799999,"5d07ce1342a8400018a27494","EC_0136.jpg"
"2519",8.411458333,2.2133,"5d07ce1342a8400018a27494","EC_0059.jpg"
"2520",9.4140625,2.0409,"5d07ce1342a8400018a27494","EC_0223.jpg"
"2521",8.972222222,6.1181,"5d305152b2cfe00019231a2a","EC_0154.jpg"
"2522",3.027777778,3.24,"5d305152b2cfe00019231a2a","EC_0235.jpg"
"2523",4.93518575,3.5347,"5d305152b2cfe00019231a2a","EC_0231.jpg"
"2524",4.925925926,3.2737,"5d305152b2cfe00019231a2a","EC_0211.jpg"
"2525",7,3.4438,"5d305152b2cfe00019231a2a","EC_0236.jpg"
"2526",3.944444444,3.2936,"5d305152b2cfe00019231a2a","EC_0059.jpg"
"2527",5.990740741,3.2302,"5d305152b2cfe00019231a2a","EC_0095.jpg"
"2528",4.990741306,3.6753,"5d305152b2cfe00019231a2a","EC_0106.jpg"
"2529",4.93518575,6.5635,"5d305152b2cfe00019231a2a","EC_0012.jpg"
"2530",3.12037037,3.7396,"5d305152b2cfe00019231a2a","EC_0056.jpg"
"2531",7.981481481,4.2573,"5d305152b2cfe00019231a2a","EC_0241.jpg"
"2532",6.981481481,3.7611,"5d305152b2cfe00019231a2a","EC_0030.jpg"
"2533",4.907407973,8.6723,"5d305152b2cfe00019231a2a","EC_0129.jpeg"
"2534",8.018518519,5.648,"5d305152b2cfe00019231a2a","EC_0084.jpg"
"2535",8.074074074,3.8723,"5d305152b2cfe00019231a2a","EC_0202.jpg"
"2536",4.962963528,3.2454,"5d305152b2cfe00019231a2a","EC_0149.jpg"
"2537",4.972222222,3.3689,"5d305152b2cfe00019231a2a","EC_0152.jpg"
"2538",7.064814815,4.2643,"5d305152b2cfe00019231a2a","EC_0141.jpg"
"2539",8.962962963,6.2982,"5d305152b2cfe00019231a2a","EC_0011.jpg"
"2540",5.009259259,4.9886,"5d305152b2cfe00019231a2a","EC_0076.jpg"
"2541",6.907407407,6.635,"5d305152b2cfe00019231a2a","EC_0067.jpg"
"2542",7.083333333,4.7157,"5d305152b2cfe00019231a2a","EC_0169.png"
"2543",6.935185185,7.1317,"5d305152b2cfe00019231a2a","EC_0176.jpg"
"2544",8.018518519,4.5405,"5d305152b2cfe00019231a2a","EC_0104.jpg"
"2545",7.092592593,3.0228,"5d305152b2cfe00019231a2a","EC_0120.jpg"
"2546",7.111111111,2.3463,"5d305152b2cfe00019231a2a","EC_0001.jpg"
"2547",6.009259259,3.2244,"5d305152b2cfe00019231a2a","EC_0201.jpg"
"2548",7.981481481,3.8951,"5d305152b2cfe00019231a2a","EC_0006.jpg"
"2549",8.037037037,3.8026,"5d305152b2cfe00019231a2a","EC_0102.jpg"
"2550",0.87962963,3.6195,"5d305152b2cfe00019231a2a","EC_0036.jpeg"
"2551",7.101851852,3.7483,"5d305152b2cfe00019231a2a","EC_0193.png"
"2552",8.083333333,3.391,"5d305152b2cfe00019231a2a","EC_0157.jpg"
"2553",7.055555556,3.1682,"5d305152b2cfe00019231a2a","EC_0207.jpg"
"2554",3,3.4556,"5d305152b2cfe00019231a2a","EC_0115.jpg"
"2555",7.055555556,3.9795,"5d305152b2cfe00019231a2a","EC_0239.jpg"
"2556",1,3.6558,"5d305152b2cfe00019231a2a","EC_0113.jpg"
"2557",7.064814815,2.972,"5d305152b2cfe00019231a2a","EC_0240.jpg"
"2558",5.018519084,5.2322,"5d305152b2cfe00019231a2a","EC_0097.jpg"
"2559",6.435185185,3.2593,"5d305152b2cfe00019231a2a","EC_0048.jpg"
"2560",2.648148148,3.2127,"5d305152b2cfe00019231a2a","EC_0055.jpg"
"2561",5.388888889,2.803,"5d305152b2cfe00019231a2a","EC_0160.jpg"
"2562",6.898148148,3.2903,"5d305152b2cfe00019231a2a","EC_0046.jpg"
"2563",2.342592593,3.7388,"5d305152b2cfe00019231a2a","EC_0010.jpg"
"2564",9.037037037,7.685,"5d305152b2cfe00019231a2a","EC_0138.png"
"2565",2.055555556,2.7594,"5d305152b2cfe00019231a2a","EC_0136.jpg"
"2566",6.046296296,3.3804,"5d305152b2cfe00019231a2a","EC_0068.jpg"
"2567",2.648148148,2.9054,"5d305152b2cfe00019231a2a","EC_0227.jpg"
"2568",2.972222222,10.3708,"5d305152b2cfe00019231a2a","EC_0005.jpg"
"2569",7.027777778,5.5059,"5d305152b2cfe00019231a2a","EC_0248.jpg"
"2570",8.453703704,7.0216,"5d305152b2cfe00019231a2a","EC_0137.jpg"
"2571",1.490740741,3.6086,"5d305152b2cfe00019231a2a","EC_0184.jpg"
"2572",7.453703704,4.5719,"5d305152b2cfe00019231a2a","EC_0173.jpg"
"2573",2.231481481,3.8967,"5d305152b2cfe00019231a2a","EC_0180.jpg"
"2574",8.027777778,3.3778,"5d305152b2cfe00019231a2a","EC_0234.jpg"
"2575",7.666666667,3.3106,"5d305152b2cfe00019231a2a","EC_0119.jpg"
"2576",4.93518575,6.4665,"5d305152b2cfe00019231a2a","EC_0022.jpg"
"2577",8.453703704,2.6791,"5d305152b2cfe00019231a2a","EC_0093.jpg"
"2578",0.53703732,3.998,"5d305152b2cfe00019231a2a","EC_0002.jpg"
"2579",7.435185185,3.9094,"5d305152b2cfe00019231a2a","EC_0061.jpg"
"2580",7.240740741,10.5708,"5d305152b2cfe00019231a2a","EC_0125.jpeg"
"2581",7.944444444,7.0878,"5d305152b2cfe00019231a2a","EC_0098.jpg"
"2582",1.185185185,10.5291,"5d305152b2cfe00019231a2a","EC_0228.jpg"
"2583",1.981481481,3.0802,"5d305152b2cfe00019231a2a","EC_0040.jpg"
"2584",7.37037037,3.8456,"5d305152b2cfe00019231a2a","EC_0072.jpg"
"2585",2.898148148,4.6371,"5d305152b2cfe00019231a2a","EC_0226.jpg"
"2586",7.87037037,3.2808,"5d305152b2cfe00019231a2a","EC_0060.jpg"
"2587",9.009259259,2.7215,"5d305152b2cfe00019231a2a","EC_0167.jpg"
"2588",3.027777778,5.8967,"5d305152b2cfe00019231a2a","EC_0162.jpg"
"2589",5.018519084,3.4021,"5d305152b2cfe00019231a2a","EC_0158.jpg"
"2590",1.87037037,5.6908,"5d305152b2cfe00019231a2a","EC_0063.jpg"
"2591",4.962963528,5.4917,"5d305152b2cfe00019231a2a","EC_0016.jpg"
"2592",2.981481481,3.8233,"5d305152b2cfe00019231a2a","EC_0187.jpeg"
"2593",4.981481481,3.491,"5d305152b2cfe00019231a2a","EC_0064.jpg"
"2594",6.944444444,3.4091,"5d305152b2cfe00019231a2a","EC_0198.jpg"
"2595",7.481481481,3.0585,"5d305152b2cfe00019231a2a","EC_0245.jpg"
"2596",7.592592593,4.6539,"5d305152b2cfe00019231a2a","EC_0051.jpg"
"2597",2.712962963,2.9648,"5d305152b2cfe00019231a2a","EC_0165.jpg"
"2598",5.009259259,3.4687,"5d305152b2cfe00019231a2a","EC_0237.jpg"
"2599",2.87962963,6.1552,"5d305152b2cfe00019231a2a","EC_0121.jpg"
"2600",4.916666667,3.0113,"5d305152b2cfe00019231a2a","EC_0101.jpg"
"2601",7.481481481,4.765,"5d305152b2cfe00019231a2a","EC_0233.jpg"
"2602",3.009259259,2.7431,"5d305152b2cfe00019231a2a","EC_0100.jpg"
"2603",5.888888889,3.8949,"5d305152b2cfe00019231a2a","EC_0181.jpg"
"2604",7.972222222,5.9638,"5d305152b2cfe00019231a2a","EC_0017.jpg"
"2605",4.888888889,5.3353,"5d305152b2cfe00019231a2a","EC_0080.jpg"
"2606",8.287037037,3.8428,"5d305152b2cfe00019231a2a","EC_0092.jpg"
"2607",8.574074074,8.2193,"5d305152b2cfe00019231a2a","EC_0247.jpg"
"2608",4.953703704,7.1223,"5d305152b2cfe00019231a2a","EC_0020.jpg"
"2609",7.472222222,4.9399,"5d305152b2cfe00019231a2a","EC_0221.jpg"
"2610",8.111111111,6.3909,"5d305152b2cfe00019231a2a","EC_0083.jpg"
"2611",5.037037037,3.1463,"5d305152b2cfe00019231a2a","EC_0171.jpg"
"2612",7.472222222,6.5289,"5d305152b2cfe00019231a2a","EC_0057.jpeg"
"2613",7.907407407,13.4587,"5d305152b2cfe00019231a2a","EC_0032.jpg"
"2614",7.027777778,3.3002,"5d305152b2cfe00019231a2a","EC_0090.jpg"
"2615",7.398148148,2.4946,"5d305152b2cfe00019231a2a","EC_0089.jpg"
"2616",5,3.2231,"5d305152b2cfe00019231a2a","EC_0244.jpg"
"2617",7.064814815,3.9894,"5d305152b2cfe00019231a2a","EC_0135.jpg"
"2618",5.925925926,7.4878,"5d305152b2cfe00019231a2a","EC_0199.jpg"
"2619",3.805555556,5.356,"5d305152b2cfe00019231a2a","EC_0111.jpg"
"2620",2.861111111,9.7432,"5d305152b2cfe00019231a2a","EC_0065.jpg"
"2621",8.962962963,7.1038,"5d305152b2cfe00019231a2a","EC_0031.jpg"
"2622",8,3.4206,"5d305152b2cfe00019231a2a","EC_0116.jpg"
"2623",8.018518519,5.4498,"5d305152b2cfe00019231a2a","EC_0183.jpg"
"2624",5.027777778,3.7658,"5d305152b2cfe00019231a2a","EC_0250.jpg"
"2625",5.027777778,2.9537,"5d305152b2cfe00019231a2a","EC_0196.jpg"
"2626",4.851852417,2.7506,"5d305152b2cfe00019231a2a","EC_0103.jpg"
"2627",2.888888889,3.4683,"5d305152b2cfe00019231a2a","EC_0085.jpg"
"2628",2.907407407,17.8168,"5d305152b2cfe00019231a2a","EC_0024.jpg"
"2629",8.546296296,4.9532,"5d305152b2cfe00019231a2a","EC_0073.jpg"
"2630",7.407407407,5.558,"5d305152b2cfe00019231a2a","EC_0140.jpg"
"2631",7.37962963,3.1974,"5d305152b2cfe00019231a2a","EC_0096.jpg"
"2632",7.37037037,2.4914,"5d305152b2cfe00019231a2a","EC_0009.jpg"
"2633",6.518518519,10.5179,"5d305152b2cfe00019231a2a","EC_0159.jpg"
"2634",7.462962963,2.9316,"5d305152b2cfe00019231a2a","EC_0172.jpg"
"2635",7.601851852,4.4442,"5d305152b2cfe00019231a2a","EC_0066.jpg"
"2636",2.305555556,8.7178,"5d305152b2cfe00019231a2a","EC_0075.jpg"
"2637",7.703703704,5.0182,"5d305152b2cfe00019231a2a","EC_0170.jpg"
"2638",8.231481481,3.7299,"5d305152b2cfe00019231a2a","EC_0099.jpg"
"2639",2.898148148,4.7225,"5d305152b2cfe00019231a2a","EC_0134.jpg"
"2640",3.962963528,4.6344,"5d305152b2cfe00019231a2a","EC_0195.jpg"
"2641",7.657407407,3.8221,"5d305152b2cfe00019231a2a","EC_0081.jpg"
"2642",8.898148148,3.3505,"5d305152b2cfe00019231a2a","EC_0079.jpg"
"2643",8.055555556,3.1031,"5d305152b2cfe00019231a2a","EC_0109.jpg"
"2644",4,5.6609,"5d305152b2cfe00019231a2a","EC_0094.jpg"
"2645",4.990741306,6.3679,"5d305152b2cfe00019231a2a","EC_0210.jpg"
"2646",3.092592593,4.9531,"5d305152b2cfe00019231a2a","EC_0182.jpg"
"2647",2.962962963,3.6948,"5d305152b2cfe00019231a2a","EC_0027.jpg"
"2648",7.009259259,6.6245,"5d305152b2cfe00019231a2a","EC_0070.jpg"
"2649",4.990741306,7.4984,"5d305152b2cfe00019231a2a","EC_0128.jpeg"
"2650",2.935185185,3.7709,"5d305152b2cfe00019231a2a","EC_0230.jpg"
"2651",6.944444444,11.4138,"5d305152b2cfe00019231a2a","EC_0139.png"
"2652",2.981481481,4.5808,"5d305152b2cfe00019231a2a","EC_0019.jpg"
"2653",4.888888889,3.9789,"5d305152b2cfe00019231a2a","EC_0082.jpg"
"2654",7,3.9444,"5d305152b2cfe00019231a2a","EC_0047.jpg"
"2655",1.935185185,6.3219,"5d305152b2cfe00019231a2a","EC_0206.png"
"2656",7.055555556,3.3221,"5d305152b2cfe00019231a2a","EC_0071.jpg"
"2657",4.953703704,7.63,"5d305152b2cfe00019231a2a","EC_0229.jpg"
"2658",8.638888889,6.0242,"5d305152b2cfe00019231a2a","EC_0246.jpg"
"2659",6.972222222,3.0007,"5d305152b2cfe00019231a2a","EC_0069.jpg"
"2660",2.416666667,7.7847,"5d305152b2cfe00019231a2a","EC_0029.jpg"
"2661",5.888888889,3.7559,"5d305152b2cfe00019231a2a","EC_0222.jpg"
"2662",8.592592593,3.0474,"5d305152b2cfe00019231a2a","EC_0008.jpg"
"2663",9.527777778,4.09,"5d305152b2cfe00019231a2a","EC_0087.jpg"
"2664",7.935185185,5.0903,"5d305152b2cfe00019231a2a","EC_0249.jpg"
"2665",6.972222222,3.4701,"5d305152b2cfe00019231a2a","EC_0062.jpg"
"2666",6.935185185,3.6607,"5d305152b2cfe00019231a2a","EC_0209.jpg"
"2667",2.083333333,3.6048,"5d305152b2cfe00019231a2a","EC_0185.jpg"
"2668",7.546296296,11.2228,"5d305152b2cfe00019231a2a","EC_0118.jpg"
"2669",6.805555556,2.9226,"5d305152b2cfe00019231a2a","EC_0213.jpg"
"2670",7.953703704,3.1629,"5d305152b2cfe00019231a2a","EC_0168.jpeg"
"2671",4.962963528,4.2827,"5d305152b2cfe00019231a2a","EC_0041.jpg"
"2672",1.990740741,4.0009,"5d305152b2cfe00019231a2a","EC_0131.jpg"
"2673",6.990740741,3.2065,"5d305152b2cfe00019231a2a","EC_0018.jpg"
"2674",2.981481481,12.097,"5d305152b2cfe00019231a2a","EC_0204.jpg"
"2675",7.638888889,3.2977,"5d305152b2cfe00019231a2a","EC_0197.jpg"
"2676",1.972222222,3.9972,"5d305152b2cfe00019231a2a","EC_0124.jpeg"
"2677",1.601851852,5.7713,"5d305152b2cfe00019231a2a","EC_0034.jpg"
"2678",4.93518575,3.4886,"5d305152b2cfe00019231a2a","EC_0224.jpg"
"2679",7.527777778,4.392,"5d305152b2cfe00019231a2a","EC_0117.jpg"
"2680",8.037037037,2.9571,"5d305152b2cfe00019231a2a","EC_0003.jpg"
"2681",7.527777778,2.8717,"5d305152b2cfe00019231a2a","EC_0058.jpg"
"2682",1.546296296,2.8429,"5d305152b2cfe00019231a2a","EC_0205.jpg"
"2683",5.037037037,3.0584,"5d305152b2cfe00019231a2a","EC_0243.jpg"
"2684",2.055555556,3.2384,"5d305152b2cfe00019231a2a","EC_0054.jpg"
"2685",7.537037037,2.8319,"5d305152b2cfe00019231a2a","EC_0223.jpg"
"2686",2.268518519,4.9595,"5d305152b2cfe00019231a2a","EC_0161.jpg"
"2687",4.944444444,5.0665,"5d305152b2cfe00019231a2a","EC_0219.jpg"
"2688",1.62037037,4.9898,"5d305152b2cfe00019231a2a","EC_0038.jpg"
"2689",2,11.4155,"5d305152b2cfe00019231a2a","EC_0242.jpg"
"2690",7.564814815,3.3413,"5d305152b2cfe00019231a2a","EC_0013.jpg"
"2691",4.953703704,4.005,"5d305152b2cfe00019231a2a","EC_0153.jpg"
"2692",3.462963528,3.4271,"5d305152b2cfe00019231a2a","EC_0014.jpg"
"2693",2.574074074,2.8886,"5d305152b2cfe00019231a2a","EC_0053.jpg"
"2694",2.490740741,2.5852,"5d305152b2cfe00019231a2a","EC_0088.jpg"
"2695",5,2.5802,"5d305152b2cfe00019231a2a","EC_0174.jpg"
"2696",4.953703704,2.2257,"5d305152b2cfe00019231a2a","EC_0150.jpg"
"2697",5.527777778,4.7397,"5d305152b2cfe00019231a2a","EC_0105.jpg"
"2698",5.018519084,5.1486,"5d305152b2cfe00019231a2a","EC_0156.jpg"
"2699",8.37037037,4.2139,"5d305152b2cfe00019231a2a","EC_0050.jpg"
"2700",2.194444444,4.204,"5d305152b2cfe00019231a2a","EC_0238.jpg"
"2701",0.305555556,4.3807,"5d305152b2cfe00019231a2a","EC_0123.jpeg"
"2702",7.777777778,3.5988,"5d305152b2cfe00019231a2a","EC_0086.jpg"
"2703",5.037037037,3.0244,"5d305152b2cfe00019231a2a","EC_0203.jpg"
"2704",2.509259259,7.6653,"5d305152b2cfe00019231a2a","EC_0148.jpg"
"2705",1.768518519,3.4457,"5d305152b2cfe00019231a2a","EC_0028.jpg"
"2706",1.740740741,6.6214,"5d305152b2cfe00019231a2a","EC_0133.jpg"
"2707",7.685185185,5.915,"5d305152b2cfe00019231a2a","EC_0200.png"
"2708",6.462962963,3.4897,"5d305152b2cfe00019231a2a","EC_0007.jpg"
"2709",6.37037037,2.8543,"5d305152b2cfe00019231a2a","EC_0188.jpg"
"2710",5.62037037,3.0557,"5d305152b2cfe00019231a2a","EC_0214.jpg"
"2711",7.564814815,3.8061,"5d305152b2cfe00019231a2a","EC_0151.jpg"
"2712",4.564814815,3.1716,"5d305152b2cfe00019231a2a","EC_0194.jpg"
"2713",2.722222222,8.9486,"5d305152b2cfe00019231a2a","EC_0077.jpg"
"2714",6.527777778,3.8451,"5d305152b2cfe00019231a2a","EC_0015.jpg"
"2715",2.324074074,7.0378,"5d305152b2cfe00019231a2a","EC_0042.jpg"
"2716",6.425925926,6.2623,"5d305152b2cfe00019231a2a","EC_0164.jpg"
"2717",5.287037037,3.6653,"5d305152b2cfe00019231a2a","EC_0147.png"
"2718",7.509259259,4.4898,"5d305152b2cfe00019231a2a","EC_0074.jpg"
"2719",0.462962963,6.7908,"5d305152b2cfe00019231a2a","EC_0033.jpeg"
"2720",1.490740741,3.7726,"5d305152b2cfe00019231a2a","EC_0049.jpg"
"2721",4.981481481,4.439,"5d305152b2cfe00019231a2a","EC_0232.jpg"
"2722",7.092592593,3.1488,"5d305152b2cfe00019231a2a","EC_0142.jpg"
"2723",3.101851852,5.762,"5d305152b2cfe00019231a2a","EC_0108.jpg"
"2724",7.425925926,3.3968,"5d305152b2cfe00019231a2a","EC_0163.jpg"
"2725",7.777777778,3.0403,"5d305152b2cfe00019231a2a","EC_0166.jpg"
"2726",1.37962963,3.6215,"5d305152b2cfe00019231a2a","EC_0039.jpg"
"2727",7.203703704,4.9021,"5d305152b2cfe00019231a2a","EC_0044.jpg"
"2728",7.388888889,4.0251,"5d305152b2cfe00019231a2a","EC_0037.jpg"
"2729",8.314814815,3.7375,"5d305152b2cfe00019231a2a","EC_0132.jpg"
"2730",8.407407407,3.3357,"5d305152b2cfe00019231a2a","EC_0177.jpg"
"2731",9.033741591,3.7812,"5d55d562e04e1c0001f5e682","EC_0099.jpg"
"2732",5.015308295,3.0756,"5d55d562e04e1c0001f5e682","EC_0115.jpg"
"2733",0.029117499,3.9918,"5d55d562e04e1c0001f5e682","EC_0201.jpg"
"2734",8.997965495,2.8231,"5d55d562e04e1c0001f5e682","EC_0223.jpg"
"2735",5.997677951,5.141,"5d55d562e04e1c0001f5e682","EC_0169.png"
"2736",1.000428602,3.4584,"5d55d562e04e1c0001f5e682","EC_0059.jpg"
"2737",0.022884793,3.052,"5d55d562e04e1c0001f5e682","EC_0233.jpg"
"2738",2.928296577,3.9262,"5d55d562e04e1c0001f5e682","EC_0071.jpg"
"2739",5.98482666,4.5823,"5d55d562e04e1c0001f5e682","EC_0125.jpeg"
"2740",8.075726997,3.6892,"5d55d562e04e1c0001f5e682","EC_0221.jpg"
"2741",2.019657389,5.2847,"5d55d562e04e1c0001f5e682","EC_0209.jpg"
"2742",0.889952257,13.1688,"5d55d562e04e1c0001f5e682","EC_0068.jpg"
"2743",5.00479872,4.0081,"5d55d562e04e1c0001f5e682","EC_0094.jpg"
"2744",8.943811035,3.1241,"5d55d562e04e1c0001f5e682","EC_0056.jpg"
"2745",5.044791667,3.2087,"5d55d562e04e1c0001f5e682","EC_0018.jpg"
"2746",8.121879069,2.9565,"5d55d562e04e1c0001f5e682","EC_0066.jpg"
"2747",5.909503852,4.2565,"5d55d562e04e1c0001f5e682","EC_0158.jpg"
"2748",8.967279731,3.2744,"5d55d562e04e1c0001f5e682","EC_0231.jpg"
"2749",7.061475966,2.8744,"5d55d562e04e1c0001f5e682","EC_0181.jpg"
"2750",8.967903646,3.0937,"5d55d562e04e1c0001f5e682","EC_0109.jpg"
"2751",4.893634033,3.1389,"5d55d562e04e1c0001f5e682","EC_0080.jpg"
"2752",5.978915066,3.3233,"5d55d562e04e1c0001f5e682","EC_0006.jpg"
"2753",7.923099094,3.1753,"5d55d562e04e1c0001f5e682","EC_0086.jpg"
"2754",5.045265028,3.9719,"5d55d562e04e1c0001f5e682","EC_0054.jpg"
"2755",0.934790039,3.2404,"5d55d562e04e1c0001f5e682","EC_0049.jpg"
"2756",4.901789686,3.556,"5d55d562e04e1c0001f5e682","EC_0249.jpg"
"2757",0.02038303,2.9239,"5d55d562e04e1c0001f5e682","EC_0183.jpg"
"2758",0.020565796,2.8579,"5d55d562e04e1c0001f5e682","EC_0103.jpg"
"2759",4.960369195,3.3079,"5d55d562e04e1c0001f5e682","EC_0202.jpg"
"2760",4.974966092,2.6726,"5d55d562e04e1c0001f5e682","EC_0135.jpg"
"2761",5.976527913,2.9405,"5d55d562e04e1c0001f5e682","EC_0015.jpg"
"2762",8.963477919,3.0416,"5d55d562e04e1c0001f5e682","EC_0001.jpg"
"2763",0.931379191,13.0856,"5d55d562e04e1c0001f5e682","EC_0226.jpg"
"2764",0.955459256,6.3759,"5d55d562e04e1c0001f5e682","EC_0176.jpg"
"2765",0.993664212,3.7911,"5d55d562e04e1c0001f5e682","EC_0199.jpg"
"2766",5.954971653,3.0548,"5d55d562e04e1c0001f5e682","EC_0230.jpg"
"2767",0.977309842,8.354,"5d55d562e04e1c0001f5e682","EC_0062.jpg"
"2768",4.955215793,8.7941,"5d55d562e04e1c0001f5e682","EC_0105.jpg"
"2769",0.044552273,7.7683,"5d55d562e04e1c0001f5e682","EC_0241.jpg"
"2770",5.070454915,2.9754,"5d55d562e04e1c0001f5e682","EC_0156.jpg"
"2771",7.918555366,51.27,"5d55d562e04e1c0001f5e682","EC_0037.jpg"
"2772",5.966280111,18.0867,"5d55d562e04e1c0001f5e682","EC_0137.jpg"
"2773",7.937584771,27.9058,"5d55d562e04e1c0001f5e682","EC_0092.jpg"
"2774",0.021082221,7.351,"5d55d562e04e1c0001f5e682","EC_0075.jpg"
"2775",0.093320719,4.5838,"5d55d562e04e1c0001f5e682","EC_0244.jpg"
"2776",0.982546658,4.0433,"5d55d562e04e1c0001f5e682","EC_0076.jpg"
"2777",0.954238553,3.5251,"5d55d562e04e1c0001f5e682","EC_0012.jpg"
"2778",7.971194119,3.3957,"5d55d562e04e1c0001f5e682","EC_0170.jpg"
"2779",1.983622911,3.9417,"5d55d562e04e1c0001f5e682","EC_0195.jpg"
"2780",0.982497152,4.3333,"5d55d562e04e1c0001f5e682","EC_0036.jpeg"
"2781",0.974276055,3.2254,"5d55d562e04e1c0001f5e682","EC_0087.jpg"
"2782",1.95084432,3.5554,"5d55d562e04e1c0001f5e682","EC_0234.jpg"
"2783",3.980765788,2.857,"5d55d562e04e1c0001f5e682","EC_0154.jpg"
"2784",0.020537313,3.309,"5d55d562e04e1c0001f5e682","EC_0206.png"
"2785",7.930957031,3.0077,"5d55d562e04e1c0001f5e682","EC_0063.jpg"
"2786",9.038530816,3.2741,"5d55d562e04e1c0001f5e682","EC_0157.jpg"
"2787",5.98973999,2.7215,"5d55d562e04e1c0001f5e682","EC_0003.jpg"
"2788",0.948316108,4.3836,"5d55d562e04e1c0001f5e682","EC_0024.jpg"
"2789",6.020391168,2.8251,"5d55d562e04e1c0001f5e682","EC_0069.jpg"
"2790",9.936786567,3.0415,"5d55d562e04e1c0001f5e682","EC_0041.jpg"
"2791",3.001284451,3.7249,"5d55d562e04e1c0001f5e682","EC_0210.jpg"
"2792",0.027011447,7.3227,"5d55d562e04e1c0001f5e682","EC_0100.jpg"
"2793",2.949450005,5.1347,"5d55d562e04e1c0001f5e682","EC_0200.png"
"2794",8.975783963,9.4543,"5d55d562e04e1c0001f5e682","EC_0194.jpg"
"2795",4.995388455,5.0576,"5d55d562e04e1c0001f5e682","EC_0028.jpg"
"2796",0.026856825,2.8578,"5d55d562e04e1c0001f5e682","EC_0040.jpg"
"2797",5.98226454,3.3206,"5d55d562e04e1c0001f5e682","EC_0102.jpg"
"2798",4.003559028,2.3906,"5d55d562e04e1c0001f5e682","EC_0048.jpg"
"2799",8.974251302,3.1581,"5d55d562e04e1c0001f5e682","EC_0082.jpg"
"2800",0.035866292,4.7239,"5d55d562e04e1c0001f5e682","EC_0204.jpg"
"2801",8.000545926,3.4757,"5d55d562e04e1c0001f5e682","EC_0188.jpg"
"2802",0.059659831,2.5244,"5d55d562e04e1c0001f5e682","EC_0136.jpg"
"2803",9.026285807,3.617,"5d55d562e04e1c0001f5e682","EC_0205.jpg"
"2804",6.048003472,3.2409,"5d55d562e04e1c0001f5e682","EC_0031.jpg"
"2805",4.976146105,3.9253,"5d55d562e04e1c0001f5e682","EC_0164.jpg"
"2806",0.017378743,2.9462,"5d55d562e04e1c0001f5e682","EC_0184.jpg"
"2807",9.935586209,2.7402,"5d55d562e04e1c0001f5e682","EC_0058.jpg"
"2808",8.99724528,2.8904,"5d55d562e04e1c0001f5e682","EC_0083.jpg"
"2809",1.017526584,3.1944,"5d55d562e04e1c0001f5e682","EC_0133.jpg"
"2810",6.990642632,3.0043,"5d55d562e04e1c0001f5e682","EC_0203.jpg"
"2811",5.010831028,2.6238,"5d55d562e04e1c0001f5e682","EC_0017.jpg"
"2812",0.041280111,4.7012,"5d55d562e04e1c0001f5e682","EC_0077.jpg"
"2813",6.026791721,3.2583,"5d55d562e04e1c0001f5e682","EC_0193.png"
"2814",5.035820855,3.0069,"5d55d562e04e1c0001f5e682","EC_0224.jpg"
"2815",9.031518555,3.0261,"5d55d562e04e1c0001f5e682","EC_0228.jpg"
"2816",9.036425781,3.8805,"5d55d562e04e1c0001f5e682","EC_0047.jpg"
"2817",4.941867405,23.0925,"5d55d562e04e1c0001f5e682","EC_0070.jpg"
"2818",4.961172146,11.1581,"5d55d562e04e1c0001f5e682","EC_0248.jpg"
"2819",7.010188802,20.6871,"5d55d562e04e1c0001f5e682","EC_0072.jpg"
"2820",2.008495416,2.8575,"5d55d562e04e1c0001f5e682","EC_0042.jpg"
"2821",9.987310113,2.7562,"5d55d562e04e1c0001f5e682","EC_0064.jpg"
"2822",9.987310113,2.6418,"5d55d562e04e1c0001f5e682","EC_0219.jpg"
"2823",4.053729248,2.975,"5d55d562e04e1c0001f5e682","EC_0141.jpg"
"2824",4.966691759,2.7566,"5d55d562e04e1c0001f5e682","EC_0139.png"
"2825",5.96837972,3.0604,"5d55d562e04e1c0001f5e682","EC_0123.jpeg"
"2826",9.026017253,2.6145,"5d55d562e04e1c0001f5e682","EC_0168.jpeg"
"2827",8.036724175,2.8404,"5d55d562e04e1c0001f5e682","EC_0108.jpg"
"2828",2.984549967,4.1755,"5d55d562e04e1c0001f5e682","EC_0239.jpg"
"2829",1.985480414,3.1572,"5d55d562e04e1c0001f5e682","EC_0016.jpg"
"2830",6.943782552,2.8422,"5d55d562e04e1c0001f5e682","EC_0197.jpg"
"2831",4.982198079,3.6247,"5d55d562e04e1c0001f5e682","EC_0067.jpg"
"2832",5.965197076,5.1167,"5d55d562e04e1c0001f5e682","EC_0050.jpg"
"2833",8.980030653,3.0751,"5d55d562e04e1c0001f5e682","EC_0065.jpg"
"2834",9.84883355,2.7419,"5d55d562e04e1c0001f5e682","EC_0057.jpeg"
"2835",6.949053955,2.5413,"5d55d562e04e1c0001f5e682","EC_0098.jpg"
"2836",0.039538574,3.1704,"5d55d562e04e1c0001f5e682","EC_0222.jpg"
"2837",0.985109117,3.2112,"5d55d562e04e1c0001f5e682","EC_0243.jpg"
"2838",5.011199273,4.3255,"5d55d562e04e1c0001f5e682","EC_0165.jpg"
"2839",2.021834649,3.9169,"5d55d562e04e1c0001f5e682","EC_0074.jpg"
"2840",5.012472873,2.8252,"5d55d562e04e1c0001f5e682","EC_0242.jpg"
"2841",7.944944933,2.724,"5d55d562e04e1c0001f5e682","EC_0166.jpg"
"2842",0.000636122,2.7269,"5d55d562e04e1c0001f5e682","EC_0009.jpg"
"2843",4.990707737,2.8569,"5d55d562e04e1c0001f5e682","EC_0177.jpg"
"2844",0.020256551,3.2273,"5d55d562e04e1c0001f5e682","EC_0090.jpg"
"2845",5.986716037,2.6746,"5d55d562e04e1c0001f5e682","EC_0172.jpg"
"2846",0.035203383,4.9042,"5d55d562e04e1c0001f5e682","EC_0129.jpeg"
"2847",9.99235026,2.8255,"5d55d562e04e1c0001f5e682","EC_0081.jpg"
"2848",1.054231432,3.1405,"5d55d562e04e1c0001f5e682","EC_0051.jpg"
"2849",0.029480998,2.5408,"5d55d562e04e1c0001f5e682","EC_0142.jpg"
"2850",0.060253906,12.1026,"5d55d562e04e1c0001f5e682","EC_0161.jpg"
"2851",1.976996867,3.2243,"5d55d562e04e1c0001f5e682","EC_0093.jpg"
"2852",4.954770237,3.2744,"5d55d562e04e1c0001f5e682","EC_0250.jpg"
"2853",5.989239502,3.6662,"5d55d562e04e1c0001f5e682","EC_0002.jpg"
"2854",7.058848741,3.0297,"5d55d562e04e1c0001f5e682","EC_0116.jpg"
"2855",1.023364936,5.3504,"5d55d562e04e1c0001f5e682","EC_0198.jpg"
"2856",3.987412516,3.8907,"5d55d562e04e1c0001f5e682","EC_0182.jpg"
"2857",7.078633626,11.3527,"5d55d562e04e1c0001f5e682","EC_0232.jpg"
"2858",6.024222819,2.8428,"5d55d562e04e1c0001f5e682","EC_0167.jpg"
"2859",6.037493896,3.1882,"5d55d562e04e1c0001f5e682","EC_0014.jpg"
"2860",5.033446587,2.5417,"5d55d562e04e1c0001f5e682","EC_0163.jpg"
"2861",0.046231418,3.0077,"5d55d562e04e1c0001f5e682","EC_0111.jpg"
"2862",1.01419203,3.6014,"5d55d562e04e1c0001f5e682","EC_0128.jpeg"
"2863",3.966087511,3.2082,"5d55d562e04e1c0001f5e682","EC_0055.jpg"
"2864",0.00704617,3.0596,"5d55d562e04e1c0001f5e682","EC_0247.jpg"
"2865",0.051819865,2.6566,"5d55d562e04e1c0001f5e682","EC_0159.jpg"
"2866",7.022237142,2.6908,"5d55d562e04e1c0001f5e682","EC_0236.jpg"
"2867",0.005341593,4.2506,"5d55d562e04e1c0001f5e682","EC_0162.jpg"
"2868",3.994450548,3.057,"5d55d562e04e1c0001f5e682","EC_0095.jpg"
"2869",6.023986816,4.4887,"5d55d562e04e1c0001f5e682","EC_0121.jpg"
"2870",0.032326253,9.2552,"5d55d562e04e1c0001f5e682","EC_0124.jpeg"
"2871",1.042518446,3.3269,"5d55d562e04e1c0001f5e682","EC_0138.png"
"2872",4.022763401,3.2085,"5d55d562e04e1c0001f5e682","EC_0118.jpg"
"2873",4.93743693,3.3585,"5d55d562e04e1c0001f5e682","EC_0180.jpg"
"2874",6.033357069,3.4511,"5d55d562e04e1c0001f5e682","EC_0196.jpg"
"2875",3.99823744,3.787,"5d55d562e04e1c0001f5e682","EC_0011.jpg"
"2876",4.965983073,2.7589,"5d55d562e04e1c0001f5e682","EC_0171.jpg"
"2877",0.021554226,2.7082,"5d55d562e04e1c0001f5e682","EC_0088.jpg"
"2878",0.027790663,4.1927,"5d55d562e04e1c0001f5e682","EC_0089.jpg"
"2879",0.973109266,15.9854,"5d55d562e04e1c0001f5e682","EC_0235.jpg"
"2880",3.962904867,28.9918,"5d55d562e04e1c0001f5e682","EC_0152.jpg"
"2881",2.9871521,3.0582,"5d55d562e04e1c0001f5e682","EC_0160.jpg"
"2882",4.952737766,2.7574,"5d55d562e04e1c0001f5e682","EC_0039.jpg"
"2883",4.045687527,2.8591,"5d55d562e04e1c0001f5e682","EC_0104.jpg"
"2884",9.9907213,3.4439,"5d55d562e04e1c0001f5e682","EC_0207.jpg"
"2885",3.945146349,2.9236,"5d55d562e04e1c0001f5e682","EC_0245.jpg"
"2886",0.016779921,4.2913,"5d55d562e04e1c0001f5e682","EC_0140.jpg"
"2887",4.003780789,3.6938,"5d55d562e04e1c0001f5e682","EC_0097.jpg"
"2888",0.929241943,4.0046,"5d55d562e04e1c0001f5e682","EC_0211.jpg"
"2889",1.036054484,3.2091,"5d55d562e04e1c0001f5e682","EC_0027.jpg"
"2890",4.954231771,5.525,"5d55d562e04e1c0001f5e682","EC_0147.png"
"2891",7.042051866,3.0087,"5d55d562e04e1c0001f5e682","EC_0020.jpg"
"2892",4.952827962,2.3424,"5d55d562e04e1c0001f5e682","EC_0132.jpg"
"2893",0.006698269,3.3256,"5d55d562e04e1c0001f5e682","EC_0019.jpg"
"2894",9.975992839,3.1432,"5d55d562e04e1c0001f5e682","EC_0073.jpg"
"2895",5.995595974,2.9752,"5d55d562e04e1c0001f5e682","EC_0022.jpg"
"2896",6.962593587,2.843,"5d55d562e04e1c0001f5e682","EC_0213.jpg"
"2897",9.911625163,3.241,"5d55d562e04e1c0001f5e682","EC_0038.jpg"
"2898",0.019691298,2.7761,"5d55d562e04e1c0001f5e682","EC_0013.jpg"
"2899",0.019691298,2.4598,"5d55d562e04e1c0001f5e682","EC_0134.jpg"
"2900",5.001501465,2.79,"5d55d562e04e1c0001f5e682","EC_0173.jpg"
"2901",8.008197021,2.8744,"5d55d562e04e1c0001f5e682","EC_0034.jpg"
"2902",0.982236735,3.0575,"5d55d562e04e1c0001f5e682","EC_0214.jpg"
"2903",0.035788981,4.1538,"5d55d562e04e1c0001f5e682","EC_0005.jpg"
"2904",3.950632053,3.0245,"5d55d562e04e1c0001f5e682","EC_0237.jpg"
"2905",5.954087321,3.2923,"5d55d562e04e1c0001f5e682","EC_0030.jpg"
"2906",1.96930915,4.4254,"5d55d562e04e1c0001f5e682","EC_0151.jpg"
"2907",3.959998915,2.9245,"5d55d562e04e1c0001f5e682","EC_0117.jpg"
"2908",2.938917372,3.2274,"5d55d562e04e1c0001f5e682","EC_0061.jpg"
"2909",0.970993381,3.4923,"5d55d562e04e1c0001f5e682","EC_0007.jpg"
"2910",3.989872233,2.9767,"5d55d562e04e1c0001f5e682","EC_0246.jpg"
"2911",5.945884874,2.7936,"5d55d562e04e1c0001f5e682","EC_0060.jpg"
"2912",4.994085015,2.8373,"5d55d562e04e1c0001f5e682","EC_0119.jpg"
"2913",4.976262071,3.1426,"5d55d562e04e1c0001f5e682","EC_0131.jpg"
"2914",9.906175401,2.8746,"5d55d562e04e1c0001f5e682","EC_0227.jpg"
"2915",4.908141412,3.9232,"5d55d562e04e1c0001f5e682","EC_0153.jpg"
"2916",5.97956543,2.9213,"5d55d562e04e1c0001f5e682","EC_0008.jpg"
"2917",0.070063612,3.3922,"5d55d562e04e1c0001f5e682","EC_0084.jpg"
"2918",7.981243218,3.3416,"5d55d562e04e1c0001f5e682","EC_0096.jpg"
"2919",7.981243218,4.3228,"5d55d562e04e1c0001f5e682","EC_0106.jpg"
"2920",0.041008504,3.0581,"5d55d562e04e1c0001f5e682","EC_0053.jpg"
"2921",1.027883572,3.3251,"5d55d562e04e1c0001f5e682","EC_0044.jpg"
"2922",0.930248345,2.3876,"5d55d562e04e1c0001f5e682","EC_0113.jpg"
"2923",0.040475125,2.874,"5d55d562e04e1c0001f5e682","EC_0187.jpeg"
"2924",9.057028537,3.9588,"5d55d562e04e1c0001f5e682","EC_0079.jpg"
"2925",4.97284139,2.791,"5d55d562e04e1c0001f5e682","EC_0029.jpg"
"2926",1.02114936,5.1031,"5d55d562e04e1c0001f5e682","EC_0240.jpg"
"2927",9.977833388,3.2752,"5d55d562e04e1c0001f5e682","EC_0120.jpg"
"2928",0.007638211,3.3349,"5d55d562e04e1c0001f5e682","EC_0033.jpeg"
"2929",0.007638211,2.4273,"5d55d562e04e1c0001f5e682","EC_0148.jpg"
"2930",0.007638211,2.425,"5d55d562e04e1c0001f5e682","EC_0185.jpg"
"2931",0.946735636,3.7037,"5d55d562e04e1c0001f5e682","EC_0174.jpg"
"2932",8.918524848,2.795,"5d55d562e04e1c0001f5e682","EC_0149.jpg"
"2933",5.892641195,3.4424,"5d55d562e04e1c0001f5e682","EC_0010.jpg"
"2934",0.013820733,2.7754,"5d55d562e04e1c0001f5e682","EC_0150.jpg"
"2935",9.946822103,4.2686,"5d55d562e04e1c0001f5e682","EC_0032.jpg"
"2936",0.950651042,3.3725,"5d55d562e04e1c0001f5e682","EC_0101.jpg"
"2937",0.072326999,3.6523,"5d55d562e04e1c0001f5e682","EC_0085.jpg"
"2938",0.064742025,4.98,"5d55d562e04e1c0001f5e682","EC_0229.jpg"
"2939",3.043523492,3.8018,"5d55d562e04e1c0001f5e682","EC_0238.jpg"
"2940",0.961193169,3.668,"5d55d562e04e1c0001f5e682","EC_0046.jpg"
"2941",8.935185185,3.6048,"5d793a152df8ed001645ed7f","EC_0062.jpg"
"2942",8.120370088,2.4601,"5d793a152df8ed001645ed7f","EC_0092.jpg"
"2943",6.999999859,2.362,"5d793a152df8ed001645ed7f","EC_0051.jpg"
"2944",3.870370653,2.5221,"5d793a152df8ed001645ed7f","EC_0049.jpg"
"2945",8.796296296,2.791,"5d793a152df8ed001645ed7f","EC_0106.jpg"
"2946",6.314815239,2.7131,"5d793a152df8ed001645ed7f","EC_0009.jpg"
"2947",6.925926208,2.6526,"5d793a152df8ed001645ed7f","EC_0012.jpg"
"2948",3.972222364,2.5671,"5d793a152df8ed001645ed7f","EC_0128.jpeg"
"2949",9.907407407,2.939,"5d793a152df8ed001645ed7f","EC_0185.jpg"
"2950",9.361111676,2.393,"5d793a152df8ed001645ed7f","EC_0157.jpg"
"2951",8.37962963,2.3838,"5d793a152df8ed001645ed7f","EC_0093.jpg"
"2952",5.046296296,2.5672,"5d793a152df8ed001645ed7f","EC_0226.jpg"
"2953",5.953703986,2.9505,"5d793a152df8ed001645ed7f","EC_0044.jpg"
"2954",1.314814885,2.5756,"5d793a152df8ed001645ed7f","EC_0227.jpg"
"2955",7.120370512,2.9549,"5d793a152df8ed001645ed7f","EC_0182.jpg"
"2956",2.101852276,2.9627,"5d793a152df8ed001645ed7f","EC_0247.jpg"
"2957",8.074073792,2.3222,"5d793a152df8ed001645ed7f","EC_0133.jpg"
"2958",7.009259683,2.4683,"5d793a152df8ed001645ed7f","EC_0248.jpg"
"2959",8.935185185,2.4257,"5d793a152df8ed001645ed7f","EC_0063.jpg"
"2960",9.296297144,2.6629,"5d793a152df8ed001645ed7f","EC_0098.jpg"
"2961",3.500000283,2.8576,"5d793a152df8ed001645ed7f","EC_0148.jpg"
"2962",8.000000848,2.7152,"5d793a152df8ed001645ed7f","EC_0073.jpg"
"2963",6.629629488,2.9917,"5d793a152df8ed001645ed7f","EC_0071.jpg"
"2964",2.759259542,2.4507,"5d793a152df8ed001645ed7f","EC_0210.jpg"
"2965",8.43518575,2.3178,"5d793a152df8ed001645ed7f","EC_0070.jpg"
"2966",7.620370653,2.3431,"5d793a152df8ed001645ed7f","EC_0234.jpg"
"2967",9.046296014,2.2629,"5d793a152df8ed001645ed7f","EC_0008.jpg"
"2968",8.759259824,2.5,"5d793a152df8ed001645ed7f","EC_0237.jpg"
"2969",6.898148148,4.7238,"5d793a152df8ed001645ed7f","EC_0033.jpeg"
"2970",5.962963104,3.2215,"5d793a152df8ed001645ed7f","EC_0172.jpg"
"2971",1.851851852,2.871,"5d793a152df8ed001645ed7f","EC_0204.jpg"
"2972",2.055555979,3.5335,"5d793a152df8ed001645ed7f","EC_0206.png"
"2973",4.01851866,2.7271,"5d793a152df8ed001645ed7f","EC_0187.jpeg"
"2974",6.870370794,2.4082,"5d793a152df8ed001645ed7f","EC_0095.jpg"
"2975",9.101852134,2.3776,"5d793a152df8ed001645ed7f","EC_0207.jpg"
"2976",7.009259683,2.4058,"5d793a152df8ed001645ed7f","EC_0158.jpg"
"2977",8.583333051,2.4049,"5d793a152df8ed001645ed7f","EC_0108.jpg"
"2978",9.388889737,2.3852,"5d793a152df8ed001645ed7f","EC_0068.jpg"
"2979",8.314815097,2.8467,"5d793a152df8ed001645ed7f","EC_0031.jpg"
"2980",5.157407831,2.9623,"5d793a152df8ed001645ed7f","EC_0116.jpg"
"2981",7.685185185,3.1124,"5d793a152df8ed001645ed7f","EC_0238.jpg"
"2982",8.509260107,2.4402,"5d793a152df8ed001645ed7f","EC_0074.jpg"
"2983",5.092592593,2.4896,"5d793a152df8ed001645ed7f","EC_0055.jpg"
"2984",7.277777636,2.317,"5d793a152df8ed001645ed7f","EC_0173.jpg"
"2985",7.194444868,2.7741,"5d793a152df8ed001645ed7f","EC_0232.jpg"
"2986",0.472222434,2.7335,"5d793a152df8ed001645ed7f","EC_0161.jpg"
"2987",6.777778202,2.4504,"5d793a152df8ed001645ed7f","EC_0038.jpg"
"2988",7.925925785,2.5002,"5d793a152df8ed001645ed7f","EC_0160.jpg"
"2989",5.222222364,3.2708,"5d793a152df8ed001645ed7f","EC_0201.jpg"
"2990",7.009259683,2.7938,"5d793a152df8ed001645ed7f","EC_0090.jpg"
"2991",7.990741023,2.5117,"5d793a152df8ed001645ed7f","EC_0198.jpg"
"2992",7.064815097,2.7008,"5d793a152df8ed001645ed7f","EC_0097.jpg"
"2993",4.203703845,2.3428,"5d793a152df8ed001645ed7f","EC_0056.jpg"
"2994",5.861111394,2.6965,"5d793a152df8ed001645ed7f","EC_0196.jpg"
"2995",8.685185468,2.9167,"5d793a152df8ed001645ed7f","EC_0024.jpg"
"2996",7.009259683,2.3239,"5d793a152df8ed001645ed7f","EC_0046.jpg"
"2997",7.962962963,2.9748,"5d793a152df8ed001645ed7f","EC_0119.jpg"
"2998",8.583333051,2.3628,"5d793a152df8ed001645ed7f","EC_0072.jpg"
"2999",4.222222081,3.2417,"5d793a152df8ed001645ed7f","EC_0150.jpg"
"3000",6.51851866,2.4189,"5d793a152df8ed001645ed7f","EC_0137.jpg"
"3001",2.777777778,2.4508,"5d793a152df8ed001645ed7f","EC_0027.jpg"
"3002",6.842592734,2.4287,"5d793a152df8ed001645ed7f","EC_0042.jpg"
"3003",4.814814815,2.4463,"5d793a152df8ed001645ed7f","EC_0101.jpg"
"3004",8.342593158,2.6104,"5d793a152df8ed001645ed7f","EC_0065.jpg"
"3005",7.555555414,2.2787,"5d793a152df8ed001645ed7f","EC_0010.jpg"
"3006",6.305555414,3.3716,"5d793a152df8ed001645ed7f","EC_0111.jpg"
"3007",8.305555273,2.8613,"5d793a152df8ed001645ed7f","EC_0002.jpg"
"3008",8.537036754,2.7027,"5d793a152df8ed001645ed7f","EC_0079.jpg"
"3009",4.92592635,2.795,"5d793a152df8ed001645ed7f","EC_0125.jpeg"
"3010",7.138888748,2.3842,"5d793a152df8ed001645ed7f","EC_0037.jpg"
"3011",4.129629488,2.8606,"5d793a152df8ed001645ed7f","EC_0211.jpg"
"3012",2.138888748,2.6008,"5d793a152df8ed001645ed7f","EC_0184.jpg"
"3013",8.629629347,2.5008,"5d793a152df8ed001645ed7f","EC_0019.jpg"
"3014",7.046296155,3.2675,"5d793a152df8ed001645ed7f","EC_0131.jpg"
"3015",8.046297144,2.4912,"5d793a152df8ed001645ed7f","EC_0169.png"
"3016",4.537037037,2.453,"5d793a152df8ed001645ed7f","EC_0053.jpg"
"3017",8.231482329,3.2917,"5d793a152df8ed001645ed7f","EC_0202.jpg"
"3018",7.111111394,2.6069,"5d793a152df8ed001645ed7f","EC_0138.png"
"3019",8.611111111,2.368,"5d793a152df8ed001645ed7f","EC_0120.jpg"
"3020",9.324073792,2.4844,"5d793a152df8ed001645ed7f","EC_0209.jpg"
"3021",0.055555767,2.7589,"5d793a152df8ed001645ed7f","EC_0103.jpg"
"3022",1.574074074,2.8392,"5d793a152df8ed001645ed7f","EC_0228.jpg"
"3023",9.472222505,4.6249,"5d793a152df8ed001645ed7f","EC_0087.jpg"
"3024",8.222222505,2.2543,"5d793a152df8ed001645ed7f","EC_0057.jpeg"
"3025",7.907407549,2.4839,"5d793a152df8ed001645ed7f","EC_0224.jpg"
"3026",5.657407266,2.9173,"5d793a152df8ed001645ed7f","EC_0241.jpg"
"3027",1.712962963,2.9893,"5d793a152df8ed001645ed7f","EC_0124.jpeg"
"3028",7.916666667,2.4665,"5d793a152df8ed001645ed7f","EC_0013.jpg"
"3029",6.296296296,2.1928,"5d793a152df8ed001645ed7f","EC_0017.jpg"
"3030",7.444444586,2.2413,"5d793a152df8ed001645ed7f","EC_0200.png"
"3031",7.046296155,2.4713,"5d793a152df8ed001645ed7f","EC_0154.jpg"
"3032",8.000000848,3.5626,"5d793a152df8ed001645ed7f","EC_0086.jpg"
"3033",8.574074639,2.5173,"5d793a152df8ed001645ed7f","EC_0159.jpg"
"3034",6.962963387,2.2503,"5d793a152df8ed001645ed7f","EC_0171.jpg"
"3035",8.06481538,2.5738,"5d793a152df8ed001645ed7f","EC_0121.jpg"
"3036",7.287037461,2.9045,"5d793a152df8ed001645ed7f","EC_0132.jpg"
"3037",8.462963811,2.5723,"5d793a152df8ed001645ed7f","EC_0066.jpg"
"3038",5.203704128,2.8326,"5d793a152df8ed001645ed7f","EC_0080.jpg"
"3039",6.27777806,2.9989,"5d793a152df8ed001645ed7f","EC_0149.jpg"
"3040",5.962963104,3.2349,"5d793a152df8ed001645ed7f","EC_0195.jpg"
"3041",4.453703562,2.7164,"5d793a152df8ed001645ed7f","EC_0142.jpg"
"3042",8.40740769,2.3942,"5d793a152df8ed001645ed7f","EC_0077.jpg"
"3043",6.583333192,2.6806,"5d793a152df8ed001645ed7f","EC_0229.jpg"
"3044",8.06481538,2.5409,"5d793a152df8ed001645ed7f","EC_0239.jpg"
"3045",4.953703704,2.8062,"5d793a152df8ed001645ed7f","EC_0005.jpg"
"3046",7.138888748,2.6883,"5d793a152df8ed001645ed7f","EC_0152.jpg"
"3047",8.805556121,2.4507,"5d793a152df8ed001645ed7f","EC_0163.jpg"
"3048",7.935185609,2.8408,"5d793a152df8ed001645ed7f","EC_0177.jpg"
"3049",3.203703562,2.9115,"5d793a152df8ed001645ed7f","EC_0235.jpg"
"3050",8.712963528,2.6975,"5d793a152df8ed001645ed7f","EC_0022.jpg"
"3051",6.962963387,2.695,"5d793a152df8ed001645ed7f","EC_0233.jpg"
"3052",0.046296296,2.8197,"5d793a152df8ed001645ed7f","EC_0075.jpg"
"3053",8.175926208,2.4382,"5d793a152df8ed001645ed7f","EC_0165.jpg"
"3054",6.074073933,2.2517,"5d793a152df8ed001645ed7f","EC_0001.jpg"
"3055",4.824073933,2.4725,"5d793a152df8ed001645ed7f","EC_0058.jpg"
"3056",8.453703986,2.3394,"5d793a152df8ed001645ed7f","EC_0230.jpg"
"3057",3.972222364,3.7132,"5d793a152df8ed001645ed7f","EC_0151.jpg"
"3058",9.148148431,2.6513,"5d793a152df8ed001645ed7f","EC_0029.jpg"
"3059",8.074073792,2.4211,"5d793a152df8ed001645ed7f","EC_0243.jpg"
"3060",8.398147866,2.6191,"5d793a152df8ed001645ed7f","EC_0096.jpg"
"3061",6.259259118,2.5338,"5d793a152df8ed001645ed7f","EC_0139.png"
"3062",8.851852417,2.3406,"5d793a152df8ed001645ed7f","EC_0231.jpg"
"3063",7.203703986,2.4088,"5d793a152df8ed001645ed7f","EC_0076.jpg"
"3064",7.907407549,2.1784,"5d793a152df8ed001645ed7f","EC_0094.jpg"
"3065",8.027777495,2.7552,"5d793a152df8ed001645ed7f","EC_0082.jpg"
"3066",7.240741165,3.0084,"5d793a152df8ed001645ed7f","EC_0170.jpg"
"3067",8.500000283,2.3058,"5d793a152df8ed001645ed7f","EC_0221.jpg"
"3068",8.472222222,2.485,"5d793a152df8ed001645ed7f","EC_0034.jpg"
"3069",7.861111252,3.3917,"5d793a152df8ed001645ed7f","EC_0249.jpg"
"3070",8.77777806,2.6384,"5d793a152df8ed001645ed7f","EC_0102.jpg"
"3071",6.231481764,3.5778,"5d793a152df8ed001645ed7f","EC_0011.jpg"
"3072",0.425926138,2.9137,"5d793a152df8ed001645ed7f","EC_0140.jpg"
"3073",7.435185468,2.5027,"5d793a152df8ed001645ed7f","EC_0018.jpg"
"3074",8.351851569,2.5571,"5d793a152df8ed001645ed7f","EC_0188.jpg"
"3075",6.685185609,2.7104,"5d793a152df8ed001645ed7f","EC_0117.jpg"
"3076",7.888889313,2.1972,"5d793a152df8ed001645ed7f","EC_0014.jpg"
"3077",8.185186033,2.3756,"5d793a152df8ed001645ed7f","EC_0115.jpg"
"3078",8.694445292,2.6564,"5d793a152df8ed001645ed7f","EC_0166.jpg"
"3079",6.907407266,2.2712,"5d793a152df8ed001645ed7f","EC_0003.jpg"
"3080",9.407407973,2.142,"5d793a152df8ed001645ed7f","EC_0030.jpg"
"3081",8.444444162,2.2271,"5d793a152df8ed001645ed7f","EC_0250.jpg"
"3082",8.03703732,2.728,"5d793a152df8ed001645ed7f","EC_0223.jpg"
"3083",8.592592875,2.6798,"5d793a152df8ed001645ed7f","EC_0244.jpg"
"3084",6.425926067,2.2915,"5d793a152df8ed001645ed7f","EC_0007.jpg"
"3085",7.175925926,2.6714,"5d793a152df8ed001645ed7f","EC_0016.jpg"
"3086",5.037037178,3.0169,"5d793a152df8ed001645ed7f","EC_0134.jpg"
"3087",8.148148148,2.3468,"5d793a152df8ed001645ed7f","EC_0105.jpg"
"3088",7.537037178,2.36,"5d793a152df8ed001645ed7f","EC_0015.jpg"
"3089",8.814814532,2.5213,"5d793a152df8ed001645ed7f","EC_0236.jpg"
"3090",8.94444501,2.1576,"5d793a152df8ed001645ed7f","EC_0059.jpg"
"3091",8.129629912,2.7333,"5d793a152df8ed001645ed7f","EC_0180.jpg"
"3092",2.416666525,2.6383,"5d793a152df8ed001645ed7f","EC_0141.jpg"
"3093",9.481482329,2.3445,"5d793a152df8ed001645ed7f","EC_0028.jpg"
"3094",6.074073933,3.2843,"5d793a152df8ed001645ed7f","EC_0083.jpg"
"3095",8.194444444,2.3897,"5d793a152df8ed001645ed7f","EC_0214.jpg"
"3096",6.675925785,2.8264,"5d793a152df8ed001645ed7f","EC_0246.jpg"
"3097",7.046296155,2.6513,"5d793a152df8ed001645ed7f","EC_0064.jpg"
"3098",8.03703732,2.6997,"5d793a152df8ed001645ed7f","EC_0197.jpg"
"3099",7.953703845,2.3927,"5d793a152df8ed001645ed7f","EC_0085.jpg"
"3100",6.555555838,2.4332,"5d793a152df8ed001645ed7f","EC_0205.jpg"
"3101",8.870370653,2.4589,"5d793a152df8ed001645ed7f","EC_0081.jpg"
"3102",7.824074074,2.5738,"5d793a152df8ed001645ed7f","EC_0036.jpeg"
"3103",8.629629347,2.2308,"5d793a152df8ed001645ed7f","EC_0118.jpg"
"3104",7.120370512,2.2372,"5d793a152df8ed001645ed7f","EC_0050.jpg"
"3105",4.722222222,2.6389,"5d793a152df8ed001645ed7f","EC_0219.jpg"
"3106",8.472222222,2.6526,"5d793a152df8ed001645ed7f","EC_0104.jpg"
"3107",4.305555556,2.9759,"5d793a152df8ed001645ed7f","EC_0067.jpg"
"3108",6.222222646,2.1416,"5d793a152df8ed001645ed7f","EC_0147.png"
"3109",8.009259259,2.1799,"5d793a152df8ed001645ed7f","EC_0020.jpg"
"3110",8.388889454,2.3545,"5d793a152df8ed001645ed7f","EC_0060.jpg"
"3111",6.500000424,2.2842,"5d793a152df8ed001645ed7f","EC_0100.jpg"
"3112",8.712963528,2.9609,"5d793a152df8ed001645ed7f","EC_0006.jpg"
"3113",7.944444727,2.5897,"5d793a152df8ed001645ed7f","EC_0167.jpg"
"3114",4.546296155,2.6502,"5d793a152df8ed001645ed7f","EC_0041.jpg"
"3115",8.333333333,2.4442,"5d793a152df8ed001645ed7f","EC_0039.jpg"
"3116",8.000000848,2.7218,"5d793a152df8ed001645ed7f","EC_0156.jpg"
"3117",8.703703704,2.6906,"5d793a152df8ed001645ed7f","EC_0203.jpg"
"3118",6.898148148,2.3211,"5d793a152df8ed001645ed7f","EC_0153.jpg"
"3119",1.592592663,2.372,"5d793a152df8ed001645ed7f","EC_0113.jpg"
"3120",5.805555979,3.2272,"5d793a152df8ed001645ed7f","EC_0129.jpeg"
"3121",7.888889313,2.2178,"5d793a152df8ed001645ed7f","EC_0135.jpg"
"3122",7.046296155,2.4241,"5d793a152df8ed001645ed7f","EC_0084.jpg"
"3123",8.953703421,2.5587,"5d793a152df8ed001645ed7f","EC_0123.jpeg"
"3124",7.342592875,2.3047,"5d793a152df8ed001645ed7f","EC_0222.jpg"
"3125",5.814815097,2.2628,"5d793a152df8ed001645ed7f","EC_0181.jpg"
"3126",8.527778343,2.4848,"5d793a152df8ed001645ed7f","EC_0174.jpg"
"3127",6.361111535,2.4514,"5d793a152df8ed001645ed7f","EC_0176.jpg"
"3128",7.907407549,2.1959,"5d793a152df8ed001645ed7f","EC_0213.jpg"
"3129",0.527777848,3.1256,"5d793a152df8ed001645ed7f","EC_0199.jpg"
"3130",4.675925926,2.3681,"5d793a152df8ed001645ed7f","EC_0054.jpg"
"3131",1.944444444,2.4172,"5d793a152df8ed001645ed7f","EC_0162.jpg"
"3132",4.379629912,2.3008,"5d793a152df8ed001645ed7f","EC_0047.jpg"
"3133",7.879629488,2.2638,"5d793a152df8ed001645ed7f","EC_0168.jpeg"
"3134",3.203703562,2.4295,"5d793a152df8ed001645ed7f","EC_0183.jpg"
"3135",4.472222505,2.5229,"5d793a152df8ed001645ed7f","EC_0040.jpg"
"3136",7.398148289,2.2336,"5d793a152df8ed001645ed7f","EC_0061.jpg"
"3137",8.851852417,2.676,"5d793a152df8ed001645ed7f","EC_0193.png"
"3138",4.92592635,2.3625,"5d793a152df8ed001645ed7f","EC_0088.jpg"
"3139",7.138888748,2.2666,"5d793a152df8ed001645ed7f","EC_0240.jpg"
"3140",3.37962963,2.8195,"5d793a152df8ed001645ed7f","EC_0136.jpg"
"3141",7.435185468,2.466,"5d793a152df8ed001645ed7f","EC_0099.jpg"
"3142",6.305555414,2.2373,"5d793a152df8ed001645ed7f","EC_0089.jpg"
"3143",8.388889454,2.3841,"5d793a152df8ed001645ed7f","EC_0069.jpg"
"3144",9.212962963,2.552,"5d793a152df8ed001645ed7f","EC_0194.jpg"
"3145",8.185186033,2.29,"5d793a152df8ed001645ed7f","EC_0109.jpg"
"3146",6.814814674,2.8326,"5d793a152df8ed001645ed7f","EC_0164.jpg"
"3147",7.490740882,2.4458,"5d793a152df8ed001645ed7f","EC_0032.jpg"
"3148",8.000000848,2.2997,"5d793a152df8ed001645ed7f","EC_0245.jpg"
"3149",5.157407831,2.1225,"5d793a152df8ed001645ed7f","EC_0048.jpg"
"3150",6.009259401,3.0599,"5d793a152df8ed001645ed7f","EC_0242.jpg"
"3151",7,3.0487,"5d7f79e7e41ee70018d9164a","EC_0070.jpg"
"3152",1.981481481,3.1697,"5d7f79e7e41ee70018d9164a","EC_0047.jpg"
"3153",5.981481481,3.4032,"5d7f79e7e41ee70018d9164a","EC_0230.jpg"
"3154",6.990740741,3.4028,"5d7f79e7e41ee70018d9164a","EC_0118.jpg"
"3155",9.009259259,3.4569,"5d7f79e7e41ee70018d9164a","EC_0074.jpg"
"3156",3.981481481,3.0904,"5d7f79e7e41ee70018d9164a","EC_0151.jpg"
"3157",5.981481481,4.4639,"5d7f79e7e41ee70018d9164a","EC_0158.jpg"
"3158",4.962962963,4.6275,"5d7f79e7e41ee70018d9164a","EC_0147.png"
"3159",4.962962963,3.1779,"5d7f79e7e41ee70018d9164a","EC_0062.jpg"
"3160",6.990740741,3.1858,"5d7f79e7e41ee70018d9164a","EC_0001.jpg"
"3161",0.990740741,4.3225,"5d7f79e7e41ee70018d9164a","EC_0201.jpg"
"3162",8.981481481,2.7073,"5d7f79e7e41ee70018d9164a","EC_0073.jpg"
"3163",1.990740741,3.5697,"5d7f79e7e41ee70018d9164a","EC_0137.jpg"
"3164",3.953703704,3.6744,"5d7f79e7e41ee70018d9164a","EC_0232.jpg"
"3165",5.990740741,3.2957,"5d7f79e7e41ee70018d9164a","EC_0177.jpg"
"3166",6.009259259,2.7887,"5d7f79e7e41ee70018d9164a","EC_0140.jpg"
"3167",4.972222222,2.9471,"5d7f79e7e41ee70018d9164a","EC_0088.jpg"
"3168",8,4.3472,"5d7f79e7e41ee70018d9164a","EC_0121.jpg"
"3169",0.009259259,3.5522,"5d7f79e7e41ee70018d9164a","EC_0248.jpg"
"3170",4.962962963,3.3042,"5d7f79e7e41ee70018d9164a","EC_0022.jpg"
"3171",9.953703704,3.2775,"5d7f79e7e41ee70018d9164a","EC_0227.jpg"
"3172",8,3.4403,"5d7f79e7e41ee70018d9164a","EC_0032.jpg"
"3173",9.953703704,3.92,"5d7f79e7e41ee70018d9164a","EC_0169.png"
"3174",0.083333333,4.5882,"5d7f79e7e41ee70018d9164a","EC_0182.jpg"
"3175",4.981481481,3.2261,"5d7f79e7e41ee70018d9164a","EC_0013.jpg"
"3176",9.972222222,3.1458,"5d7f79e7e41ee70018d9164a","EC_0037.jpg"
"3177",6.990740741,3.164,"5d7f79e7e41ee70018d9164a","EC_0064.jpg"
"3178",8,3.137,"5d7f79e7e41ee70018d9164a","EC_0040.jpg"
"3179",4.972222222,2.5957,"5d7f79e7e41ee70018d9164a","EC_0089.jpg"
"3180",9.990740741,3.0415,"5d7f79e7e41ee70018d9164a","EC_0221.jpg"
"3181",0,3.7524,"5d7f79e7e41ee70018d9164a","EC_0041.jpg"
"3182",4.972222222,2.7278,"5d7f79e7e41ee70018d9164a","EC_0019.jpg"
"3183",5.981481481,3.2124,"5d7f79e7e41ee70018d9164a","EC_0205.jpg"
"3184",5.037037037,2.9263,"5d7f79e7e41ee70018d9164a","EC_0163.jpg"
"3185",9.935185185,5.5588,"5d7f79e7e41ee70018d9164a","EC_0226.jpg"
"3186",9.962962963,2.9166,"5d7f79e7e41ee70018d9164a","EC_0103.jpg"
"3187",9.953703704,2.7193,"5d7f79e7e41ee70018d9164a","EC_0057.jpeg"
"3188",5,3.4772,"5d7f79e7e41ee70018d9164a","EC_0176.jpg"
"3189",6.962962963,2.6534,"5d7f79e7e41ee70018d9164a","EC_0154.jpg"
"3190",9.944444444,3.8457,"5d7f79e7e41ee70018d9164a","EC_0030.jpg"
"3191",4.935185185,3.5204,"5d7f79e7e41ee70018d9164a","EC_0184.jpg"
"3192",8.981481481,5.3104,"5d7f79e7e41ee70018d9164a","EC_0124.jpeg"
"3193",9.046296296,3.5107,"5d7f79e7e41ee70018d9164a","EC_0068.jpg"
"3194",9.009259259,2.6199,"5d7f79e7e41ee70018d9164a","EC_0194.jpg"
"3195",7.027777778,2.7743,"5d7f79e7e41ee70018d9164a","EC_0087.jpg"
"3196",9.907407407,3.4998,"5d7f79e7e41ee70018d9164a","EC_0234.jpg"
"3197",7.990740741,3.5111,"5d7f79e7e41ee70018d9164a","EC_0012.jpg"
"3198",9.009259259,2.525,"5d7f79e7e41ee70018d9164a","EC_0202.jpg"
"3199",3.962962963,4.1002,"5d7f79e7e41ee70018d9164a","EC_0240.jpg"
"3200",3.046296296,2.9767,"5d7f79e7e41ee70018d9164a","EC_0193.png"
"3201",6.009259259,3.0946,"5d7f79e7e41ee70018d9164a","EC_0235.jpg"
"3202",9.935185185,3.2667,"5d7f79e7e41ee70018d9164a","EC_0072.jpg"
"3203",7.009259259,2.6049,"5d7f79e7e41ee70018d9164a","EC_0007.jpg"
"3204",0.064814815,3.39,"5d7f79e7e41ee70018d9164a","EC_0241.jpg"
"3205",5.981481481,4.6021,"5d7f79e7e41ee70018d9164a","EC_0238.jpg"
"3206",6.018518519,4.4962,"5d7f79e7e41ee70018d9164a","EC_0165.jpg"
"3207",6.018518519,2.8973,"5d7f79e7e41ee70018d9164a","EC_0027.jpg"
"3208",7.981481481,2.3762,"5d7f79e7e41ee70018d9164a","EC_0100.jpg"
"3209",9.935185185,3.3543,"5d7f79e7e41ee70018d9164a","EC_0098.jpg"
"3210",8.027777778,3.8927,"5d7f79e7e41ee70018d9164a","EC_0131.jpg"
"3211",5.009259259,3.3486,"5d7f79e7e41ee70018d9164a","EC_0039.jpg"
"3212",9.092592593,3.4638,"5d7f79e7e41ee70018d9164a","EC_0167.jpg"
"3213",5.925925926,3.6377,"5d7f79e7e41ee70018d9164a","EC_0171.jpg"
"3214",7.962962963,3.1418,"5d7f79e7e41ee70018d9164a","EC_0197.jpg"
"3215",5.990740741,2.5156,"5d7f79e7e41ee70018d9164a","EC_0135.jpg"
"3216",5.018518519,3.1926,"5d7f79e7e41ee70018d9164a","EC_0243.jpg"
"3217",6.037037037,2.8655,"5d7f79e7e41ee70018d9164a","EC_0061.jpg"
"3218",6.046296296,4.7827,"5d7f79e7e41ee70018d9164a","EC_0020.jpg"
"3219",4.972222222,3.5023,"5d7f79e7e41ee70018d9164a","EC_0018.jpg"
"3220",3.935185185,4.1526,"5d7f79e7e41ee70018d9164a","EC_0095.jpg"
"3221",6.972222222,3.2811,"5d7f79e7e41ee70018d9164a","EC_0156.jpg"
"3222",8.953703704,13.9919,"5d7f79e7e41ee70018d9164a","EC_0162.jpg"
"3223",9.962962963,5.5046,"5d7f79e7e41ee70018d9164a","EC_0051.jpg"
"3224",9.925925926,3.2922,"5d7f79e7e41ee70018d9164a","EC_0203.jpg"
"3225",8.962962963,3.3519,"5d7f79e7e41ee70018d9164a","EC_0222.jpg"
"3226",6.944444444,2.4523,"5d7f79e7e41ee70018d9164a","EC_0173.jpg"
"3227",5.925925926,7.6927,"5d7f79e7e41ee70018d9164a","EC_0079.jpg"
"3228",6.009259259,3.5937,"5d7f79e7e41ee70018d9164a","EC_0245.jpg"
"3229",5.944444444,7.486,"5d7f79e7e41ee70018d9164a","EC_0082.jpg"
"3230",5.990740741,2.6147,"5d7f79e7e41ee70018d9164a","EC_0085.jpg"
"3231",7.064814815,6.5524,"5d7f79e7e41ee70018d9164a","EC_0066.jpg"
"3232",5.944444444,3.3188,"5d7f79e7e41ee70018d9164a","EC_0157.jpg"
"3233",6.009259259,2.8713,"5d7f79e7e41ee70018d9164a","EC_0059.jpg"
"3234",8.055555556,5.7097,"5d7f79e7e41ee70018d9164a","EC_0119.jpg"
"3235",4,3.8857,"5d7f79e7e41ee70018d9164a","EC_0090.jpg"
"3236",5.018518519,2.5606,"5d7f79e7e41ee70018d9164a","EC_0224.jpg"
"3237",2.953703704,3.6954,"5d7f79e7e41ee70018d9164a","EC_0049.jpg"
"3238",7.018518519,2.6134,"5d7f79e7e41ee70018d9164a","EC_0109.jpg"
"3239",4.962962963,3.2944,"5d7f79e7e41ee70018d9164a","EC_0207.jpg"
"3240",9.953703704,2.7817,"5d7f79e7e41ee70018d9164a","EC_0149.jpg"
"3241",8.990740741,2.9026,"5d7f79e7e41ee70018d9164a","EC_0014.jpg"
"3242",7.018518519,4.1387,"5d7f79e7e41ee70018d9164a","EC_0152.jpg"
"3243",6.027777778,2.5828,"5d7f79e7e41ee70018d9164a","EC_0214.jpg"
"3244",4.972222222,2.9526,"5d7f79e7e41ee70018d9164a","EC_0071.jpg"
"3245",7.037037037,2.4966,"5d7f79e7e41ee70018d9164a","EC_0117.jpg"
"3246",3.953703704,4.5406,"5d7f79e7e41ee70018d9164a","EC_0174.jpg"
"3247",2.018518519,4.8192,"5d7f79e7e41ee70018d9164a","EC_0231.jpg"
"3248",0.981481481,3.9293,"5d7f79e7e41ee70018d9164a","EC_0206.png"
"3249",6.981481481,2.828,"5d7f79e7e41ee70018d9164a","EC_0250.jpg"
"3250",4.990740741,2.5078,"5d7f79e7e41ee70018d9164a","EC_0141.jpg"
"3251",0.981481481,5.2852,"5d7f79e7e41ee70018d9164a","EC_0150.jpg"
"3252",4.990740741,2.9477,"5d7f79e7e41ee70018d9164a","EC_0036.jpeg"
"3253",6.064814815,4.2473,"5d7f79e7e41ee70018d9164a","EC_0105.jpg"
"3254",5.009259259,2.6468,"5d7f79e7e41ee70018d9164a","EC_0029.jpg"
"3255",7.064814815,2.6524,"5d7f79e7e41ee70018d9164a","EC_0237.jpg"
"3256",4.972222222,2.4646,"5d7f79e7e41ee70018d9164a","EC_0083.jpg"
"3257",6.981481481,3.3261,"5d7f79e7e41ee70018d9164a","EC_0033.jpeg"
"3258",0.018518519,3.2809,"5d7f79e7e41ee70018d9164a","EC_0067.jpg"
"3259",9.953703704,3.3752,"5d7f79e7e41ee70018d9164a","EC_0210.jpg"
"3260",7.990740741,2.8614,"5d7f79e7e41ee70018d9164a","EC_0031.jpg"
"3261",0.018518519,3.4025,"5d7f79e7e41ee70018d9164a","EC_0011.jpg"
"3262",6.018518519,2.4548,"5d7f79e7e41ee70018d9164a","EC_0010.jpg"
"3263",7.027777778,4.18,"5d7f79e7e41ee70018d9164a","EC_0080.jpg"
"3264",8.055555556,6.9534,"5d7f79e7e41ee70018d9164a","EC_0063.jpg"
"3265",9.916666667,5.287,"5d7f79e7e41ee70018d9164a","EC_0058.jpg"
"3266",0,3.5434,"5d7f79e7e41ee70018d9164a","EC_0229.jpg"
"3267",4.953703704,2.5905,"5d7f79e7e41ee70018d9164a","EC_0172.jpg"
"3268",8.009259259,3.5061,"5d7f79e7e41ee70018d9164a","EC_0016.jpg"
"3269",8.990740741,5.3995,"5d7f79e7e41ee70018d9164a","EC_0142.jpg"
"3270",6.018518519,2.7611,"5d7f79e7e41ee70018d9164a","EC_0094.jpg"
"3271",5.990740741,3.3075,"5d7f79e7e41ee70018d9164a","EC_0233.jpg"
"3272",6.083333333,4.122,"5d7f79e7e41ee70018d9164a","EC_0006.jpg"
"3273",9.962962963,2.9693,"5d7f79e7e41ee70018d9164a","EC_0097.jpg"
"3274",3.944444444,7.4232,"5d7f79e7e41ee70018d9164a","EC_0242.jpg"
"3275",9.953703704,3.183,"5d7f79e7e41ee70018d9164a","EC_0002.jpg"
"3276",9.064814815,3.67,"5d7f79e7e41ee70018d9164a","EC_0065.jpg"
"3277",9.990740741,2.6068,"5d7f79e7e41ee70018d9164a","EC_0093.jpg"
"3278",6.027777778,2.6413,"5d7f79e7e41ee70018d9164a","EC_0133.jpg"
"3279",7.953703704,2.6902,"5d7f79e7e41ee70018d9164a","EC_0050.jpg"
"3280",8.981481481,4.1292,"5d7f79e7e41ee70018d9164a","EC_0170.jpg"
"3281",5.055555556,3.1352,"5d7f79e7e41ee70018d9164a","EC_0199.jpg"
"3282",9.009259259,3.1196,"5d7f79e7e41ee70018d9164a","EC_0223.jpg"
"3283",9.925925926,3.1935,"5d7f79e7e41ee70018d9164a","EC_0077.jpg"
"3284",9.990740741,3.6407,"5d7f79e7e41ee70018d9164a","EC_0076.jpg"
"3285",6.046296296,4.5966,"5d7f79e7e41ee70018d9164a","EC_0055.jpg"
"3286",8.990740741,3.098,"5d7f79e7e41ee70018d9164a","EC_0153.jpg"
"3287",7.990740741,2.321,"5d7f79e7e41ee70018d9164a","EC_0120.jpg"
"3288",9.916666667,3.5625,"5d7f79e7e41ee70018d9164a","EC_0038.jpg"
"3289",6.027777778,3.2865,"5d7f79e7e41ee70018d9164a","EC_0160.jpg"
"3290",8.990740741,2.7541,"5d7f79e7e41ee70018d9164a","EC_0211.jpg"
"3291",9.990740741,2.7334,"5d7f79e7e41ee70018d9164a","EC_0236.jpg"
"3292",8.055555556,2.8973,"5d7f79e7e41ee70018d9164a","EC_0017.jpg"
"3293",6.037037037,2.6931,"5d7f79e7e41ee70018d9164a","EC_0148.jpg"
"3294",7.972222222,2.5552,"5d7f79e7e41ee70018d9164a","EC_0246.jpg"
"3295",4.981481481,4.2254,"5d7f79e7e41ee70018d9164a","EC_0024.jpg"
"3296",5.962962963,3.0528,"5d7f79e7e41ee70018d9164a","EC_0209.jpg"
"3297",4.990740741,3.1692,"5d7f79e7e41ee70018d9164a","EC_0005.jpg"
"3298",6.055555556,2.9053,"5d7f79e7e41ee70018d9164a","EC_0239.jpg"
"3299",4.083333333,3.6639,"5d7f79e7e41ee70018d9164a","EC_0086.jpg"
"3300",9.046296296,3.2524,"5d7f79e7e41ee70018d9164a","EC_0056.jpg"
"3301",9.083333333,3.4612,"5d7f79e7e41ee70018d9164a","EC_0219.jpg"
"3302",8.972222222,4.3044,"5d7f79e7e41ee70018d9164a","EC_0046.jpg"
"3303",7.009259259,4.2455,"5d7f79e7e41ee70018d9164a","EC_0166.jpg"
"3304",6,2.5048,"5d7f79e7e41ee70018d9164a","EC_0015.jpg"
"3305",6.962962963,3.2845,"5d7f79e7e41ee70018d9164a","EC_0132.jpg"
"3306",6.101851852,2.9411,"5d7f79e7e41ee70018d9164a","EC_0136.jpg"
"3307",4.981481481,3.4382,"5d7f79e7e41ee70018d9164a","EC_0101.jpg"
"3308",0.972222222,4.9295,"5d7f79e7e41ee70018d9164a","EC_0108.jpg"
"3309",8.888888889,5.2189,"5d7f79e7e41ee70018d9164a","EC_0102.jpg"
"3310",9.018518519,2.7859,"5d7f79e7e41ee70018d9164a","EC_0196.jpg"
"3311",1,5.6145,"5d7f79e7e41ee70018d9164a","EC_0069.jpg"
"3312",5.037037037,3.5189,"5d7f79e7e41ee70018d9164a","EC_0195.jpg"
"3313",7.907407407,2.9965,"5d7f79e7e41ee70018d9164a","EC_0075.jpg"
"3314",1.092592593,3.2062,"5d7f79e7e41ee70018d9164a","EC_0161.jpg"
"3315",6.953703704,4.5067,"5d7f79e7e41ee70018d9164a","EC_0159.jpg"
"3316",4.990740741,2.7024,"5d7f79e7e41ee70018d9164a","EC_0129.jpeg"
"3317",9.925925926,4.1357,"5d7f79e7e41ee70018d9164a","EC_0125.jpeg"
"3318",7.981481481,2.8152,"5d7f79e7e41ee70018d9164a","EC_0181.jpg"
"3319",7.046296296,2.361,"5d7f79e7e41ee70018d9164a","EC_0003.jpg"
"3320",6.046296296,2.7423,"5d7f79e7e41ee70018d9164a","EC_0138.png"
"3321",7.055555556,2.4191,"5d7f79e7e41ee70018d9164a","EC_0099.jpg"
"3322",4.981481481,2.8777,"5d7f79e7e41ee70018d9164a","EC_0028.jpg"
"3323",7.972222222,3.1043,"5d7f79e7e41ee70018d9164a","EC_0187.jpeg"
"3324",4.944444444,3.0687,"5d7f79e7e41ee70018d9164a","EC_0247.jpg"
"3325",5.027777778,2.011,"5d7f79e7e41ee70018d9164a","EC_0198.jpg"
"3326",6.009259259,3.8382,"5d7f79e7e41ee70018d9164a","EC_0008.jpg"
"3327",5.018518519,2.4492,"5d7f79e7e41ee70018d9164a","EC_0096.jpg"
"3328",8.962962963,2.8055,"5d7f79e7e41ee70018d9164a","EC_0081.jpg"
"3329",9.944444444,2.9235,"5d7f79e7e41ee70018d9164a","EC_0185.jpg"
"3330",6.935185185,17.0859,"5d7f79e7e41ee70018d9164a","EC_0111.jpg"
"3331",7.009259259,3.103,"5d7f79e7e41ee70018d9164a","EC_0228.jpg"
"3332",8.962962963,4.4364,"5d7f79e7e41ee70018d9164a","EC_0104.jpg"
"3333",6,2.1648,"5d7f79e7e41ee70018d9164a","EC_0113.jpg"
"3334",5.925925926,3.7085,"5d7f79e7e41ee70018d9164a","EC_0054.jpg"
"3335",9.981481481,2.6027,"5d7f79e7e41ee70018d9164a","EC_0188.jpg"
"3336",6.009259259,3.4097,"5d7f79e7e41ee70018d9164a","EC_0115.jpg"
"3337",6.935185185,6.9776,"5d7f79e7e41ee70018d9164a","EC_0164.jpg"
"3338",6.972222222,4.0339,"5d7f79e7e41ee70018d9164a","EC_0053.jpg"
"3339",1,4.6558,"5d7f79e7e41ee70018d9164a","EC_0106.jpg"
"3340",0.027777778,3.7944,"5d7f79e7e41ee70018d9164a","EC_0183.jpg"
"3341",3.962962963,3.1688,"5d7f79e7e41ee70018d9164a","EC_0213.jpg"
"3342",6.944444444,2.5828,"5d7f79e7e41ee70018d9164a","EC_0134.jpg"
"3343",9.981481481,3.0768,"5d7f79e7e41ee70018d9164a","EC_0123.jpeg"
"3344",4.981481481,3.8537,"5d7f79e7e41ee70018d9164a","EC_0249.jpg"
"3345",0.046296296,4.2698,"5d7f79e7e41ee70018d9164a","EC_0204.jpg"
"3346",9.907407407,2.999,"5d7f79e7e41ee70018d9164a","EC_0116.jpg"
"3347",6.953703704,3.6904,"5d7f79e7e41ee70018d9164a","EC_0128.jpeg"
"3348",4.944444444,3.8531,"5d7f79e7e41ee70018d9164a","EC_0200.png"
"3349",4.953703704,2.5597,"5d7f79e7e41ee70018d9164a","EC_0244.jpg"
"3350",6.046296296,2.866,"5d7f79e7e41ee70018d9164a","EC_0034.jpg"
"3351",6.018518519,4.7091,"5d7f79e7e41ee70018d9164a","EC_0168.jpeg"
"3352",6.101851852,3.2403,"5d7f79e7e41ee70018d9164a","EC_0084.jpg"
"3353",9.944444444,4.0449,"5d7f79e7e41ee70018d9164a","EC_0044.jpg"
"3354",4.935185185,21.4806,"5d7f79e7e41ee70018d9164a","EC_0139.png"
"3355",9.972222222,5.66,"5d7f79e7e41ee70018d9164a","EC_0042.jpg"
"3356",5.009259259,2.6646,"5d7f79e7e41ee70018d9164a","EC_0048.jpg"
"3357",5.018518519,2.3263,"5d7f79e7e41ee70018d9164a","EC_0060.jpg"
"3358",5.916666667,3.0807,"5d7f79e7e41ee70018d9164a","EC_0009.jpg"
"3359",7.111111111,2.5869,"5d7f79e7e41ee70018d9164a","EC_0180.jpg"
"3360",7.018518519,2.4077,"5d7f79e7e41ee70018d9164a","EC_0092.jpg"
"3361",7.009259683,3.6452,"5d88db42c1d06e001a1fdcab","EC_0063.jpg"
"3362",8.000000848,4.1856,"5d88db42c1d06e001a1fdcab","EC_0098.jpg"
"3363",6.925926208,3.3801,"5d88db42c1d06e001a1fdcab","EC_0036.jpeg"
"3364",8.935185185,3.0459,"5d88db42c1d06e001a1fdcab","EC_0134.jpg"
"3365",5.990741165,3.2675,"5d88db42c1d06e001a1fdcab","EC_0064.jpg"
"3366",4.027777778,3.0588,"5d88db42c1d06e001a1fdcab","EC_0234.jpg"
"3367",4.990740882,4.1459,"5d88db42c1d06e001a1fdcab","EC_0097.jpg"
"3368",6.944444444,3.7071,"5d88db42c1d06e001a1fdcab","EC_0092.jpg"
"3369",4.01851866,2.8409,"5d88db42c1d06e001a1fdcab","EC_0238.jpg"
"3370",7.027777919,2.6183,"5d88db42c1d06e001a1fdcab","EC_0016.jpg"
"3371",7.953703845,3.9573,"5d88db42c1d06e001a1fdcab","EC_0058.jpg"
"3372",6.037037461,2.9655,"5d88db42c1d06e001a1fdcab","EC_0223.jpg"
"3373",7.953703845,3.2414,"5d88db42c1d06e001a1fdcab","EC_0137.jpg"
"3374",4.055555838,3.384,"5d88db42c1d06e001a1fdcab","EC_0024.jpg"
"3375",4.000000424,3.2555,"5d88db42c1d06e001a1fdcab","EC_0049.jpg"
"3376",5.990741165,2.757,"5d88db42c1d06e001a1fdcab","EC_0172.jpg"
"3377",2.981481905,3.9105,"5d88db42c1d06e001a1fdcab","EC_0142.jpg"
"3378",1.009259401,3.7457,"5d88db42c1d06e001a1fdcab","EC_0247.jpg"
"3379",5.98148134,2.6195,"5d88db42c1d06e001a1fdcab","EC_0099.jpg"
"3380",7.009259683,5.6158,"5d88db42c1d06e001a1fdcab","EC_0138.png"
"3381",4.972222646,2.7413,"5d88db42c1d06e001a1fdcab","EC_0048.jpg"
"3382",4.027777778,2.8837,"5d88db42c1d06e001a1fdcab","EC_0069.jpg"
"3383",5.944444868,3.1555,"5d88db42c1d06e001a1fdcab","EC_0051.jpg"
"3384",7.916666667,3.0565,"5d88db42c1d06e001a1fdcab","EC_0001.jpg"
"3385",4.944444586,3.5562,"5d88db42c1d06e001a1fdcab","EC_0090.jpg"
"3386",3.972222364,2.7342,"5d88db42c1d06e001a1fdcab","EC_0181.jpg"
"3387",3.009259259,3.141,"5d88db42c1d06e001a1fdcab","EC_0161.jpg"
"3388",4.981481764,2.6675,"5d88db42c1d06e001a1fdcab","EC_0243.jpg"
"3389",3.03703732,2.8005,"5d88db42c1d06e001a1fdcab","EC_0227.jpg"
"3390",2.00925933,2.8671,"5d88db42c1d06e001a1fdcab","EC_0059.jpg"
"3391",7.935185609,3.0568,"5d88db42c1d06e001a1fdcab","EC_0108.jpg"
"3392",4.037036896,2.95,"5d88db42c1d06e001a1fdcab","EC_0232.jpg"
"3393",6.018518519,2.7504,"5d88db42c1d06e001a1fdcab","EC_0170.jpg"
"3394",6.990740741,2.6426,"5d88db42c1d06e001a1fdcab","EC_0065.jpg"
"3395",5.018518942,2.3767,"5d88db42c1d06e001a1fdcab","EC_0193.png"
"3396",6.898148148,3.1222,"5d88db42c1d06e001a1fdcab","EC_0046.jpg"
"3397",8.999999717,2.802,"5d88db42c1d06e001a1fdcab","EC_0057.jpeg"
"3398",6.046296579,2.9682,"5d88db42c1d06e001a1fdcab","EC_0053.jpg"
"3399",6.009259401,3.4435,"5d88db42c1d06e001a1fdcab","EC_0076.jpg"
"3400",6.972222505,3.2263,"5d88db42c1d06e001a1fdcab","EC_0008.jpg"
"3401",8.018519084,2.7078,"5d88db42c1d06e001a1fdcab","EC_0228.jpg"
"3402",6.990740741,3.2039,"5d88db42c1d06e001a1fdcab","EC_0056.jpg"
"3403",5,2.4949,"5d88db42c1d06e001a1fdcab","EC_0029.jpg"
"3404",8.009259259,3.3561,"5d88db42c1d06e001a1fdcab","EC_0157.jpg"
"3405",4.981481764,2.6067,"5d88db42c1d06e001a1fdcab","EC_0101.jpg"
"3406",7.972222787,3.0987,"5d88db42c1d06e001a1fdcab","EC_0077.jpg"
"3407",5.935185044,2.4937,"5d88db42c1d06e001a1fdcab","EC_0229.jpg"
"3408",5.009259118,2.7327,"5d88db42c1d06e001a1fdcab","EC_0211.jpg"
"3409",4.01851866,3.0296,"5d88db42c1d06e001a1fdcab","EC_0224.jpg"
"3410",2.851852134,2.8121,"5d88db42c1d06e001a1fdcab","EC_0165.jpg"
"3411",5.018518942,2.6903,"5d88db42c1d06e001a1fdcab","EC_0071.jpg"
"3412",6.037037461,2.3934,"5d88db42c1d06e001a1fdcab","EC_0019.jpg"
"3413",5.009259118,3.2126,"5d88db42c1d06e001a1fdcab","EC_0033.jpeg"
"3414",2.972222081,2.9008,"5d88db42c1d06e001a1fdcab","EC_0195.jpg"
"3415",3.833333475,2.5335,"5d88db42c1d06e001a1fdcab","EC_0164.jpg"
"3416",4.027777778,2.8597,"5d88db42c1d06e001a1fdcab","EC_0182.jpg"
"3417",5.074074357,2.4834,"5d88db42c1d06e001a1fdcab","EC_0151.jpg"
"3418",4.944444586,2.757,"5d88db42c1d06e001a1fdcab","EC_0171.jpg"
"3419",7.953703845,3.074,"5d88db42c1d06e001a1fdcab","EC_0102.jpg"
"3420",6.064814815,2.7216,"5d88db42c1d06e001a1fdcab","EC_0239.jpg"
"3421",7.009259683,2.7477,"5d88db42c1d06e001a1fdcab","EC_0084.jpg"
"3422",4.000000424,2.8672,"5d88db42c1d06e001a1fdcab","EC_0103.jpg"
"3423",3.027778202,3.5224,"5d88db42c1d06e001a1fdcab","EC_0062.jpg"
"3424",7.018518801,3.294,"5d88db42c1d06e001a1fdcab","EC_0096.jpg"
"3425",0.064814885,3.0553,"5d88db42c1d06e001a1fdcab","EC_0199.jpg"
"3426",8.962963246,4.1287,"5d88db42c1d06e001a1fdcab","EC_0037.jpg"
"3427",5.018518942,2.5942,"5d88db42c1d06e001a1fdcab","EC_0233.jpg"
"3428",8.962963246,2.5759,"5d88db42c1d06e001a1fdcab","EC_0073.jpg"
"3429",9.037037602,3.2673,"5d88db42c1d06e001a1fdcab","EC_0012.jpg"
"3430",8.018519084,3.5014,"5d88db42c1d06e001a1fdcab","EC_0003.jpg"
"3431",6.092592875,2.8424,"5d88db42c1d06e001a1fdcab","EC_0080.jpg"
"3432",8.97222307,3.1555,"5d88db42c1d06e001a1fdcab","EC_0041.jpg"
"3433",3.990740599,2.9054,"5d88db42c1d06e001a1fdcab","EC_0039.jpg"
"3434",5.98148134,2.4219,"5d88db42c1d06e001a1fdcab","EC_0079.jpg"
"3435",4.083333192,2.5237,"5d88db42c1d06e001a1fdcab","EC_0147.png"
"3436",2.972222081,2.8052,"5d88db42c1d06e001a1fdcab","EC_0177.jpg"
"3437",2.074074215,4.7656,"5d88db42c1d06e001a1fdcab","EC_0141.jpg"
"3438",3.981481481,2.7467,"5d88db42c1d06e001a1fdcab","EC_0011.jpg"
"3439",9.037037602,3.7057,"5d88db42c1d06e001a1fdcab","EC_0081.jpg"
"3440",6.000000283,2.5734,"5d88db42c1d06e001a1fdcab","EC_0221.jpg"
"3441",7.935185609,3.1224,"5d88db42c1d06e001a1fdcab","EC_0168.jpeg"
"3442",5.046296296,3.2554,"5d88db42c1d06e001a1fdcab","EC_0017.jpg"
"3443",5.98148134,3.1987,"5d88db42c1d06e001a1fdcab","EC_0166.jpg"
"3444",8.953703421,2.7811,"5d88db42c1d06e001a1fdcab","EC_0010.jpg"
"3445",7.953703845,2.4152,"5d88db42c1d06e001a1fdcab","EC_0054.jpg"
"3446",4.953703704,2.439,"5d88db42c1d06e001a1fdcab","EC_0032.jpg"
"3447",6.972222505,2.6836,"5d88db42c1d06e001a1fdcab","EC_0121.jpg"
"3448",3.083333616,2.8255,"5d88db42c1d06e001a1fdcab","EC_0235.jpg"
"3449",4.009259542,2.764,"5d88db42c1d06e001a1fdcab","EC_0111.jpg"
"3450",5.018518942,2.5098,"5d88db42c1d06e001a1fdcab","EC_0236.jpg"
"3451",7.037037037,2.9766,"5d88db42c1d06e001a1fdcab","EC_0230.jpg"
"3452",8.074073792,2.9564,"5d88db42c1d06e001a1fdcab","EC_0136.jpg"
"3453",1.981481623,2.716,"5d88db42c1d06e001a1fdcab","EC_0154.jpg"
"3454",5.046296296,2.2554,"5d88db42c1d06e001a1fdcab","EC_0030.jpg"
"3455",0.999999929,2.8222,"5d88db42c1d06e001a1fdcab","EC_0005.jpg"
"3456",4.000000424,2.8719,"5d88db42c1d06e001a1fdcab","EC_0086.jpg"
"3457",4.935185468,2.4052,"5d88db42c1d06e001a1fdcab","EC_0180.jpg"
"3458",1.092592522,2.8466,"5d88db42c1d06e001a1fdcab","EC_0124.jpeg"
"3459",5.02777806,2.5887,"5d88db42c1d06e001a1fdcab","EC_0068.jpg"
"3460",2.925925785,2.7557,"5d88db42c1d06e001a1fdcab","EC_0246.jpg"
"3461",8.953703421,2.4146,"5d88db42c1d06e001a1fdcab","EC_0074.jpg"
"3462",7.046296155,2.6481,"5d88db42c1d06e001a1fdcab","EC_0131.jpg"
"3463",2.00925933,2.6885,"5d88db42c1d06e001a1fdcab","EC_0214.jpg"
"3464",4.009259542,3.0121,"5d88db42c1d06e001a1fdcab","EC_0089.jpg"
"3465",4.953703704,2.6823,"5d88db42c1d06e001a1fdcab","EC_0061.jpg"
"3466",5,2.3391,"5d88db42c1d06e001a1fdcab","EC_0007.jpg"
"3467",1.88888903,2.7888,"5d88db42c1d06e001a1fdcab","EC_0176.jpg"
"3468",2.981481905,2.6433,"5d88db42c1d06e001a1fdcab","EC_0009.jpg"
"3469",5.009259118,2.5458,"5d88db42c1d06e001a1fdcab","EC_0022.jpg"
"3470",3.879629771,2.9168,"5d88db42c1d06e001a1fdcab","EC_0173.jpg"
"3471",8.018519084,4.1728,"5d88db42c1d06e001a1fdcab","EC_0185.jpg"
"3472",5.953703986,2.4552,"5d88db42c1d06e001a1fdcab","EC_0087.jpg"
"3473",5.009259118,2.3939,"5d88db42c1d06e001a1fdcab","EC_0113.jpg"
"3474",8.000000848,3.6366,"5d88db42c1d06e001a1fdcab","EC_0044.jpg"
"3475",7.925925785,2.7951,"5d88db42c1d06e001a1fdcab","EC_0055.jpg"
"3476",6.925926208,2.9055,"5d88db42c1d06e001a1fdcab","EC_0197.jpg"
"3477",1.851851852,2.7779,"5d88db42c1d06e001a1fdcab","EC_0206.png"
"3478",5.02777806,2.8386,"5d88db42c1d06e001a1fdcab","EC_0123.jpeg"
"3479",6.074073933,3.0932,"5d88db42c1d06e001a1fdcab","EC_0156.jpg"
"3480",6.953703562,2.4735,"5d88db42c1d06e001a1fdcab","EC_0231.jpg"
"3481",4.962962822,2.8773,"5d88db42c1d06e001a1fdcab","EC_0241.jpg"
"3482",2.916666667,2.4955,"5d88db42c1d06e001a1fdcab","EC_0162.jpg"
"3483",5.018518942,2.4819,"5d88db42c1d06e001a1fdcab","EC_0100.jpg"
"3484",6.111111111,2.1764,"5d88db42c1d06e001a1fdcab","EC_0034.jpg"
"3485",5.018518942,2.9614,"5d88db42c1d06e001a1fdcab","EC_0152.jpg"
"3486",5,2.5218,"5d88db42c1d06e001a1fdcab","EC_0027.jpg"
"3487",3.074074498,3.072,"5d88db42c1d06e001a1fdcab","EC_0128.jpeg"
"3488",3.953704128,2.4562,"5d88db42c1d06e001a1fdcab","EC_0118.jpg"
"3489",4.037036896,2.7603,"5d88db42c1d06e001a1fdcab","EC_0120.jpg"
"3490",2.962962963,2.9006,"5d88db42c1d06e001a1fdcab","EC_0139.png"
"3491",5.037037178,2.3589,"5d88db42c1d06e001a1fdcab","EC_0117.jpg"
"3492",5.953703986,2.5057,"5d88db42c1d06e001a1fdcab","EC_0116.jpg"
"3493",2.888889313,2.596,"5d88db42c1d06e001a1fdcab","EC_0150.jpg"
"3494",6.990740741,2.7049,"5d88db42c1d06e001a1fdcab","EC_0085.jpg"
"3495",3.064814674,3.1558,"5d88db42c1d06e001a1fdcab","EC_0204.jpg"
"3496",7.972222787,2.882,"5d88db42c1d06e001a1fdcab","EC_0013.jpg"
"3497",8.999999717,2.672,"5d88db42c1d06e001a1fdcab","EC_0109.jpg"
"3498",8.94444501,2.8387,"5d88db42c1d06e001a1fdcab","EC_0106.jpg"
"3499",5.944444868,2.7395,"5d88db42c1d06e001a1fdcab","EC_0014.jpg"
"3500",6.981481623,2.5273,"5d88db42c1d06e001a1fdcab","EC_0160.jpg"
"3501",6.972222505,3.1886,"5d88db42c1d06e001a1fdcab","EC_0209.jpg"
"3502",5.98148134,2.5817,"5d88db42c1d06e001a1fdcab","EC_0194.jpg"
"3503",7.962962963,2.4988,"5d88db42c1d06e001a1fdcab","EC_0196.jpg"
"3504",8.851852417,2.5247,"5d88db42c1d06e001a1fdcab","EC_0242.jpg"
"3505",7.972222787,2.341,"5d88db42c1d06e001a1fdcab","EC_0105.jpg"
"3506",3.120370794,2.5622,"5d88db42c1d06e001a1fdcab","EC_0198.jpg"
"3507",5.990741165,3.329,"5d88db42c1d06e001a1fdcab","EC_0002.jpg"
"3508",2.064815097,3.0967,"5d88db42c1d06e001a1fdcab","EC_0125.jpeg"
"3509",2.018518448,2.405,"5d88db42c1d06e001a1fdcab","EC_0095.jpg"
"3510",0.027777707,2.7839,"5d88db42c1d06e001a1fdcab","EC_0184.jpg"
"3511",3.916666949,2.6493,"5d88db42c1d06e001a1fdcab","EC_0135.jpg"
"3512",2.00925933,2.6639,"5d88db42c1d06e001a1fdcab","EC_0119.jpg"
"3513",2.898148431,3.2308,"5d88db42c1d06e001a1fdcab","EC_0163.jpg"
"3514",3.000000141,2.7109,"5d88db42c1d06e001a1fdcab","EC_0250.jpg"
"3515",4.944444586,2.4613,"5d88db42c1d06e001a1fdcab","EC_0042.jpg"
"3516",7.990741023,2.8588,"5d88db42c1d06e001a1fdcab","EC_0075.jpg"
"3517",3.13888903,3.3057,"5d88db42c1d06e001a1fdcab","EC_0129.jpeg"
"3518",6.018518519,2.5323,"5d88db42c1d06e001a1fdcab","EC_0210.jpg"
"3519",9.009259542,2.7394,"5d88db42c1d06e001a1fdcab","EC_0174.jpg"
"3520",9.037037602,2.8387,"5d88db42c1d06e001a1fdcab","EC_0188.jpg"
"3521",3.925926067,2.3793,"5d88db42c1d06e001a1fdcab","EC_0202.jpg"
"3522",5.925925926,2.872,"5d88db42c1d06e001a1fdcab","EC_0040.jpg"
"3523",4.000000424,2.5137,"5d88db42c1d06e001a1fdcab","EC_0237.jpg"
"3524",6.000000283,2.1128,"5d88db42c1d06e001a1fdcab","EC_0050.jpg"
"3525",5.074074357,2.7513,"5d88db42c1d06e001a1fdcab","EC_0158.jpg"
"3526",3.898148007,2.6485,"5d88db42c1d06e001a1fdcab","EC_0067.jpg"
"3527",3.888888889,2.564,"5d88db42c1d06e001a1fdcab","EC_0200.png"
"3528",5.935185044,2.4453,"5d88db42c1d06e001a1fdcab","EC_0169.png"
"3529",5.02777806,2.3721,"5d88db42c1d06e001a1fdcab","EC_0245.jpg"
"3530",0.953703633,2.8422,"5d88db42c1d06e001a1fdcab","EC_0140.jpg"
"3531",2.083333333,2.8278,"5d88db42c1d06e001a1fdcab","EC_0226.jpg"
"3532",4.953703704,2.3893,"5d88db42c1d06e001a1fdcab","EC_0203.jpg"
"3533",3.000000141,2.5266,"5d88db42c1d06e001a1fdcab","EC_0153.jpg"
"3534",8.027777495,3.4282,"5d88db42c1d06e001a1fdcab","EC_0207.jpg"
"3535",5.02777806,4.4515,"5d88db42c1d06e001a1fdcab","EC_0094.jpg"
"3536",6.999999859,2.4716,"5d88db42c1d06e001a1fdcab","EC_0244.jpg"
"3537",9.083333898,2.4293,"5d88db42c1d06e001a1fdcab","EC_0159.jpg"
"3538",3.925926067,2.7385,"5d88db42c1d06e001a1fdcab","EC_0240.jpg"
"3539",8.009259259,2.5475,"5d88db42c1d06e001a1fdcab","EC_0060.jpg"
"3540",8.999999717,2.9884,"5d88db42c1d06e001a1fdcab","EC_0082.jpg"
"3541",9.018519366,2.4636,"5d88db42c1d06e001a1fdcab","EC_0133.jpg"
"3542",5.009259118,2.6176,"5d88db42c1d06e001a1fdcab","EC_0115.jpg"
"3543",7.064815097,2.3236,"5d88db42c1d06e001a1fdcab","EC_0038.jpg"
"3544",4.009259542,2.8222,"5d88db42c1d06e001a1fdcab","EC_0148.jpg"
"3545",6.972222505,2.372,"5d88db42c1d06e001a1fdcab","EC_0083.jpg"
"3546",8.000000848,2.4923,"5d88db42c1d06e001a1fdcab","EC_0088.jpg"
"3547",8.879630477,2.4736,"5d88db42c1d06e001a1fdcab","EC_0072.jpg"
"3548",6.055555697,2.41,"5d88db42c1d06e001a1fdcab","EC_0015.jpg"
"3549",7.925925785,3.2797,"5d88db42c1d06e001a1fdcab","EC_0167.jpg"
"3550",5.009259118,2.5415,"5d88db42c1d06e001a1fdcab","EC_0047.jpg"
"3551",5.916666808,2.6285,"5d88db42c1d06e001a1fdcab","EC_0187.jpeg"
"3552",2.972222081,2.6555,"5d88db42c1d06e001a1fdcab","EC_0249.jpg"
"3553",2.972222081,2.9245,"5d88db42c1d06e001a1fdcab","EC_0183.jpg"
"3554",4.888889171,2.3053,"5d88db42c1d06e001a1fdcab","EC_0219.jpg"
"3555",3.824074357,2.4387,"5d88db42c1d06e001a1fdcab","EC_0066.jpg"
"3556",8.907407125,2.8219,"5d88db42c1d06e001a1fdcab","EC_0020.jpg"
"3557",4.972222646,2.4722,"5d88db42c1d06e001a1fdcab","EC_0248.jpg"
"3558",6.000000283,2.4131,"5d88db42c1d06e001a1fdcab","EC_0018.jpg"
"3559",8.03703732,2.7391,"5d88db42c1d06e001a1fdcab","EC_0132.jpg"
"3560",6.953703562,2.4934,"5d88db42c1d06e001a1fdcab","EC_0006.jpg"
"3561",5.990741165,3.1888,"5d88db42c1d06e001a1fdcab","EC_0028.jpg"
"3562",7.925925785,2.8902,"5d88db42c1d06e001a1fdcab","EC_0149.jpg"
"3563",8.009259259,3.2978,"5d88db42c1d06e001a1fdcab","EC_0104.jpg"
"3564",3.981481481,2.7843,"5d88db42c1d06e001a1fdcab","EC_0031.jpg"
"3565",7.79629672,3.0884,"5d88db42c1d06e001a1fdcab","EC_0070.jpg"
"3566",4.962962822,2.7897,"5d88db42c1d06e001a1fdcab","EC_0201.jpg"
"3567",2.953703845,3.9634,"5d88db42c1d06e001a1fdcab","EC_0222.jpg"
"3568",7.925925785,3.05,"5d88db42c1d06e001a1fdcab","EC_0093.jpg"
"3569",8.000000848,2.6889,"5d88db42c1d06e001a1fdcab","EC_0205.jpg"
"3570",3.962963246,3.2388,"5d88db42c1d06e001a1fdcab","EC_0213.jpg"
"3571",5.944,3.66,"5da8566c033d5700135798fb","EC_0176.jpg"
"3572",4.968,13.492,"5da8566c033d5700135798fb","EC_0244.jpg"
"3573",3.976,5.423,"5da8566c033d5700135798fb","EC_0050.jpg"
"3574",6.968,3.415,"5da8566c033d5700135798fb","EC_0116.jpg"
"3575",6.968,2.646,"5da8566c033d5700135798fb","EC_0209.jpg"
"3576",2.968,3.279,"5da8566c033d5700135798fb","EC_0040.jpg"
"3577",7.992,3.689,"5da8566c033d5700135798fb","EC_0020.jpg"
"3578",4.008,4.425,"5da8566c033d5700135798fb","EC_0059.jpg"
"3579",5.08,3.774,"5da8566c033d5700135798fb","EC_0163.jpg"
"3580",5.064,2.773,"5da8566c033d5700135798fb","EC_0162.jpg"
"3581",10,5.256,"5da8566c033d5700135798fb","EC_0034.jpg"
"3582",7.976,4.21,"5da8566c033d5700135798fb","EC_0014.jpg"
"3583",6.968,4.344,"5da8566c033d5700135798fb","EC_0104.jpg"
"3584",6.968,3.135,"5da8566c033d5700135798fb","EC_0038.jpg"
"3585",7.992,4.706,"5da8566c033d5700135798fb","EC_0182.jpg"
"3586",7.144,5.114,"5da8566c033d5700135798fb","EC_0138.png"
"3587",6.008,5.625,"5da8566c033d5700135798fb","EC_0164.jpg"
"3588",3.4,3.906,"5da8566c033d5700135798fb","EC_0113.jpg"
"3589",2.968,3.477,"5da8566c033d5700135798fb","EC_0046.jpg"
"3590",6.984,3.857,"5da8566c033d5700135798fb","EC_0153.jpg"
"3591",3.976,3.198,"5da8566c033d5700135798fb","EC_0135.jpg"
"3592",1.976,4.532,"5da8566c033d5700135798fb","EC_0247.jpg"
"3593",0.584,3.989,"5da8566c033d5700135798fb","EC_0187.jpeg"
"3594",5.528,5.105,"5da8566c033d5700135798fb","EC_0103.jpg"
"3595",6.984,5.38,"5da8566c033d5700135798fb","EC_0008.jpg"
"3596",4.92,2.789,"5da8566c033d5700135798fb","EC_0029.jpg"
"3597",6.584,3.206,"5da8566c033d5700135798fb","EC_0030.jpg"
"3598",4.488,7.326,"5da8566c033d5700135798fb","EC_0120.jpg"
"3599",7.24,2.981,"5da8566c033d5700135798fb","EC_0167.jpg"
"3600",7.848,2.773,"5da8566c033d5700135798fb","EC_0037.jpg"
"3601",6.248,3.59,"5da8566c033d5700135798fb","EC_0079.jpg"
"3602",7.368,2.995,"5da8566c033d5700135798fb","EC_0044.jpg"
"3603",6.936,2.832,"5da8566c033d5700135798fb","EC_0228.jpg"
"3604",6.936,2.806,"5da8566c033d5700135798fb","EC_0142.jpg"
"3605",5.032,3.131,"5da8566c033d5700135798fb","EC_0202.jpg"
"3606",6.408,2.791,"5da8566c033d5700135798fb","EC_0173.jpg"
"3607",0.952,3.556,"5da8566c033d5700135798fb","EC_0088.jpg"
"3608",0.008,3.979,"5da8566c033d5700135798fb","EC_0169.png"
"3609",2.024,3.931,"5da8566c033d5700135798fb","EC_0061.jpg"
"3610",3.976,4.382,"5da8566c033d5700135798fb","EC_0231.jpg"
"3611",3.976,2.96,"5da8566c033d5700135798fb","EC_0183.jpg"
"3612",5.736,4.51,"5da8566c033d5700135798fb","EC_0077.jpg"
"3613",4.952,9.991,"5da8566c033d5700135798fb","EC_0117.jpg"
"3614",5.64,3.607,"5da8566c033d5700135798fb","EC_0086.jpg"
"3615",4.968,6.292,"5da8566c033d5700135798fb","EC_0036.jpeg"
"3616",4.968,3.123,"5da8566c033d5700135798fb","EC_0195.jpg"
"3617",4.968,2.722,"5da8566c033d5700135798fb","EC_0180.jpg"
"3618",0.04,4.255,"5da8566c033d5700135798fb","EC_0048.jpg"
"3619",5.56,3.875,"5da8566c033d5700135798fb","EC_0123.jpeg"
"3620",6.024,2.778,"5da8566c033d5700135798fb","EC_0157.jpg"
"3621",6.264,3.939,"5da8566c033d5700135798fb","EC_0194.jpg"
"3622",5.416,2.81,"5da8566c033d5700135798fb","EC_0011.jpg"
"3623",4.92,5.89,"5da8566c033d5700135798fb","EC_0033.jpeg"
"3624",2.984,3.733,"5da8566c033d5700135798fb","EC_0203.jpg"
"3625",6.008,4.039,"5da8566c033d5700135798fb","EC_0239.jpg"
"3626",6.664,3.192,"5da8566c033d5700135798fb","EC_0108.jpg"
"3627",7.096,3.131,"5da8566c033d5700135798fb","EC_0128.jpeg"
"3628",7.416,3.29,"5da8566c033d5700135798fb","EC_0177.jpg"
"3629",7.576,3.861,"5da8566c033d5700135798fb","EC_0188.jpg"
"3630",0.008,4.456,"5da8566c033d5700135798fb","EC_0204.jpg"
"3631",5.288,3.373,"5da8566c033d5700135798fb","EC_0159.jpg"
"3632",7.992,6.323,"5da8566c033d5700135798fb","EC_0133.jpg"
"3633",6.296,3.461,"5da8566c033d5700135798fb","EC_0152.jpg"
"3634",5.896,4.206,"5da8566c033d5700135798fb","EC_0121.jpg"
"3635",4.984,6.324,"5da8566c033d5700135798fb","EC_0125.jpeg"
"3636",5.656,2.561,"5da8566c033d5700135798fb","EC_0018.jpg"
"3637",1.768,3.157,"5da8566c033d5700135798fb","EC_0119.jpg"
"3638",5.592,5.969,"5da8566c033d5700135798fb","EC_0224.jpg"
"3639",2.936,4.479,"5da8566c033d5700135798fb","EC_0115.jpg"
"3640",5.256,3.538,"5da8566c033d5700135798fb","EC_0100.jpg"
"3641",0.312,3.304,"5da8566c033d5700135798fb","EC_0148.jpg"
"3642",0.92,4.798,"5da8566c033d5700135798fb","EC_0089.jpg"
"3643",6.296,2.877,"5da8566c033d5700135798fb","EC_0137.jpg"
"3644",7,5.532,"5da8566c033d5700135798fb","EC_0057.jpeg"
"3645",6.184,6.344,"5da8566c033d5700135798fb","EC_0067.jpg"
"3646",5.016,9.755,"5da8566c033d5700135798fb","EC_0064.jpg"
"3647",5.016,3.361,"5da8566c033d5700135798fb","EC_0017.jpg"
"3648",3.944,2.906,"5da8566c033d5700135798fb","EC_0071.jpg"
"3649",3.944,2.799,"5da8566c033d5700135798fb","EC_0101.jpg"
"3650",2.088,3.632,"5da8566c033d5700135798fb","EC_0095.jpg"
"3651",0.12,3.861,"5da8566c033d5700135798fb","EC_0230.jpg"
"3652",0.968,2.891,"5da8566c033d5700135798fb","EC_0165.jpg"
"3653",1.688,3.849,"5da8566c033d5700135798fb","EC_0003.jpg"
"3654",2.488,3.48,"5da8566c033d5700135798fb","EC_0221.jpg"
"3655",4.968,4.922,"5da8566c033d5700135798fb","EC_0241.jpg"
"3656",8.504,10.759,"5da8566c033d5700135798fb","EC_0219.jpg"
"3657",2.024,4.845,"5da8566c033d5700135798fb","EC_0051.jpg"
"3658",0.792,3.023,"5da8566c033d5700135798fb","EC_0049.jpg"
"3659",2.344,3.639,"5da8566c033d5700135798fb","EC_0060.jpg"
"3660",5.448,3.157,"5da8566c033d5700135798fb","EC_0092.jpg"
"3661",0.136,3.671,"5da8566c033d5700135798fb","EC_0039.jpg"
"3662",4.184,3.522,"5da8566c033d5700135798fb","EC_0139.png"
"3663",4.984,4.18,"5da8566c033d5700135798fb","EC_0243.jpg"
"3664",5.352,4.31,"5da8566c033d5700135798fb","EC_0016.jpg"
"3665",0.008,5.608,"5da8566c033d5700135798fb","EC_0081.jpg"
"3666",1.928,4.208,"5da8566c033d5700135798fb","EC_0193.png"
"3667",5,5.027,"5da8566c033d5700135798fb","EC_0109.jpg"
"3668",5.256,3.572,"5da8566c033d5700135798fb","EC_0102.jpg"
"3669",5.992,3.066,"5da8566c033d5700135798fb","EC_0197.jpg"
"3670",6.376,3.161,"5da8566c033d5700135798fb","EC_0223.jpg"
"3671",2.984,3.905,"5da8566c033d5700135798fb","EC_0184.jpg"
"3672",5.608,3.94,"5da8566c033d5700135798fb","EC_0022.jpg"
"3673",3.96,3.425,"5da8566c033d5700135798fb","EC_0161.jpg"
"3674",5.512,3.333,"5da8566c033d5700135798fb","EC_0134.jpg"
"3675",6.68,2.776,"5da8566c033d5700135798fb","EC_0076.jpg"
"3676",2.68,3.581,"5da8566c033d5700135798fb","EC_0090.jpg"
"3677",1.368,3.18,"5da8566c033d5700135798fb","EC_0214.jpg"
"3678",2.552,2.863,"5da8566c033d5700135798fb","EC_0211.jpg"
"3679",2.568,3.407,"5da8566c033d5700135798fb","EC_0132.jpg"
"3680",0.568,2.914,"5da8566c033d5700135798fb","EC_0055.jpg"
"3681",6.008,2.851,"5da8566c033d5700135798fb","EC_0087.jpg"
"3682",0.232,4.339,"5da8566c033d5700135798fb","EC_0181.jpg"
"3683",5.992,2.539,"5da8566c033d5700135798fb","EC_0098.jpg"
"3684",5.944,2.756,"5da8566c033d5700135798fb","EC_0012.jpg"
"3685",5.384,2.911,"5da8566c033d5700135798fb","EC_0097.jpg"
"3686",6.408,2.672,"5da8566c033d5700135798fb","EC_0099.jpg"
"3687",6.856,2.739,"5da8566c033d5700135798fb","EC_0094.jpg"
"3688",8.328,3.257,"5da8566c033d5700135798fb","EC_0072.jpg"
"3689",8.312,3.072,"5da8566c033d5700135798fb","EC_0093.jpg"
"3690",7.992,2.656,"5da8566c033d5700135798fb","EC_0015.jpg"
"3691",7.16,3.829,"5da8566c033d5700135798fb","EC_0070.jpg"
"3692",6.808,2.533,"5da8566c033d5700135798fb","EC_0250.jpg"
"3693",7.4,2.383,"5da8566c033d5700135798fb","EC_0053.jpg"
"3694",7.736,2.475,"5da8566c033d5700135798fb","EC_0150.jpg"
"3695",6.328,6.488,"5da8566c033d5700135798fb","EC_0168.jpeg"
"3696",7.432,2.749,"5da8566c033d5700135798fb","EC_0080.jpg"
"3697",7.816,3.407,"5da8566c033d5700135798fb","EC_0245.jpg"
"3698",0.2,2.881,"5da8566c033d5700135798fb","EC_0235.jpg"
"3699",5.56,4.522,"5da8566c033d5700135798fb","EC_0170.jpg"
"3700",1.944,3.191,"5da8566c033d5700135798fb","EC_0232.jpg"
"3701",6.488,4.108,"5da8566c033d5700135798fb","EC_0075.jpg"
"3702",6.12,4.289,"5da8566c033d5700135798fb","EC_0236.jpg"
"3703",6.568,3.823,"5da8566c033d5700135798fb","EC_0019.jpg"
"3704",3.08,4.363,"5da8566c033d5700135798fb","EC_0158.jpg"
"3705",5.72,8.632,"5da8566c033d5700135798fb","EC_0237.jpg"
"3706",6.072,12.073,"5da8566c033d5700135798fb","EC_0166.jpg"
"3707",5.368,3.205,"5da8566c033d5700135798fb","EC_0229.jpg"
"3708",5.016,4.314,"5da8566c033d5700135798fb","EC_0198.jpg"
"3709",5.88,2.973,"5da8566c033d5700135798fb","EC_0006.jpg"
"3710",3,4.106,"5da8566c033d5700135798fb","EC_0013.jpg"
"3711",3.944,2.967,"5da8566c033d5700135798fb","EC_0210.jpg"
"3712",4.984,3.392,"5da8566c033d5700135798fb","EC_0105.jpg"
"3713",5.448,3.047,"5da8566c033d5700135798fb","EC_0063.jpg"
"3714",5.976,3.749,"5da8566c033d5700135798fb","EC_0154.jpg"
"3715",3.288,2.872,"5da8566c033d5700135798fb","EC_0005.jpg"
"3716",2.088,3.723,"5da8566c033d5700135798fb","EC_0196.jpg"
"3717",7.192,5.006,"5da8566c033d5700135798fb","EC_0242.jpg"
"3718",5.768,4.608,"5da8566c033d5700135798fb","EC_0200.png"
"3719",2.44,4.06,"5da8566c033d5700135798fb","EC_0156.jpg"
"3720",5.432,5.442,"5da8566c033d5700135798fb","EC_0096.jpg"
"3721",6.648,2.527,"5da8566c033d5700135798fb","EC_0118.jpg"
"3722",0.872,3.873,"5da8566c033d5700135798fb","EC_0054.jpg"
"3723",1.016,2.81,"5da8566c033d5700135798fb","EC_0246.jpg"
"3724",6.568,3.239,"5da8566c033d5700135798fb","EC_0106.jpg"
"3725",9.016,3.856,"5da8566c033d5700135798fb","EC_0083.jpg"
"3726",6.072,6.462,"5da8566c033d5700135798fb","EC_0085.jpg"
"3727",7.016,2.789,"5da8566c033d5700135798fb","EC_0068.jpg"
"3728",4.984,8.038,"5da8566c033d5700135798fb","EC_0069.jpg"
"3729",5.016,15.465,"5da8566c033d5700135798fb","EC_0111.jpg"
"3730",5.448,3.939,"5da8566c033d5700135798fb","EC_0024.jpg"
"3731",5.448,3.644,"5da8566c033d5700135798fb","EC_0249.jpg"
"3732",5.992,3.008,"5da8566c033d5700135798fb","EC_0082.jpg"
"3733",6.36,3.514,"5da8566c033d5700135798fb","EC_0042.jpg"
"3734",6.456,4.312,"5da8566c033d5700135798fb","EC_0131.jpg"
"3735",6.76,1803.161,"5da8566c033d5700135798fb","EC_0233.jpg"
"3736",3.96,7.206,"5da8566c033d5700135798fb","EC_0227.jpg"
"3737",3.928,7.404,"5da8566c033d5700135798fb","EC_0141.jpg"
"3738",1.992,3.422,"5da8566c033d5700135798fb","EC_0031.jpg"
"3739",4.984,3.992,"5da8566c033d5700135798fb","EC_0248.jpg"
"3740",5.704,8.323,"5da8566c033d5700135798fb","EC_0028.jpg"
"3741",5.112,2.706,"5da8566c033d5700135798fb","EC_0160.jpg"
"3742",7.192,3.025,"5da8566c033d5700135798fb","EC_0207.jpg"
"3743",7.384,2.825,"5da8566c033d5700135798fb","EC_0010.jpg"
"3744",7.624,2.841,"5da8566c033d5700135798fb","EC_0066.jpg"
"3745",2.52,3.106,"5da8566c033d5700135798fb","EC_0124.jpeg"
"3746",1.256,2.465,"5da8566c033d5700135798fb","EC_0174.jpg"
"3747",5.272,2.728,"5da8566c033d5700135798fb","EC_0009.jpg"
"3748",6.824,2.407,"5da8566c033d5700135798fb","EC_0213.jpg"
"3749",7.544,2.596,"5da8566c033d5700135798fb","EC_0065.jpg"
"3750",3.48,3.406,"5da8566c033d5700135798fb","EC_0240.jpg"
"3751",5.72,2.407,"5da8566c033d5700135798fb","EC_0172.jpg"
"3752",2.072,3.843,"5da8566c033d5700135798fb","EC_0226.jpg"
"3753",0.888,3.712,"5da8566c033d5700135798fb","EC_0041.jpg"
"3754",6.376,3.951,"5da8566c033d5700135798fb","EC_0001.jpg"
"3755",8.28,2.543,"5da8566c033d5700135798fb","EC_0074.jpg"
"3756",4.44,4.723,"5da8566c033d5700135798fb","EC_0136.jpg"
"3757",2.76,3.11,"5da8566c033d5700135798fb","EC_0201.jpg"
"3758",5.688,2.655,"5da8566c033d5700135798fb","EC_0238.jpg"
"3759",6.856,2.905,"5da8566c033d5700135798fb","EC_0205.jpg"
"3760",2.728,3.256,"5da8566c033d5700135798fb","EC_0129.jpeg"
"3761",0,4.721,"5da8566c033d5700135798fb","EC_0147.png"
"3762",0.296,3.454,"5da8566c033d5700135798fb","EC_0047.jpg"
"3763",2.92,3.613,"5da8566c033d5700135798fb","EC_0058.jpg"
"3764",2.056,2.714,"5da8566c033d5700135798fb","EC_0027.jpg"
"3765",9.464,4.524,"5da8566c033d5700135798fb","EC_0149.jpg"
"3766",6.36,3.142,"5da8566c033d5700135798fb","EC_0171.jpg"
"3767",5.624,3.006,"5da8566c033d5700135798fb","EC_0140.jpg"
"3768",4.024,6.29,"5da8566c033d5700135798fb","EC_0185.jpg"
"3769",6.008,2.482,"5da8566c033d5700135798fb","EC_0234.jpg"
"3770",6.984,4.075,"5da8566c033d5700135798fb","EC_0206.png"
"3771",2.184,3.546,"5da8566c033d5700135798fb","EC_0084.jpg"
"3772",6.04,2.375,"5da8566c033d5700135798fb","EC_0222.jpg"
"3773",8.216,3.298,"5da8566c033d5700135798fb","EC_0002.jpg"
"3774",4.968,2.572,"5da8566c033d5700135798fb","EC_0056.jpg"
"3775",3.768,2.289,"5da8566c033d5700135798fb","EC_0062.jpg"
"3776",2.968,4.574,"5da8566c033d5700135798fb","EC_0032.jpg"
"3777",6.584,2.409,"5da8566c033d5700135798fb","EC_0007.jpg"
"3778",7.144,2.233,"5da8566c033d5700135798fb","EC_0151.jpg"
"3779",5.112,3.489,"5da8566c033d5700135798fb","EC_0199.jpg"
"3780",6.344,2.389,"5da8566c033d5700135798fb","EC_0073.jpg"
"3781",8.030769042,3.254,"5dbaded2af6b8e0e8c3632ed","EC_0154.jpg"
"3782",8.129732992,2.885,"5dbaded2af6b8e0e8c3632ed","EC_0070.jpg"
"3783",9.54821627,3.018,"5dbaded2af6b8e0e8c3632ed","EC_0034.jpg"
"3784",7.590929266,2.817,"5dbaded2af6b8e0e8c3632ed","EC_0046.jpg"
"3785",0.201621028,4.442,"5dbaded2af6b8e0e8c3632ed","EC_0002.jpg"
"3786",1.103292569,2.778,"5dbaded2af6b8e0e8c3632ed","EC_0159.jpg"
"3787",5.094838537,3.182,"5dbaded2af6b8e0e8c3632ed","EC_0156.jpg"
"3788",9.372280359,3.032,"5dbaded2af6b8e0e8c3632ed","EC_0193.png"
"3789",6.590293776,3.304,"5dbaded2af6b8e0e8c3632ed","EC_0133.jpg"
"3790",3.423447388,3.315,"5dbaded2af6b8e0e8c3632ed","EC_0230.jpg"
"3791",8.041765037,2.347,"5dbaded2af6b8e0e8c3632ed","EC_0243.jpg"
"3792",9.339292376,2.734,"5dbaded2af6b8e0e8c3632ed","EC_0160.jpg"
"3793",9.438256326,2.914,"5dbaded2af6b8e0e8c3632ed","EC_0104.jpg"
"3794",4.929898621,3.3,"5dbaded2af6b8e0e8c3632ed","EC_0174.jpg"
"3795",0.597476827,2.746,"5dbaded2af6b8e0e8c3632ed","EC_0169.png"
"3796",0.289588984,3.045,"5dbaded2af6b8e0e8c3632ed","EC_0106.jpg"
"3797",0.465524894,3.083,"5dbaded2af6b8e0e8c3632ed","EC_0109.jpg"
"3798",0.091661084,3.165,"5dbaded2af6b8e0e8c3632ed","EC_0241.jpg"
"3799",9.504232292,2.747,"5dbaded2af6b8e0e8c3632ed","EC_0061.jpg"
"3800",4.885914643,2.915,"5dbaded2af6b8e0e8c3632ed","EC_0234.jpg"
"3801",8.393636857,2.366,"5dbaded2af6b8e0e8c3632ed","EC_0202.jpg"
"3802",7.5249533,3.201,"5dbaded2af6b8e0e8c3632ed","EC_0083.jpg"
"3803",0.058673101,3.304,"5dbaded2af6b8e0e8c3632ed","EC_0124.jpeg"
"3804",0.102657079,3.483,"5dbaded2af6b8e0e8c3632ed","EC_0090.jpg"
"3805",1.125284558,3.419,"5dbaded2af6b8e0e8c3632ed","EC_0005.jpg"
"3806",1.136280553,2.803,"5dbaded2af6b8e0e8c3632ed","EC_0019.jpg"
"3807",9.537220275,2.67,"5dbaded2af6b8e0e8c3632ed","EC_0219.jpg"
"3808",5.138822515,2.948,"5dbaded2af6b8e0e8c3632ed","EC_0162.jpg"
"3809",8.404632852,2.549,"5dbaded2af6b8e0e8c3632ed","EC_0171.jpg"
"3810",9.482240303,2.448,"5dbaded2af6b8e0e8c3632ed","EC_0137.jpg"
"3811",8.734512684,4.484,"5dbaded2af6b8e0e8c3632ed","EC_0249.jpg"
"3812",7.480969322,4.169,"5dbaded2af6b8e0e8c3632ed","EC_0185.jpg"
"3813",8.514592796,2.831,"5dbaded2af6b8e0e8c3632ed","EC_0116.jpg"
"3814",8.294672908,2.904,"5dbaded2af6b8e0e8c3632ed","EC_0011.jpg"
"3815",9.372280359,2.905,"5dbaded2af6b8e0e8c3632ed","EC_0044.jpg"
"3816",7.689893216,2.35,"5dbaded2af6b8e0e8c3632ed","EC_0176.jpg"
"3817",4.918902627,3.654,"5dbaded2af6b8e0e8c3632ed","EC_0125.jpeg"
"3818",0.366560944,3.39,"5dbaded2af6b8e0e8c3632ed","EC_0039.jpg"
"3819",8.107741003,2.622,"5dbaded2af6b8e0e8c3632ed","EC_0248.jpg"
"3820",0.091661084,4,"5dbaded2af6b8e0e8c3632ed","EC_0108.jpg"
"3821",0.234609012,1.93,"5dbaded2af6b8e0e8c3632ed","EC_0105.jpg"
"3822",9.020408538,2.988,"5dbaded2af6b8e0e8c3632ed","EC_0018.jpg"
"3823",5.039858565,6.422,"5dbaded2af6b8e0e8c3632ed","EC_0129.jpeg"
"3824",0.663452793,3.047,"5dbaded2af6b8e0e8c3632ed","EC_0056.jpg"
"3825",6.194437977,2.88,"5dbaded2af6b8e0e8c3632ed","EC_0177.jpg"
"3826",6.997145569,2.346,"5dbaded2af6b8e0e8c3632ed","EC_0213.jpg"
"3827",6.986149574,2.566,"5dbaded2af6b8e0e8c3632ed","EC_0094.jpg"
"3828",9.515228286,2.98,"5dbaded2af6b8e0e8c3632ed","EC_0188.jpg"
"3829",8.943436578,2.714,"5dbaded2af6b8e0e8c3632ed","EC_0167.jpg"
"3830",0.014689124,3.669,"5dbaded2af6b8e0e8c3632ed","EC_0067.jpg"
"3831",5.32575442,2.782,"5dbaded2af6b8e0e8c3632ed","EC_0053.jpg"
"3832",6.920173608,2.752,"5dbaded2af6b8e0e8c3632ed","EC_0172.jpg"
"3833",6.854197641,2.13,"5dbaded2af6b8e0e8c3632ed","EC_0096.jpg"
"3834",8.80048865,2.195,"5dbaded2af6b8e0e8c3632ed","EC_0048.jpg"
"3835",9.031404533,2.331,"5dbaded2af6b8e0e8c3632ed","EC_0050.jpg"
"3836",5.193802487,3.863,"5dbaded2af6b8e0e8c3632ed","EC_0204.jpg"
"3837",3.236515483,2.566,"5dbaded2af6b8e0e8c3632ed","EC_0237.jpg"
"3838",0.256601,2.883,"5dbaded2af6b8e0e8c3632ed","EC_0164.jpg"
"3839",6.535313804,2.649,"5dbaded2af6b8e0e8c3632ed","EC_0180.jpg"
"3840",9.570208258,3.204,"5dbaded2af6b8e0e8c3632ed","EC_0200.png"
"3841",0.091661084,3.398,"5dbaded2af6b8e0e8c3632ed","EC_0028.jpg"
"3842",5.105834531,3.1,"5dbaded2af6b8e0e8c3632ed","EC_0221.jpg"
"3843",9.526224281,2.78,"5dbaded2af6b8e0e8c3632ed","EC_0008.jpg"
"3844",9.053396522,2.449,"5dbaded2af6b8e0e8c3632ed","EC_0205.jpg"
"3845",8.954432572,2.347,"5dbaded2af6b8e0e8c3632ed","EC_0113.jpg"
"3846",0.212617023,3.133,"5dbaded2af6b8e0e8c3632ed","EC_0055.jpg"
"3847",9.746144169,3.283,"5dbaded2af6b8e0e8c3632ed","EC_0082.jpg"
"3848",5.457706352,2.365,"5dbaded2af6b8e0e8c3632ed","EC_0092.jpg"
"3849",0.223613017,2.649,"5dbaded2af6b8e0e8c3632ed","EC_0240.jpg"
"3850",0.696440777,2.231,"5dbaded2af6b8e0e8c3632ed","EC_0088.jpg"
"3851",0.718432765,2.247,"5dbaded2af6b8e0e8c3632ed","EC_0012.jpg"
"3852",9.834112124,3.056,"5dbaded2af6b8e0e8c3632ed","EC_0051.jpg"
"3853",4.962886604,2.529,"5dbaded2af6b8e0e8c3632ed","EC_0029.jpg"
"3854",0.509508872,2.856,"5dbaded2af6b8e0e8c3632ed","EC_0072.jpg"
"3855",9.669172208,2.569,"5dbaded2af6b8e0e8c3632ed","EC_0047.jpg"
"3856",5.237786464,2.936,"5dbaded2af6b8e0e8c3632ed","EC_0222.jpg"
"3857",7.447981339,4.003,"5dbaded2af6b8e0e8c3632ed","EC_0206.png"
"3858",7.623917249,2.569,"5dbaded2af6b8e0e8c3632ed","EC_0077.jpg"
"3859",5.380734392,2.899,"5dbaded2af6b8e0e8c3632ed","EC_0060.jpg"
"3860",2.224883998,2.713,"5dbaded2af6b8e0e8c3632ed","EC_0007.jpg"
"3861",8.8994526,2.379,"5dbaded2af6b8e0e8c3632ed","EC_0030.jpg"
"3862",0.091661084,4.202,"5dbaded2af6b8e0e8c3632ed","EC_0058.jpg"
"3863",0.663452793,2.35,"5dbaded2af6b8e0e8c3632ed","EC_0187.jpeg"
"3864",9.680168202,2.695,"5dbaded2af6b8e0e8c3632ed","EC_0168.jpeg"
"3865",0.113653073,4.222,"5dbaded2af6b8e0e8c3632ed","EC_0201.jpg"
"3866",9.669172208,2.981,"5dbaded2af6b8e0e8c3632ed","EC_0017.jpg"
"3867",5.490694336,4.435,"5dbaded2af6b8e0e8c3632ed","EC_0195.jpg"
"3868",1.312216463,2.446,"5dbaded2af6b8e0e8c3632ed","EC_0238.jpg"
"3869",0.35556495,3.233,"5dbaded2af6b8e0e8c3632ed","EC_0170.jpg"
"3870",0.300584978,2.566,"5dbaded2af6b8e0e8c3632ed","EC_0103.jpg"
"3871",0.069669096,2.752,"5dbaded2af6b8e0e8c3632ed","EC_0042.jpg"
"3872",0.102657079,2.164,"5dbaded2af6b8e0e8c3632ed","EC_0236.jpg"
"3873",2.092932065,2.7,"5dbaded2af6b8e0e8c3632ed","EC_0066.jpg"
"3874",7.393001367,2.846,"5dbaded2af6b8e0e8c3632ed","EC_0233.jpg"
"3875",1.938988144,3.419,"5dbaded2af6b8e0e8c3632ed","EC_0024.jpg"
"3876",9.17435246,2.821,"5dbaded2af6b8e0e8c3632ed","EC_0209.jpg"
"3877",9.152360471,1.913,"5dbaded2af6b8e0e8c3632ed","EC_0132.jpg"
"3878",9.361284365,2.533,"5dbaded2af6b8e0e8c3632ed","EC_0093.jpg"
"3879",6.87618963,2.415,"5dbaded2af6b8e0e8c3632ed","EC_0118.jpg"
"3880",3.137551534,3.534,"5dbaded2af6b8e0e8c3632ed","EC_0001.jpg"
"3881",0.553492849,2.971,"5dbaded2af6b8e0e8c3632ed","EC_0085.jpg"
"3882",0.641460804,1.998,"5dbaded2af6b8e0e8c3632ed","EC_0128.jpeg"
"3883",8.393636857,2.563,"5dbaded2af6b8e0e8c3632ed","EC_0183.jpg"
"3884",8.701524701,3.97,"5dbaded2af6b8e0e8c3632ed","EC_0095.jpg"
"3885",7.173081479,2.532,"5dbaded2af6b8e0e8c3632ed","EC_0182.jpg"
"3886",1.147276547,2.895,"5dbaded2af6b8e0e8c3632ed","EC_0057.jpeg"
"3887",5.006870582,3.984,"5dbaded2af6b8e0e8c3632ed","EC_0014.jpg"
"3888",1.00432862,4.32,"5dbaded2af6b8e0e8c3632ed","EC_0123.jpeg"
"3889",8.811484645,2.679,"5dbaded2af6b8e0e8c3632ed","EC_0068.jpg"
"3890",6.216429966,2.786,"5dbaded2af6b8e0e8c3632ed","EC_0231.jpg"
"3891",7.766865177,2.549,"5dbaded2af6b8e0e8c3632ed","EC_0158.jpg"
"3892",9.614192236,2.631,"5dbaded2af6b8e0e8c3632ed","EC_0135.jpg"
"3893",5.039858565,4.309,"5dbaded2af6b8e0e8c3632ed","EC_0147.png"
"3894",5.050854559,2.477,"5dbaded2af6b8e0e8c3632ed","EC_0229.jpg"
"3895",7.546945289,2.982,"5dbaded2af6b8e0e8c3632ed","EC_0184.jpg"
"3896",6.491329826,3.532,"5dbaded2af6b8e0e8c3632ed","EC_0115.jpg"
"3897",0.322576967,3.807,"5dbaded2af6b8e0e8c3632ed","EC_0111.jpg"
"3898",9.383276354,3.565,"5dbaded2af6b8e0e8c3632ed","EC_0244.jpg"
"3899",1.070304586,2.968,"5dbaded2af6b8e0e8c3632ed","EC_0073.jpg"
"3900",4.995874587,3.032,"5dbaded2af6b8e0e8c3632ed","EC_0139.png"
"3901",4.984878593,1.877,"5dbaded2af6b8e0e8c3632ed","EC_0142.jpg"
"3902",6.898181619,2.53,"5dbaded2af6b8e0e8c3632ed","EC_0079.jpg"
"3903",9.229332432,2.551,"5dbaded2af6b8e0e8c3632ed","EC_0181.jpg"
"3904",5.578662291,3.303,"5dbaded2af6b8e0e8c3632ed","EC_0065.jpg"
"3905",9.746144169,2.8,"5dbaded2af6b8e0e8c3632ed","EC_0210.jpg"
"3906",1.224248508,2.589,"5dbaded2af6b8e0e8c3632ed","EC_0223.jpg"
"3907",0.003693129,3.569,"5dbaded2af6b8e0e8c3632ed","EC_0199.jpg"
"3908",9.82311613,2.827,"5dbaded2af6b8e0e8c3632ed","EC_0003.jpg"
"3909",0.553492849,3.733,"5dbaded2af6b8e0e8c3632ed","EC_0131.jpg"
"3910",0.003693129,3.682,"5dbaded2af6b8e0e8c3632ed","EC_0247.jpg"
"3911",7.920809098,2.515,"5dbaded2af6b8e0e8c3632ed","EC_0235.jpg"
"3912",8.030769042,2.232,"5dbaded2af6b8e0e8c3632ed","EC_0198.jpg"
"3913",9.372280359,2.9,"5dbaded2af6b8e0e8c3632ed","EC_0242.jpg"
"3914",6.480333832,2.648,"5dbaded2af6b8e0e8c3632ed","EC_0071.jpg"
"3915",5.006870582,3.099,"5dbaded2af6b8e0e8c3632ed","EC_0166.jpg"
"3916",9.54821627,3.152,"5dbaded2af6b8e0e8c3632ed","EC_0152.jpg"
"3917",9.54821627,2.181,"5dbaded2af6b8e0e8c3632ed","EC_0086.jpg"
"3918",0.696440777,3.45,"5dbaded2af6b8e0e8c3632ed","EC_0081.jpg"
"3919",4.687986744,3.214,"5dbaded2af6b8e0e8c3632ed","EC_0038.jpg"
"3920",9.90008809,3.597,"5dbaded2af6b8e0e8c3632ed","EC_0157.jpg"
"3921",9.482240303,2.452,"5dbaded2af6b8e0e8c3632ed","EC_0087.jpg"
"3922",9.361284365,3.282,"5dbaded2af6b8e0e8c3632ed","EC_0084.jpg"
"3923",9.361284365,2.282,"5dbaded2af6b8e0e8c3632ed","EC_0163.jpg"
"3924",9.361284365,2.133,"5dbaded2af6b8e0e8c3632ed","EC_0207.jpg"
"3925",5.358742403,2.827,"5dbaded2af6b8e0e8c3632ed","EC_0120.jpg"
"3926",8.415628846,2.264,"5dbaded2af6b8e0e8c3632ed","EC_0102.jpg"
"3927",8.72351669,2.329,"5dbaded2af6b8e0e8c3632ed","EC_0245.jpg"
"3928",6.557305792,2.801,"5dbaded2af6b8e0e8c3632ed","EC_0148.jpg"
"3929",3.005599601,3.197,"5dbaded2af6b8e0e8c3632ed","EC_0040.jpg"
"3930",0.300584978,3.066,"5dbaded2af6b8e0e8c3632ed","EC_0121.jpg"
"3931",5.116830526,3.535,"5dbaded2af6b8e0e8c3632ed","EC_0099.jpg"
"3932",6.832205652,4.811,"5dbaded2af6b8e0e8c3632ed","EC_0117.jpg"
"3933",5.182806492,3.05,"5dbaded2af6b8e0e8c3632ed","EC_0196.jpg"
"3934",8.965428566,2.583,"5dbaded2af6b8e0e8c3632ed","EC_0119.jpg"
"3935",2.026956099,3.115,"5dbaded2af6b8e0e8c3632ed","EC_0226.jpg"
"3936",9.339292376,2.628,"5dbaded2af6b8e0e8c3632ed","EC_0250.jpg"
"3937",9.317300387,2.144,"5dbaded2af6b8e0e8c3632ed","EC_0197.jpg"
"3938",9.372280359,1.963,"5dbaded2af6b8e0e8c3632ed","EC_0089.jpg"
"3939",0.146641056,3.185,"5dbaded2af6b8e0e8c3632ed","EC_0194.jpg"
"3940",0.245605006,3.298,"5dbaded2af6b8e0e8c3632ed","EC_0228.jpg"
"3941",0.872376687,2.567,"5dbaded2af6b8e0e8c3632ed","EC_0224.jpg"
"3942",0.861380693,2.8,"5dbaded2af6b8e0e8c3632ed","EC_0069.jpg"
"3943",8.107741003,2.668,"5dbaded2af6b8e0e8c3632ed","EC_0031.jpg"
"3944",5.193802487,3.182,"5dbaded2af6b8e0e8c3632ed","EC_0227.jpg"
"3945",7.590929266,2.714,"5dbaded2af6b8e0e8c3632ed","EC_0165.jpg"
"3946",5.50169033,2.981,"5dbaded2af6b8e0e8c3632ed","EC_0138.png"
"3947",7.491965317,2.681,"5dbaded2af6b8e0e8c3632ed","EC_0041.jpg"
"3948",5.435714364,3.566,"5dbaded2af6b8e0e8c3632ed","EC_0027.jpg"
"3949",3.632371282,3.683,"5dbaded2af6b8e0e8c3632ed","EC_0141.jpg"
"3950",5.105834531,3,"5dbaded2af6b8e0e8c3632ed","EC_0134.jpg"
"3951",5.237786464,1.765,"5dbaded2af6b8e0e8c3632ed","EC_0037.jpg"
"3952",0.432536911,3.316,"5dbaded2af6b8e0e8c3632ed","EC_0020.jpg"
"3953",0.696440777,2.097,"5dbaded2af6b8e0e8c3632ed","EC_0097.jpg"
"3954",7.349017389,2.547,"5dbaded2af6b8e0e8c3632ed","EC_0246.jpg"
"3955",0.069669096,4.351,"5dbaded2af6b8e0e8c3632ed","EC_0033.jpeg"
"3956",0.014689124,3.83,"5dbaded2af6b8e0e8c3632ed","EC_0075.jpg"
"3957",9.394272348,3.785,"5dbaded2af6b8e0e8c3632ed","EC_0076.jpg"
"3958",5.12782652,2.816,"5dbaded2af6b8e0e8c3632ed","EC_0149.jpg"
"3959",2.521775847,3.256,"5dbaded2af6b8e0e8c3632ed","EC_0151.jpg"
"3960",3.434443382,3.504,"5dbaded2af6b8e0e8c3632ed","EC_0074.jpg"
"3961",7.986785065,2.549,"5dbaded2af6b8e0e8c3632ed","EC_0153.jpg"
"3962",6.920173608,2.671,"5dbaded2af6b8e0e8c3632ed","EC_0173.jpg"
"3963",5.149818509,2.403,"5dbaded2af6b8e0e8c3632ed","EC_0098.jpg"
"3964",8.932440583,2.813,"5dbaded2af6b8e0e8c3632ed","EC_0006.jpg"
"3965",5.996510078,3.192,"5dbaded2af6b8e0e8c3632ed","EC_0100.jpg"
"3966",2.47779187,2.934,"5dbaded2af6b8e0e8c3632ed","EC_0015.jpg"
"3967",0.520504866,2.565,"5dbaded2af6b8e0e8c3632ed","EC_0054.jpg"
"3968",5.072846548,2.828,"5dbaded2af6b8e0e8c3632ed","EC_0064.jpg"
"3969",2.092932065,2.75,"5dbaded2af6b8e0e8c3632ed","EC_0239.jpg"
"3970",0.465524894,2.65,"5dbaded2af6b8e0e8c3632ed","EC_0022.jpg"
"3971",0.036681112,2.747,"5dbaded2af6b8e0e8c3632ed","EC_0161.jpg"
"3972",1.213252513,2.904,"5dbaded2af6b8e0e8c3632ed","EC_0010.jpg"
"3973",6.073482039,3.854,"5dbaded2af6b8e0e8c3632ed","EC_0049.jpg"
"3974",9.438256326,3.001,"5dbaded2af6b8e0e8c3632ed","EC_0062.jpg"
"3975",6.733241703,2.969,"5dbaded2af6b8e0e8c3632ed","EC_0232.jpg"
"3976",9.99905204,2.928,"5dbaded2af6b8e0e8c3632ed","EC_0150.jpg"
"3977",9.878096102,1.996,"5dbaded2af6b8e0e8c3632ed","EC_0059.jpg"
"3978",8.184712964,2.669,"5dbaded2af6b8e0e8c3632ed","EC_0009.jpg"
"3979",8.833476634,2.518,"5dbaded2af6b8e0e8c3632ed","EC_0016.jpg"
"3980",5.193802487,2.882,"5dbaded2af6b8e0e8c3632ed","EC_0101.jpg"
"3981",9.614192236,2.734,"5dbaded2af6b8e0e8c3632ed","EC_0136.jpg"
"3982",5.028862571,2.642,"5dbaded2af6b8e0e8c3632ed","EC_0214.jpg"
"3983",9.427260331,3.143,"5dbaded2af6b8e0e8c3632ed","EC_0063.jpg"
"3984",7.634913244,2.253,"5dbaded2af6b8e0e8c3632ed","EC_0080.jpg"
"3985",10,4.388,"5dbaded2af6b8e0e8c3632ed","EC_0211.jpg"
"3986",2.37882792,4.016,"5dbaded2af6b8e0e8c3632ed","EC_0036.jpeg"
"3987",0.113653073,3.217,"5dbaded2af6b8e0e8c3632ed","EC_0140.jpg"
"3988",9.867100107,3.221,"5dbaded2af6b8e0e8c3632ed","EC_0203.jpg"
"3989",6.887185625,2.462,"5dbaded2af6b8e0e8c3632ed","EC_0013.jpg"
"3990",5.105834531,2.494,"5dbaded2af6b8e0e8c3632ed","EC_0032.jpg"
"3991",6.064814815,3.1832,"5de3dfebc0049d3e5c7cc17c","EC_0077.jpg"
"3992",7.953703704,4.2094,"5de3dfebc0049d3e5c7cc17c","EC_0164.jpg"
"3993",0,3.1141,"5de3dfebc0049d3e5c7cc17c","EC_0113.jpg"
"3994",0,3.5017,"5de3dfebc0049d3e5c7cc17c","EC_0121.jpg"
"3995",5.055555556,4.2876,"5de3dfebc0049d3e5c7cc17c","EC_0046.jpg"
"3996",8.12037037,4.1833,"5de3dfebc0049d3e5c7cc17c","EC_0048.jpg"
"3997",5.953703704,3.5638,"5de3dfebc0049d3e5c7cc17c","EC_0230.jpg"
"3998",9.101851852,3.064,"5de3dfebc0049d3e5c7cc17c","EC_0092.jpg"
"3999",2.962962963,5.1151,"5de3dfebc0049d3e5c7cc17c","EC_0234.jpg"
"4000",5.916666667,4.32,"5de3dfebc0049d3e5c7cc17c","EC_0176.jpg"
"4001",9.990740741,3.483,"5de3dfebc0049d3e5c7cc17c","EC_0219.jpg"
"4002",9.055555556,2.9222,"5de3dfebc0049d3e5c7cc17c","EC_0160.jpg"
"4003",9.990740741,4.5709,"5de3dfebc0049d3e5c7cc17c","EC_0062.jpg"
"4004",5.990740741,4.8784,"5de3dfebc0049d3e5c7cc17c","EC_0214.jpg"
"4005",9.925925926,4.4528,"5de3dfebc0049d3e5c7cc17c","EC_0138.png"
"4006",5.990740741,4.9707,"5de3dfebc0049d3e5c7cc17c","EC_0065.jpg"
"4007",1.037037037,5.0544,"5de3dfebc0049d3e5c7cc17c","EC_0031.jpg"
"4008",4.972222222,4.1764,"5de3dfebc0049d3e5c7cc17c","EC_0162.jpg"
"4009",7.990740741,4.6896,"5de3dfebc0049d3e5c7cc17c","EC_0070.jpg"
"4010",5.101851852,7.4522,"5de3dfebc0049d3e5c7cc17c","EC_0103.jpg"
"4011",0.101851852,3.2568,"5de3dfebc0049d3e5c7cc17c","EC_0040.jpg"
"4012",1.944444444,4.5159,"5de3dfebc0049d3e5c7cc17c","EC_0154.jpg"
"4013",0.027777778,4.5875,"5de3dfebc0049d3e5c7cc17c","EC_0033.jpeg"
"4014",4.074074074,3.6151,"5de3dfebc0049d3e5c7cc17c","EC_0095.jpg"
"4015",5.046296296,3.881,"5de3dfebc0049d3e5c7cc17c","EC_0238.jpg"
"4016",6.916666667,3.7505,"5de3dfebc0049d3e5c7cc17c","EC_0064.jpg"
"4017",8.898148148,3.4604,"5de3dfebc0049d3e5c7cc17c","EC_0030.jpg"
"4018",2.037037037,3.0826,"5de3dfebc0049d3e5c7cc17c","EC_0012.jpg"
"4019",3.064814815,4.6206,"5de3dfebc0049d3e5c7cc17c","EC_0097.jpg"
"4020",0.12962963,2.7838,"5de3dfebc0049d3e5c7cc17c","EC_0108.jpg"
"4021",6.074074074,3.8394,"5de3dfebc0049d3e5c7cc17c","EC_0015.jpg"
"4022",7.990740741,4.6336,"5de3dfebc0049d3e5c7cc17c","EC_0188.jpg"
"4023",4.018518519,2.946,"5de3dfebc0049d3e5c7cc17c","EC_0142.jpg"
"4024",7.027777778,3.1112,"5de3dfebc0049d3e5c7cc17c","EC_0032.jpg"
"4025",1.12037037,4.1985,"5de3dfebc0049d3e5c7cc17c","EC_0019.jpg"
"4026",9.916666667,4.3054,"5de3dfebc0049d3e5c7cc17c","EC_0137.jpg"
"4027",6,2.9307,"5de3dfebc0049d3e5c7cc17c","EC_0072.jpg"
"4028",4.074074074,3.6271,"5de3dfebc0049d3e5c7cc17c","EC_0194.jpg"
"4029",9.925925926,4.5039,"5de3dfebc0049d3e5c7cc17c","EC_0034.jpg"
"4030",0.074074074,3.3836,"5de3dfebc0049d3e5c7cc17c","EC_0090.jpg"
"4031",7.907407407,4.6304,"5de3dfebc0049d3e5c7cc17c","EC_0079.jpg"
"4032",2.175925926,4.9382,"5de3dfebc0049d3e5c7cc17c","EC_0242.jpg"
"4033",6.935185185,3.7334,"5de3dfebc0049d3e5c7cc17c","EC_0198.jpg"
"4034",5.148148148,4.6963,"5de3dfebc0049d3e5c7cc17c","EC_0240.jpg"
"4035",0.027777778,4.087,"5de3dfebc0049d3e5c7cc17c","EC_0111.jpg"
"4036",6.018518519,4.0929,"5de3dfebc0049d3e5c7cc17c","EC_0158.jpg"
"4037",5.12962963,3.1652,"5de3dfebc0049d3e5c7cc17c","EC_0211.jpg"
"4038",2.990740741,3.8884,"5de3dfebc0049d3e5c7cc17c","EC_0232.jpg"
"4039",8.092592593,6.1252,"5de3dfebc0049d3e5c7cc17c","EC_0150.jpg"
"4040",2.046296296,3.1585,"5de3dfebc0049d3e5c7cc17c","EC_0152.jpg"
"4041",2.203703704,4.1736,"5de3dfebc0049d3e5c7cc17c","EC_0241.jpg"
"4042",0,3.0754,"5de3dfebc0049d3e5c7cc17c","EC_0149.jpg"
"4043",5.916666667,3.2527,"5de3dfebc0049d3e5c7cc17c","EC_0207.jpg"
"4044",7.962962963,3.4952,"5de3dfebc0049d3e5c7cc17c","EC_0148.jpg"
"4045",7.12962963,4.7267,"5de3dfebc0049d3e5c7cc17c","EC_0006.jpg"
"4046",8.944444444,2.9881,"5de3dfebc0049d3e5c7cc17c","EC_0235.jpg"
"4047",9.87962963,3.2577,"5de3dfebc0049d3e5c7cc17c","EC_0083.jpg"
"4048",9.990740741,3.7489,"5de3dfebc0049d3e5c7cc17c","EC_0173.jpg"
"4049",5.935185185,3.1302,"5de3dfebc0049d3e5c7cc17c","EC_0057.jpeg"
"4050",9.962962963,4.0426,"5de3dfebc0049d3e5c7cc17c","EC_0139.png"
"4051",5,3.8321,"5de3dfebc0049d3e5c7cc17c","EC_0024.jpg"
"4052",6.916666667,2.6674,"5de3dfebc0049d3e5c7cc17c","EC_0171.jpg"
"4053",8.138888889,3.5516,"5de3dfebc0049d3e5c7cc17c","EC_0093.jpg"
"4054",5.018518519,3.0092,"5de3dfebc0049d3e5c7cc17c","EC_0236.jpg"
"4055",1.083333333,2.6041,"5de3dfebc0049d3e5c7cc17c","EC_0141.jpg"
"4056",8,3.199,"5de3dfebc0049d3e5c7cc17c","EC_0193.png"
"4057",9.962962963,2.8099,"5de3dfebc0049d3e5c7cc17c","EC_0156.jpg"
"4058",0.027777778,4.5999,"5de3dfebc0049d3e5c7cc17c","EC_0022.jpg"
"4059",2.888888889,2.9544,"5de3dfebc0049d3e5c7cc17c","EC_0224.jpg"
"4060",0.027777778,3.1989,"5de3dfebc0049d3e5c7cc17c","EC_0005.jpg"
"4061",0.064814815,3.0987,"5de3dfebc0049d3e5c7cc17c","EC_0187.jpeg"
"4062",5.925925926,5.2853,"5de3dfebc0049d3e5c7cc17c","EC_0229.jpg"
"4063",0.055555556,3.6185,"5de3dfebc0049d3e5c7cc17c","EC_0182.jpg"
"4064",9.064814815,3.5529,"5de3dfebc0049d3e5c7cc17c","EC_0172.jpg"
"4065",0.064814815,4.1906,"5de3dfebc0049d3e5c7cc17c","EC_0183.jpg"
"4066",0.074074074,4.0214,"5de3dfebc0049d3e5c7cc17c","EC_0206.png"
"4067",9.888888889,4.3346,"5de3dfebc0049d3e5c7cc17c","EC_0099.jpg"
"4068",9,2.6796,"5de3dfebc0049d3e5c7cc17c","EC_0205.jpg"
"4069",4.981481481,5.1716,"5de3dfebc0049d3e5c7cc17c","EC_0028.jpg"
"4070",7.990740741,3.565,"5de3dfebc0049d3e5c7cc17c","EC_0169.png"
"4071",9.148148148,4.7275,"5de3dfebc0049d3e5c7cc17c","EC_0011.jpg"
"4072",5,2.6975,"5de3dfebc0049d3e5c7cc17c","EC_0246.jpg"
"4073",0.037037037,6.8333,"5de3dfebc0049d3e5c7cc17c","EC_0129.jpeg"
"4074",8.87962963,3.2981,"5de3dfebc0049d3e5c7cc17c","EC_0014.jpg"
"4075",9.990740741,3.6512,"5de3dfebc0049d3e5c7cc17c","EC_0248.jpg"
"4076",0.055555556,3.8175,"5de3dfebc0049d3e5c7cc17c","EC_0140.jpg"
"4077",6.796296296,3.8486,"5de3dfebc0049d3e5c7cc17c","EC_0197.jpg"
"4078",8.388888889,2.9181,"5de3dfebc0049d3e5c7cc17c","EC_0102.jpg"
"4079",8.361111111,4.1777,"5de3dfebc0049d3e5c7cc17c","EC_0199.jpg"
"4080",0.055555556,6.5883,"5de3dfebc0049d3e5c7cc17c","EC_0124.jpeg"
"4081",9.277777778,4.7863,"5de3dfebc0049d3e5c7cc17c","EC_0051.jpg"
"4082",7.537037037,6.673,"5de3dfebc0049d3e5c7cc17c","EC_0210.jpg"
"4083",7.657407407,4.0822,"5de3dfebc0049d3e5c7cc17c","EC_0047.jpg"
"4084",7.101851852,10.4266,"5de3dfebc0049d3e5c7cc17c","EC_0247.jpg"
"4085",8.046296296,3.1239,"5de3dfebc0049d3e5c7cc17c","EC_0116.jpg"
"4086",0.759259259,4.6203,"5de3dfebc0049d3e5c7cc17c","EC_0125.jpeg"
"4087",8.194444444,4.296,"5de3dfebc0049d3e5c7cc17c","EC_0136.jpg"
"4088",8.425925926,3.3587,"5de3dfebc0049d3e5c7cc17c","EC_0209.jpg"
"4089",7.37037037,4.2322,"5de3dfebc0049d3e5c7cc17c","EC_0085.jpg"
"4090",0.472222222,2.9923,"5de3dfebc0049d3e5c7cc17c","EC_0106.jpg"
"4091",6.462962963,2.7996,"5de3dfebc0049d3e5c7cc17c","EC_0100.jpg"
"4092",8.555555556,2.941,"5de3dfebc0049d3e5c7cc17c","EC_0245.jpg"
"4093",9.935185185,3.0162,"5de3dfebc0049d3e5c7cc17c","EC_0096.jpg"
"4094",9.953703704,3.85,"5de3dfebc0049d3e5c7cc17c","EC_0168.jpeg"
"4095",9.953703704,2.0709,"5de3dfebc0049d3e5c7cc17c","EC_0098.jpg"
"4096",0.990740741,3.2092,"5de3dfebc0049d3e5c7cc17c","EC_0222.jpg"
"4097",9.101851852,3.2334,"5de3dfebc0049d3e5c7cc17c","EC_0135.jpg"
"4098",5.925925926,2.9329,"5de3dfebc0049d3e5c7cc17c","EC_0101.jpg"
"4099",6.75,2.7843,"5de3dfebc0049d3e5c7cc17c","EC_0117.jpg"
"4100",6.416666667,4.4514,"5de3dfebc0049d3e5c7cc17c","EC_0221.jpg"
"4101",9.944444444,3.083,"5de3dfebc0049d3e5c7cc17c","EC_0008.jpg"
"4102",0.037037037,3.1145,"5de3dfebc0049d3e5c7cc17c","EC_0088.jpg"
"4103",1.972222222,3.7333,"5de3dfebc0049d3e5c7cc17c","EC_0239.jpg"
"4104",0.037037037,2.9223,"5de3dfebc0049d3e5c7cc17c","EC_0027.jpg"
"4105",0.055555556,4.7496,"5de3dfebc0049d3e5c7cc17c","EC_0089.jpg"
"4106",5.990740741,2.7804,"5de3dfebc0049d3e5c7cc17c","EC_0147.png"
"4107",0.037037037,2.798,"5de3dfebc0049d3e5c7cc17c","EC_0227.jpg"
"4108",9.935185185,4.3865,"5de3dfebc0049d3e5c7cc17c","EC_0250.jpg"
"4109",9.018518519,4.1429,"5de3dfebc0049d3e5c7cc17c","EC_0036.jpeg"
"4110",7.018518519,3.6953,"5de3dfebc0049d3e5c7cc17c","EC_0177.jpg"
"4111",9.027777778,2.9628,"5de3dfebc0049d3e5c7cc17c","EC_0228.jpg"
"4112",7.935185185,3.1834,"5de3dfebc0049d3e5c7cc17c","EC_0202.jpg"
"4113",6.398148148,3.3478,"5de3dfebc0049d3e5c7cc17c","EC_0170.jpg"
"4114",8.703703704,3.184,"5de3dfebc0049d3e5c7cc17c","EC_0231.jpg"
"4115",9.907407407,2.9685,"5de3dfebc0049d3e5c7cc17c","EC_0086.jpg"
"4116",4.231481481,2.8019,"5de3dfebc0049d3e5c7cc17c","EC_0131.jpg"
"4117",0.018518519,3.0079,"5de3dfebc0049d3e5c7cc17c","EC_0054.jpg"
"4118",8.962962963,3.2103,"5de3dfebc0049d3e5c7cc17c","EC_0018.jpg"
"4119",4.074074074,2.9661,"5de3dfebc0049d3e5c7cc17c","EC_0119.jpg"
"4120",9.944444444,2.982,"5de3dfebc0049d3e5c7cc17c","EC_0003.jpg"
"4121",1.5,2.818,"5de3dfebc0049d3e5c7cc17c","EC_0128.jpeg"
"4122",0.046296296,3.7224,"5de3dfebc0049d3e5c7cc17c","EC_0161.jpg"
"4123",9.990740741,3.0988,"5de3dfebc0049d3e5c7cc17c","EC_0104.jpg"
"4124",9.981481481,2.5154,"5de3dfebc0049d3e5c7cc17c","EC_0200.png"
"4125",8.962962963,2.9742,"5de3dfebc0049d3e5c7cc17c","EC_0159.jpg"
"4126",7.351851852,3.7526,"5de3dfebc0049d3e5c7cc17c","EC_0123.jpeg"
"4127",0,3.8402,"5de3dfebc0049d3e5c7cc17c","EC_0185.jpg"
"4128",2.175925926,2.9826,"5de3dfebc0049d3e5c7cc17c","EC_0039.jpg"
"4129",8.564814815,2.6939,"5de3dfebc0049d3e5c7cc17c","EC_0167.jpg"
"4130",4.694444444,3.1781,"5de3dfebc0049d3e5c7cc17c","EC_0105.jpg"
"4131",8.388888889,3.1005,"5de3dfebc0049d3e5c7cc17c","EC_0196.jpg"
"4132",0.009259259,4.6372,"5de3dfebc0049d3e5c7cc17c","EC_0020.jpg"
"4133",5.527777778,2.3636,"5de3dfebc0049d3e5c7cc17c","EC_0037.jpg"
"4134",1.481481481,5.6239,"5de3dfebc0049d3e5c7cc17c","EC_0067.jpg"
"4135",8.518518519,3.2454,"5de3dfebc0049d3e5c7cc17c","EC_0042.jpg"
"4136",1.731481481,3.215,"5de3dfebc0049d3e5c7cc17c","EC_0165.jpg"
"4137",9.583333333,2.6339,"5de3dfebc0049d3e5c7cc17c","EC_0041.jpg"
"4138",9.935185185,3.0303,"5de3dfebc0049d3e5c7cc17c","EC_0059.jpg"
"4139",9.925925926,2.895,"5de3dfebc0049d3e5c7cc17c","EC_0249.jpg"
"4140",7.990740741,4.9087,"5de3dfebc0049d3e5c7cc17c","EC_0184.jpg"
"4141",8.444444444,4.4267,"5de3dfebc0049d3e5c7cc17c","EC_0084.jpg"
"4142",8.416666667,2.4383,"5de3dfebc0049d3e5c7cc17c","EC_0061.jpg"
"4143",8.574074074,2.2298,"5de3dfebc0049d3e5c7cc17c","EC_0195.jpg"
"4144",5.574074074,3.1861,"5de3dfebc0049d3e5c7cc17c","EC_0153.jpg"
"4145",0.101851852,4.4088,"5de3dfebc0049d3e5c7cc17c","EC_0069.jpg"
"4146",6.537037037,3.4049,"5de3dfebc0049d3e5c7cc17c","EC_0066.jpg"
"4147",0.092592593,2.7523,"5de3dfebc0049d3e5c7cc17c","EC_0055.jpg"
"4148",8.157407407,3.4978,"5de3dfebc0049d3e5c7cc17c","EC_0029.jpg"
"4149",5.490740741,3.1063,"5de3dfebc0049d3e5c7cc17c","EC_0053.jpg"
"4150",1.62037037,4.1166,"5de3dfebc0049d3e5c7cc17c","EC_0007.jpg"
"4151",9.981481481,4.3774,"5de3dfebc0049d3e5c7cc17c","EC_0163.jpg"
"4152",2.907407407,4.1756,"5de3dfebc0049d3e5c7cc17c","EC_0049.jpg"
"4153",6.37962963,3.3147,"5de3dfebc0049d3e5c7cc17c","EC_0038.jpg"
"4154",0,3.1362,"5de3dfebc0049d3e5c7cc17c","EC_0226.jpg"
"4155",8.648148148,3.9068,"5de3dfebc0049d3e5c7cc17c","EC_0133.jpg"
"4156",5.481481481,3.9055,"5de3dfebc0049d3e5c7cc17c","EC_0094.jpg"
"4157",7.212962963,3.3146,"5de3dfebc0049d3e5c7cc17c","EC_0115.jpg"
"4158",9.324074074,2.94,"5de3dfebc0049d3e5c7cc17c","EC_0010.jpg"
"4159",9.490740741,2.519,"5de3dfebc0049d3e5c7cc17c","EC_0017.jpg"
"4160",8.888888889,2.8729,"5de3dfebc0049d3e5c7cc17c","EC_0118.jpg"
"4161",6.583333333,4.1397,"5de3dfebc0049d3e5c7cc17c","EC_0201.jpg"
"4162",9.898148148,3.1096,"5de3dfebc0049d3e5c7cc17c","EC_0180.jpg"
"4163",8.62962963,3.1124,"5de3dfebc0049d3e5c7cc17c","EC_0009.jpg"
"4164",8.527777778,2.8345,"5de3dfebc0049d3e5c7cc17c","EC_0237.jpg"
"4165",0.138888889,3.5715,"5de3dfebc0049d3e5c7cc17c","EC_0013.jpg"
"4166",8.416666667,2.9171,"5de3dfebc0049d3e5c7cc17c","EC_0223.jpg"
"4167",9.842592593,2.4123,"5de3dfebc0049d3e5c7cc17c","EC_0132.jpg"
"4168",8.564814815,2.9456,"5de3dfebc0049d3e5c7cc17c","EC_0151.jpg"
"4169",7.805555556,3.2634,"5de3dfebc0049d3e5c7cc17c","EC_0002.jpg"
"4170",3.981481481,3.71,"5de3dfebc0049d3e5c7cc17c","EC_0074.jpg"
"4171",7.296296296,2.8306,"5de3dfebc0049d3e5c7cc17c","EC_0068.jpg"
"4172",8.990740741,2.666,"5de3dfebc0049d3e5c7cc17c","EC_0120.jpg"
"4173",5.064814815,3.0159,"5de3dfebc0049d3e5c7cc17c","EC_0233.jpg"
"4174",1.268518519,3.398,"5de3dfebc0049d3e5c7cc17c","EC_0076.jpg"
"4175",0.074074074,3.5113,"5de3dfebc0049d3e5c7cc17c","EC_0181.jpg"
"4176",9.861111111,3.571,"5de3dfebc0049d3e5c7cc17c","EC_0001.jpg"
"4177",9.953703704,2.9237,"5de3dfebc0049d3e5c7cc17c","EC_0082.jpg"
"4178",7.62037037,3.1114,"5de3dfebc0049d3e5c7cc17c","EC_0166.jpg"
"4179",0.361111111,3.6485,"5de3dfebc0049d3e5c7cc17c","EC_0050.jpg"
"4180",3.453703704,2.4187,"5de3dfebc0049d3e5c7cc17c","EC_0075.jpg"
"4181",1.583333333,3.3878,"5de3dfebc0049d3e5c7cc17c","EC_0213.jpg"
"4182",1.175925926,3.4243,"5de3dfebc0049d3e5c7cc17c","EC_0063.jpg"
"4183",5.509259259,3.1552,"5de3dfebc0049d3e5c7cc17c","EC_0087.jpg"
"4184",8.296296296,2.5755,"5de3dfebc0049d3e5c7cc17c","EC_0109.jpg"
"4185",3.953703704,4.9505,"5de3dfebc0049d3e5c7cc17c","EC_0244.jpg"
"4186",9.87962963,3.4369,"5de3dfebc0049d3e5c7cc17c","EC_0080.jpg"
"4187",5.833333333,2.7923,"5de3dfebc0049d3e5c7cc17c","EC_0174.jpg"
"4188",0.203703704,3.2986,"5de3dfebc0049d3e5c7cc17c","EC_0204.jpg"
"4189",9.87962963,3.8603,"5de3dfebc0049d3e5c7cc17c","EC_0044.jpg"
"4190",9.777777778,2.8329,"5de3dfebc0049d3e5c7cc17c","EC_0203.jpg"
"4191",3.935185185,3.8668,"5de3dfebc0049d3e5c7cc17c","EC_0058.jpg"
"4192",9.925925926,3.163,"5de3dfebc0049d3e5c7cc17c","EC_0157.jpg"
"4193",2.740740741,3.0613,"5de3dfebc0049d3e5c7cc17c","EC_0060.jpg"
"4194",8.638888889,4.1177,"5de3dfebc0049d3e5c7cc17c","EC_0016.jpg"
"4195",5.37962963,3.0885,"5de3dfebc0049d3e5c7cc17c","EC_0243.jpg"
"4196",6.925925926,4.0625,"5de3dfebc0049d3e5c7cc17c","EC_0073.jpg"
"4197",9.564814815,3.3438,"5de3dfebc0049d3e5c7cc17c","EC_0071.jpg"
"4198",0.111111111,3.7966,"5de3dfebc0049d3e5c7cc17c","EC_0056.jpg"
"4199",7.259259259,3.446,"5de3dfebc0049d3e5c7cc17c","EC_0081.jpg"
"4200",0.481481481,3.9984,"5de3dfebc0049d3e5c7cc17c","EC_0134.jpg"
"4201",9.988425926,5.098,"5e55e83cc65ccb5ed547cb04","EC_0074.jpg"
"4202",7.025462963,4.383,"5e55e83cc65ccb5ed547cb04","EC_0109.jpg"
"4203",6.967592593,33.554,"5e55e83cc65ccb5ed547cb04","EC_0174.jpg"
"4204",8.958333333,4.997,"5e55e83cc65ccb5ed547cb04","EC_0030.jpg"
"4205",9.039351852,3.751,"5e55e83cc65ccb5ed547cb04","EC_0250.jpg"
"4206",0.081018519,6.799,"5e55e83cc65ccb5ed547cb04","EC_0235.jpg"
"4207",4.976851852,3.898,"5e55e83cc65ccb5ed547cb04","EC_0001.jpg"
"4208",5.925925926,3.034,"5e55e83cc65ccb5ed547cb04","EC_0092.jpg"
"4209",3.101851852,3.585,"5e55e83cc65ccb5ed547cb04","EC_0054.jpg"
"4210",9.097222222,3.215,"5e55e83cc65ccb5ed547cb04","EC_0227.jpg"
"4211",1.736111111,3.818,"5e55e83cc65ccb5ed547cb04","EC_0042.jpg"
"4212",3.391203704,2.886,"5e55e83cc65ccb5ed547cb04","EC_0134.jpg"
"4213",8.449074074,3.044,"5e55e83cc65ccb5ed547cb04","EC_0014.jpg"
"4214",3.090277778,3.545,"5e55e83cc65ccb5ed547cb04","EC_0002.jpg"
"4215",6.377314815,3.294,"5e55e83cc65ccb5ed547cb04","EC_0087.jpg"
"4216",2.453703704,3.152,"5e55e83cc65ccb5ed547cb04","EC_0094.jpg"
"4217",6.400462963,3.461,"5e55e83cc65ccb5ed547cb04","EC_0099.jpg"
"4218",5.532407407,2.732,"5e55e83cc65ccb5ed547cb04","EC_0176.jpg"
"4219",7.847222222,3.111,"5e55e83cc65ccb5ed547cb04","EC_0003.jpg"
"4220",0.034722222,5.613,"5e55e83cc65ccb5ed547cb04","EC_0103.jpg"
"4221",5.300925926,25.772,"5e55e83cc65ccb5ed547cb04","EC_0034.jpg"
"4222",8.125,3.579,"5e55e83cc65ccb5ed547cb04","EC_0027.jpg"
"4223",5.648148148,3.2,"5e55e83cc65ccb5ed547cb04","EC_0128.jpeg"
"4224",7.141203704,3.395,"5e55e83cc65ccb5ed547cb04","EC_0069.jpg"
"4225",5.983796296,3.246,"5e55e83cc65ccb5ed547cb04","EC_0236.jpg"
"4226",5.844907407,3.217,"5e55e83cc65ccb5ed547cb04","EC_0223.jpg"
"4227",2.824074074,5.565,"5e55e83cc65ccb5ed547cb04","EC_0201.jpg"
"4228",6.458333333,3.195,"5e55e83cc65ccb5ed547cb04","EC_0080.jpg"
"4229",3.831018519,3.512,"5e55e83cc65ccb5ed547cb04","EC_0038.jpg"
"4230",5.543981481,3.46,"5e55e83cc65ccb5ed547cb04","EC_0022.jpg"
"4231",2.233796296,3.462,"5e55e83cc65ccb5ed547cb04","EC_0184.jpg"
"4232",5.011574074,4.918,"5e55e83cc65ccb5ed547cb04","EC_0181.jpg"
"4233",6.180555556,3.395,"5e55e83cc65ccb5ed547cb04","EC_0016.jpg"
"4234",8.645833333,3.282,"5e55e83cc65ccb5ed547cb04","EC_0079.jpg"
"4235",0.104166667,5.547,"5e55e83cc65ccb5ed547cb04","EC_0005.jpg"
"4236",1.261574074,3.715,"5e55e83cc65ccb5ed547cb04","EC_0093.jpg"
"4237",0.104166667,3.57,"5e55e83cc65ccb5ed547cb04","EC_0097.jpg"
"4238",0.046296296,5.481,"5e55e83cc65ccb5ed547cb04","EC_0224.jpg"
"4239",4.895833333,3.244,"5e55e83cc65ccb5ed547cb04","EC_0194.jpg"
"4240",1.157407407,3.449,"5e55e83cc65ccb5ed547cb04","EC_0055.jpg"
"4241",8.263888889,20.162,"5e55e83cc65ccb5ed547cb04","EC_0119.jpg"
"4242",7.743055556,4.562,"5e55e83cc65ccb5ed547cb04","EC_0031.jpg"
"4243",0.115740741,3.779,"5e55e83cc65ccb5ed547cb04","EC_0183.jpg"
"4244",5.37037037,3.451,"5e55e83cc65ccb5ed547cb04","EC_0202.jpg"
"4245",4.085648148,6.036,"5e55e83cc65ccb5ed547cb04","EC_0239.jpg"
"4246",6.782407407,3.181,"5e55e83cc65ccb5ed547cb04","EC_0118.jpg"
"4247",4.444444444,3.062,"5e55e83cc65ccb5ed547cb04","EC_0248.jpg"
"4248",0.023148148,3.085,"5e55e83cc65ccb5ed547cb04","EC_0047.jpg"
"4249",2.881944444,3.881,"5e55e83cc65ccb5ed547cb04","EC_0056.jpg"
"4250",0.289351852,3.412,"5e55e83cc65ccb5ed547cb04","EC_0040.jpg"
"4251",9.62962963,4.763,"5e55e83cc65ccb5ed547cb04","EC_0077.jpg"
"4252",0.208333333,3.1,"5e55e83cc65ccb5ed547cb04","EC_0244.jpg"
"4253",8.564814815,3.212,"5e55e83cc65ccb5ed547cb04","EC_0020.jpg"
"4254",0.219907407,4.447,"5e55e83cc65ccb5ed547cb04","EC_0219.jpg"
"4255",0.324074074,3.696,"5e55e83cc65ccb5ed547cb04","EC_0028.jpg"
"4256",0.231481481,3.631,"5e55e83cc65ccb5ed547cb04","EC_0029.jpg"
"4257",8.4375,3.451,"5e55e83cc65ccb5ed547cb04","EC_0033.jpeg"
"4258",0.162037037,3.344,"5e55e83cc65ccb5ed547cb04","EC_0241.jpg"
"4259",0.162037037,2.229,"5e55e83cc65ccb5ed547cb04","EC_0165.jpg"
"4260",4.803240741,3.143,"5e55e83cc65ccb5ed547cb04","EC_0046.jpg"
"4261",2.789351852,3.365,"5e55e83cc65ccb5ed547cb04","EC_0156.jpg"
"4262",3.310185185,3.164,"5e55e83cc65ccb5ed547cb04","EC_0238.jpg"
"4263",0.706018519,4.396,"5e55e83cc65ccb5ed547cb04","EC_0123.jpeg"
"4264",8.310185185,34.8,"5e55e83cc65ccb5ed547cb04","EC_0229.jpg"
"4265",4.247685185,2.766,"5e55e83cc65ccb5ed547cb04","EC_0090.jpg"
"4266",6.759259259,3.045,"5e55e83cc65ccb5ed547cb04","EC_0136.jpg"
"4267",7.106481481,3.495,"5e55e83cc65ccb5ed547cb04","EC_0140.jpg"
"4268",7.650462963,2.947,"5e55e83cc65ccb5ed547cb04","EC_0242.jpg"
"4269",1.793981481,3.148,"5e55e83cc65ccb5ed547cb04","EC_0071.jpg"
"4270",0.335648148,3.227,"5e55e83cc65ccb5ed547cb04","EC_0162.jpg"
"4271",0.231481481,3.461,"5e55e83cc65ccb5ed547cb04","EC_0013.jpg"
"4272",5.578703704,3.65,"5e55e83cc65ccb5ed547cb04","EC_0247.jpg"
"4273",7.291666667,3.25,"5e55e83cc65ccb5ed547cb04","EC_0010.jpg"
"4274",1.099537037,3.178,"5e55e83cc65ccb5ed547cb04","EC_0154.jpg"
"4275",3.634259259,2.828,"5e55e83cc65ccb5ed547cb04","EC_0116.jpg"
"4276",5.486111111,2.276,"5e55e83cc65ccb5ed547cb04","EC_0163.jpg"
"4277",7.268518519,2.844,"5e55e83cc65ccb5ed547cb04","EC_0133.jpg"
"4278",4.097222222,3.194,"5e55e83cc65ccb5ed547cb04","EC_0233.jpg"
"4279",2.685185185,2.578,"5e55e83cc65ccb5ed547cb04","EC_0171.jpg"
"4280",9.375,3.461,"5e55e83cc65ccb5ed547cb04","EC_0057.jpeg"
"4281",2.708333333,3.581,"5e55e83cc65ccb5ed547cb04","EC_0009.jpg"
"4282",7.55787037,58.59,"5e55e83cc65ccb5ed547cb04","EC_0060.jpg"
"4283",6.388888889,2.745,"5e55e83cc65ccb5ed547cb04","EC_0076.jpg"
"4284",6.921296296,2.794,"5e55e83cc65ccb5ed547cb04","EC_0149.jpg"
"4285",8.217592593,2.694,"5e55e83cc65ccb5ed547cb04","EC_0157.jpg"
"4286",6.377314815,5.381,"5e55e83cc65ccb5ed547cb04","EC_0180.jpg"
"4287",0.150462963,5.688,"5e55e83cc65ccb5ed547cb04","EC_0148.jpg"
"4288",9.097222222,4.78,"5e55e83cc65ccb5ed547cb04","EC_0082.jpg"
"4289",6.273148148,2.747,"5e55e83cc65ccb5ed547cb04","EC_0141.jpg"
"4290",7.395833333,2.694,"5e55e83cc65ccb5ed547cb04","EC_0213.jpg"
"4291",7.8125,5.047,"5e55e83cc65ccb5ed547cb04","EC_0101.jpg"
"4292",7.8125,1.743,"5e55e83cc65ccb5ed547cb04","EC_0158.jpg"
"4293",7.5,4.128,"5e55e83cc65ccb5ed547cb04","EC_0232.jpg"
"4294",9.560185185,3.129,"5e55e83cc65ccb5ed547cb04","EC_0037.jpg"
"4295",0.150462963,14.424,"5e55e83cc65ccb5ed547cb04","EC_0036.jpeg"
"4296",1.458333333,3.678,"5e55e83cc65ccb5ed547cb04","EC_0137.jpg"
"4297",6.643518519,2.693,"5e55e83cc65ccb5ed547cb04","EC_0012.jpg"
"4298",3.738425926,2.886,"5e55e83cc65ccb5ed547cb04","EC_0147.png"
"4299",5.37037037,2.846,"5e55e83cc65ccb5ed547cb04","EC_0089.jpg"
"4300",8.842592593,2.844,"5e55e83cc65ccb5ed547cb04","EC_0018.jpg"
"4301",9.988425926,21.431,"5e55e83cc65ccb5ed547cb04","EC_0207.jpg"
"4302",0.162037037,5.514,"5e55e83cc65ccb5ed547cb04","EC_0051.jpg"
"4303",0.162037037,2.461,"5e55e83cc65ccb5ed547cb04","EC_0096.jpg"
"4304",6.50462963,3.077,"5e55e83cc65ccb5ed547cb04","EC_0063.jpg"
"4305",0.046296296,4.017,"5e55e83cc65ccb5ed547cb04","EC_0249.jpg"
"4306",0.046296296,3.086,"5e55e83cc65ccb5ed547cb04","EC_0131.jpg"
"4307",5.56712963,3.252,"5e55e83cc65ccb5ed547cb04","EC_0104.jpg"
"4308",7.141203704,66.264,"5e55e83cc65ccb5ed547cb04","EC_0205.jpg"
"4309",4.74537037,2.51,"5e55e83cc65ccb5ed547cb04","EC_0210.jpg"
"4310",7.44212963,2.286,"5e55e83cc65ccb5ed547cb04","EC_0019.jpg"
"4311",0.196759259,2.895,"5e55e83cc65ccb5ed547cb04","EC_0222.jpg"
"4312",0.196759259,2.059,"5e55e83cc65ccb5ed547cb04","EC_0161.jpg"
"4313",5.671296296,3.036,"5e55e83cc65ccb5ed547cb04","EC_0138.png"
"4314",7.465277778,47.56,"5e55e83cc65ccb5ed547cb04","EC_0059.jpg"
"4315",2.766203704,2.518,"5e55e83cc65ccb5ed547cb04","EC_0197.jpg"
"4316",3.356481481,3.246,"5e55e83cc65ccb5ed547cb04","EC_0068.jpg"
"4317",4.641203704,2.499,"5e55e83cc65ccb5ed547cb04","EC_0167.jpg"
"4318",2.916666667,2.511,"5e55e83cc65ccb5ed547cb04","EC_0053.jpg"
"4319",6.736111111,2.495,"5e55e83cc65ccb5ed547cb04","EC_0008.jpg"
"4320",7.615740741,82.971,"5e55e83cc65ccb5ed547cb04","EC_0185.jpg"
"4321",8.726851852,3.045,"5e55e83cc65ccb5ed547cb04","EC_0083.jpg"
"4322",0.532407407,3.15,"5e55e83cc65ccb5ed547cb04","EC_0187.jpeg"
"4323",0.462962963,2.628,"5e55e83cc65ccb5ed547cb04","EC_0204.jpg"
"4324",3.657407407,4.997,"5e55e83cc65ccb5ed547cb04","EC_0007.jpg"
"4325",9.525462963,3.212,"5e55e83cc65ccb5ed547cb04","EC_0041.jpg"
"4326",7.395833333,2.528,"5e55e83cc65ccb5ed547cb04","EC_0062.jpg"
"4327",5.740740741,2.745,"5e55e83cc65ccb5ed547cb04","EC_0017.jpg"
"4328",2.835648148,9.686,"5e55e83cc65ccb5ed547cb04","EC_0198.jpg"
"4329",5.891203704,3.511,"5e55e83cc65ccb5ed547cb04","EC_0151.jpg"
"4330",5.891203704,1.978,"5e55e83cc65ccb5ed547cb04","EC_0006.jpg"
"4331",5.891203704,1.517,"5e55e83cc65ccb5ed547cb04","EC_0065.jpg"
"4332",5.891203704,1.526,"5e55e83cc65ccb5ed547cb04","EC_0085.jpg"
"4333",5.891203704,1.56,"5e55e83cc65ccb5ed547cb04","EC_0209.jpg"
"4334",5.011574074,2.894,"5e55e83cc65ccb5ed547cb04","EC_0049.jpg"
"4335",3.981481481,3.262,"5e55e83cc65ccb5ed547cb04","EC_0032.jpg"
"4336",4.953703704,1.829,"5e55e83cc65ccb5ed547cb04","EC_0246.jpg"
"4337",3.611111111,3.579,"5e55e83cc65ccb5ed547cb04","EC_0169.png"
"4338",5.3125,2.777,"5e55e83cc65ccb5ed547cb04","EC_0228.jpg"
"4339",7.24537037,2.899,"5e55e83cc65ccb5ed547cb04","EC_0195.jpg"
"4340",4.571759259,2.561,"5e55e83cc65ccb5ed547cb04","EC_0231.jpg"
"4341",4.571759259,1.609,"5e55e83cc65ccb5ed547cb04","EC_0245.jpg"
"4342",4.166666667,4.045,"5e55e83cc65ccb5ed547cb04","EC_0084.jpg"
"4343",4.710648148,1.633,"5e55e83cc65ccb5ed547cb04","EC_0015.jpg"
"4344",5.56712963,1.76,"5e55e83cc65ccb5ed547cb04","EC_0125.jpeg"
"4345",2.523148148,2.56,"5e55e83cc65ccb5ed547cb04","EC_0106.jpg"
"4346",3.634259259,2.799,"5e55e83cc65ccb5ed547cb04","EC_0221.jpg"
"4347",7.291666667,23.451,"5e55e83cc65ccb5ed547cb04","EC_0102.jpg"
"4348",0.891203704,3.411,"5e55e83cc65ccb5ed547cb04","EC_0070.jpg"
"4349",6.5625,9.274,"5e55e83cc65ccb5ed547cb04","EC_0039.jpg"
"4350",4.803240741,3.527,"5e55e83cc65ccb5ed547cb04","EC_0206.png"
"4351",4.733796296,23.702,"5e55e83cc65ccb5ed547cb04","EC_0150.jpg"
"4352",9.976851852,3.311,"5e55e83cc65ccb5ed547cb04","EC_0172.jpg"
"4353",0.104166667,4.922,"5e55e83cc65ccb5ed547cb04","EC_0129.jpeg"
"4354",3.217592593,2.428,"5e55e83cc65ccb5ed547cb04","EC_0182.jpg"
"4355",5.68287037,2.578,"5e55e83cc65ccb5ed547cb04","EC_0058.jpg"
"4356",5.68287037,2.129,"5e55e83cc65ccb5ed547cb04","EC_0117.jpg"
"4357",5.68287037,3.161,"5e55e83cc65ccb5ed547cb04","EC_0230.jpg"
"4358",5.68287037,1.811,"5e55e83cc65ccb5ed547cb04","EC_0066.jpg"
"4359",5.68287037,1.881,"5e55e83cc65ccb5ed547cb04","EC_0011.jpg"
"4360",5.68287037,1.909,"5e55e83cc65ccb5ed547cb04","EC_0064.jpg"
"4361",5.68287037,1.693,"5e55e83cc65ccb5ed547cb04","EC_0211.jpg"
"4362",5.68287037,1.659,"5e55e83cc65ccb5ed547cb04","EC_0086.jpg"
"4363",5.68287037,1.727,"5e55e83cc65ccb5ed547cb04","EC_0024.jpg"
"4364",5.68287037,1.676,"5e55e83cc65ccb5ed547cb04","EC_0098.jpg"
"4365",5.68287037,2.13,"5e55e83cc65ccb5ed547cb04","EC_0188.jpg"
"4366",5.68287037,2.093,"5e55e83cc65ccb5ed547cb04","EC_0234.jpg"
"4367",5.68287037,1.628,"5e55e83cc65ccb5ed547cb04","EC_0237.jpg"
"4368",5.68287037,1.947,"5e55e83cc65ccb5ed547cb04","EC_0115.jpg"
"4369",5.68287037,1.764,"5e55e83cc65ccb5ed547cb04","EC_0088.jpg"
"4370",5.68287037,1.91,"5e55e83cc65ccb5ed547cb04","EC_0081.jpg"
"4371",5.68287037,1.593,"5e55e83cc65ccb5ed547cb04","EC_0159.jpg"
"4372",5.68287037,1.625,"5e55e83cc65ccb5ed547cb04","EC_0132.jpg"
"4373",5.68287037,1.552,"5e55e83cc65ccb5ed547cb04","EC_0061.jpg"
"4374",5.68287037,1.56,"5e55e83cc65ccb5ed547cb04","EC_0153.jpg"
"4375",5.68287037,1.501,"5e55e83cc65ccb5ed547cb04","EC_0050.jpg"
"4376",5.532407407,2.929,"5e55e83cc65ccb5ed547cb04","EC_0203.jpg"
"4377",6.331018519,3.532,"5e55e83cc65ccb5ed547cb04","EC_0193.png"
"4378",6.331018519,1.56,"5e55e83cc65ccb5ed547cb04","EC_0120.jpg"
"4379",6.331018519,1.526,"5e55e83cc65ccb5ed547cb04","EC_0048.jpg"
"4380",6.331018519,2.48,"5e55e83cc65ccb5ed547cb04","EC_0170.jpg"
"4381",6.388888889,2.544,"5e55e83cc65ccb5ed547cb04","EC_0100.jpg"
"4382",5.925925926,3.684,"5e55e83cc65ccb5ed547cb04","EC_0108.jpg"
"4383",5.925925926,1.747,"5e55e83cc65ccb5ed547cb04","EC_0142.jpg"
"4384",5.925925926,1.725,"5e55e83cc65ccb5ed547cb04","EC_0113.jpg"
"4385",2.106481481,4.968,"5e55e83cc65ccb5ed547cb04","EC_0095.jpg"
"4386",6.180555556,2.912,"5e55e83cc65ccb5ed547cb04","EC_0166.jpg"
"4387",8.206018519,2.937,"5e55e83cc65ccb5ed547cb04","EC_0196.jpg"
"4388",1.782407407,3.048,"5e55e83cc65ccb5ed547cb04","EC_0124.jpeg"
"4389",0.601851852,2.711,"5e55e83cc65ccb5ed547cb04","EC_0199.jpg"
"4390",6.840277778,14.625,"5e55e83cc65ccb5ed547cb04","EC_0121.jpg"
"4391",3.622685185,8.834,"5e55e83cc65ccb5ed547cb04","EC_0139.png"
"4392",5.68287037,2.859,"5e55e83cc65ccb5ed547cb04","EC_0105.jpg"
"4393",5.289351852,2.694,"5e55e83cc65ccb5ed547cb04","EC_0173.jpg"
"4394",5.289351852,1.794,"5e55e83cc65ccb5ed547cb04","EC_0067.jpg"
"4395",5.289351852,1.593,"5e55e83cc65ccb5ed547cb04","EC_0177.jpg"
"4396",5.289351852,1.698,"5e55e83cc65ccb5ed547cb04","EC_0168.jpeg"
"4397",5.289351852,1.534,"5e55e83cc65ccb5ed547cb04","EC_0111.jpg"
"4398",6.585648148,3.234,"5e55e83cc65ccb5ed547cb04","EC_0044.jpg"
"4399",6.585648148,2.318,"5e55e83cc65ccb5ed547cb04","EC_0152.jpg"
"4400",1.412037037,3.178,"5e55e83cc65ccb5ed547cb04","EC_0240.jpg"
"4401",4.328703704,5.18,"5e55e83cc65ccb5ed547cb04","EC_0243.jpg"
"4402",4.328703704,1.643,"5e55e83cc65ccb5ed547cb04","EC_0160.jpg"
"4403",5.474537037,3.429,"5e55e83cc65ccb5ed547cb04","EC_0164.jpg"
"4404",5.474537037,1.575,"5e55e83cc65ccb5ed547cb04","EC_0200.png"
"4405",5.474537037,1.425,"5e55e83cc65ccb5ed547cb04","EC_0214.jpg"
"4406",9.895833333,3.298,"5e55e83cc65ccb5ed547cb04","EC_0072.jpg"
"4407",9.930555556,5.58,"5e55e83cc65ccb5ed547cb04","EC_0073.jpg"
"4408",5.25462963,4.801,"5e55e83cc65ccb5ed547cb04","EC_0075.jpg"
"4409",5.555555556,2.395,"5e55e83cc65ccb5ed547cb04","EC_0135.jpg"
"4410",5.555555556,2.494,"5e55e83cc65ccb5ed547cb04","EC_0226.jpg"
"4411",5.028472222,3.1571,"5e59ee3a2bff541fcf05d86e","EC_0195.jpg"
"4412",7.977777778,4.034,"5e59ee3a2bff541fcf05d86e","EC_0020.jpg"
"4413",9.004817708,3.2024,"5e59ee3a2bff541fcf05d86e","EC_0099.jpg"
"4414",0.21015625,3.8712,"5e59ee3a2bff541fcf05d86e","EC_0060.jpg"
"4415",2.026475694,3.1679,"5e59ee3a2bff541fcf05d86e","EC_0138.png"
"4416",7.962977431,10.5613,"5e59ee3a2bff541fcf05d86e","EC_0032.jpg"
"4417",0.289973958,3.7385,"5e59ee3a2bff541fcf05d86e","EC_0033.jpeg"
"4418",5.68125,3.134,"5e59ee3a2bff541fcf05d86e","EC_0164.jpg"
"4419",3.295789931,3.1502,"5e59ee3a2bff541fcf05d86e","EC_0160.jpg"
"4420",7.501041667,2.6916,"5e59ee3a2bff541fcf05d86e","EC_0176.jpg"
"4421",2.414713542,9.7016,"5e59ee3a2bff541fcf05d86e","EC_0205.jpg"
"4422",6.301041667,2.9313,"5e59ee3a2bff541fcf05d86e","EC_0150.jpg"
"4423",8.435286458,2.9229,"5e59ee3a2bff541fcf05d86e","EC_0061.jpg"
"4424",2.340147569,3.1697,"5e59ee3a2bff541fcf05d86e","EC_0048.jpg"
"4425",7.357204861,2.898,"5e59ee3a2bff541fcf05d86e","EC_0063.jpg"
"4426",9.521527778,2.461,"5e59ee3a2bff541fcf05d86e","EC_0057.jpeg"
"4427",7.633810764,4.7188,"5e59ee3a2bff541fcf05d86e","EC_0120.jpg"
"4428",7.607335069,14.3845,"5e59ee3a2bff541fcf05d86e","EC_0172.jpg"
"4429",9.524392361,2.7386,"5e59ee3a2bff541fcf05d86e","EC_0093.jpg"
"4430",8.450607639,2.9947,"5e59ee3a2bff541fcf05d86e","EC_0246.jpg"
"4431",6.384939236,2.6026,"5e59ee3a2bff541fcf05d86e","EC_0100.jpg"
"4432",0.603776042,3.3999,"5e59ee3a2bff541fcf05d86e","EC_0015.jpg"
"4433",6.473958333,2.3785,"5e59ee3a2bff541fcf05d86e","EC_0219.jpg"
"4434",0.226258681,26.6973,"5e59ee3a2bff541fcf05d86e","EC_0066.jpg"
"4435",8.425173611,3.048,"5e59ee3a2bff541fcf05d86e","EC_0030.jpg"
"4436",0.614583333,2.9845,"5e59ee3a2bff541fcf05d86e","EC_0081.jpg"
"4437",2.528125,2.7508,"5e59ee3a2bff541fcf05d86e","EC_0182.jpg"
"4438",1.552126736,2.5684,"5e59ee3a2bff541fcf05d86e","EC_0067.jpg"
"4439",5.301302083,2.6982,"5e59ee3a2bff541fcf05d86e","EC_0082.jpg"
"4440",7.538107639,3.5551,"5e59ee3a2bff541fcf05d86e","EC_0076.jpg"
"4441",3.801519097,3.0148,"5e59ee3a2bff541fcf05d86e","EC_0157.jpg"
"4442",6.497005208,2.4596,"5e59ee3a2bff541fcf05d86e","EC_0236.jpg"
"4443",9.327170139,2.6162,"5e59ee3a2bff541fcf05d86e","EC_0229.jpg"
"4444",7.368315972,3.0177,"5e59ee3a2bff541fcf05d86e","EC_0109.jpg"
"4445",4.509852431,2.667,"5e59ee3a2bff541fcf05d86e","EC_0064.jpg"
"4446",9.426085069,2.7667,"5e59ee3a2bff541fcf05d86e","EC_0031.jpg"
"4447",4.320355903,3.634,"5e59ee3a2bff541fcf05d86e","EC_0018.jpg"
"4448",4.291015625,2.6172,"5e59ee3a2bff541fcf05d86e","EC_0115.jpg"
"4449",7.721137153,2.7402,"5e59ee3a2bff541fcf05d86e","EC_0170.jpg"
"4450",7.515581597,2.4519,"5e59ee3a2bff541fcf05d86e","EC_0162.jpg"
"4451",7.550998264,2.7395,"5e59ee3a2bff541fcf05d86e","EC_0245.jpg"
"4452",0.351302083,2.6336,"5e59ee3a2bff541fcf05d86e","EC_0005.jpg"
"4453",1.540755208,2.8792,"5e59ee3a2bff541fcf05d86e","EC_0174.jpg"
"4454",2.703689236,2.652,"5e59ee3a2bff541fcf05d86e","EC_0181.jpg"
"4455",2.622092014,2.1008,"5e59ee3a2bff541fcf05d86e","EC_0047.jpg"
"4456",3.456380208,2.2784,"5e59ee3a2bff541fcf05d86e","EC_0154.jpg"
"4457",0.400737847,3.1478,"5e59ee3a2bff541fcf05d86e","EC_0019.jpg"
"4458",1.66640625,2.5059,"5e59ee3a2bff541fcf05d86e","EC_0183.jpg"
"4459",2.568272569,3.7753,"5e59ee3a2bff541fcf05d86e","EC_0237.jpg"
"4460",4.400043403,2.6658,"5e59ee3a2bff541fcf05d86e","EC_0071.jpg"
"4461",0.277083333,3.1471,"5e59ee3a2bff541fcf05d86e","EC_0056.jpg"
"4462",2.82109375,3.1168,"5e59ee3a2bff541fcf05d86e","EC_0010.jpg"
"4463",6.498654514,2.7677,"5e59ee3a2bff541fcf05d86e","EC_0241.jpg"
"4464",3.659982639,2.764,"5e59ee3a2bff541fcf05d86e","EC_0111.jpg"
"4465",2.496571181,2.7962,"5e59ee3a2bff541fcf05d86e","EC_0024.jpg"
"4466",0.561805556,2.5855,"5e59ee3a2bff541fcf05d86e","EC_0194.jpg"
"4467",7.520876736,2.8027,"5e59ee3a2bff541fcf05d86e","EC_0166.jpg"
"4468",5.567925347,2.9827,"5e59ee3a2bff541fcf05d86e","EC_0038.jpg"
"4469",2.379036458,2.8639,"5e59ee3a2bff541fcf05d86e","EC_0243.jpg"
"4470",8.32421875,2.6183,"5e59ee3a2bff541fcf05d86e","EC_0167.jpg"
"4471",0.560112847,5.3494,"5e59ee3a2bff541fcf05d86e","EC_0244.jpg"
"4472",6.424479167,2.7203,"5e59ee3a2bff541fcf05d86e","EC_0119.jpg"
"4473",9.421614583,3.3682,"5e59ee3a2bff541fcf05d86e","EC_0002.jpg"
"4474",5.682074653,2.8376,"5e59ee3a2bff541fcf05d86e","EC_0059.jpg"
"4475",7.423350694,3.6339,"5e59ee3a2bff541fcf05d86e","EC_0131.jpg"
"4476",5.582074653,2.582,"5e59ee3a2bff541fcf05d86e","EC_0142.jpg"
"4477",9.518272569,3.2024,"5e59ee3a2bff541fcf05d86e","EC_0072.jpg"
"4478",9.376475694,2.5675,"5e59ee3a2bff541fcf05d86e","EC_0140.jpg"
"4479",4.619314236,2.5355,"5e59ee3a2bff541fcf05d86e","EC_0232.jpg"
"4480",6.56015625,2.4951,"5e59ee3a2bff541fcf05d86e","EC_0013.jpg"
"4481",6.56015625,2.1007,"5e59ee3a2bff541fcf05d86e","EC_0214.jpg"
"4482",0.682074653,2.9345,"5e59ee3a2bff541fcf05d86e","EC_0223.jpg"
"4483",1.424175347,2.7729,"5e59ee3a2bff541fcf05d86e","EC_0198.jpg"
"4484",5.533333333,2.5794,"5e59ee3a2bff541fcf05d86e","EC_0001.jpg"
"4485",5.665451389,2.7848,"5e59ee3a2bff541fcf05d86e","EC_0084.jpg"
"4486",2.437282986,3.1982,"5e59ee3a2bff541fcf05d86e","EC_0075.jpg"
"4487",2.451605903,2.4207,"5e59ee3a2bff541fcf05d86e","EC_0069.jpg"
"4488",0.587847222,2.453,"5e59ee3a2bff541fcf05d86e","EC_0137.jpg"
"4489",6.522569444,2.9673,"5e59ee3a2bff541fcf05d86e","EC_0230.jpg"
"4490",0.539409722,2.8499,"5e59ee3a2bff541fcf05d86e","EC_0227.jpg"
"4491",0.51875,2.2825,"5e59ee3a2bff541fcf05d86e","EC_0204.jpg"
"4492",1.566536458,3.0137,"5e59ee3a2bff541fcf05d86e","EC_0163.jpg"
"4493",0.580642361,2.6818,"5e59ee3a2bff541fcf05d86e","EC_0094.jpg"
"4494",0.580642361,2.0864,"5e59ee3a2bff541fcf05d86e","EC_0113.jpg"
"4495",6.376388889,2.6993,"5e59ee3a2bff541fcf05d86e","EC_0034.jpg"
"4496",0.609678819,2.7875,"5e59ee3a2bff541fcf05d86e","EC_0055.jpg"
"4497",3.402517361,3.1337,"5e59ee3a2bff541fcf05d86e","EC_0121.jpg"
"4498",4.514279514,2.7669,"5e59ee3a2bff541fcf05d86e","EC_0068.jpg"
"4499",4.514279514,2.5308,"5e59ee3a2bff541fcf05d86e","EC_0224.jpg"
"4500",2.478472222,2.9234,"5e59ee3a2bff541fcf05d86e","EC_0118.jpg"
"4501",0.536979167,3.0989,"5e59ee3a2bff541fcf05d86e","EC_0044.jpg"
"4502",0.623697917,2.6716,"5e59ee3a2bff541fcf05d86e","EC_0180.jpg"
"4503",7.332769097,4.0343,"5e59ee3a2bff541fcf05d86e","EC_0077.jpg"
"4504",6.509375,2.503,"5e59ee3a2bff541fcf05d86e","EC_0022.jpg"
"4505",9.315972222,2.9335,"5e59ee3a2bff541fcf05d86e","EC_0050.jpg"
"4506",0.288888889,5.0434,"5e59ee3a2bff541fcf05d86e","EC_0027.jpg"
"4507",7.21875,3.2153,"5e59ee3a2bff541fcf05d86e","EC_0242.jpg"
"4508",8.455815972,2.546,"5e59ee3a2bff541fcf05d86e","EC_0133.jpg"
"4509",0.333376736,2.8631,"5e59ee3a2bff541fcf05d86e","EC_0184.jpg"
"4510",3.283897569,2.8648,"5e59ee3a2bff541fcf05d86e","EC_0080.jpg"
"4511",6.648480903,3.2446,"5e59ee3a2bff541fcf05d86e","EC_0006.jpg"
"4512",5.384418403,33.8568,"5e59ee3a2bff541fcf05d86e","EC_0210.jpg"
"4513",3.601649306,3.5192,"5e59ee3a2bff541fcf05d86e","EC_0201.jpg"
"4514",3.598741319,2.3988,"5e59ee3a2bff541fcf05d86e","EC_0207.jpg"
"4515",1.554947917,2.6622,"5e59ee3a2bff541fcf05d86e","EC_0238.jpg"
"4516",3.489192708,3.322,"5e59ee3a2bff541fcf05d86e","EC_0096.jpg"
"4517",1.555338542,9.015,"5e59ee3a2bff541fcf05d86e","EC_0188.jpg"
"4518",7.403732639,5.3286,"5e59ee3a2bff541fcf05d86e","EC_0046.jpg"
"4519",4.329079861,3.0505,"5e59ee3a2bff541fcf05d86e","EC_0098.jpg"
"4520",1.439236111,7.2457,"5e59ee3a2bff541fcf05d86e","EC_0147.png"
"4521",6.331293403,3.0531,"5e59ee3a2bff541fcf05d86e","EC_0092.jpg"
"4522",4.604036458,3.2794,"5e59ee3a2bff541fcf05d86e","EC_0153.jpg"
"4523",3.487282986,5.0581,"5e59ee3a2bff541fcf05d86e","EC_0124.jpeg"
"4524",1.410720486,3.1966,"5e59ee3a2bff541fcf05d86e","EC_0086.jpg"
"4525",7.693532986,2.8333,"5e59ee3a2bff541fcf05d86e","EC_0104.jpg"
"4526",9.550520833,2.3984,"5e59ee3a2bff541fcf05d86e","EC_0247.jpg"
"4527",0.649045139,2.9708,"5e59ee3a2bff541fcf05d86e","EC_0065.jpg"
"4528",2.527473958,2.4305,"5e59ee3a2bff541fcf05d86e","EC_0234.jpg"
"4529",4.5375,3.1706,"5e59ee3a2bff541fcf05d86e","EC_0087.jpg"
"4530",5.720789931,3.5505,"5e59ee3a2bff541fcf05d86e","EC_0125.jpeg"
"4531",6.897265625,2.4122,"5e59ee3a2bff541fcf05d86e","EC_0106.jpg"
"4532",0.045920139,2.5815,"5e59ee3a2bff541fcf05d86e","EC_0085.jpg"
"4533",1.494487847,2.6058,"5e59ee3a2bff541fcf05d86e","EC_0159.jpg"
"4534",9.428515625,3.3686,"5e59ee3a2bff541fcf05d86e","EC_0003.jpg"
"4535",0.290885417,2.6701,"5e59ee3a2bff541fcf05d86e","EC_0173.jpg"
"4536",5.451128472,2.9043,"5e59ee3a2bff541fcf05d86e","EC_0090.jpg"
"4537",5.250607639,2.6671,"5e59ee3a2bff541fcf05d86e","EC_0148.jpg"
"4538",0.430989583,2.8489,"5e59ee3a2bff541fcf05d86e","EC_0193.png"
"4539",0.32578125,3.8991,"5e59ee3a2bff541fcf05d86e","EC_0012.jpg"
"4540",3.462282986,2.6979,"5e59ee3a2bff541fcf05d86e","EC_0039.jpg"
"4541",5.321527778,3.9201,"5e59ee3a2bff541fcf05d86e","EC_0083.jpg"
"4542",7.2609375,2.835,"5e59ee3a2bff541fcf05d86e","EC_0161.jpg"
"4543",2.456857639,5.8765,"5e59ee3a2bff541fcf05d86e","EC_0165.jpg"
"4544",0.069835069,2.6812,"5e59ee3a2bff541fcf05d86e","EC_0235.jpg"
"4545",9.189713542,2.8135,"5e59ee3a2bff541fcf05d86e","EC_0226.jpg"
"4546",4.397873264,3.6363,"5e59ee3a2bff541fcf05d86e","EC_0239.jpg"
"4547",0.6890625,3.7537,"5e59ee3a2bff541fcf05d86e","EC_0105.jpg"
"4548",5.525911458,4.4859,"5e59ee3a2bff541fcf05d86e","EC_0128.jpeg"
"4549",8.224479167,4.7399,"5e59ee3a2bff541fcf05d86e","EC_0108.jpg"
"4550",6.264539931,2.9988,"5e59ee3a2bff541fcf05d86e","EC_0123.jpeg"
"4551",6.606901042,3.2809,"5e59ee3a2bff541fcf05d86e","EC_0102.jpg"
"4552",0.592057292,2.8131,"5e59ee3a2bff541fcf05d86e","EC_0095.jpg"
"4553",0.592057292,2.2513,"5e59ee3a2bff541fcf05d86e","EC_0134.jpg"
"4554",9.462543403,2.6472,"5e59ee3a2bff541fcf05d86e","EC_0177.jpg"
"4555",6.700998264,2.5568,"5e59ee3a2bff541fcf05d86e","EC_0016.jpg"
"4556",0.383810764,2.58,"5e59ee3a2bff541fcf05d86e","EC_0187.jpeg"
"4557",0.803168403,2.8869,"5e59ee3a2bff541fcf05d86e","EC_0036.jpeg"
"4558",9.434765625,2.8498,"5e59ee3a2bff541fcf05d86e","EC_0202.jpg"
"4559",6.377213542,2.2471,"5e59ee3a2bff541fcf05d86e","EC_0168.jpeg"
"4560",8.342404514,2.5883,"5e59ee3a2bff541fcf05d86e","EC_0169.png"
"4561",9.333029514,2.5647,"5e59ee3a2bff541fcf05d86e","EC_0037.jpg"
"4562",9.330121528,2.3305,"5e59ee3a2bff541fcf05d86e","EC_0250.jpg"
"4563",0.551171875,2.8324,"5e59ee3a2bff541fcf05d86e","EC_0097.jpg"
"4564",5.066493056,3.5993,"5e59ee3a2bff541fcf05d86e","EC_0058.jpg"
"4565",2.442404514,3.5343,"5e59ee3a2bff541fcf05d86e","EC_0171.jpg"
"4566",0.624609375,3.0549,"5e59ee3a2bff541fcf05d86e","EC_0129.jpeg"
"4567",4.503168403,2.382,"5e59ee3a2bff541fcf05d86e","EC_0228.jpg"
"4568",4.503168403,2.4987,"5e59ee3a2bff541fcf05d86e","EC_0051.jpg"
"4569",1.251345486,2.9832,"5e59ee3a2bff541fcf05d86e","EC_0089.jpg"
"4570",0.298914931,2.4535,"5e59ee3a2bff541fcf05d86e","EC_0231.jpg"
"4571",4.440104167,2.3989,"5e59ee3a2bff541fcf05d86e","EC_0209.jpg"
"4572",0.232855903,2.8806,"5e59ee3a2bff541fcf05d86e","EC_0054.jpg"
"4573",3.665885417,2.6654,"5e59ee3a2bff541fcf05d86e","EC_0017.jpg"
"4574",0.631597222,2.432,"5e59ee3a2bff541fcf05d86e","EC_0240.jpg"
"4575",5.597916667,2.3838,"5e59ee3a2bff541fcf05d86e","EC_0200.png"
"4576",0.506944444,2.3017,"5e59ee3a2bff541fcf05d86e","EC_0088.jpg"
"4577",7.757335069,2.7556,"5e59ee3a2bff541fcf05d86e","EC_0156.jpg"
"4578",4.635460069,2.264,"5e59ee3a2bff541fcf05d86e","EC_0029.jpg"
"4579",3.621223958,2.3497,"5e59ee3a2bff541fcf05d86e","EC_0211.jpg"
"4580",0.348611111,2.9897,"5e59ee3a2bff541fcf05d86e","EC_0053.jpg"
"4581",6.302560764,2.6694,"5e59ee3a2bff541fcf05d86e","EC_0041.jpg"
"4582",5.59609375,4.0137,"5e59ee3a2bff541fcf05d86e","EC_0196.jpg"
"4583",3.674956597,2.3374,"5e59ee3a2bff541fcf05d86e","EC_0014.jpg"
"4584",2.168142361,2.6221,"5e59ee3a2bff541fcf05d86e","EC_0248.jpg"
"4585",1.395399306,3.7658,"5e59ee3a2bff541fcf05d86e","EC_0158.jpg"
"4586",6.287152778,2.5166,"5e59ee3a2bff541fcf05d86e","EC_0136.jpg"
"4587",1.462760417,3.3381,"5e59ee3a2bff541fcf05d86e","EC_0152.jpg"
"4588",5.468706597,2.9866,"5e59ee3a2bff541fcf05d86e","EC_0062.jpg"
"4589",4.316666667,2.7735,"5e59ee3a2bff541fcf05d86e","EC_0028.jpg"
"4590",7.371050347,2.4354,"5e59ee3a2bff541fcf05d86e","EC_0008.jpg"
"4591",3.458333333,2.6807,"5e59ee3a2bff541fcf05d86e","EC_0203.jpg"
"4592",9.535980903,3.675,"5e59ee3a2bff541fcf05d86e","EC_0073.jpg"
"4593",0.613845486,2.6112,"5e59ee3a2bff541fcf05d86e","EC_0185.jpg"
"4594",0.613845486,2.0312,"5e59ee3a2bff541fcf05d86e","EC_0139.png"
"4595",4.625086806,2.8668,"5e59ee3a2bff541fcf05d86e","EC_0007.jpg"
"4596",5.278732639,2.4794,"5e59ee3a2bff541fcf05d86e","EC_0233.jpg"
"4597",7.472222222,2.5799,"5e59ee3a2bff541fcf05d86e","EC_0221.jpg"
"4598",8.307378472,2.5133,"5e59ee3a2bff541fcf05d86e","EC_0197.jpg"
"4599",8.784765625,2.4314,"5e59ee3a2bff541fcf05d86e","EC_0151.jpg"
"4600",7.53125,2.7025,"5e59ee3a2bff541fcf05d86e","EC_0222.jpg"
"4601",9.386197917,2.3484,"5e59ee3a2bff541fcf05d86e","EC_0199.jpg"
"4602",9.386197917,2.1182,"5e59ee3a2bff541fcf05d86e","EC_0117.jpg"
"4603",9.677560764,1.9697,"5e59ee3a2bff541fcf05d86e","EC_0074.jpg"
"4604",9.677560764,2.1202,"5e59ee3a2bff541fcf05d86e","EC_0116.jpg"
"4605",9.677560764,1.9114,"5e59ee3a2bff541fcf05d86e","EC_0141.jpg"
"4606",3.671484375,2.9828,"5e59ee3a2bff541fcf05d86e","EC_0103.jpg"
"4607",0.535069444,2.6442,"5e59ee3a2bff541fcf05d86e","EC_0040.jpg"
"4608",6.414973958,2.9576,"5e59ee3a2bff541fcf05d86e","EC_0070.jpg"
"4609",2.729557292,3.089,"5e59ee3a2bff541fcf05d86e","EC_0049.jpg"
"4610",4.514149306,2.7641,"5e59ee3a2bff541fcf05d86e","EC_0101.jpg"
"4611",0.551605903,3.0491,"5e59ee3a2bff541fcf05d86e","EC_0249.jpg"
"4612",6.594053819,2.6334,"5e59ee3a2bff541fcf05d86e","EC_0135.jpg"
"4613",5.331640625,2.1941,"5e59ee3a2bff541fcf05d86e","EC_0011.jpg"
"4614",3.465798611,2.5626,"5e59ee3a2bff541fcf05d86e","EC_0213.jpg"
"4615",6.335546875,2.4488,"5e59ee3a2bff541fcf05d86e","EC_0079.jpg"
"4616",7.558420139,3.1835,"5e59ee3a2bff541fcf05d86e","EC_0206.png"
"4617",2.394835069,2.8485,"5e59ee3a2bff541fcf05d86e","EC_0042.jpg"
"4618",5.50390625,2.8556,"5e59ee3a2bff541fcf05d86e","EC_0009.jpg"
"4619",9.397005208,2.5627,"5e59ee3a2bff541fcf05d86e","EC_0132.jpg"
"4620",8.306206597,2.6315,"5e59ee3a2bff541fcf05d86e","EC_0149.jpg"
"4621",5.911458333,7.253,"5e606b1eaf84e83c728748d7","EC_0103.jpg"
"4622",3.046875,4.443,"5e606b1eaf84e83c728748d7","EC_0176.jpg"
"4623",4.830729167,24.682,"5e606b1eaf84e83c728748d7","EC_0099.jpg"
"4624",3.046875,3.64,"5e606b1eaf84e83c728748d7","EC_0236.jpg"
"4625",5.9375,4.903,"5e606b1eaf84e83c728748d7","EC_0181.jpg"
"4626",8.059895833,4.502,"5e606b1eaf84e83c728748d7","EC_0133.jpg"
"4627",5.989583333,3.524,"5e606b1eaf84e83c728748d7","EC_0185.jpg"
"4628",8.0078125,3.369,"5e606b1eaf84e83c728748d7","EC_0125.jpeg"
"4629",3.046875,3.43,"5e606b1eaf84e83c728748d7","EC_0140.jpg"
"4630",5.208333333,6.865,"5e606b1eaf84e83c728748d7","EC_0158.jpg"
"4631",8.9453125,2.805,"5e606b1eaf84e83c728748d7","EC_0057.jpeg"
"4632",8.9453125,5.495,"5e606b1eaf84e83c728748d7","EC_0009.jpg"
"4633",7.096354167,3.526,"5e606b1eaf84e83c728748d7","EC_0014.jpg"
"4634",3.984375,3.037,"5e606b1eaf84e83c728748d7","EC_0197.jpg"
"4635",4.0625,3.61,"5e606b1eaf84e83c728748d7","EC_0055.jpg"
"4636",8.0859375,7.799,"5e606b1eaf84e83c728748d7","EC_0235.jpg"
"4637",7.018229167,6.393,"5e606b1eaf84e83c728748d7","EC_0029.jpg"
"4638",6.848958333,4.382,"5e606b1eaf84e83c728748d7","EC_0041.jpg"
"4639",4.114583333,4.565,"5e606b1eaf84e83c728748d7","EC_0010.jpg"
"4640",7.03125,5.237,"5e606b1eaf84e83c728748d7","EC_0118.jpg"
"4641",6.953125,4.582,"5e606b1eaf84e83c728748d7","EC_0060.jpg"
"4642",3.971354167,2.992,"5e606b1eaf84e83c728748d7","EC_0162.jpg"
"4643",7.903645833,4.265,"5e606b1eaf84e83c728748d7","EC_0007.jpg"
"4644",6.015625,3.996,"5e606b1eaf84e83c728748d7","EC_0128.jpeg"
"4645",1.940104167,8.291,"5e606b1eaf84e83c728748d7","EC_0137.jpg"
"4646",6.119791667,3.737,"5e606b1eaf84e83c728748d7","EC_0059.jpg"
"4647",7.890625,3.517,"5e606b1eaf84e83c728748d7","EC_0037.jpg"
"4648",7.9296875,7.77,"5e606b1eaf84e83c728748d7","EC_0031.jpg"
"4649",1.953125,8.876,"5e606b1eaf84e83c728748d7","EC_0234.jpg"
"4650",1.888020833,3.08,"5e606b1eaf84e83c728748d7","EC_0019.jpg"
"4651",8.997395833,3.441,"5e606b1eaf84e83c728748d7","EC_0173.jpg"
"4652",5.9765625,3.133,"5e606b1eaf84e83c728748d7","EC_0205.jpg"
"4653",9.869791667,3.313,"5e606b1eaf84e83c728748d7","EC_0002.jpg"
"4654",4.895833333,8.422,"5e606b1eaf84e83c728748d7","EC_0017.jpg"
"4655",2.057291667,3.798,"5e606b1eaf84e83c728748d7","EC_0204.jpg"
"4656",1.002604167,12.504,"5e606b1eaf84e83c728748d7","EC_0124.jpeg"
"4657",5.950520833,3.811,"5e606b1eaf84e83c728748d7","EC_0151.jpg"
"4658",3.997395833,4.515,"5e606b1eaf84e83c728748d7","EC_0170.jpg"
"4659",5.989583333,4.567,"5e606b1eaf84e83c728748d7","EC_0048.jpg"
"4660",8.138020833,9.271,"5e606b1eaf84e83c728748d7","EC_0028.jpg"
"4661",8.046875,4.316,"5e606b1eaf84e83c728748d7","EC_0092.jpg"
"4662",1.979166667,3.95,"5e606b1eaf84e83c728748d7","EC_0086.jpg"
"4663",4.895833333,15.396,"5e606b1eaf84e83c728748d7","EC_0012.jpg"
"4664",6.028645833,4.495,"5e606b1eaf84e83c728748d7","EC_0242.jpg"
"4665",3.033854167,5.799,"5e606b1eaf84e83c728748d7","EC_0106.jpg"
"4666",5.963541667,5.119,"5e606b1eaf84e83c728748d7","EC_0024.jpg"
"4667",9.9609375,4.003,"5e606b1eaf84e83c728748d7","EC_0209.jpg"
"4668",6.158854167,8.477,"5e606b1eaf84e83c728748d7","EC_0084.jpg"
"4669",1.940104167,4.165,"5e606b1eaf84e83c728748d7","EC_0136.jpg"
"4670",8.932291667,3.191,"5e606b1eaf84e83c728748d7","EC_0168.jpeg"
"4671",8.033854167,3.359,"5e606b1eaf84e83c728748d7","EC_0081.jpg"
"4672",5.716145833,4.164,"5e606b1eaf84e83c728748d7","EC_0224.jpg"
"4673",0.013020833,7.764,"5e606b1eaf84e83c728748d7","EC_0033.jpeg"
"4674",1.966145833,3.206,"5e606b1eaf84e83c728748d7","EC_0067.jpg"
"4675",7.825520833,4.165,"5e606b1eaf84e83c728748d7","EC_0062.jpg"
"4676",5.885416667,3.241,"5e606b1eaf84e83c728748d7","EC_0047.jpg"
"4677",7.825520833,3.44,"5e606b1eaf84e83c728748d7","EC_0046.jpg"
"4678",8.919270833,5.447,"5e606b1eaf84e83c728748d7","EC_0066.jpg"
"4679",9.947916667,3.987,"5e606b1eaf84e83c728748d7","EC_0156.jpg"
"4680",8.059895833,2.905,"5e606b1eaf84e83c728748d7","EC_0230.jpg"
"4681",7.083333333,3.622,"5e606b1eaf84e83c728748d7","EC_0131.jpg"
"4682",8.125,3.973,"5e606b1eaf84e83c728748d7","EC_0149.jpg"
"4683",3.033854167,4.622,"5e606b1eaf84e83c728748d7","EC_0097.jpg"
"4684",1.875,3.914,"5e606b1eaf84e83c728748d7","EC_0195.jpg"
"4685",8.046875,15.692,"5e606b1eaf84e83c728748d7","EC_0038.jpg"
"4686",8.984375,4.703,"5e606b1eaf84e83c728748d7","EC_0030.jpg"
"4687",1.09375,4.138,"5e606b1eaf84e83c728748d7","EC_0229.jpg"
"4688",2.9296875,5.525,"5e606b1eaf84e83c728748d7","EC_0119.jpg"
"4689",8.815104167,3.291,"5e606b1eaf84e83c728748d7","EC_0237.jpg"
"4690",8.932291667,2.953,"5e606b1eaf84e83c728748d7","EC_0051.jpg"
"4691",9.895833333,5.371,"5e606b1eaf84e83c728748d7","EC_0203.jpg"
"4692",5.8203125,4.164,"5e606b1eaf84e83c728748d7","EC_0172.jpg"
"4693",7.916666667,3.839,"5e606b1eaf84e83c728748d7","EC_0104.jpg"
"4694",9.934895833,3.411,"5e606b1eaf84e83c728748d7","EC_0174.jpg"
"4695",4.934895833,3.641,"5e606b1eaf84e83c728748d7","EC_0248.jpg"
"4696",0.911458333,3.616,"5e606b1eaf84e83c728748d7","EC_0049.jpg"
"4697",0.9765625,4.614,"5e606b1eaf84e83c728748d7","EC_0011.jpg"
"4698",0.0390625,5.32,"5e606b1eaf84e83c728748d7","EC_0005.jpg"
"4699",7.239583333,8.129,"5e606b1eaf84e83c728748d7","EC_0088.jpg"
"4700",2.174479167,3.935,"5e606b1eaf84e83c728748d7","EC_0241.jpg"
"4701",6.028645833,3.37,"5e606b1eaf84e83c728748d7","EC_0032.jpg"
"4702",2.174479167,3.473,"5e606b1eaf84e83c728748d7","EC_0089.jpg"
"4703",1.953125,3.207,"5e606b1eaf84e83c728748d7","EC_0083.jpg"
"4704",2.0703125,3.042,"5e606b1eaf84e83c728748d7","EC_0020.jpg"
"4705",6.041666667,4.188,"5e606b1eaf84e83c728748d7","EC_0135.jpg"
"4706",3.125,2.828,"5e606b1eaf84e83c728748d7","EC_0240.jpg"
"4707",9.973958333,3.381,"5e606b1eaf84e83c728748d7","EC_0231.jpg"
"4708",8.0078125,4.955,"5e606b1eaf84e83c728748d7","EC_0053.jpg"
"4709",5.0390625,6.378,"5e606b1eaf84e83c728748d7","EC_0159.jpg"
"4710",7.916666667,3.039,"5e606b1eaf84e83c728748d7","EC_0134.jpg"
"4711",3.880208333,3.712,"5e606b1eaf84e83c728748d7","EC_0015.jpg"
"4712",8.8671875,2.866,"5e606b1eaf84e83c728748d7","EC_0003.jpg"
"4713",4.973958333,3.456,"5e606b1eaf84e83c728748d7","EC_0244.jpg"
"4714",9.895833333,5.958,"5e606b1eaf84e83c728748d7","EC_0094.jpg"
"4715",6.041666667,2.802,"5e606b1eaf84e83c728748d7","EC_0161.jpg"
"4716",3.0078125,3.745,"5e606b1eaf84e83c728748d7","EC_0169.png"
"4717",9.908854167,3.207,"5e606b1eaf84e83c728748d7","EC_0008.jpg"
"4718",4.9609375,4.017,"5e606b1eaf84e83c728748d7","EC_0163.jpg"
"4719",1.861979167,3.408,"5e606b1eaf84e83c728748d7","EC_0111.jpg"
"4720",0.950520833,3.332,"5e606b1eaf84e83c728748d7","EC_0080.jpg"
"4721",8.046875,3.988,"5e606b1eaf84e83c728748d7","EC_0113.jpg"
"4722",8.919270833,3.714,"5e606b1eaf84e83c728748d7","EC_0013.jpg"
"4723",9.934895833,6.384,"5e606b1eaf84e83c728748d7","EC_0070.jpg"
"4724",2.825520833,4.161,"5e606b1eaf84e83c728748d7","EC_0090.jpg"
"4725",5.091145833,4.327,"5e606b1eaf84e83c728748d7","EC_0064.jpg"
"4726",2.018229167,3.433,"5e606b1eaf84e83c728748d7","EC_0147.png"
"4727",8.90625,3.009,"5e606b1eaf84e83c728748d7","EC_0082.jpg"
"4728",9.1015625,3.206,"5e606b1eaf84e83c728748d7","EC_0120.jpg"
"4729",5,3.344,"5e606b1eaf84e83c728748d7","EC_0075.jpg"
"4730",2.942708333,3.661,"5e606b1eaf84e83c728748d7","EC_0006.jpg"
"4731",7.981770833,5.381,"5e606b1eaf84e83c728748d7","EC_0157.jpg"
"4732",4.947916667,4.647,"5e606b1eaf84e83c728748d7","EC_0239.jpg"
"4733",8.0078125,3.263,"5e606b1eaf84e83c728748d7","EC_0167.jpg"
"4734",9.856770833,3.056,"5e606b1eaf84e83c728748d7","EC_0243.jpg"
"4735",7.03125,3.585,"5e606b1eaf84e83c728748d7","EC_0207.jpg"
"4736",9.908854167,3.937,"5e606b1eaf84e83c728748d7","EC_0132.jpg"
"4737",9.947916667,17.748,"5e606b1eaf84e83c728748d7","EC_0076.jpg"
"4738",8.059895833,3.034,"5e606b1eaf84e83c728748d7","EC_0001.jpg"
"4739",9.986979167,3.709,"5e606b1eaf84e83c728748d7","EC_0098.jpg"
"4740",5.924479167,5.224,"5e606b1eaf84e83c728748d7","EC_0221.jpg"
"4741",9.869791667,3.659,"5e606b1eaf84e83c728748d7","EC_0117.jpg"
"4742",6.0546875,2.909,"5e606b1eaf84e83c728748d7","EC_0109.jpg"
"4743",2.864583333,3.473,"5e606b1eaf84e83c728748d7","EC_0148.jpg"
"4744",7.994791667,6.96,"5e606b1eaf84e83c728748d7","EC_0096.jpg"
"4745",5.052083333,2.882,"5e606b1eaf84e83c728748d7","EC_0238.jpg"
"4746",6.979166667,5.772,"5e606b1eaf84e83c728748d7","EC_0063.jpg"
"4747",7.005208333,2.946,"5e606b1eaf84e83c728748d7","EC_0150.jpg"
"4748",8.138020833,4.194,"5e606b1eaf84e83c728748d7","EC_0206.png"
"4749",8.932291667,6.508,"5e606b1eaf84e83c728748d7","EC_0079.jpg"
"4750",6.080729167,9.704,"5e606b1eaf84e83c728748d7","EC_0056.jpg"
"4751",7.044270833,17.934,"5e606b1eaf84e83c728748d7","EC_0142.jpg"
"4752",5.091145833,4.497,"5e606b1eaf84e83c728748d7","EC_0071.jpg"
"4753",6.341145833,4.263,"5e606b1eaf84e83c728748d7","EC_0102.jpg"
"4754",7.747395833,4.723,"5e606b1eaf84e83c728748d7","EC_0087.jpg"
"4755",8.046875,3.085,"5e606b1eaf84e83c728748d7","EC_0200.png"
"4756",5.078125,3.182,"5e606b1eaf84e83c728748d7","EC_0166.jpg"
"4757",2.916666667,3.281,"5e606b1eaf84e83c728748d7","EC_0249.jpg"
"4758",4.036458333,3.639,"5e606b1eaf84e83c728748d7","EC_0093.jpg"
"4759",4.036458333,3.18,"5e606b1eaf84e83c728748d7","EC_0184.jpg"
"4760",8.0078125,5.941,"5e606b1eaf84e83c728748d7","EC_0100.jpg"
"4761",10,6.13,"5e606b1eaf84e83c728748d7","EC_0219.jpg"
"4762",4.9609375,3.231,"5e606b1eaf84e83c728748d7","EC_0105.jpg"
"4763",7.018229167,4.802,"5e606b1eaf84e83c728748d7","EC_0222.jpg"
"4764",4.973958333,18.864,"5e606b1eaf84e83c728748d7","EC_0201.jpg"
"4765",8.971354167,3.532,"5e606b1eaf84e83c728748d7","EC_0042.jpg"
"4766",5.0390625,9.739,"5e606b1eaf84e83c728748d7","EC_0183.jpg"
"4767",8.893229167,18.368,"5e606b1eaf84e83c728748d7","EC_0058.jpg"
"4768",2.786458333,4.363,"5e606b1eaf84e83c728748d7","EC_0101.jpg"
"4769",8.763020833,3.357,"5e606b1eaf84e83c728748d7","EC_0039.jpg"
"4770",5.950520833,3.443,"5e606b1eaf84e83c728748d7","EC_0040.jpg"
"4771",7.929553265,21.873,"5e606b1eaf84e83c728748d7","EC_0188.jpg"
"4772",1.005154639,5.138,"5e606b1eaf84e83c728748d7","EC_0247.jpg"
"4773",9.029209622,4.092,"5e606b1eaf84e83c728748d7","EC_0115.jpg"
"4774",8.135738832,3.975,"5e606b1eaf84e83c728748d7","EC_0034.jpg"
"4775",1.984536082,14.786,"5e606b1eaf84e83c728748d7","EC_0233.jpg"
"4776",4.046391753,3.618,"5e606b1eaf84e83c728748d7","EC_0199.jpg"
"4777",6.108247423,3.944,"5e606b1eaf84e83c728748d7","EC_0226.jpg"
"4778",6.829896907,2.614,"5e606b1eaf84e83c728748d7","EC_0022.jpg"
"4779",9.183848797,3.084,"5e606b1eaf84e83c728748d7","EC_0116.jpg"
"4780",4.922680412,8.238,"5e606b1eaf84e83c728748d7","EC_0232.jpg"
"4781",4.046391753,4.192,"5e606b1eaf84e83c728748d7","EC_0152.jpg"
"4782",0.335051546,5.797,"5e606b1eaf84e83c728748d7","EC_0165.jpg"
"4783",0.197594502,2.539,"5e606b1eaf84e83c728748d7","EC_0194.jpg"
"4784",1.795532646,8.474,"5e606b1eaf84e83c728748d7","EC_0196.jpg"
"4785",7.001718213,2.663,"5e606b1eaf84e83c728748d7","EC_0228.jpg"
"4786",9.029209622,3.431,"5e606b1eaf84e83c728748d7","EC_0016.jpg"
"4787",8.97766323,9.185,"5e606b1eaf84e83c728748d7","EC_0061.jpg"
"4788",4.166666667,3.877,"5e606b1eaf84e83c728748d7","EC_0177.jpg"
"4789",8.170103093,2.633,"5e606b1eaf84e83c728748d7","EC_0182.jpg"
"4790",8.891752577,3.064,"5e606b1eaf84e83c728748d7","EC_0068.jpg"
"4791",8.943298969,2.572,"5e606b1eaf84e83c728748d7","EC_0018.jpg"
"4792",5.953608247,4.387,"5e606b1eaf84e83c728748d7","EC_0129.jpeg"
"4793",9.012027491,2.887,"5e606b1eaf84e83c728748d7","EC_0193.png"
"4794",5.008591065,3.333,"5e606b1eaf84e83c728748d7","EC_0213.jpg"
"4795",3.908934708,4.11,"5e606b1eaf84e83c728748d7","EC_0123.jpeg"
"4796",1.056701031,6.643,"5e606b1eaf84e83c728748d7","EC_0154.jpg"
"4797",9.012027491,3.734,"5e606b1eaf84e83c728748d7","EC_0044.jpg"
"4798",5.884879725,3.48,"5e606b1eaf84e83c728748d7","EC_0095.jpg"
"4799",4.991408935,2.865,"5e606b1eaf84e83c728748d7","EC_0160.jpg"
"4800",9.012027491,3.367,"5e606b1eaf84e83c728748d7","EC_0223.jpg"
"4801",6.194158076,3.505,"5e606b1eaf84e83c728748d7","EC_0198.jpg"
"4802",7.929553265,3.481,"5e606b1eaf84e83c728748d7","EC_0077.jpg"
"4803",4.063573883,3.759,"5e606b1eaf84e83c728748d7","EC_0050.jpg"
"4804",7.740549828,4.235,"5e606b1eaf84e83c728748d7","EC_0138.png"
"4805",9.85395189,3.557,"5e606b1eaf84e83c728748d7","EC_0072.jpg"
"4806",7.018900344,3.407,"5e606b1eaf84e83c728748d7","EC_0027.jpg"
"4807",8.015463918,2.587,"5e606b1eaf84e83c728748d7","EC_0246.jpg"
"4808",9.974226804,3.859,"5e606b1eaf84e83c728748d7","EC_0210.jpg"
"4809",9.029209622,11.049,"5e606b1eaf84e83c728748d7","EC_0073.jpg"
"4810",8.08419244,4.487,"5e606b1eaf84e83c728748d7","EC_0069.jpg"
"4811",2.843642612,3.416,"5e606b1eaf84e83c728748d7","EC_0065.jpg"
"4812",6.0395189,3.464,"5e606b1eaf84e83c728748d7","EC_0139.png"
"4813",1.881443299,4.197,"5e606b1eaf84e83c728748d7","EC_0036.jpeg"
"4814",9.664948454,3.164,"5e606b1eaf84e83c728748d7","EC_0085.jpg"
"4815",5.077319588,3.384,"5e606b1eaf84e83c728748d7","EC_0245.jpg"
"4816",2.929553265,5.409,"5e606b1eaf84e83c728748d7","EC_0108.jpg"
"4817",0.14604811,4.267,"5e606b1eaf84e83c728748d7","EC_0153.jpg"
"4818",3.874570447,3.858,"5e606b1eaf84e83c728748d7","EC_0180.jpg"
"4819",0.833333333,3.127,"5e606b1eaf84e83c728748d7","EC_0214.jpg"
"4820",0.197594502,6.108,"5e606b1eaf84e83c728748d7","EC_0171.jpg"
"4821",4.991408935,2.728,"5e606b1eaf84e83c728748d7","EC_0187.jpeg"
"4822",8.926116838,3.006,"5e606b1eaf84e83c728748d7","EC_0250.jpg"
"4823",1.743986254,2.549,"5e606b1eaf84e83c728748d7","EC_0202.jpg"
"4824",6.795532646,3.19,"5e606b1eaf84e83c728748d7","EC_0164.jpg"
"4825",6.847079038,2.96,"5e606b1eaf84e83c728748d7","EC_0227.jpg"
"4826",10,4.111,"5e606b1eaf84e83c728748d7","EC_0074.jpg"
"4827",2.774914089,2.969,"5e606b1eaf84e83c728748d7","EC_0141.jpg"
"4828",2.018900344,8.276,"5e606b1eaf84e83c728748d7","EC_0121.jpg"
"4829",4.132302405,25.437,"5e606b1eaf84e83c728748d7","EC_0054.jpg"
"4830",9.939862543,5.293,"5e606b1eaf84e83c728748d7","EC_0211.jpg"
"4831",6.907407407,3.0115,"5e646abe244a7f1feb0f6321","EC_0005.jpg"
"4832",7.990740741,3.3377,"5e646abe244a7f1feb0f6321","EC_0198.jpg"
"4833",2.12962963,3.3174,"5e646abe244a7f1feb0f6321","EC_0232.jpg"
"4834",9.944444444,3.2436,"5e646abe244a7f1feb0f6321","EC_0010.jpg"
"4835",6.694444444,3.005,"5e646abe244a7f1feb0f6321","EC_0214.jpg"
"4836",6.138888889,2.6419,"5e646abe244a7f1feb0f6321","EC_0100.jpg"
"4837",8.388888889,3.5247,"5e646abe244a7f1feb0f6321","EC_0020.jpg"
"4838",3.009259259,3.2595,"5e646abe244a7f1feb0f6321","EC_0181.jpg"
"4839",0.166666667,3.1276,"5e646abe244a7f1feb0f6321","EC_0071.jpg"
"4840",5.12962963,3.3906,"5e646abe244a7f1feb0f6321","EC_0237.jpg"
"4841",0.018518519,4.1196,"5e646abe244a7f1feb0f6321","EC_0048.jpg"
"4842",7.333333333,2.839,"5e646abe244a7f1feb0f6321","EC_0164.jpg"
"4843",2.981481481,3.3912,"5e646abe244a7f1feb0f6321","EC_0085.jpg"
"4844",5.009259259,3.5609,"5e646abe244a7f1feb0f6321","EC_0119.jpg"
"4845",1.481481481,4.374,"5e646abe244a7f1feb0f6321","EC_0042.jpg"
"4846",2.055555556,3.8944,"5e646abe244a7f1feb0f6321","EC_0182.jpg"
"4847",7.787037037,3.159,"5e646abe244a7f1feb0f6321","EC_0102.jpg"
"4848",9.009259259,3.3896,"5e646abe244a7f1feb0f6321","EC_0221.jpg"
"4849",7,3.7679,"5e646abe244a7f1feb0f6321","EC_0240.jpg"
"4850",5.916666667,3.6484,"5e646abe244a7f1feb0f6321","EC_0239.jpg"
"4851",7.546296296,2.6507,"5e646abe244a7f1feb0f6321","EC_0019.jpg"
"4852",5.907407407,2.8558,"5e646abe244a7f1feb0f6321","EC_0211.jpg"
"4853",7.314814815,2.7734,"5e646abe244a7f1feb0f6321","EC_0202.jpg"
"4854",7.444444444,2.7532,"5e646abe244a7f1feb0f6321","EC_0163.jpg"
"4855",5.972222222,4.0999,"5e646abe244a7f1feb0f6321","EC_0135.jpg"
"4856",3.833333333,3.9434,"5e646abe244a7f1feb0f6321","EC_0054.jpg"
"4857",8.092592593,3.7271,"5e646abe244a7f1feb0f6321","EC_0106.jpg"
"4858",0.222222222,3.4971,"5e646abe244a7f1feb0f6321","EC_0027.jpg"
"4859",6.490740741,4.6819,"5e646abe244a7f1feb0f6321","EC_0089.jpg"
"4860",5.981481481,3.735,"5e646abe244a7f1feb0f6321","EC_0053.jpg"
"4861",0.009259259,3.4983,"5e646abe244a7f1feb0f6321","EC_0227.jpg"
"4862",7.009259259,3.1248,"5e646abe244a7f1feb0f6321","EC_0013.jpg"
"4863",7.027777778,4.4854,"5e646abe244a7f1feb0f6321","EC_0168.jpeg"
"4864",2.898148148,21.1107,"5e646abe244a7f1feb0f6321","EC_0180.jpg"
"4865",7,12.3632,"5e646abe244a7f1feb0f6321","EC_0064.jpg"
"4866",8.777777778,4.0519,"5e646abe244a7f1feb0f6321","EC_0074.jpg"
"4867",0.009259259,6.8878,"5e646abe244a7f1feb0f6321","EC_0184.jpg"
"4868",7.962962963,4.088,"5e646abe244a7f1feb0f6321","EC_0030.jpg"
"4869",4,7.0075,"5e646abe244a7f1feb0f6321","EC_0075.jpg"
"4870",5,4.1188,"5e646abe244a7f1feb0f6321","EC_0038.jpg"
"4871",7.972222222,3.6498,"5e646abe244a7f1feb0f6321","EC_0076.jpg"
"4872",0.037037037,4.045,"5e646abe244a7f1feb0f6321","EC_0059.jpg"
"4873",5.953703704,3.2744,"5e646abe244a7f1feb0f6321","EC_0001.jpg"
"4874",7.962962963,3.6863,"5e646abe244a7f1feb0f6321","EC_0083.jpg"
"4875",7.888888889,8.0893,"5e646abe244a7f1feb0f6321","EC_0029.jpg"
"4876",6.824074074,3.9755,"5e646abe244a7f1feb0f6321","EC_0153.jpg"
"4877",6.092592593,4.0021,"5e646abe244a7f1feb0f6321","EC_0247.jpg"
"4878",7.537037037,4.8706,"5e646abe244a7f1feb0f6321","EC_0090.jpg"
"4879",8.787037037,3.8905,"5e646abe244a7f1feb0f6321","EC_0097.jpg"
"4880",8.055555556,7.8952,"5e646abe244a7f1feb0f6321","EC_0194.jpg"
"4881",7.537037037,2.8159,"5e646abe244a7f1feb0f6321","EC_0011.jpg"
"4882",8.611111111,3.4735,"5e646abe244a7f1feb0f6321","EC_0249.jpg"
"4883",6.138888889,3.1756,"5e646abe244a7f1feb0f6321","EC_0244.jpg"
"4884",6.342592593,2.5111,"5e646abe244a7f1feb0f6321","EC_0050.jpg"
"4885",7.287037037,2.4482,"5e646abe244a7f1feb0f6321","EC_0171.jpg"
"4886",8.398148148,6.1133,"5e646abe244a7f1feb0f6321","EC_0117.jpg"
"4887",7.388888889,2.7868,"5e646abe244a7f1feb0f6321","EC_0241.jpg"
"4888",4.074074074,3.5361,"5e646abe244a7f1feb0f6321","EC_0132.jpg"
"4889",1.962962963,3.304,"5e646abe244a7f1feb0f6321","EC_0058.jpg"
"4890",3.416666667,6.011,"5e646abe244a7f1feb0f6321","EC_0047.jpg"
"4891",6.435185185,2.7569,"5e646abe244a7f1feb0f6321","EC_0154.jpg"
"4892",8.046296296,2.8887,"5e646abe244a7f1feb0f6321","EC_0101.jpg"
"4893",5.990740741,3.5486,"5e646abe244a7f1feb0f6321","EC_0161.jpg"
"4894",9.296296296,3.0158,"5e646abe244a7f1feb0f6321","EC_0229.jpg"
"4895",8.546296296,2.2324,"5e646abe244a7f1feb0f6321","EC_0108.jpg"
"4896",6.611111111,2.8796,"5e646abe244a7f1feb0f6321","EC_0200.png"
"4897",4.398148148,2.944,"5e646abe244a7f1feb0f6321","EC_0149.jpg"
"4898",7.175925926,2.8518,"5e646abe244a7f1feb0f6321","EC_0081.jpg"
"4899",7.796296296,3.4345,"5e646abe244a7f1feb0f6321","EC_0096.jpg"
"4900",8.981481481,2.6646,"5e646abe244a7f1feb0f6321","EC_0177.jpg"
"4901",8.861111111,3.4495,"5e646abe244a7f1feb0f6321","EC_0067.jpg"
"4902",6.231481481,3.4535,"5e646abe244a7f1feb0f6321","EC_0185.jpg"
"4903",4.657407407,3.2598,"5e646abe244a7f1feb0f6321","EC_0196.jpg"
"4904",6.990740741,2.6442,"5e646abe244a7f1feb0f6321","EC_0156.jpg"
"4905",8.101851852,2.8656,"5e646abe244a7f1feb0f6321","EC_0040.jpg"
"4906",3.805555556,5.8016,"5e646abe244a7f1feb0f6321","EC_0129.jpeg"
"4907",7.277777778,2.6244,"5e646abe244a7f1feb0f6321","EC_0099.jpg"
"4908",6.342592593,3.3625,"5e646abe244a7f1feb0f6321","EC_0109.jpg"
"4909",1.537037037,3.7035,"5e646abe244a7f1feb0f6321","EC_0136.jpg"
"4910",8.37037037,3.2247,"5e646abe244a7f1feb0f6321","EC_0072.jpg"
"4911",0.824074074,3.8749,"5e646abe244a7f1feb0f6321","EC_0204.jpg"
"4912",5.314814815,2.9154,"5e646abe244a7f1feb0f6321","EC_0046.jpg"
"4913",7.12962963,2.4237,"5e646abe244a7f1feb0f6321","EC_0197.jpg"
"4914",8.175925926,2.2231,"5e646abe244a7f1feb0f6321","EC_0193.png"
"4915",6.092592593,2.9036,"5e646abe244a7f1feb0f6321","EC_0230.jpg"
"4916",7.055555556,3.2552,"5e646abe244a7f1feb0f6321","EC_0199.jpg"
"4917",7.472222222,2.9075,"5e646abe244a7f1feb0f6321","EC_0028.jpg"
"4918",5.481481481,3.5229,"5e646abe244a7f1feb0f6321","EC_0017.jpg"
"4919",7.768518519,2.7591,"5e646abe244a7f1feb0f6321","EC_0152.jpg"
"4920",7.277777778,3.0589,"5e646abe244a7f1feb0f6321","EC_0131.jpg"
"4921",8.064814815,2.5834,"5e646abe244a7f1feb0f6321","EC_0245.jpg"
"4922",8.435185185,3.2356,"5e646abe244a7f1feb0f6321","EC_0173.jpg"
"4923",7.722222222,3.2859,"5e646abe244a7f1feb0f6321","EC_0088.jpg"
"4924",9.62037037,4.0194,"5e646abe244a7f1feb0f6321","EC_0033.jpeg"
"4925",9.009259259,4.8568,"5e646abe244a7f1feb0f6321","EC_0151.jpg"
"4926",6.037037037,3.1035,"5e646abe244a7f1feb0f6321","EC_0003.jpg"
"4927",7.083333333,2.8538,"5e646abe244a7f1feb0f6321","EC_0018.jpg"
"4928",7.935185185,2.6399,"5e646abe244a7f1feb0f6321","EC_0065.jpg"
"4929",5.861111111,3.6198,"5e646abe244a7f1feb0f6321","EC_0228.jpg"
"4930",8.111111111,2.8474,"5e646abe244a7f1feb0f6321","EC_0140.jpg"
"4931",7.185185185,4.2204,"5e646abe244a7f1feb0f6321","EC_0036.jpeg"
"4932",9.009259259,4.3201,"5e646abe244a7f1feb0f6321","EC_0207.jpg"
"4933",7.333333333,3.0321,"5e646abe244a7f1feb0f6321","EC_0195.jpg"
"4934",9,3.0243,"5e646abe244a7f1feb0f6321","EC_0166.jpg"
"4935",9.037037037,3.5836,"5e646abe244a7f1feb0f6321","EC_0031.jpg"
"4936",8.064814815,3.1168,"5e646abe244a7f1feb0f6321","EC_0137.jpg"
"4937",8.962962963,3.2537,"5e646abe244a7f1feb0f6321","EC_0093.jpg"
"4938",9.972222222,3.7748,"5e646abe244a7f1feb0f6321","EC_0077.jpg"
"4939",7.009259259,12.7931,"5e646abe244a7f1feb0f6321","EC_0172.jpg"
"4940",8.092592593,8.5156,"5e646abe244a7f1feb0f6321","EC_0210.jpg"
"4941",4.509259259,5.983,"5e646abe244a7f1feb0f6321","EC_0148.jpg"
"4942",5.324074074,7.873,"5e646abe244a7f1feb0f6321","EC_0203.jpg"
"4943",6.944444444,6.2382,"5e646abe244a7f1feb0f6321","EC_0159.jpg"
"4944",8.87962963,3.9218,"5e646abe244a7f1feb0f6321","EC_0002.jpg"
"4945",6.925925926,21.1236,"5e646abe244a7f1feb0f6321","EC_0014.jpg"
"4946",6.925925926,5.1497,"5e646abe244a7f1feb0f6321","EC_0084.jpg"
"4947",7.648148148,2.408,"5e646abe244a7f1feb0f6321","EC_0073.jpg"
"4948",5.953703704,2.7105,"5e646abe244a7f1feb0f6321","EC_0246.jpg"
"4949",3.861111111,3.404,"5e646abe244a7f1feb0f6321","EC_0055.jpg"
"4950",7.018518519,3.0378,"5e646abe244a7f1feb0f6321","EC_0124.jpeg"
"4951",9.842592593,3.8822,"5e646abe244a7f1feb0f6321","EC_0157.jpg"
"4952",6.685185185,3.7944,"5e646abe244a7f1feb0f6321","EC_0226.jpg"
"4953",8.583333333,3.5126,"5e646abe244a7f1feb0f6321","EC_0201.jpg"
"4954",7.12962963,4.9843,"5e646abe244a7f1feb0f6321","EC_0066.jpg"
"4955",8.194444444,4.0228,"5e646abe244a7f1feb0f6321","EC_0235.jpg"
"4956",8.990740741,2.4914,"5e646abe244a7f1feb0f6321","EC_0111.jpg"
"4957",9.740740741,3.0827,"5e646abe244a7f1feb0f6321","EC_0069.jpg"
"4958",7.12962963,5.6019,"5e646abe244a7f1feb0f6321","EC_0183.jpg"
"4959",8.305555556,2.4408,"5e646abe244a7f1feb0f6321","EC_0169.png"
"4960",9.703703704,3.3953,"5e646abe244a7f1feb0f6321","EC_0233.jpg"
"4961",8.074074074,2.9673,"5e646abe244a7f1feb0f6321","EC_0007.jpg"
"4962",9.111111111,2.8313,"5e646abe244a7f1feb0f6321","EC_0141.jpg"
"4963",7.157407407,3.3327,"5e646abe244a7f1feb0f6321","EC_0009.jpg"
"4964",8.472222222,3.1031,"5e646abe244a7f1feb0f6321","EC_0242.jpg"
"4965",6.583333333,2.847,"5e646abe244a7f1feb0f6321","EC_0049.jpg"
"4966",7.935185185,2.0909,"5e646abe244a7f1feb0f6321","EC_0024.jpg"
"4967",6.018518519,2.6653,"5e646abe244a7f1feb0f6321","EC_0133.jpg"
"4968",6.490740741,2.4476,"5e646abe244a7f1feb0f6321","EC_0123.jpeg"
"4969",7.824074074,2.6303,"5e646abe244a7f1feb0f6321","EC_0120.jpg"
"4970",8.75,2.8566,"5e646abe244a7f1feb0f6321","EC_0128.jpeg"
"4971",6.296296296,3.0281,"5e646abe244a7f1feb0f6321","EC_0162.jpg"
"4972",7.666666667,3.0122,"5e646abe244a7f1feb0f6321","EC_0165.jpg"
"4973",8.796296296,2.4398,"5e646abe244a7f1feb0f6321","EC_0012.jpg"
"4974",7.435185185,4.6119,"5e646abe244a7f1feb0f6321","EC_0170.jpg"
"4975",8.009259259,2.4795,"5e646abe244a7f1feb0f6321","EC_0080.jpg"
"4976",8.740740741,3.8423,"5e646abe244a7f1feb0f6321","EC_0125.jpeg"
"4977",8.592592593,3.0085,"5e646abe244a7f1feb0f6321","EC_0060.jpg"
"4978",8.361111111,2.8695,"5e646abe244a7f1feb0f6321","EC_0041.jpg"
"4979",9.203703704,2.3371,"5e646abe244a7f1feb0f6321","EC_0176.jpg"
"4980",8.611111111,2.6737,"5e646abe244a7f1feb0f6321","EC_0206.png"
"4981",8.962962963,2.0138,"5e646abe244a7f1feb0f6321","EC_0087.jpg"
"4982",0.148148148,3.4976,"5e646abe244a7f1feb0f6321","EC_0113.jpg"
"4983",6.453703704,2.8809,"5e646abe244a7f1feb0f6321","EC_0051.jpg"
"4984",7.722222222,2.0564,"5e646abe244a7f1feb0f6321","EC_0118.jpg"
"4985",6.712962963,2.0588,"5e646abe244a7f1feb0f6321","EC_0187.jpeg"
"4986",8.703703704,2.5768,"5e646abe244a7f1feb0f6321","EC_0092.jpg"
"4987",8.666666667,3.0767,"5e646abe244a7f1feb0f6321","EC_0238.jpg"
"4988",9.138888889,2.2371,"5e646abe244a7f1feb0f6321","EC_0057.jpeg"
"4989",9,2.8459,"5e646abe244a7f1feb0f6321","EC_0234.jpg"
"4990",8.685185185,2.2897,"5e646abe244a7f1feb0f6321","EC_0250.jpg"
"4991",9.12962963,2.3767,"5e646abe244a7f1feb0f6321","EC_0008.jpg"
"4992",9.416666667,2.9236,"5e646abe244a7f1feb0f6321","EC_0150.jpg"
"4993",9.25,2.8697,"5e646abe244a7f1feb0f6321","EC_0147.png"
"4994",8.907407407,2.2299,"5e646abe244a7f1feb0f6321","EC_0116.jpg"
"4995",9.259259259,2.0929,"5e646abe244a7f1feb0f6321","EC_0063.jpg"
"4996",9.481481481,1.9605,"5e646abe244a7f1feb0f6321","EC_0056.jpg"
"4997",7.675925926,2.3699,"5e646abe244a7f1feb0f6321","EC_0079.jpg"
"4998",9.046296296,2.6102,"5e646abe244a7f1feb0f6321","EC_0103.jpg"
"4999",8.740740741,2.124,"5e646abe244a7f1feb0f6321","EC_0095.jpg"
"5000",7.861111111,2.1725,"5e646abe244a7f1feb0f6321","EC_0236.jpg"
"5001",9.009259259,2.1412,"5e646abe244a7f1feb0f6321","EC_0044.jpg"
"5002",7.5,3.1797,"5e646abe244a7f1feb0f6321","EC_0231.jpg"
"5003",8,2.3378,"5e646abe244a7f1feb0f6321","EC_0082.jpg"
"5004",8.685185185,2.4256,"5e646abe244a7f1feb0f6321","EC_0222.jpg"
"5005",8.037037037,2.3739,"5e646abe244a7f1feb0f6321","EC_0121.jpg"
"5006",8.638888889,5.6578,"5e646abe244a7f1feb0f6321","EC_0068.jpg"
"5007",8.638888889,2.7623,"5e646abe244a7f1feb0f6321","EC_0115.jpg"
"5008",9.148148148,2.0555,"5e646abe244a7f1feb0f6321","EC_0158.jpg"
"5009",7.064814815,2.2854,"5e646abe244a7f1feb0f6321","EC_0139.png"
"5010",7.259259259,3.4708,"5e646abe244a7f1feb0f6321","EC_0138.png"
"5011",9.37037037,4.8105,"5e646abe244a7f1feb0f6321","EC_0142.jpg"
"5012",8.759259259,3.0372,"5e646abe244a7f1feb0f6321","EC_0022.jpg"
"5013",6.916666667,10.5849,"5e646abe244a7f1feb0f6321","EC_0224.jpg"
"5014",7.62037037,3.9767,"5e646abe244a7f1feb0f6321","EC_0039.jpg"
"5015",7.87962963,2.238,"5e646abe244a7f1feb0f6321","EC_0209.jpg"
"5016",7.027777778,2.9,"5e646abe244a7f1feb0f6321","EC_0006.jpg"
"5017",7.648148148,9.1256,"5e646abe244a7f1feb0f6321","EC_0243.jpg"
"5018",8.37962963,4.2596,"5e646abe244a7f1feb0f6321","EC_0034.jpg"
"5019",8.787037037,2.5534,"5e646abe244a7f1feb0f6321","EC_0104.jpg"
"5020",7.351851852,3.2745,"5e646abe244a7f1feb0f6321","EC_0032.jpg"
"5021",6.75,2.0926,"5e646abe244a7f1feb0f6321","EC_0015.jpg"
"5022",8.296296296,3.1428,"5e646abe244a7f1feb0f6321","EC_0070.jpg"
"5023",9.027777778,4.8378,"5e646abe244a7f1feb0f6321","EC_0174.jpg"
"5024",8.333333333,2.4163,"5e646abe244a7f1feb0f6321","EC_0188.jpg"
"5025",8.944444444,2.4407,"5e646abe244a7f1feb0f6321","EC_0134.jpg"
"5026",9.962962963,2.9944,"5e646abe244a7f1feb0f6321","EC_0205.jpg"
"5027",6.75,4.1735,"5e646abe244a7f1feb0f6321","EC_0098.jpg"
"5028",7.388888889,2.7939,"5e646abe244a7f1feb0f6321","EC_0213.jpg"
"5029",8.37962963,2.686,"5e646abe244a7f1feb0f6321","EC_0094.jpg"
"5030",9.046296296,3.238,"5e646abe244a7f1feb0f6321","EC_0061.jpg"
"5031",8.712962963,2.6973,"5e646abe244a7f1feb0f6321","EC_0167.jpg"
"5032",7.046296296,2.4856,"5e646abe244a7f1feb0f6321","EC_0062.jpg"
"5033",7.907407407,1.881,"5e646abe244a7f1feb0f6321","EC_0037.jpg"
"5034",8.435185185,1.9039,"5e646abe244a7f1feb0f6321","EC_0160.jpg"
"5035",6.222222222,1.817,"5e646abe244a7f1feb0f6321","EC_0086.jpg"
"5036",7.074074074,1.9946,"5e646abe244a7f1feb0f6321","EC_0248.jpg"
"5037",8.888888889,3.4835,"5e646abe244a7f1feb0f6321","EC_0219.jpg"
"5038",8.518518519,4.586,"5e646abe244a7f1feb0f6321","EC_0016.jpg"
"5039",8.657407407,2.4575,"5e646abe244a7f1feb0f6321","EC_0223.jpg"
"5040",9.518518519,2.0565,"5e646abe244a7f1feb0f6321","EC_0105.jpg"
"5041",0.079151789,3.9657,"5e6d07de9cf1952cdc94bf61","EC_0247.jpg"
"5042",8.957730134,2.9511,"5e6d07de9cf1952cdc94bf61","EC_0039.jpg"
"5043",5.040645599,2.6325,"5e6d07de9cf1952cdc94bf61","EC_0176.jpg"
"5044",9.130604267,2.8307,"5e6d07de9cf1952cdc94bf61","EC_0003.jpg"
"5045",5.082022349,2.8146,"5e6d07de9cf1952cdc94bf61","EC_0210.jpg"
"5046",0.988488595,3.9711,"5e6d07de9cf1952cdc94bf61","EC_0001.jpg"
"5047",5.099271139,3.1537,"5e6d07de9cf1952cdc94bf61","EC_0244.jpg"
"5048",2.970182896,2.9369,"5e6d07de9cf1952cdc94bf61","EC_0206.png"
"5049",8.023997148,3.0549,"5e6d07de9cf1952cdc94bf61","EC_0224.jpg"
"5050",8.040365378,2.7375,"5e6d07de9cf1952cdc94bf61","EC_0098.jpg"
"5051",4.029719035,3.3221,"5e6d07de9cf1952cdc94bf61","EC_0233.jpg"
"5052",3.18539381,2.7545,"5e6d07de9cf1952cdc94bf61","EC_0160.jpg"
"5053",3.627135754,2.6048,"5e6d07de9cf1952cdc94bf61","EC_0171.jpg"
"5054",5.08630991,2.9722,"5e6d07de9cf1952cdc94bf61","EC_0158.jpg"
"5055",8.004264832,3.4701,"5e6d07de9cf1952cdc94bf61","EC_0134.jpg"
"5056",9.058853785,3.811,"5e6d07de9cf1952cdc94bf61","EC_0033.jpeg"
"5057",8.934197426,2.8731,"5e6d07de9cf1952cdc94bf61","EC_0188.jpg"
"5058",3.973542849,3.9962,"5e6d07de9cf1952cdc94bf61","EC_0149.jpg"
"5059",7.039375305,2.8758,"5e6d07de9cf1952cdc94bf61","EC_0083.jpg"
"5060",2.058008512,2.9737,"5e6d07de9cf1952cdc94bf61","EC_0071.jpg"
"5061",9.072376887,2.99,"5e6d07de9cf1952cdc94bf61","EC_0205.jpg"
"5062",8.018696308,2.9214,"5e6d07de9cf1952cdc94bf61","EC_0239.jpg"
"5063",9.100048542,2.642,"5e6d07de9cf1952cdc94bf61","EC_0248.jpg"
"5064",3.019677798,2.7213,"5e6d07de9cf1952cdc94bf61","EC_0097.jpg"
"5065",5.862091382,3.1878,"5e6d07de9cf1952cdc94bf61","EC_0125.jpeg"
"5066",8.19329977,2.372,"5e6d07de9cf1952cdc94bf61","EC_0030.jpg"
"5067",4.994935195,2.7037,"5e6d07de9cf1952cdc94bf61","EC_0046.jpg"
"5068",6.098136902,3.2211,"5e6d07de9cf1952cdc94bf61","EC_0105.jpg"
"5069",6.072470347,3.1042,"5e6d07de9cf1952cdc94bf61","EC_0070.jpg"
"5070",7.94863224,3.0202,"5e6d07de9cf1952cdc94bf61","EC_0193.png"
"5071",7.017575105,2.8896,"5e6d07de9cf1952cdc94bf61","EC_0120.jpg"
"5072",5.137474537,3.6287,"5e6d07de9cf1952cdc94bf61","EC_0187.jpeg"
"5073",7.024304072,2.4287,"5e6d07de9cf1952cdc94bf61","EC_0174.jpg"
"5074",8.091881275,2.7539,"5e6d07de9cf1952cdc94bf61","EC_0034.jpg"
"5075",9.040950139,4.1721,"5e6d07de9cf1952cdc94bf61","EC_0024.jpg"
"5076",3.908495903,3.3372,"5e6d07de9cf1952cdc94bf61","EC_0089.jpg"
"5077",3.917535146,3.2881,"5e6d07de9cf1952cdc94bf61","EC_0087.jpg"
"5078",7.787042459,3.1454,"5e6d07de9cf1952cdc94bf61","EC_0066.jpg"
"5079",7.153538068,2.4906,"5e6d07de9cf1952cdc94bf61","EC_0006.jpg"
"5080",8.024960359,2.9552,"5e6d07de9cf1952cdc94bf61","EC_0042.jpg"
"5081",3.150355021,2.691,"5e6d07de9cf1952cdc94bf61","EC_0040.jpg"
"5082",5.268634955,2.3725,"5e6d07de9cf1952cdc94bf61","EC_0088.jpg"
"5083",3.869394461,3.0722,"5e6d07de9cf1952cdc94bf61","EC_0020.jpg"
"5084",8.914926847,2.3955,"5e6d07de9cf1952cdc94bf61","EC_0028.jpg"
"5085",5.884389083,2.654,"5e6d07de9cf1952cdc94bf61","EC_0007.jpg"
"5086",3.019750913,2.67,"5e6d07de9cf1952cdc94bf61","EC_0232.jpg"
"5087",2.889685631,2.6193,"5e6d07de9cf1952cdc94bf61","EC_0136.jpg"
"5088",4.924282233,2.4713,"5e6d07de9cf1952cdc94bf61","EC_0009.jpg"
"5089",7.973633607,2.4778,"5e6d07de9cf1952cdc94bf61","EC_0166.jpg"
"5090",8.121043046,2.4471,"5e6d07de9cf1952cdc94bf61","EC_0137.jpg"
"5091",8.624602954,2.9433,"5e6d07de9cf1952cdc94bf61","EC_0031.jpg"
"5092",7.430787086,2.5708,"5e6d07de9cf1952cdc94bf61","EC_0240.jpg"
"5093",8.948031267,5.8296,"5e6d07de9cf1952cdc94bf61","EC_0055.jpg"
"5094",8.804646333,5.3815,"5e6d07de9cf1952cdc94bf61","EC_0116.jpg"
"5095",0.03563563,6.0013,"5e6d07de9cf1952cdc94bf61","EC_0131.jpg"
"5096",7.153968016,2.8707,"5e6d07de9cf1952cdc94bf61","EC_0249.jpg"
"5097",7.570482095,6.4814,"5e6d07de9cf1952cdc94bf61","EC_0219.jpg"
"5098",9.999990463,7.933,"5e6d07de9cf1952cdc94bf61","EC_0123.jpeg"
"5099",6.873953342,5.2636,"5e6d07de9cf1952cdc94bf61","EC_0207.jpg"
"5100",9.991820653,5.5213,"5e6d07de9cf1952cdc94bf61","EC_0037.jpg"
"5101",0.017486811,3.9997,"5e6d07de9cf1952cdc94bf61","EC_0142.jpg"
"5102",7.103940646,5.9209,"5e6d07de9cf1952cdc94bf61","EC_0170.jpg"
"5103",7.93132782,6.4835,"5e6d07de9cf1952cdc94bf61","EC_0101.jpg"
"5104",5.011370182,3.637,"5e6d07de9cf1952cdc94bf61","EC_0053.jpg"
"5105",8.048127492,6.3713,"5e6d07de9cf1952cdc94bf61","EC_0115.jpg"
"5106",1.764361461,3.789,"5e6d07de9cf1952cdc94bf61","EC_0108.jpg"
"5107",0.032282273,5.4303,"5e6d07de9cf1952cdc94bf61","EC_0184.jpg"
"5108",2.131078243,15.0258,"5e6d07de9cf1952cdc94bf61","EC_0169.png"
"5109",7.834626834,5.2309,"5e6d07de9cf1952cdc94bf61","EC_0221.jpg"
"5110",8.833436966,5.3192,"5e6d07de9cf1952cdc94bf61","EC_0138.png"
"5111",2.600045204,6.0491,"5e6d07de9cf1952cdc94bf61","EC_0195.jpg"
"5112",2.117671569,6.1195,"5e6d07de9cf1952cdc94bf61","EC_0227.jpg"
"5113",3.94749403,5.901,"5e6d07de9cf1952cdc94bf61","EC_0234.jpg"
"5114",2.36926953,35.4183,"5e6d07de9cf1952cdc94bf61","EC_0061.jpg"
"5115",0.215820869,3.8684,"5e6d07de9cf1952cdc94bf61","EC_0204.jpg"
"5116",8.273697694,2.6734,"5e6d07de9cf1952cdc94bf61","EC_0014.jpg"
"5117",7.184993426,3.4402,"5e6d07de9cf1952cdc94bf61","EC_0226.jpg"
"5118",3.194640477,3.297,"5e6d07de9cf1952cdc94bf61","EC_0133.jpg"
"5119",8.712187608,2.6316,"5e6d07de9cf1952cdc94bf61","EC_0118.jpg"
"5120",9.069586595,2.506,"5e6d07de9cf1952cdc94bf61","EC_0077.jpg"
"5121",7.581597964,3.0241,"5e6d07de9cf1952cdc94bf61","EC_0010.jpg"
"5122",9.980971018,2.7249,"5e6d07de9cf1952cdc94bf61","EC_0012.jpg"
"5123",8.004088402,3.258,"5e6d07de9cf1952cdc94bf61","EC_0167.jpg"
"5124",2.557098071,2.7441,"5e6d07de9cf1952cdc94bf61","EC_0135.jpg"
"5125",5.7351017,3.1389,"5e6d07de9cf1952cdc94bf61","EC_0094.jpg"
"5126",6.486126582,2.9259,"5e6d07de9cf1952cdc94bf61","EC_0198.jpg"
"5127",0.538418293,4.0004,"5e6d07de9cf1952cdc94bf61","EC_0113.jpg"
"5128",9.948283831,2.9929,"5e6d07de9cf1952cdc94bf61","EC_0074.jpg"
"5129",9.986168543,2.4597,"5e6d07de9cf1952cdc94bf61","EC_0029.jpg"
"5130",2.97358195,3.7895,"5e6d07de9cf1952cdc94bf61","EC_0214.jpg"
"5131",8.954048951,3.2203,"5e6d07de9cf1952cdc94bf61","EC_0243.jpg"
"5132",9.39141194,2.461,"5e6d07de9cf1952cdc94bf61","EC_0159.jpg"
"5133",7.99246947,3.1713,"5e6d07de9cf1952cdc94bf61","EC_0011.jpg"
"5134",8.106812636,2.4085,"5e6d07de9cf1952cdc94bf61","EC_0228.jpg"
"5135",2.793474197,3.72,"5e6d07de9cf1952cdc94bf61","EC_0041.jpg"
"5136",0.043597221,3.2856,"5e6d07de9cf1952cdc94bf61","EC_0111.jpg"
"5137",0.013313691,35.5572,"5e6d07de9cf1952cdc94bf61","EC_0230.jpg"
"5138",1.015365918,11.9768,"5e6d07de9cf1952cdc94bf61","EC_0090.jpg"
"5139",2.175930738,4.7375,"5e6d07de9cf1952cdc94bf61","EC_0181.jpg"
"5140",1.927155256,9.565,"5e6d07de9cf1952cdc94bf61","EC_0054.jpg"
"5141",1.320628723,2.7883,"5e6d07de9cf1952cdc94bf61","EC_0241.jpg"
"5142",8.37157011,2.6045,"5e6d07de9cf1952cdc94bf61","EC_0246.jpg"
"5143",1.517797709,4.9482,"5e6d07de9cf1952cdc94bf61","EC_0013.jpg"
"5144",7.72601525,3.657,"5e6d07de9cf1952cdc94bf61","EC_0058.jpg"
"5145",7.483921846,2.7712,"5e6d07de9cf1952cdc94bf61","EC_0211.jpg"
"5146",0.022244851,3.8993,"5e6d07de9cf1952cdc94bf61","EC_0140.jpg"
"5147",8.546783924,2.6885,"5e6d07de9cf1952cdc94bf61","EC_0177.jpg"
"5148",3.069841067,3.9354,"5e6d07de9cf1952cdc94bf61","EC_0162.jpg"
"5149",0.025457144,4.4175,"5e6d07de9cf1952cdc94bf61","EC_0048.jpg"
"5150",4.349915187,2.8295,"5e6d07de9cf1952cdc94bf61","EC_0121.jpg"
"5151",1.471553644,2.5041,"5e6d07de9cf1952cdc94bf61","EC_0161.jpg"
"5152",8.626675606,2.7889,"5e6d07de9cf1952cdc94bf61","EC_0016.jpg"
"5153",7.501262824,2.6055,"5e6d07de9cf1952cdc94bf61","EC_0109.jpg"
"5154",1.038564841,3.4737,"5e6d07de9cf1952cdc94bf61","EC_0022.jpg"
"5155",7.706818581,4.9568,"5e6d07de9cf1952cdc94bf61","EC_0152.jpg"
"5156",7.277814547,2.4936,"5e6d07de9cf1952cdc94bf61","EC_0141.jpg"
"5157",0.14816006,4.7315,"5e6d07de9cf1952cdc94bf61","EC_0201.jpg"
"5158",5.998701255,2.7107,"5e6d07de9cf1952cdc94bf61","EC_0051.jpg"
"5159",7.696919441,3.5272,"5e6d07de9cf1952cdc94bf61","EC_0245.jpg"
"5160",6.706937154,2.2777,"5e6d07de9cf1952cdc94bf61","EC_0093.jpg"
"5161",7.629592419,2.6878,"5e6d07de9cf1952cdc94bf61","EC_0084.jpg"
"5162",6.239526272,3.2542,"5e6d07de9cf1952cdc94bf61","EC_0062.jpg"
"5163",6.869553725,2.2702,"5e6d07de9cf1952cdc94bf61","EC_0119.jpg"
"5164",8.65446647,2.6707,"5e6d07de9cf1952cdc94bf61","EC_0117.jpg"
"5165",0.841244857,3.7542,"5e6d07de9cf1952cdc94bf61","EC_0005.jpg"
"5166",3.484682242,3.4787,"5e6d07de9cf1952cdc94bf61","EC_0156.jpg"
"5167",7.726198832,4.286,"5e6d07de9cf1952cdc94bf61","EC_0129.jpeg"
"5168",7.198645274,2.4719,"5e6d07de9cf1952cdc94bf61","EC_0068.jpg"
"5169",7.652671337,3.3171,"5e6d07de9cf1952cdc94bf61","EC_0173.jpg"
"5170",8.473215103,2.424,"5e6d07de9cf1952cdc94bf61","EC_0072.jpg"
"5171",4.018313885,2.9546,"5e6d07de9cf1952cdc94bf61","EC_0203.jpg"
"5172",9.01159366,2.8389,"5e6d07de9cf1952cdc94bf61","EC_0080.jpg"
"5173",1.485063632,2.6408,"5e6d07de9cf1952cdc94bf61","EC_0235.jpg"
"5174",5.796589851,2.2793,"5e6d07de9cf1952cdc94bf61","EC_0236.jpg"
"5175",1.865376234,2.8709,"5e6d07de9cf1952cdc94bf61","EC_0147.png"
"5176",8.48560969,3.0211,"5e6d07de9cf1952cdc94bf61","EC_0104.jpg"
"5177",9.569695791,2.487,"5e6d07de9cf1952cdc94bf61","EC_0242.jpg"
"5178",0.122614702,3.1453,"5e6d07de9cf1952cdc94bf61","EC_0199.jpg"
"5179",6.339092255,3.1651,"5e6d07de9cf1952cdc94bf61","EC_0086.jpg"
"5180",8.315366109,3.5731,"5e6d07de9cf1952cdc94bf61","EC_0038.jpg"
"5181",0.121458371,3.6294,"5e6d07de9cf1952cdc94bf61","EC_0047.jpg"
"5182",7.483313084,4.6246,"5e6d07de9cf1952cdc94bf61","EC_0163.jpg"
"5183",7.315928141,4.0468,"5e6d07de9cf1952cdc94bf61","EC_0044.jpg"
"5184",7.609823545,2.7889,"5e6d07de9cf1952cdc94bf61","EC_0200.png"
"5185",7.152660688,3.7807,"5e6d07de9cf1952cdc94bf61","EC_0079.jpg"
"5186",7.100301584,2.692,"5e6d07de9cf1952cdc94bf61","EC_0139.png"
"5187",3.979249795,3.8077,"5e6d07de9cf1952cdc94bf61","EC_0018.jpg"
"5188",7.305711905,2.6719,"5e6d07de9cf1952cdc94bf61","EC_0085.jpg"
"5189",7.375717163,2.9763,"5e6d07de9cf1952cdc94bf61","EC_0132.jpg"
"5190",5.315737724,3.605,"5e6d07de9cf1952cdc94bf61","EC_0015.jpg"
"5191",6.799203555,3.4246,"5e6d07de9cf1952cdc94bf61","EC_0019.jpg"
"5192",6.609345277,1.8548,"5e6d07de9cf1952cdc94bf61","EC_0213.jpg"
"5193",0,4.6855,"5e6d07de9cf1952cdc94bf61","EC_0081.jpg"
"5194",7.635440032,2.6449,"5e6d07de9cf1952cdc94bf61","EC_0250.jpg"
"5195",7.370725473,2.7238,"5e6d07de9cf1952cdc94bf61","EC_0050.jpg"
"5196",7.286364237,2.8233,"5e6d07de9cf1952cdc94bf61","EC_0209.jpg"
"5197",8.02163283,2.9199,"5e6d07de9cf1952cdc94bf61","EC_0100.jpg"
"5198",6.042376359,2.4885,"5e6d07de9cf1952cdc94bf61","EC_0172.jpg"
"5199",0.034294923,8.0507,"5e6d07de9cf1952cdc94bf61","EC_0148.jpg"
"5200",7.275616328,2.8767,"5e6d07de9cf1952cdc94bf61","EC_0229.jpg"
"5201",7.197072506,2.2882,"5e6d07de9cf1952cdc94bf61","EC_0063.jpg"
"5202",7.298087279,3.2223,"5e6d07de9cf1952cdc94bf61","EC_0151.jpg"
"5203",8.549163342,2.6242,"5e6d07de9cf1952cdc94bf61","EC_0180.jpg"
"5204",0.614065329,3.7219,"5e6d07de9cf1952cdc94bf61","EC_0106.jpg"
"5205",7.877869606,2.2704,"5e6d07de9cf1952cdc94bf61","EC_0197.jpg"
"5206",8.656502565,2.8056,"5e6d07de9cf1952cdc94bf61","EC_0060.jpg"
"5207",7.618304888,2.7046,"5e6d07de9cf1952cdc94bf61","EC_0082.jpg"
"5208",7.55721887,2.4041,"5e6d07de9cf1952cdc94bf61","EC_0231.jpg"
"5209",5.466516018,2.2711,"5e6d07de9cf1952cdc94bf61","EC_0154.jpg"
"5210",6.146179835,2.477,"5e6d07de9cf1952cdc94bf61","EC_0099.jpg"
"5211",7.46383667,3.9881,"5e6d07de9cf1952cdc94bf61","EC_0165.jpg"
"5212",0.632717212,3.5986,"5e6d07de9cf1952cdc94bf61","EC_0183.jpg"
"5213",5.894737244,2.6201,"5e6d07de9cf1952cdc94bf61","EC_0102.jpg"
"5214",6.422987779,3.2299,"5e6d07de9cf1952cdc94bf61","EC_0128.jpeg"
"5215",6.408443451,2.2724,"5e6d07de9cf1952cdc94bf61","EC_0153.jpg"
"5216",6.36190176,2.2588,"5e6d07de9cf1952cdc94bf61","EC_0150.jpg"
"5217",5.396546523,2.3261,"5e6d07de9cf1952cdc94bf61","EC_0222.jpg"
"5218",5.350004832,1.873,"5e6d07de9cf1952cdc94bf61","EC_0223.jpg"
"5219",6.794222196,2.1575,"5e6d07de9cf1952cdc94bf61","EC_0064.jpg"
"5220",9.481561979,2.9718,"5e6d07de9cf1952cdc94bf61","EC_0073.jpg"
"5221",0.052178701,3.2575,"5e6d07de9cf1952cdc94bf61","EC_0027.jpg"
"5222",3.001418908,3.2699,"5e6d07de9cf1952cdc94bf61","EC_0202.jpg"
"5223",8.275402387,3.8655,"5e6d07de9cf1952cdc94bf61","EC_0124.jpeg"
"5224",2.796525955,2.9577,"5e6d07de9cf1952cdc94bf61","EC_0196.jpg"
"5225",7.531988621,3.2707,"5e6d07de9cf1952cdc94bf61","EC_0194.jpg"
"5226",7.48544693,1.9715,"5e6d07de9cf1952cdc94bf61","EC_0157.jpg"
"5227",5.752983093,2.9625,"5e6d07de9cf1952cdc94bf61","EC_0238.jpg"
"5228",5.598807335,2.2079,"5e6d07de9cf1952cdc94bf61","EC_0237.jpg"
"5229",6.186521848,2.4654,"5e6d07de9cf1952cdc94bf61","EC_0067.jpg"
"5230",6.630367438,2.0101,"5e6d07de9cf1952cdc94bf61","EC_0095.jpg"
"5231",6.589643955,2.0599,"5e6d07de9cf1952cdc94bf61","EC_0017.jpg"
"5232",8.384641806,2.8446,"5e6d07de9cf1952cdc94bf61","EC_0036.jpeg"
"5233",7.488268216,2.79,"5e6d07de9cf1952cdc94bf61","EC_0065.jpg"
"5234",2.328902483,3.5604,"5e6d07de9cf1952cdc94bf61","EC_0049.jpg"
"5235",9.474595388,3.6713,"5e6d07de9cf1952cdc94bf61","EC_0002.jpg"
"5236",2.566751639,3.8318,"5e6d07de9cf1952cdc94bf61","EC_0069.jpg"
"5237",6.519900163,2.4089,"5e6d07de9cf1952cdc94bf61","EC_0032.jpg"
"5238",6.653713385,2.0074,"5e6d07de9cf1952cdc94bf61","EC_0056.jpg"
"5239",6.58971866,1.8276,"5e6d07de9cf1952cdc94bf61","EC_0168.jpeg"
"5240",7.213610808,1.722,"5e6d07de9cf1952cdc94bf61","EC_0076.jpg"
"5241",7.19906648,1.7563,"5e6d07de9cf1952cdc94bf61","EC_0164.jpg"
"5242",7.795015971,2.2092,"5e6d07de9cf1952cdc94bf61","EC_0092.jpg"
"5243",2.630428871,4.5828,"5e6d07de9cf1952cdc94bf61","EC_0185.jpg"
"5244",7.606365681,2.9032,"5e6d07de9cf1952cdc94bf61","EC_0008.jpg"
"5245",2.700008154,3.0568,"5e6d07de9cf1952cdc94bf61","EC_0182.jpg"
"5246",1.663935582,3.6031,"5e6d07de9cf1952cdc94bf61","EC_0059.jpg"
"5247",0.643986066,5.2516,"5e6d07de9cf1952cdc94bf61","EC_0096.jpg"
"5248",8.313836257,2.8228,"5e6d07de9cf1952cdc94bf61","EC_0075.jpg"
"5249",8.229476611,2.0447,"5e6d07de9cf1952cdc94bf61","EC_0057.jpeg"
"5250",9.370385806,2.4902,"5e6d07de9cf1952cdc94bf61","EC_0103.jpg"
"5251",7.16087963,3.0412,"5e9ce0a46976671ceda6082a","EC_0034.jpg"
"5252",6.655309606,2.9447,"5e9ce0a46976671ceda6082a","EC_0136.jpg"
"5253",2.731734664,3.4804,"5e9ce0a46976671ceda6082a","EC_0249.jpg"
"5254",4.530671296,4.3297,"5e9ce0a46976671ceda6082a","EC_0125.jpeg"
"5255",6.621780961,3.8771,"5e9ce0a46976671ceda6082a","EC_0006.jpg"
"5256",9.119646991,2.8832,"5e9ce0a46976671ceda6082a","EC_0132.jpg"
"5257",0.457356771,4.7621,"5e9ce0a46976671ceda6082a","EC_0199.jpg"
"5258",4.225585938,3.3453,"5e9ce0a46976671ceda6082a","EC_0138.png"
"5259",5.329752604,3.7907,"5e9ce0a46976671ceda6082a","EC_0161.jpg"
"5260",7.711841725,2.7303,"5e9ce0a46976671ceda6082a","EC_0221.jpg"
"5261",5.960431134,2.8791,"5e9ce0a46976671ceda6082a","EC_0053.jpg"
"5262",5.499782986,3.3974,"5e9ce0a46976671ceda6082a","EC_0089.jpg"
"5263",8.050311053,2.7846,"5e9ce0a46976671ceda6082a","EC_0219.jpg"
"5264",7.107132523,4.0504,"5e9ce0a46976671ceda6082a","EC_0137.jpg"
"5265",7.706344039,3.5301,"5e9ce0a46976671ceda6082a","EC_0211.jpg"
"5266",5.332356771,4.9107,"5e9ce0a46976671ceda6082a","EC_0100.jpg"
"5267",3.980613426,3.0769,"5e9ce0a46976671ceda6082a","EC_0022.jpg"
"5268",0.748263889,4.7566,"5e9ce0a46976671ceda6082a","EC_0229.jpg"
"5269",1.988679109,3.7032,"5e9ce0a46976671ceda6082a","EC_0224.jpg"
"5270",3.907226563,3.376,"5e9ce0a46976671ceda6082a","EC_0088.jpg"
"5271",4.52307581,2.7868,"5e9ce0a46976671ceda6082a","EC_0105.jpg"
"5272",6.017180266,2.7453,"5e9ce0a46976671ceda6082a","EC_0016.jpg"
"5273",3.575339988,2.9012,"5e9ce0a46976671ceda6082a","EC_0017.jpg"
"5274",1.692418981,3.1472,"5e9ce0a46976671ceda6082a","EC_0201.jpg"
"5275",6.018988715,3.4095,"5e9ce0a46976671ceda6082a","EC_0046.jpg"
"5276",6.515661169,2.9219,"5e9ce0a46976671ceda6082a","EC_0121.jpg"
"5277",2.656792535,3.0191,"5e9ce0a46976671ceda6082a","EC_0242.jpg"
"5278",7.630787037,3.5683,"5e9ce0a46976671ceda6082a","EC_0108.jpg"
"5279",4.905671296,3.5445,"5e9ce0a46976671ceda6082a","EC_0005.jpg"
"5280",7.901150174,2.8281,"5e9ce0a46976671ceda6082a","EC_0227.jpg"
"5281",6.029767072,2.6414,"5e9ce0a46976671ceda6082a","EC_0116.jpg"
"5282",7.158600984,3.2571,"5e9ce0a46976671ceda6082a","EC_0113.jpg"
"5283",9.008933738,3.4308,"5e9ce0a46976671ceda6082a","EC_0123.jpeg"
"5284",4.650462963,3.3346,"5e9ce0a46976671ceda6082a","EC_0050.jpg"
"5285",6.206850405,3.6622,"5e9ce0a46976671ceda6082a","EC_0197.jpg"
"5286",5.259729456,3.8923,"5e9ce0a46976671ceda6082a","EC_0018.jpg"
"5287",3.560076678,3.4732,"5e9ce0a46976671ceda6082a","EC_0148.jpg"
"5288",8.437680845,3.0339,"5e9ce0a46976671ceda6082a","EC_0029.jpg"
"5289",7.363317419,2.481,"5e9ce0a46976671ceda6082a","EC_0159.jpg"
"5290",6.523256655,2.7147,"5e9ce0a46976671ceda6082a","EC_0101.jpg"
"5291",8.247178819,2.6116,"5e9ce0a46976671ceda6082a","EC_0040.jpg"
"5292",5.339409722,2.9197,"5e9ce0a46976671ceda6082a","EC_0120.jpg"
"5293",3.771556713,3.4736,"5e9ce0a46976671ceda6082a","EC_0129.jpeg"
"5294",8.805953414,4.2666,"5e9ce0a46976671ceda6082a","EC_0041.jpg"
"5295",7.424479167,2.7723,"5e9ce0a46976671ceda6082a","EC_0044.jpg"
"5296",8.071795428,2.8061,"5e9ce0a46976671ceda6082a","EC_0183.jpg"
"5297",3.403862847,2.9806,"5e9ce0a46976671ceda6082a","EC_0042.jpg"
"5298",5.936631944,3.0007,"5e9ce0a46976671ceda6082a","EC_0156.jpg"
"5299",6.977322049,2.4769,"5e9ce0a46976671ceda6082a","EC_0093.jpg"
"5300",5.018446181,3.0956,"5e9ce0a46976671ceda6082a","EC_0182.jpg"
"5301",6.297634549,4.1017,"5e9ce0a46976671ceda6082a","EC_0228.jpg"
"5302",8.116030093,2.8947,"5e9ce0a46976671ceda6082a","EC_0056.jpg"
"5303",7.360387731,3.3349,"5e9ce0a46976671ceda6082a","EC_0244.jpg"
"5304",6.60369647,3.8345,"5e9ce0a46976671ceda6082a","EC_0054.jpg"
"5305",3.367585359,2.8691,"5e9ce0a46976671ceda6082a","EC_0019.jpg"
"5306",4.391239873,2.5851,"5e9ce0a46976671ceda6082a","EC_0205.jpg"
"5307",4.883065683,2.1843,"5e9ce0a46976671ceda6082a","EC_0236.jpg"
"5308",5.054470486,3.9918,"5e9ce0a46976671ceda6082a","EC_0090.jpg"
"5309",6.06535735,2.9285,"5e9ce0a46976671ceda6082a","EC_0082.jpg"
"5310",7.027850116,2.6304,"5e9ce0a46976671ceda6082a","EC_0133.jpg"
"5311",2.891529225,3.4736,"5e9ce0a46976671ceda6082a","EC_0064.jpg"
"5312",6.756546586,2.8881,"5e9ce0a46976671ceda6082a","EC_0177.jpg"
"5313",8.9921875,2.8182,"5e9ce0a46976671ceda6082a","EC_0028.jpg"
"5314",2.430664063,3.8547,"5e9ce0a46976671ceda6082a","EC_0196.jpg"
"5315",5.073640046,3.0123,"5e9ce0a46976671ceda6082a","EC_0166.jpg"
"5316",4.10333478,2.8557,"5e9ce0a46976671ceda6082a","EC_0097.jpg"
"5317",8.701642072,3.3269,"5e9ce0a46976671ceda6082a","EC_0243.jpg"
"5318",6.129665799,2.6412,"5e9ce0a46976671ceda6082a","EC_0237.jpg"
"5319",6.940936053,2.6288,"5e9ce0a46976671ceda6082a","EC_0057.jpeg"
"5320",8.702003762,4.4764,"5e9ce0a46976671ceda6082a","EC_0077.jpg"
"5321",5.519278067,3.7724,"5e9ce0a46976671ceda6082a","EC_0036.jpeg"
"5322",6.053096065,2.9,"5e9ce0a46976671ceda6082a","EC_0015.jpg"
"5323",8.694806134,2.57,"5e9ce0a46976671ceda6082a","EC_0193.png"
"5324",8.795862269,3.0067,"5e9ce0a46976671ceda6082a","EC_0248.jpg"
"5325",6.350875289,2.3684,"5e9ce0a46976671ceda6082a","EC_0092.jpg"
"5326",7.964011863,3.3356,"5e9ce0a46976671ceda6082a","EC_0204.jpg"
"5327",3.365234375,3.3456,"5e9ce0a46976671ceda6082a","EC_0065.jpg"
"5328",6.044162326,4.8996,"5e9ce0a46976671ceda6082a","EC_0102.jpg"
"5329",6.192382813,2.5984,"5e9ce0a46976671ceda6082a","EC_0250.jpg"
"5330",7.580295139,2.2531,"5e9ce0a46976671ceda6082a","EC_0048.jpg"
"5331",5.316550926,5.118,"5e9ce0a46976671ceda6082a","EC_0031.jpg"
"5332",6.750036169,3.5084,"5e9ce0a46976671ceda6082a","EC_0079.jpg"
"5333",3.766493056,3.0352,"5e9ce0a46976671ceda6082a","EC_0187.jpeg"
"5334",5.293655961,3.514,"5e9ce0a46976671ceda6082a","EC_0069.jpg"
"5335",2.807942708,4.4304,"5e9ce0a46976671ceda6082a","EC_0087.jpg"
"5336",3.654550058,3.1388,"5e9ce0a46976671ceda6082a","EC_0128.jpeg"
"5337",6.037724248,3.5516,"5e9ce0a46976671ceda6082a","EC_0214.jpg"
"5338",2.034179688,3.838,"5e9ce0a46976671ceda6082a","EC_0206.png"
"5339",8.676902488,2.7774,"5e9ce0a46976671ceda6082a","EC_0152.jpg"
"5340",6.535192419,2.6802,"5e9ce0a46976671ceda6082a","EC_0009.jpg"
"5341",0.129159433,6.0886,"5e9ce0a46976671ceda6082a","EC_0184.jpg"
"5342",7.994212963,2.6204,"5e9ce0a46976671ceda6082a","EC_0030.jpg"
"5343",6.856409144,3.0477,"5e9ce0a46976671ceda6082a","EC_0084.jpg"
"5344",6.117838542,5.4244,"5e9ce0a46976671ceda6082a","EC_0047.jpg"
"5345",8.097149884,4.1873,"5e9ce0a46976671ceda6082a","EC_0098.jpg"
"5346",6.187463831,2.3212,"5e9ce0a46976671ceda6082a","EC_0071.jpg"
"5347",3.165400752,2.8137,"5e9ce0a46976671ceda6082a","EC_0060.jpg"
"5348",7.088758681,2.4977,"5e9ce0a46976671ceda6082a","EC_0154.jpg"
"5349",7.561197917,2.526,"5e9ce0a46976671ceda6082a","EC_0070.jpg"
"5350",0.456271701,4.2674,"5e9ce0a46976671ceda6082a","EC_0011.jpg"
"5351",4.66442419,4.9144,"5e9ce0a46976671ceda6082a","EC_0024.jpg"
"5352",3.527741609,2.8627,"5e9ce0a46976671ceda6082a","EC_0163.jpg"
"5353",7.492296007,5.9295,"5e9ce0a46976671ceda6082a","EC_0096.jpg"
"5354",4.974898727,3.0197,"5e9ce0a46976671ceda6082a","EC_0032.jpg"
"5355",7.649558738,2.8766,"5e9ce0a46976671ceda6082a","EC_0074.jpg"
"5356",3.964337384,3.3763,"5e9ce0a46976671ceda6082a","EC_0240.jpg"
"5357",5.543547454,2.3833,"5e9ce0a46976671ceda6082a","EC_0167.jpg"
"5358",4.864981192,7.1847,"5e9ce0a46976671ceda6082a","EC_0164.jpg"
"5359",3.057725694,3.273,"5e9ce0a46976671ceda6082a","EC_0209.jpg"
"5360",6.042860243,3.0846,"5e9ce0a46976671ceda6082a","EC_0188.jpg"
"5361",6.885489005,3.6839,"5e9ce0a46976671ceda6082a","EC_0111.jpg"
"5362",7.120406539,2.7888,"5e9ce0a46976671ceda6082a","EC_0012.jpg"
"5363",7.497685185,2.2477,"5e9ce0a46976671ceda6082a","EC_0235.jpg"
"5364",8.463396991,3.3787,"5e9ce0a46976671ceda6082a","EC_0008.jpg"
"5365",7.039858218,2.3936,"5e9ce0a46976671ceda6082a","EC_0037.jpg"
"5366",8.1963614,2.8657,"5e9ce0a46976671ceda6082a","EC_0194.jpg"
"5367",8.593098958,2.4271,"5e9ce0a46976671ceda6082a","EC_0085.jpg"
"5368",1.754882813,3.8054,"5e9ce0a46976671ceda6082a","EC_0059.jpg"
"5369",5.74291088,2.3681,"5e9ce0a46976671ceda6082a","EC_0213.jpg"
"5370",7.732313368,2.3609,"5e9ce0a46976671ceda6082a","EC_0072.jpg"
"5371",5.688874421,3.5159,"5e9ce0a46976671ceda6082a","EC_0104.jpg"
"5372",7.802228009,3.5167,"5e9ce0a46976671ceda6082a","EC_0010.jpg"
"5373",8.629050926,3.6686,"5e9ce0a46976671ceda6082a","EC_0106.jpg"
"5374",5.887297454,2.6743,"5e9ce0a46976671ceda6082a","EC_0063.jpg"
"5375",6.556749132,2.2849,"5e9ce0a46976671ceda6082a","EC_0181.jpg"
"5376",4.280381944,2.8438,"5e9ce0a46976671ceda6082a","EC_0233.jpg"
"5377",6.333731192,2.1786,"5e9ce0a46976671ceda6082a","EC_0153.jpg"
"5378",0.420970775,3.5566,"5e9ce0a46976671ceda6082a","EC_0247.jpg"
"5379",3.70489728,2.9277,"5e9ce0a46976671ceda6082a","EC_0080.jpg"
"5380",6.752278646,2.4844,"5e9ce0a46976671ceda6082a","EC_0157.jpg"
"5381",0.990668403,5.6397,"5e9ce0a46976671ceda6082a","EC_0195.jpg"
"5382",3.515227141,5.495,"5e9ce0a46976671ceda6082a","EC_0141.jpg"
"5383",7.082682292,2.7952,"5e9ce0a46976671ceda6082a","EC_0180.jpg"
"5384",7.32421875,2.2403,"5e9ce0a46976671ceda6082a","EC_0058.jpg"
"5385",4.887369792,2.6578,"5e9ce0a46976671ceda6082a","EC_0231.jpg"
"5386",8.163375289,3.4261,"5e9ce0a46976671ceda6082a","EC_0020.jpg"
"5387",9.135778356,2.3273,"5e9ce0a46976671ceda6082a","EC_0003.jpg"
"5388",3.734809028,2.3532,"5e9ce0a46976671ceda6082a","EC_0007.jpg"
"5389",5.258825231,2.4535,"5e9ce0a46976671ceda6082a","EC_0038.jpg"
"5390",4.034649884,3.4536,"5e9ce0a46976671ceda6082a","EC_0109.jpg"
"5391",6.782262731,6.1181,"5e9ce0a46976671ceda6082a","EC_0198.jpg"
"5392",5.017650463,3.1355,"5e9ce0a46976671ceda6082a","EC_0013.jpg"
"5393",3.850224248,5.7755,"5e9ce0a46976671ceda6082a","EC_0234.jpg"
"5394",6.06568287,3.595,"5e9ce0a46976671ceda6082a","EC_0174.jpg"
"5395",6.635923032,5.3428,"5e9ce0a46976671ceda6082a","EC_0168.jpeg"
"5396",7.289388021,6.8857,"5e9ce0a46976671ceda6082a","EC_0169.png"
"5397",8.082175926,2.9382,"5e9ce0a46976671ceda6082a","EC_0115.jpg"
"5398",6.19816985,2.8679,"5e9ce0a46976671ceda6082a","EC_0139.png"
"5399",3.276041667,2.8648,"5e9ce0a46976671ceda6082a","EC_0172.jpg"
"5400",6.059823495,2.4022,"5e9ce0a46976671ceda6082a","EC_0086.jpg"
"5401",3.20240162,7.1372,"5e9ce0a46976671ceda6082a","EC_0222.jpg"
"5402",4.041124132,2.5031,"5e9ce0a46976671ceda6082a","EC_0117.jpg"
"5403",4.959020544,2.9678,"5e9ce0a46976671ceda6082a","EC_0118.jpg"
"5404",4.130461516,3.9084,"5e9ce0a46976671ceda6082a","EC_0062.jpg"
"5405",5.611364294,2.922,"5e9ce0a46976671ceda6082a","EC_0014.jpg"
"5406",5.008897569,3.1732,"5e9ce0a46976671ceda6082a","EC_0170.jpg"
"5407",6.562427662,33.7615,"5e9ce0a46976671ceda6082a","EC_0068.jpg"
"5408",6.0234375,3.6813,"5e9ce0a46976671ceda6082a","EC_0173.jpg"
"5409",6.919668692,3.6266,"5e9ce0a46976671ceda6082a","EC_0207.jpg"
"5410",5.206597222,2.8228,"5e9ce0a46976671ceda6082a","EC_0066.jpg"
"5411",6.789894387,2.5544,"5e9ce0a46976671ceda6082a","EC_0135.jpg"
"5412",8.712890625,2.6932,"5e9ce0a46976671ceda6082a","EC_0002.jpg"
"5413",6.703956887,3.022,"5e9ce0a46976671ceda6082a","EC_0151.jpg"
"5414",5.955222801,2.5962,"5e9ce0a46976671ceda6082a","EC_0203.jpg"
"5415",3.101164641,2.6346,"5e9ce0a46976671ceda6082a","EC_0094.jpg"
"5416",5.553349248,4.0444,"5e9ce0a46976671ceda6082a","EC_0150.jpg"
"5417",6.29723669,2.6533,"5e9ce0a46976671ceda6082a","EC_0232.jpg"
"5418",2.834599248,3.3344,"5e9ce0a46976671ceda6082a","EC_0083.jpg"
"5419",4.553313079,2.3021,"5e9ce0a46976671ceda6082a","EC_0185.jpg"
"5420",6.273365162,2.6157,"5e9ce0a46976671ceda6082a","EC_0239.jpg"
"5421",4.665364583,3.8418,"5e9ce0a46976671ceda6082a","EC_0226.jpg"
"5422",6.733181424,2.8128,"5e9ce0a46976671ceda6082a","EC_0049.jpg"
"5423",6.091218171,3.4109,"5e9ce0a46976671ceda6082a","EC_0202.jpg"
"5424",5.108217593,4.6185,"5e9ce0a46976671ceda6082a","EC_0103.jpg"
"5425",3.4453125,2.7407,"5e9ce0a46976671ceda6082a","EC_0001.jpg"
"5426",1.60297309,3.4716,"5e9ce0a46976671ceda6082a","EC_0171.jpg"
"5427",3.588324653,2.3561,"5e9ce0a46976671ceda6082a","EC_0223.jpg"
"5428",2.676396123,5.6763,"5e9ce0a46976671ceda6082a","EC_0241.jpg"
"5429",5.384150752,2.9691,"5e9ce0a46976671ceda6082a","EC_0245.jpg"
"5430",6.275462963,2.8827,"5e9ce0a46976671ceda6082a","EC_0142.jpg"
"5431",3.161096644,2.4002,"5e9ce0a46976671ceda6082a","EC_0131.jpg"
"5432",7.164171007,2.57,"5e9ce0a46976671ceda6082a","EC_0027.jpg"
"5433",9.099392361,2.5499,"5e9ce0a46976671ceda6082a","EC_0039.jpg"
"5434",4.357204861,14.6218,"5e9ce0a46976671ceda6082a","EC_0033.jpeg"
"5435",6.850405093,3.0815,"5e9ce0a46976671ceda6082a","EC_0081.jpg"
"5436",4.806134259,5.7072,"5e9ce0a46976671ceda6082a","EC_0238.jpg"
"5437",5.063982928,2.6841,"5e9ce0a46976671ceda6082a","EC_0099.jpg"
"5438",6.964409722,2.7523,"5e9ce0a46976671ceda6082a","EC_0160.jpg"
"5439",0.762586806,3.943,"5e9ce0a46976671ceda6082a","EC_0124.jpeg"
"5440",6.5,2.3539,"5e9ce0a46976671ceda6082a","EC_0073.jpg"
"5441",6.933883102,2.262,"5e9ce0a46976671ceda6082a","EC_0051.jpg"
"5442",5.0166739,2.483,"5e9ce0a46976671ceda6082a","EC_0075.jpg"
"5443",5.351634838,7.3331,"5e9ce0a46976671ceda6082a","EC_0176.jpg"
"5444",6.278573495,2.4411,"5e9ce0a46976671ceda6082a","EC_0210.jpg"
"5445",6.414134838,2.3429,"5e9ce0a46976671ceda6082a","EC_0158.jpg"
"5446",3.881221065,2.6806,"5e9ce0a46976671ceda6082a","EC_0162.jpg"
"5447",6.068721065,2.2305,"5e9ce0a46976671ceda6082a","EC_0095.jpg"
"5448",1.613064236,3.2708,"5e9ce0a46976671ceda6082a","EC_0147.png"
"5449",1.633680556,3.1716,"5e9ce0a46976671ceda6082a","EC_0067.jpg"
"5450",6.461733218,2.5561,"5e9ce0a46976671ceda6082a","EC_0165.jpg"
"5451",3.391927083,3.9929,"5e9ce0a46976671ceda6082a","EC_0140.jpg"
"5452",6.137622975,13.9858,"5e9ce0a46976671ceda6082a","EC_0230.jpg"
"5453",6.195384838,2.0659,"5e9ce0a46976671ceda6082a","EC_0061.jpg"
"5454",6.7510489,6.4232,"5e9ce0a46976671ceda6082a","EC_0134.jpg"
"5455",6.767071759,3.8596,"5e9ce0a46976671ceda6082a","EC_0119.jpg"
"5456",7.672272859,2.191,"5e9ce0a46976671ceda6082a","EC_0246.jpg"
"5457",5.104456019,2.6634,"5e9ce0a46976671ceda6082a","EC_0200.png"
"5458",6.723596644,2.2043,"5e9ce0a46976671ceda6082a","EC_0055.jpg"
"5459",7.78052662,4.2577,"5e9ce0a46976671ceda6082a","EC_0149.jpg"
"5460",7.417317708,6.0029,"5e9ce0a46976671ceda6082a","EC_0076.jpg"
"5461",8.968364717,3.6469,"5eb02a40b17a8c0868685d32","EC_0152.jpg"
"5462",4.972706981,3.4537,"5eb02a40b17a8c0868685d32","EC_0151.jpg"
"5463",8.99439506,6.6367,"5eb02a40b17a8c0868685d32","EC_0241.jpg"
"5464",7.029104122,3.3251,"5eb02a40b17a8c0868685d32","EC_0233.jpg"
"5465",9.007410232,3.3425,"5eb02a40b17a8c0868685d32","EC_0200.png"
"5466",7.042119293,5.5107,"5eb02a40b17a8c0868685d32","EC_0231.jpg"
"5467",8.99439506,3.6573,"5eb02a40b17a8c0868685d32","EC_0121.jpg"
"5468",1.003079589,4.5109,"5eb02a40b17a8c0868685d32","EC_0059.jpg"
"5469",2.005247815,4.8995,"5eb02a40b17a8c0868685d32","EC_0031.jpg"
"5470",3.983553926,3.5447,"5eb02a40b17a8c0868685d32","EC_0224.jpg"
"5471",3.996569097,3.9123,"5eb02a40b17a8c0868685d32","EC_0245.jpg"
"5472",8.018257177,3.4907,"5eb02a40b17a8c0868685d32","EC_0194.jpg"
"5473",0.000911362,5.6998,"5eb02a40b17a8c0868685d32","EC_0204.jpg"
"5474",9.983548115,3.878,"5eb02a40b17a8c0868685d32","EC_0077.jpg"
"5475",9.033440576,3.2548,"5eb02a40b17a8c0868685d32","EC_0017.jpg"
"5476",4.985722153,2.9539,"5eb02a40b17a8c0868685d32","EC_0214.jpg"
"5477",9.007410232,3.7818,"5eb02a40b17a8c0868685d32","EC_0116.jpg"
"5478",4.009584269,3.5149,"5eb02a40b17a8c0868685d32","EC_0171.jpg"
"5479",9.983548115,4.2739,"5eb02a40b17a8c0868685d32","EC_0081.jpg"
"5480",9.9445026,3.1128,"5eb02a40b17a8c0868685d32","EC_0003.jpg"
"5481",9.007410232,2.8456,"5eb02a40b17a8c0868685d32","EC_0089.jpg"
"5482",2.005247815,3.182,"5eb02a40b17a8c0868685d32","EC_0173.jpg"
"5483",7.003073778,4.4136,"5eb02a40b17a8c0868685d32","EC_0074.jpg"
"5484",0.026941705,3.2018,"5eb02a40b17a8c0868685d32","EC_0010.jpg"
"5485",8.981379888,2.829,"5eb02a40b17a8c0868685d32","EC_0082.jpg"
"5486",5.974875208,4.5231,"5eb02a40b17a8c0868685d32","EC_0185.jpg"
"5487",3.970538754,2.6891,"5eb02a40b17a8c0868685d32","EC_0058.jpg"
"5488",6.013920723,3.5488,"5eb02a40b17a8c0868685d32","EC_0213.jpg"
"5489",4.998737324,4.7008,"5eb02a40b17a8c0868685d32","EC_0129.jpeg"
"5490",1.003079589,3.7685,"5eb02a40b17a8c0868685d32","EC_0140.jpg"
"5491",8.04428752,3.7214,"5eb02a40b17a8c0868685d32","EC_0092.jpg"
"5492",2.031278159,3.5309,"5eb02a40b17a8c0868685d32","EC_0133.jpg"
"5493",9.957517772,3.7892,"5eb02a40b17a8c0868685d32","EC_0131.jpg"
"5494",5.987890379,2.8684,"5eb02a40b17a8c0868685d32","EC_0040.jpg"
"5495",7.96619649,3.9367,"5eb02a40b17a8c0868685d32","EC_0008.jpg"
"5496",9.9445026,3.8061,"5eb02a40b17a8c0868685d32","EC_0096.jpg"
"5497",8.981379888,3.9599,"5eb02a40b17a8c0868685d32","EC_0018.jpg"
"5498",8.99439506,3.5347,"5eb02a40b17a8c0868685d32","EC_0134.jpg"
"5499",5.948844864,4.456,"5eb02a40b17a8c0868685d32","EC_0006.jpg"
"5500",7.029104122,5.0932,"5eb02a40b17a8c0868685d32","EC_0002.jpg"
"5501",8.018257177,4.341,"5eb02a40b17a8c0868685d32","EC_0196.jpg"
"5502",7.979211661,3.1838,"5eb02a40b17a8c0868685d32","EC_0057.jpeg"
"5503",0.951018901,3.6885,"5eb02a40b17a8c0868685d32","EC_0183.jpg"
"5504",8.031272349,3.5474,"5eb02a40b17a8c0868685d32","EC_0028.jpg"
"5505",6.013920723,3.3953,"5eb02a40b17a8c0868685d32","EC_0019.jpg"
"5506",5.896784177,2.4882,"5eb02a40b17a8c0868685d32","EC_0240.jpg"
"5507",9.033440576,3.1307,"5eb02a40b17a8c0868685d32","EC_0054.jpg"
"5508",8.981379888,2.2357,"5eb02a40b17a8c0868685d32","EC_0221.jpg"
"5509",7.979211661,3.5524,"5eb02a40b17a8c0868685d32","EC_0219.jpg"
"5510",7.979211661,3.8377,"5eb02a40b17a8c0868685d32","EC_0163.jpg"
"5511",8.005242005,6.1885,"5eb02a40b17a8c0868685d32","EC_0157.jpg"
"5512",8.942334373,3.3797,"5eb02a40b17a8c0868685d32","EC_0118.jpg"
"5513",8.942334373,2.6438,"5eb02a40b17a8c0868685d32","EC_0149.jpg"
"5514",9.098516434,3.4393,"5eb02a40b17a8c0868685d32","EC_0156.jpg"
"5515",5.03778284,4.6448,"5eb02a40b17a8c0868685d32","EC_0033.jpeg"
"5516",3.983553926,3.0211,"5eb02a40b17a8c0868685d32","EC_0135.jpg"
"5517",9.970532944,3.0076,"5eb02a40b17a8c0868685d32","EC_0001.jpg"
"5518",1.927156785,2.7444,"5eb02a40b17a8c0868685d32","EC_0154.jpg"
"5519",2.994400871,4.9808,"5eb02a40b17a8c0868685d32","EC_0249.jpg"
"5520",0.000911362,20.851,"5eb02a40b17a8c0868685d32","EC_0244.jpg"
"5521",0.013926533,4.2551,"5eb02a40b17a8c0868685d32","EC_0184.jpg"
"5522",6.039951067,3.6806,"5eb02a40b17a8c0868685d32","EC_0223.jpg"
"5523",4.998737324,4.4308,"5eb02a40b17a8c0868685d32","EC_0109.jpg"
"5524",1.01609476,2.7392,"5eb02a40b17a8c0868685d32","EC_0153.jpg"
"5525",4.972706981,4.952,"5eb02a40b17a8c0868685d32","EC_0174.jpg"
"5526",3.970538754,3.3096,"5eb02a40b17a8c0868685d32","EC_0090.jpg"
"5527",9.059470919,2.6281,"5eb02a40b17a8c0868685d32","EC_0108.jpg"
"5528",6.078996582,3.7159,"5eb02a40b17a8c0868685d32","EC_0169.png"
"5529",4.126720815,2.5512,"5eb02a40b17a8c0868685d32","EC_0100.jpg"
"5530",9.983548115,3.0543,"5eb02a40b17a8c0868685d32","EC_0104.jpg"
"5531",5.987890379,3.5534,"5eb02a40b17a8c0868685d32","EC_0238.jpg"
"5532",6.964028263,16.3052,"5eb02a40b17a8c0868685d32","EC_0203.jpg"
"5533",3.918478067,3.3309,"5eb02a40b17a8c0868685d32","EC_0150.jpg"
"5534",7.042119293,3.2275,"5eb02a40b17a8c0868685d32","EC_0105.jpg"
"5535",9.931487428,4.0586,"5eb02a40b17a8c0868685d32","EC_0076.jpg"
"5536",6.924982747,4.0664,"5eb02a40b17a8c0868685d32","EC_0088.jpg"
"5537",5.011752496,4.4751,"5eb02a40b17a8c0868685d32","EC_0136.jpg"
"5538",7.992226833,4.4602,"5eb02a40b17a8c0868685d32","EC_0242.jpg"
"5539",7.01608895,4.2092,"5eb02a40b17a8c0868685d32","EC_0053.jpg"
"5540",4.998737324,4.1701,"5eb02a40b17a8c0868685d32","EC_0201.jpg"
"5541",2.005247815,3.3701,"5eb02a40b17a8c0868685d32","EC_0095.jpg"
"5542",4.009584269,3.1288,"5eb02a40b17a8c0868685d32","EC_0198.jpg"
"5543",6.990058606,3.4379,"5eb02a40b17a8c0868685d32","EC_0182.jpg"
"5544",1.055140276,4.4088,"5eb02a40b17a8c0868685d32","EC_0222.jpg"
"5545",5.948844864,3.398,"5eb02a40b17a8c0868685d32","EC_0101.jpg"
"5546",0.06598722,3.0737,"5eb02a40b17a8c0868685d32","EC_0124.jpeg"
"5547",9.918472256,4.0127,"5eb02a40b17a8c0868685d32","EC_0034.jpg"
"5548",6.013920723,3.4451,"5eb02a40b17a8c0868685d32","EC_0036.jpeg"
"5549",8.981379888,2.8579,"5eb02a40b17a8c0868685d32","EC_0020.jpg"
"5550",1.9662023,3.2634,"5eb02a40b17a8c0868685d32","EC_0165.jpg"
"5551",7.992226833,3.2522,"5eb02a40b17a8c0868685d32","EC_0037.jpg"
"5552",5.948844864,4.1461,"5eb02a40b17a8c0868685d32","EC_0016.jpg"
"5553",7.940166146,3.6079,"5eb02a40b17a8c0868685d32","EC_0071.jpg"
"5554",6.026935895,5.0018,"5eb02a40b17a8c0868685d32","EC_0012.jpg"
"5555",8.005242005,2.6479,"5eb02a40b17a8c0868685d32","EC_0015.jpg"
"5556",5.063813183,3.6776,"5eb02a40b17a8c0868685d32","EC_0086.jpg"
"5557",8.174439238,4.7923,"5eb02a40b17a8c0868685d32","EC_0084.jpg"
"5558",8.812182655,3.2872,"5eb02a40b17a8c0868685d32","EC_0168.jpeg"
"5559",5.805677975,3.3577,"5eb02a40b17a8c0868685d32","EC_0164.jpg"
"5560",7.940166146,3.6956,"5eb02a40b17a8c0868685d32","EC_0138.png"
"5561",5.050798011,2.5828,"5eb02a40b17a8c0868685d32","EC_0142.jpg"
"5562",9.033440576,4.319,"5eb02a40b17a8c0868685d32","EC_0051.jpg"
"5563",0.026941705,2.7699,"5eb02a40b17a8c0868685d32","EC_0210.jpg"
"5564",3.50199257,2.9169,"5eb02a40b17a8c0868685d32","EC_0039.jpg"
"5565",3.332795337,2.2563,"5eb02a40b17a8c0868685d32","EC_0160.jpg"
"5566",3.996569097,3.1624,"5eb02a40b17a8c0868685d32","EC_0128.jpeg"
"5567",6.885937232,2.5943,"5eb02a40b17a8c0868685d32","EC_0232.jpg"
"5568",0.079002392,3.0433,"5eb02a40b17a8c0868685d32","EC_0229.jpg"
"5569",2.343642282,2.8862,"5eb02a40b17a8c0868685d32","EC_0243.jpg"
"5570",2.408718141,3.9006,"5eb02a40b17a8c0868685d32","EC_0065.jpg"
"5571",9.58007779,2.6308,"5eb02a40b17a8c0868685d32","EC_0038.jpg"
"5572",8.369666815,3.9464,"5eb02a40b17a8c0868685d32","EC_0199.jpg"
"5573",9.983548115,3.2005,"5eb02a40b17a8c0868685d32","EC_0187.jpeg"
"5574",8.99439506,3.0514,"5eb02a40b17a8c0868685d32","EC_0167.jpg"
"5575",9.007410232,7.7588,"5eb02a40b17a8c0868685d32","EC_0080.jpg"
"5576",8.525848876,4.0624,"5eb02a40b17a8c0868685d32","EC_0248.jpg"
"5577",8.838212999,3.4778,"5eb02a40b17a8c0868685d32","EC_0098.jpg"
"5578",2.91630984,4.125,"5eb02a40b17a8c0868685d32","EC_0011.jpg"
"5579",0.105032736,3.8088,"5eb02a40b17a8c0868685d32","EC_0067.jpg"
"5580",0.013926533,3.9112,"5eb02a40b17a8c0868685d32","EC_0049.jpg"
"5581",1.029109932,4.0162,"5eb02a40b17a8c0868685d32","EC_0111.jpg"
"5582",9.931487428,3.5294,"5eb02a40b17a8c0868685d32","EC_0120.jpg"
"5583",9.918472256,1.8581,"5eb02a40b17a8c0868685d32","EC_0132.jpg"
"5584",9.020425404,2.6927,"5eb02a40b17a8c0868685d32","EC_0113.jpg"
"5585",9.020425404,2.0499,"5eb02a40b17a8c0868685d32","EC_0044.jpg"
"5586",8.057302692,2.7915,"5eb02a40b17a8c0868685d32","EC_0237.jpg"
"5587",7.940166146,1.9861,"5eb02a40b17a8c0868685d32","EC_0007.jpg"
"5588",7.01608895,4.6469,"5eb02a40b17a8c0868685d32","EC_0087.jpg"
"5589",6.990058606,3.4723,"5eb02a40b17a8c0868685d32","EC_0141.jpg"
"5590",4.985722153,4.8126,"5eb02a40b17a8c0868685d32","EC_0066.jpg"
"5591",2.981385699,3.0694,"5eb02a40b17a8c0868685d32","EC_0159.jpg"
"5592",8.04428752,3.5759,"5eb02a40b17a8c0868685d32","EC_0056.jpg"
"5593",8.903288858,3.2746,"5eb02a40b17a8c0868685d32","EC_0166.jpg"
"5594",9.957517772,3.6042,"5eb02a40b17a8c0868685d32","EC_0207.jpg"
"5595",7.01608895,2.9948,"5eb02a40b17a8c0868685d32","EC_0115.jpg"
"5596",6.924982747,3.2096,"5eb02a40b17a8c0868685d32","EC_0014.jpg"
"5597",2.981385699,3.5779,"5eb02a40b17a8c0868685d32","EC_0246.jpg"
"5598",0.93800373,3.3401,"5eb02a40b17a8c0868685d32","EC_0048.jpg"
"5599",0.026941705,4.1795,"5eb02a40b17a8c0868685d32","EC_0085.jpg"
"5600",1.888111269,2.9817,"5eb02a40b17a8c0868685d32","EC_0047.jpg"
"5601",9.515001931,2.6868,"5eb02a40b17a8c0868685d32","EC_0069.jpg"
"5602",2.994400871,3.063,"5eb02a40b17a8c0868685d32","EC_0147.png"
"5603",9.554047447,2.9915,"5eb02a40b17a8c0868685d32","EC_0228.jpg"
"5604",6.990058606,2.8034,"5eb02a40b17a8c0868685d32","EC_0250.jpg"
"5605",8.135393723,2.8212,"5eb02a40b17a8c0868685d32","EC_0202.jpg"
"5606",8.226499925,2.8375,"5eb02a40b17a8c0868685d32","EC_0195.jpg"
"5607",8.890273686,4.0442,"5eb02a40b17a8c0868685d32","EC_0180.jpg"
"5608",7.953181318,3.3139,"5eb02a40b17a8c0868685d32","EC_0083.jpg"
"5609",9.931487428,2.451,"5eb02a40b17a8c0868685d32","EC_0055.jpg"
"5610",6.026935895,3.487,"5eb02a40b17a8c0868685d32","EC_0009.jpg"
"5611",7.068149637,3.3296,"5eb02a40b17a8c0868685d32","EC_0197.jpg"
"5612",4.946676637,3.5942,"5eb02a40b17a8c0868685d32","EC_0170.jpg"
"5613",8.825197827,2.3968,"5eb02a40b17a8c0868685d32","EC_0099.jpg"
"5614",2.161429877,2.6297,"5eb02a40b17a8c0868685d32","EC_0181.jpg"
"5615",6.118042097,2.9974,"5eb02a40b17a8c0868685d32","EC_0148.jpg"
"5616",9.528017103,3.2355,"5eb02a40b17a8c0868685d32","EC_0022.jpg"
"5617",7.810014428,2.7922,"5eb02a40b17a8c0868685d32","EC_0046.jpg"
"5618",8.382681987,3.1879,"5eb02a40b17a8c0868685d32","EC_0073.jpg"
"5619",4.0876753,4.5027,"5eb02a40b17a8c0868685d32","EC_0211.jpg"
"5620",6.469451735,3.5095,"5eb02a40b17a8c0868685d32","EC_0188.jpg"
"5621",5.974875208,3.2676,"5eb02a40b17a8c0868685d32","EC_0064.jpg"
"5622",9.176607465,2.5792,"5eb02a40b17a8c0868685d32","EC_0050.jpg"
"5623",8.981379888,8.322,"5eb02a40b17a8c0868685d32","EC_0125.jpeg"
"5624",9.970532944,4.2596,"5eb02a40b17a8c0868685d32","EC_0072.jpg"
"5625",8.031272349,2.8206,"5eb02a40b17a8c0868685d32","EC_0236.jpg"
"5626",6.026935895,3.0156,"5eb02a40b17a8c0868685d32","EC_0094.jpg"
"5627",5.076828355,3.1567,"5eb02a40b17a8c0868685d32","EC_0227.jpg"
"5628",6.026935895,3.3382,"5eb02a40b17a8c0868685d32","EC_0070.jpg"
"5629",3.072491901,2.6804,"5eb02a40b17a8c0868685d32","EC_0139.png"
"5630",8.77313714,2.8601,"5eb02a40b17a8c0868685d32","EC_0093.jpg"
"5631",8.747106796,4.0791,"5eb02a40b17a8c0868685d32","EC_0063.jpg"
"5632",5.024767668,4.8456,"5eb02a40b17a8c0868685d32","EC_0161.jpg"
"5633",0.638654779,3.06,"5eb02a40b17a8c0868685d32","EC_0119.jpg"
"5634",2.656006404,3.1084,"5eb02a40b17a8c0868685d32","EC_0029.jpg"
"5635",6.690709655,3.9391,"5eb02a40b17a8c0868685d32","EC_0097.jpg"
"5636",6.990058606,3.9938,"5eb02a40b17a8c0868685d32","EC_0013.jpg"
"5637",7.068149637,5.4709,"5eb02a40b17a8c0868685d32","EC_0117.jpg"
"5638",7.068149637,2.4776,"5eb02a40b17a8c0868685d32","EC_0060.jpg"
"5639",8.018257177,3.5209,"5eb02a40b17a8c0868685d32","EC_0079.jpg"
"5640",8.512833704,3.8666,"5eb02a40b17a8c0868685d32","EC_0103.jpg"
"5641",0.039956877,2.9725,"5eb02a40b17a8c0868685d32","EC_0235.jpg"
"5642",8.057302692,3.0075,"5eb02a40b17a8c0868685d32","EC_0234.jpg"
"5643",0.000911362,3.2118,"5eb02a40b17a8c0868685d32","EC_0005.jpg"
"5644",4.725418717,5.7777,"5eb02a40b17a8c0868685d32","EC_0024.jpg"
"5645",8.656000594,2.7005,"5eb02a40b17a8c0868685d32","EC_0177.jpg"
"5646",8.642985422,2.6372,"5eb02a40b17a8c0868685d32","EC_0102.jpg"
"5647",9.957517772,2.8105,"5eb02a40b17a8c0868685d32","EC_0032.jpg"
"5648",9.567062618,3.0536,"5eb02a40b17a8c0868685d32","EC_0106.jpg"
"5649",7.003073778,2.8644,"5eb02a40b17a8c0868685d32","EC_0176.jpg"
"5650",7.940166146,3.1846,"5eb02a40b17a8c0868685d32","EC_0205.jpg"
"5651",4.998737324,4.5389,"5eb02a40b17a8c0868685d32","EC_0239.jpg"
"5652",7.979211661,3.7217,"5eb02a40b17a8c0868685d32","EC_0209.jpg"
"5653",9.80133571,2.4537,"5eb02a40b17a8c0868685d32","EC_0030.jpg"
"5654",0.013926533,4.8714,"5eb02a40b17a8c0868685d32","EC_0230.jpg"
"5655",9.085501263,3.0199,"5eb02a40b17a8c0868685d32","EC_0027.jpg"
"5656",5.987890379,2.8817,"5eb02a40b17a8c0868685d32","EC_0061.jpg"
"5657",6.990058606,3.1196,"5eb02a40b17a8c0868685d32","EC_0042.jpg"
"5658",0.664685122,3.5189,"5eb02a40b17a8c0868685d32","EC_0123.jpeg"
"5659",9.80133571,3.1771,"5eb02a40b17a8c0868685d32","EC_0068.jpg"
"5660",1.901126441,2.8959,"5eb02a40b17a8c0868685d32","EC_0137.jpg"
"5661",7.953181318,2.9277,"5eb02a40b17a8c0868685d32","EC_0062.jpg"
"5662",8.3306213,2.63,"5eb02a40b17a8c0868685d32","EC_0075.jpg"
"5663",2.005247815,3.529,"5eb02a40b17a8c0868685d32","EC_0247.jpg"
"5664",9.593092962,2.7514,"5eb02a40b17a8c0868685d32","EC_0193.png"
"5665",5.935829692,2.3387,"5eb02a40b17a8c0868685d32","EC_0158.jpg"
"5666",4.972706981,3.1743,"5eb02a40b17a8c0868685d32","EC_0162.jpg"
"5667",9.9445026,2.5935,"5eb02a40b17a8c0868685d32","EC_0041.jpg"
"5668",2.838218809,2.7148,"5eb02a40b17a8c0868685d32","EC_0172.jpg"
"5669",7.120210324,3.8719,"5eb02a40b17a8c0868685d32","EC_0226.jpg"
"5670",0.885943043,3.538,"5eb02a40b17a8c0868685d32","EC_0206.png"
"5671",6.881351837,3.5316,"5ec97fd040ce7448f367784b","EC_0153.jpg"
"5672",7.045889404,4.9893,"5ec97fd040ce7448f367784b","EC_0069.jpg"
"5673",7.014544702,3.6089,"5ec97fd040ce7448f367784b","EC_0163.jpg"
"5674",7.966893307,3.2303,"5ec97fd040ce7448f367784b","EC_0010.jpg"
"5675",8.361969683,2.9156,"5ec97fd040ce7448f367784b","EC_0049.jpg"
"5676",8.226200198,2.3297,"5ec97fd040ce7448f367784b","EC_0001.jpg"
"5677",2.974446128,4.231,"5ec97fd040ce7448f367784b","EC_0219.jpg"
"5678",2.968892027,2.3176,"5ec97fd040ce7448f367784b","EC_0029.jpg"
"5679",4.917200184,3.6145,"5ec97fd040ce7448f367784b","EC_0140.jpg"
"5680",5.999989925,2.764,"5ec97fd040ce7448f367784b","EC_0020.jpg"
"5681",3.686563856,3.0135,"5ec97fd040ce7448f367784b","EC_0149.jpg"
"5682",8.050030929,3.4637,"5ec97fd040ce7448f367784b","EC_0077.jpg"
"5683",8.044477439,2.012,"5ec97fd040ce7448f367784b","EC_0047.jpg"
"5684",8.044477439,2.6963,"5ec97fd040ce7448f367784b","EC_0245.jpg"
"5685",8.621809837,2.6969,"5ec97fd040ce7448f367784b","EC_0034.jpg"
"5686",3.01453291,2.8141,"5ec97fd040ce7448f367784b","EC_0030.jpg"
"5687",8.18084242,3.3967,"5ec97fd040ce7448f367784b","EC_0063.jpg"
"5688",8.184057856,2.6644,"5ec97fd040ce7448f367784b","EC_0038.jpg"
"5689",5.027914287,4.1801,"5ec97fd040ce7448f367784b","EC_0240.jpg"
"5690",8.011350519,3.1806,"5ec97fd040ce7448f367784b","EC_0027.jpg"
"5691",8.087865686,2.1632,"5ec97fd040ce7448f367784b","EC_0108.jpg"
"5692",8.087865686,1.9963,"5ec97fd040ce7448f367784b","EC_0041.jpg"
"5693",5.110238593,3.58,"5ec97fd040ce7448f367784b","EC_0184.jpg"
"5694",8.939177613,4.6482,"5ec97fd040ce7448f367784b","EC_0198.jpg"
"5695",3.012252208,3.1469,"5ec97fd040ce7448f367784b","EC_0223.jpg"
"5696",7.60647408,3.5128,"5ec97fd040ce7448f367784b","EC_0241.jpg"
"5697",8.963778442,3.379,"5ec97fd040ce7448f367784b","EC_0133.jpg"
"5698",7.967158107,4.6723,"5ec97fd040ce7448f367784b","EC_0147.png"
"5699",8.847563931,2.5132,"5ec97fd040ce7448f367784b","EC_0221.jpg"
"5700",8.853117422,2.0634,"5ec97fd040ce7448f367784b","EC_0012.jpg"
"5701",6.892258082,2.7628,"5ec97fd040ce7448f367784b","EC_0009.jpg"
"5702",7.232727574,2.6141,"5ec97fd040ce7448f367784b","EC_0018.jpg"
"5703",7.839543748,2.2465,"5ec97fd040ce7448f367784b","EC_0109.jpg"
"5704",7.845097239,1.847,"5ec97fd040ce7448f367784b","EC_0160.jpg"
"5705",1.88039199,2.6632,"5ec97fd040ce7448f367784b","EC_0070.jpg"
"5706",5.856198324,3.413,"5ec97fd040ce7448f367784b","EC_0196.jpg"
"5707",2.956547682,2.5298,"5ec97fd040ce7448f367784b","EC_0235.jpg"
"5708",7.402002876,2.9138,"5ec97fd040ce7448f367784b","EC_0068.jpg"
"5709",8.648056822,2.6127,"5ec97fd040ce7448f367784b","EC_0194.jpg"
"5710",8.648056822,2.5474,"5ec97fd040ce7448f367784b","EC_0003.jpg"
"5711",8.25876945,3.7218,"5ec97fd040ce7448f367784b","EC_0071.jpg"
"5712",8.21545686,2.247,"5ec97fd040ce7448f367784b","EC_0164.jpg"
"5713",7.974094175,2.8804,"5ec97fd040ce7448f367784b","EC_0093.jpg"
"5714",8.782473018,2.0281,"5ec97fd040ce7448f367784b","EC_0156.jpg"
"5715",8.782473018,1.8462,"5ec97fd040ce7448f367784b","EC_0050.jpg"
"5716",8.782473018,2.4959,"5ec97fd040ce7448f367784b","EC_0089.jpg"
"5717",5.991197203,2.947,"5ec97fd040ce7448f367784b","EC_0246.jpg"
"5718",6.037040652,2.2138,"5ec97fd040ce7448f367784b","EC_0203.jpg"
"5719",6.10044697,2.9127,"5ec97fd040ce7448f367784b","EC_0201.jpg"
"5720",3.062492323,2.9812,"5ec97fd040ce7448f367784b","EC_0008.jpg"
"5721",8.886199191,87.3105,"5ec97fd040ce7448f367784b","EC_0075.jpg"
"5722",8.886199191,2.2964,"5ec97fd040ce7448f367784b","EC_0131.jpg"
"5723",8.886199191,2.2961,"5ec97fd040ce7448f367784b","EC_0102.jpg"
"5724",8.886199191,2.1634,"5ec97fd040ce7448f367784b","EC_0200.png"
"5725",0.981981557,5.1218,"5ec97fd040ce7448f367784b","EC_0033.jpeg"
"5726",8.153106694,2.7971,"5ec97fd040ce7448f367784b","EC_0117.jpg"
"5727",6.038718536,3.0305,"5ec97fd040ce7448f367784b","EC_0096.jpg"
"5728",8.73873577,2.6807,"5ec97fd040ce7448f367784b","EC_0113.jpg"
"5729",5.977603903,5.4886,"5ec97fd040ce7448f367784b","EC_0183.jpg"
"5730",5.050806725,3.2281,"5ec97fd040ce7448f367784b","EC_0053.jpg"
"5731",5.981348329,2.8802,"5ec97fd040ce7448f367784b","EC_0079.jpg"
"5732",7.346328857,2.4464,"5ec97fd040ce7448f367784b","EC_0106.jpg"
"5733",7.346328857,2.4818,"5ec97fd040ce7448f367784b","EC_0031.jpg"
"5734",5.000709382,4.9481,"5ec97fd040ce7448f367784b","EC_0187.jpeg"
"5735",6.991843848,3.0292,"5ec97fd040ce7448f367784b","EC_0086.jpg"
"5736",4.967997357,5.5138,"5ec97fd040ce7448f367784b","EC_0115.jpg"
"5737",7.288625514,5.5034,"5ec97fd040ce7448f367784b","EC_0040.jpg"
"5738",4.041893298,2.7472,"5ec97fd040ce7448f367784b","EC_0204.jpg"
"5739",6.398128592,2.8812,"5ec97fd040ce7448f367784b","EC_0182.jpg"
"5740",0.03906266,4.5973,"5ec97fd040ce7448f367784b","EC_0195.jpg"
"5741",1.269345718,3.6303,"5ec97fd040ce7448f367784b","EC_0024.jpg"
"5742",5.677454266,4.1725,"5ec97fd040ce7448f367784b","EC_0249.jpg"
"5743",7.237360364,2.7808,"5ec97fd040ce7448f367784b","EC_0248.jpg"
"5744",7.907175283,2.3304,"5ec97fd040ce7448f367784b","EC_0072.jpg"
"5745",4.927874577,3.5146,"5ec97fd040ce7448f367784b","EC_0166.jpg"
"5746",7.553348005,2.7986,"5ec97fd040ce7448f367784b","EC_0234.jpg"
"5747",5.127464664,2.7464,"5ec97fd040ce7448f367784b","EC_0167.jpg"
"5748",5.466592459,2.263,"5ec97fd040ce7448f367784b","EC_0243.jpg"
"5749",7.16081286,2.7804,"5ec97fd040ce7448f367784b","EC_0118.jpg"
"5750",7.469010848,2.3631,"5ec97fd040ce7448f367784b","EC_0062.jpg"
"5751",7.982504339,3.4311,"5ec97fd040ce7448f367784b","EC_0247.jpg"
"5752",7.982504339,3.0962,"5ec97fd040ce7448f367784b","EC_0128.jpeg"
"5753",4.941615531,5.3794,"5ec97fd040ce7448f367784b","EC_0134.jpg"
"5754",7.991765038,5.4972,"5ec97fd040ce7448f367784b","EC_0105.jpg"
"5755",7.991765038,2.2805,"5ec97fd040ce7448f367784b","EC_0174.jpg"
"5756",7.991765038,1.9797,"5ec97fd040ce7448f367784b","EC_0231.jpg"
"5757",7.991765038,2.3638,"5ec97fd040ce7448f367784b","EC_0103.jpg"
"5758",7.991765038,2.2466,"5ec97fd040ce7448f367784b","EC_0136.jpg"
"5759",4.965153496,4.0972,"5ec97fd040ce7448f367784b","EC_0067.jpg"
"5760",7.036047853,3.781,"5ec97fd040ce7448f367784b","EC_0051.jpg"
"5761",7.919853984,2.2304,"5ec97fd040ce7448f367784b","EC_0104.jpg"
"5762",5.925376563,2.748,"5ec97fd040ce7448f367784b","EC_0172.jpg"
"5763",8.364516406,3.3557,"5ec97fd040ce7448f367784b","EC_0073.jpg"
"5764",8.471022375,2.1468,"5ec97fd040ce7448f367784b","EC_0022.jpg"
"5765",9.002634572,3.1801,"5ec97fd040ce7448f367784b","EC_0233.jpg"
"5766",9.002634572,2.3967,"5ec97fd040ce7448f367784b","EC_0065.jpg"
"5767",9.002634572,1.8471,"5ec97fd040ce7448f367784b","EC_0074.jpg"
"5768",9.002634572,2.0977,"5ec97fd040ce7448f367784b","EC_0081.jpg"
"5769",3.627158223,2.9283,"5ec97fd040ce7448f367784b","EC_0173.jpg"
"5770",7.971610906,2.7143,"5ec97fd040ce7448f367784b","EC_0061.jpg"
"5771",8.748548035,2.6022,"5ec97fd040ce7448f367784b","EC_0197.jpg"
"5772",4.951516266,4.0793,"5ec97fd040ce7448f367784b","EC_0036.jpeg"
"5773",7.269741693,2.2462,"5ec97fd040ce7448f367784b","EC_0121.jpg"
"5774",5.146774363,2.9468,"5ec97fd040ce7448f367784b","EC_0176.jpg"
"5775",8.999999989,2.9963,"5ec97fd040ce7448f367784b","EC_0154.jpg"
"5776",8.994446499,2.4641,"5ec97fd040ce7448f367784b","EC_0016.jpg"
"5777",8.994446499,2.1642,"5ec97fd040ce7448f367784b","EC_0058.jpg"
"5778",0.949320174,3.1462,"5ec97fd040ce7448f367784b","EC_0124.jpeg"
"5779",0.030040526,4.6063,"5ec97fd040ce7448f367784b","EC_0229.jpg"
"5780",1.00708087,3.9142,"5ec97fd040ce7448f367784b","EC_0095.jpg"
"5781",5.940675813,3.0127,"5ec97fd040ce7448f367784b","EC_0064.jpg"
"5782",6.966921476,2.3473,"5ec97fd040ce7448f367784b","EC_0157.jpg"
"5783",4.973043212,3.1638,"5ec97fd040ce7448f367784b","EC_0101.jpg"
"5784",6.342241024,2.3959,"5ec97fd040ce7448f367784b","EC_0202.jpg"
"5785",5.553866218,2.629,"5ec97fd040ce7448f367784b","EC_0015.jpg"
"5786",5.51746529,1.9632,"5ec97fd040ce7448f367784b","EC_0007.jpg"
"5787",5.924942753,3.0633,"5ec97fd040ce7448f367784b","EC_0236.jpg"
"5788",6.674591389,4.0805,"5ec97fd040ce7448f367784b","EC_0116.jpg"
"5789",4.227881543,2.9473,"5ec97fd040ce7448f367784b","EC_0094.jpg"
"5790",5.557696675,2.2124,"5ec97fd040ce7448f367784b","EC_0032.jpg"
"5791",2.975210633,4.1642,"5ec97fd040ce7448f367784b","EC_0209.jpg"
"5792",4.504872721,3.897,"5ec97fd040ce7448f367784b","EC_0090.jpg"
"5793",4.597008682,2.6134,"5ec97fd040ce7448f367784b","EC_0006.jpg"
"5794",6.549508499,3.5394,"5ec97fd040ce7448f367784b","EC_0076.jpg"
"5795",7.545296602,2.197,"5ec97fd040ce7448f367784b","EC_0227.jpg"
"5796",7.539743112,1.8969,"5ec97fd040ce7448f367784b","EC_0239.jpg"
"5797",4.662477882,2.8807,"5ec97fd040ce7448f367784b","EC_0228.jpg"
"5798",4.668031373,2.0293,"5ec97fd040ce7448f367784b","EC_0159.jpg"
"5799",2.073319048,3.2813,"5ec97fd040ce7448f367784b","EC_0199.jpg"
"5800",5.878717357,2.5973,"5ec97fd040ce7448f367784b","EC_0181.jpg"
"5801",7.459022862,3.8818,"5ec97fd040ce7448f367784b","EC_0207.jpg"
"5802",7.173733176,3.7885,"5ec97fd040ce7448f367784b","EC_0150.jpg"
"5803",2.179449477,2.7128,"5ec97fd040ce7448f367784b","EC_0039.jpg"
"5804",3.104504706,3.2128,"5ec97fd040ce7448f367784b","EC_0085.jpg"
"5805",2.443680195,3.2973,"5ec97fd040ce7448f367784b","EC_0148.jpg"
"5806",3.27422846,2.6475,"5ec97fd040ce7448f367784b","EC_0055.jpg"
"5807",3.279781951,2.3305,"5ec97fd040ce7448f367784b","EC_0141.jpg"
"5808",4.460385002,2.2309,"5ec97fd040ce7448f367784b","EC_0037.jpg"
"5809",2.988549505,3.0638,"5ec97fd040ce7448f367784b","EC_0059.jpg"
"5810",5.165113939,2.0962,"5ec97fd040ce7448f367784b","EC_0019.jpg"
"5811",5.958916547,1.797,"5ec97fd040ce7448f367784b","EC_0211.jpg"
"5812",6.534421577,1.9972,"5ec97fd040ce7448f367784b","EC_0165.jpg"
"5813",6.534421577,2.0814,"5ec97fd040ce7448f367784b","EC_0171.jpg"
"5814",6.563270808,1.9651,"5ec97fd040ce7448f367784b","EC_0014.jpg"
"5815",6.962705411,1.9469,"5ec97fd040ce7448f367784b","EC_0138.png"
"5816",5.0184437,5.3806,"5ec97fd040ce7448f367784b","EC_0092.jpg"
"5817",6.726267773,2.3803,"5ec97fd040ce7448f367784b","EC_0100.jpg"
"5818",2.177110812,2.5969,"5ec97fd040ce7448f367784b","EC_0214.jpg"
"5819",2.359022714,2.5129,"5ec97fd040ce7448f367784b","EC_0250.jpg"
"5820",3.953690906,2.3971,"5ec97fd040ce7448f367784b","EC_0185.jpg"
"5821",2.958126724,3.0563,"5ec97fd040ce7448f367784b","EC_0028.jpg"
"5822",7.172465306,2.7971,"5ec97fd040ce7448f367784b","EC_0119.jpg"
"5823",7.166911815,1.9961,"5ec97fd040ce7448f367784b","EC_0139.png"
"5824",7.166911815,1.9803,"5ec97fd040ce7448f367784b","EC_0099.jpg"
"5825",7.426526827,3.3976,"5ec97fd040ce7448f367784b","EC_0083.jpg"
"5826",7.923835755,2.3964,"5ec97fd040ce7448f367784b","EC_0158.jpg"
"5827",8.12406771,2.7132,"5ec97fd040ce7448f367784b","EC_0080.jpg"
"5828",3.197276433,3.8808,"5ec97fd040ce7448f367784b","EC_0002.jpg"
"5829",3.711585071,2.4145,"5ec97fd040ce7448f367784b","EC_0242.jpg"
"5830",2.53946235,4.6892,"5ec97fd040ce7448f367784b","EC_0226.jpg"
"5831",3.081386517,2.5971,"5ec97fd040ce7448f367784b","EC_0017.jpg"
"5832",3.113168078,2.4965,"5ec97fd040ce7448f367784b","EC_0005.jpg"
"5833",6.628255557,4.0461,"5ec97fd040ce7448f367784b","EC_0132.jpg"
"5834",7.034492607,4.4073,"5ec97fd040ce7448f367784b","EC_0044.jpg"
"5835",5.09925425,3.9826,"5ec97fd040ce7448f367784b","EC_0237.jpg"
"5836",5.642317547,4.9228,"5ec97fd040ce7448f367784b","EC_0232.jpg"
"5837",5.52917936,2.863,"5ec97fd040ce7448f367784b","EC_0129.jpeg"
"5838",6.088086152,4.0977,"5ec97fd040ce7448f367784b","EC_0087.jpg"
"5839",6.120782923,2.3472,"5ec97fd040ce7448f367784b","EC_0011.jpg"
"5840",6.45620351,2.5982,"5ec97fd040ce7448f367784b","EC_0152.jpg"
"5841",5.747781398,3.2124,"5ec97fd040ce7448f367784b","EC_0142.jpg"
"5842",6.473329518,3.8956,"5ec97fd040ce7448f367784b","EC_0123.jpeg"
"5843",6.933566974,2.4636,"5ec97fd040ce7448f367784b","EC_0088.jpg"
"5844",6.196299902,2.6634,"5ec97fd040ce7448f367784b","EC_0137.jpg"
"5845",6.941368219,2.7814,"5ec97fd040ce7448f367784b","EC_0111.jpg"
"5846",6.941368219,1.9965,"5ec97fd040ce7448f367784b","EC_0168.jpeg"
"5847",6.03886497,2.4965,"5ec97fd040ce7448f367784b","EC_0120.jpg"
"5848",6.362622128,2.1468,"5ec97fd040ce7448f367784b","EC_0193.png"
"5849",6.848457991,2.1469,"5ec97fd040ce7448f367784b","EC_0057.jpeg"
"5850",7.105914939,3.4151,"5ec97fd040ce7448f367784b","EC_0066.jpg"
"5851",7.105914939,2.0295,"5ec97fd040ce7448f367784b","EC_0046.jpg"
"5852",4.9251802,4.6315,"5ec97fd040ce7448f367784b","EC_0162.jpg"
"5853",5.554362872,4.5462,"5ec97fd040ce7448f367784b","EC_0170.jpg"
"5854",6.489558622,7.1558,"5ec97fd040ce7448f367784b","EC_0098.jpg"
"5855",6.054632807,2.1966,"5ec97fd040ce7448f367784b","EC_0054.jpg"
"5856",8.078187652,4.331,"5ec97fd040ce7448f367784b","EC_0125.jpeg"
"5857",6.068196211,2.93,"5ec97fd040ce7448f367784b","EC_0097.jpg"
"5858",6.665801717,2.4235,"5ec97fd040ce7448f367784b","EC_0224.jpg"
"5859",5.421216987,2.5305,"5ec97fd040ce7448f367784b","EC_0013.jpg"
"5860",5.516717258,2.1478,"5ec97fd040ce7448f367784b","EC_0213.jpg"
"5861",5.484365826,2.5138,"5ec97fd040ce7448f367784b","EC_0042.jpg"
"5862",6.32915597,2.4142,"5ec97fd040ce7448f367784b","EC_0244.jpg"
"5863",6.792766888,5.612,"5ec97fd040ce7448f367784b","EC_0188.jpg"
"5864",7.111746653,2.1308,"5ec97fd040ce7448f367784b","EC_0084.jpg"
"5865",6.956373382,2.5311,"5ec97fd040ce7448f367784b","EC_0222.jpg"
"5866",7.204537904,1.8477,"5ec97fd040ce7448f367784b","EC_0135.jpg"
"5867",4.97146417,2.4965,"5ec97fd040ce7448f367784b","EC_0180.jpg"
"5868",5.843077272,2.5807,"5ec97fd040ce7448f367784b","EC_0048.jpg"
"5869",4.729892817,2.4819,"5ec97fd040ce7448f367784b","EC_0205.jpg"
"5870",5.158229734,3.0135,"5ec97fd040ce7448f367784b","EC_0177.jpg"
"5871",5.53818136,2.6344,"5ec97fd040ce7448f367784b","EC_0161.jpg"
"5872",3.980009888,2.9793,"5ec97fd040ce7448f367784b","EC_0056.jpg"
"5873",5.500838375,2.7478,"5ec97fd040ce7448f367784b","EC_0169.png"
"5874",6.984430652,5.9431,"5ec97fd040ce7448f367784b","EC_0206.png"
"5875",6.55440853,2.2475,"5ec97fd040ce7448f367784b","EC_0210.jpg"
"5876",7.370856469,3.0981,"5ec97fd040ce7448f367784b","EC_0151.jpg"
"5877",7.370856469,2.0813,"5ec97fd040ce7448f367784b","EC_0082.jpg"
"5878",4.344424919,2.8462,"5ec97fd040ce7448f367784b","EC_0230.jpg"
"5879",7.360617106,3.3815,"5ec97fd040ce7448f367784b","EC_0238.jpg"
"5880",8.159509499,2.6474,"5ec97fd040ce7448f367784b","EC_0060.jpg"
"5881",9.941344246,3.1158,"5ee0dbc4b229c1091c2fa9b5","EC_0096.jpg"
"5882",9.96474041,4.0712,"5ee0dbc4b229c1091c2fa9b5","EC_0073.jpg"
"5883",7.965608466,2.7099,"5ee0dbc4b229c1091c2fa9b5","EC_0140.jpg"
"5884",9.926008598,3.0086,"5ee0dbc4b229c1091c2fa9b5","EC_0177.jpg"
"5885",6.967220569,3.5057,"5ee0dbc4b229c1091c2fa9b5","EC_0012.jpg"
"5886",8.98036541,2.3959,"5ee0dbc4b229c1091c2fa9b5","EC_0246.jpg"
"5887",9.044808201,3.2005,"5ee0dbc4b229c1091c2fa9b5","EC_0115.jpg"
"5888",4.986979167,4.7607,"5ee0dbc4b229c1091c2fa9b5","EC_0236.jpg"
"5889",7.97275959,3.0046,"5ee0dbc4b229c1091c2fa9b5","EC_0200.png"
"5890",8.857432209,3.0059,"5ee0dbc4b229c1091c2fa9b5","EC_0172.jpg"
"5891",8.018683862,3.8382,"5ee0dbc4b229c1091c2fa9b5","EC_0181.jpg"
"5892",5.011284722,3.1131,"5ee0dbc4b229c1091c2fa9b5","EC_0022.jpg"
"5893",1.990947421,3.249,"5ee0dbc4b229c1091c2fa9b5","EC_0249.jpg"
"5894",0.005456349,4.1804,"5ee0dbc4b229c1091c2fa9b5","EC_0235.jpg"
"5895",3.998759921,5.767,"5ee0dbc4b229c1091c2fa9b5","EC_0129.jpeg"
"5896",5.037078373,3.1951,"5ee0dbc4b229c1091c2fa9b5","EC_0011.jpg"
"5897",7.952256944,3.7191,"5ee0dbc4b229c1091c2fa9b5","EC_0238.jpg"
"5898",9.893559854,2.799,"5ee0dbc4b229c1091c2fa9b5","EC_0183.jpg"
"5899",4.93812004,4.4714,"5ee0dbc4b229c1091c2fa9b5","EC_0233.jpg"
"5900",4.983589616,2.7441,"5ee0dbc4b229c1091c2fa9b5","EC_0134.jpg"
"5901",9.043568122,2.8147,"5ee0dbc4b229c1091c2fa9b5","EC_0038.jpg"
"5902",7.985615079,3.0864,"5ee0dbc4b229c1091c2fa9b5","EC_0093.jpg"
"5903",4.043526786,3.4661,"5ee0dbc4b229c1091c2fa9b5","EC_0154.jpg"
"5904",6.116732804,3.8293,"5ee0dbc4b229c1091c2fa9b5","EC_0239.jpg"
"5905",0.991526124,2.8303,"5ee0dbc4b229c1091c2fa9b5","EC_0058.jpg"
"5906",6.184069114,3.3802,"5ee0dbc4b229c1091c2fa9b5","EC_0013.jpg"
"5907",5.054852844,2.6384,"5ee0dbc4b229c1091c2fa9b5","EC_0153.jpg"
"5908",7.983134921,3.6192,"5ee0dbc4b229c1091c2fa9b5","EC_0024.jpg"
"5909",5.988549934,4.0045,"5ee0dbc4b229c1091c2fa9b5","EC_0166.jpg"
"5910",9.992518188,2.947,"5ee0dbc4b229c1091c2fa9b5","EC_0060.jpg"
"5911",4.994171627,2.9694,"5ee0dbc4b229c1091c2fa9b5","EC_0163.jpg"
"5912",5.985821759,2.4971,"5ee0dbc4b229c1091c2fa9b5","EC_0067.jpg"
"5913",6.03505291,2.3739,"5ee0dbc4b229c1091c2fa9b5","EC_0171.jpg"
"5914",5.94068287,3.0532,"5ee0dbc4b229c1091c2fa9b5","EC_0169.png"
"5915",4.943080357,2.8363,"5ee0dbc4b229c1091c2fa9b5","EC_0085.jpg"
"5916",7.961640212,2.677,"5ee0dbc4b229c1091c2fa9b5","EC_0099.jpg"
"5917",4.987640542,2.8536,"5ee0dbc4b229c1091c2fa9b5","EC_0195.jpg"
"5918",6.93431713,2.5539,"5ee0dbc4b229c1091c2fa9b5","EC_0196.jpg"
"5919",4.998429233,2.6283,"5ee0dbc4b229c1091c2fa9b5","EC_0017.jpg"
"5920",5.920304233,3.2635,"5ee0dbc4b229c1091c2fa9b5","EC_0109.jpg"
"5921",7.968625992,2.4346,"5ee0dbc4b229c1091c2fa9b5","EC_0032.jpg"
"5922",9.817791005,2.7276,"5ee0dbc4b229c1091c2fa9b5","EC_0193.png"
"5923",9.944031085,2.2451,"5ee0dbc4b229c1091c2fa9b5","EC_0137.jpg"
"5924",4.110532407,2.761,"5ee0dbc4b229c1091c2fa9b5","EC_0224.jpg"
"5925",5.98119213,5.352,"5ee0dbc4b229c1091c2fa9b5","EC_0226.jpg"
"5926",4.006613757,5.2349,"5ee0dbc4b229c1091c2fa9b5","EC_0056.jpg"
"5927",4.000454696,3.4694,"5ee0dbc4b229c1091c2fa9b5","EC_0245.jpg"
"5928",9.003554894,3.9786,"5ee0dbc4b229c1091c2fa9b5","EC_0247.jpg"
"5929",8.888558201,3.7944,"5ee0dbc4b229c1091c2fa9b5","EC_0231.jpg"
"5930",8.982018849,2.9285,"5ee0dbc4b229c1091c2fa9b5","EC_0241.jpg"
"5931",9.029017857,3.1851,"5ee0dbc4b229c1091c2fa9b5","EC_0120.jpg"
"5932",9.963665675,2.291,"5ee0dbc4b229c1091c2fa9b5","EC_0194.jpg"
"5933",9.95333168,2.2976,"5ee0dbc4b229c1091c2fa9b5","EC_0242.jpg"
"5934",5.11801422,2.6767,"5ee0dbc4b229c1091c2fa9b5","EC_0250.jpg"
"5935",6.090815146,2.322,"5ee0dbc4b229c1091c2fa9b5","EC_0031.jpg"
"5936",2.909019511,2.7815,"5ee0dbc4b229c1091c2fa9b5","EC_0111.jpg"
"5937",5.096891534,2.3612,"5ee0dbc4b229c1091c2fa9b5","EC_0069.jpg"
"5938",7.118716931,3.31,"5ee0dbc4b229c1091c2fa9b5","EC_0001.jpg"
"5939",7.124007937,2.6977,"5ee0dbc4b229c1091c2fa9b5","EC_0077.jpg"
"5940",2.081679894,3.715,"5ee0dbc4b229c1091c2fa9b5","EC_0049.jpg"
"5941",4.093998016,3.9127,"5ee0dbc4b229c1091c2fa9b5","EC_0176.jpg"
"5942",6.957217262,2.7103,"5ee0dbc4b229c1091c2fa9b5","EC_0014.jpg"
"5943",8.021453373,2.7216,"5ee0dbc4b229c1091c2fa9b5","EC_0118.jpg"
"5944",8.021453373,2.4219,"5ee0dbc4b229c1091c2fa9b5","EC_0061.jpg"
"5945",2.892857143,3.2703,"5ee0dbc4b229c1091c2fa9b5","EC_0150.jpg"
"5946",3.987433862,2.6451,"5ee0dbc4b229c1091c2fa9b5","EC_0005.jpg"
"5947",7.857886905,2.4959,"5ee0dbc4b229c1091c2fa9b5","EC_0003.jpg"
"5948",3.975570437,2.9372,"5ee0dbc4b229c1091c2fa9b5","EC_0010.jpg"
"5949",6.08552414,2.5864,"5ee0dbc4b229c1091c2fa9b5","EC_0228.jpg"
"5950",4.96155754,2.3286,"5ee0dbc4b229c1091c2fa9b5","EC_0062.jpg"
"5951",4.012814153,2.6065,"5ee0dbc4b229c1091c2fa9b5","EC_0230.jpg"
"5952",8.966311177,2.3658,"5ee0dbc4b229c1091c2fa9b5","EC_0205.jpg"
"5953",6.114955357,3.6384,"5ee0dbc4b229c1091c2fa9b5","EC_0044.jpg"
"5954",5.96011078,2.4691,"5ee0dbc4b229c1091c2fa9b5","EC_0119.jpg"
"5955",0.015625,5.2072,"5ee0dbc4b229c1091c2fa9b5","EC_0204.jpg"
"5956",6.970403439,2.998,"5ee0dbc4b229c1091c2fa9b5","EC_0158.jpg"
"5957",4.983382937,2.7375,"5ee0dbc4b229c1091c2fa9b5","EC_0139.png"
"5958",6.137400794,2.6723,"5ee0dbc4b229c1091c2fa9b5","EC_0138.png"
"5959",7.055886243,3.1618,"5ee0dbc4b229c1091c2fa9b5","EC_0036.jpeg"
"5960",3.160342262,10.3068,"5ee0dbc4b229c1091c2fa9b5","EC_0071.jpg"
"5961",8.043196098,3.8058,"5ee0dbc4b229c1091c2fa9b5","EC_0207.jpg"
"5962",8.045593585,3.1582,"5ee0dbc4b229c1091c2fa9b5","EC_0066.jpg"
"5963",6.050636574,2.6304,"5ee0dbc4b229c1091c2fa9b5","EC_0148.jpg"
"5964",5.933531746,7.9257,"5ee0dbc4b229c1091c2fa9b5","EC_0237.jpg"
"5965",9.959738757,3.9136,"5ee0dbc4b229c1091c2fa9b5","EC_0072.jpg"
"5966",9.826843585,2.3252,"5ee0dbc4b229c1091c2fa9b5","EC_0074.jpg"
"5967",5.971684854,2.5055,"5ee0dbc4b229c1091c2fa9b5","EC_0214.jpg"
"5968",7.817294974,2.7368,"5ee0dbc4b229c1091c2fa9b5","EC_0160.jpg"
"5969",5.074156746,2.9045,"5ee0dbc4b229c1091c2fa9b5","EC_0131.jpg"
"5970",6.954365079,3.0703,"5ee0dbc4b229c1091c2fa9b5","EC_0136.jpg"
"5971",3.979456019,3.1525,"5ee0dbc4b229c1091c2fa9b5","EC_0090.jpg"
"5972",4.023313492,3.4026,"5ee0dbc4b229c1091c2fa9b5","EC_0042.jpg"
"5973",7.032200728,3.4061,"5ee0dbc4b229c1091c2fa9b5","EC_0159.jpg"
"5974",8.040095899,2.8454,"5ee0dbc4b229c1091c2fa9b5","EC_0105.jpg"
"5975",5.028025794,2.671,"5ee0dbc4b229c1091c2fa9b5","EC_0232.jpg"
"5976",5.002728175,3.1634,"5ee0dbc4b229c1091c2fa9b5","EC_0244.jpg"
"5977",9.992063492,3.7568,"5ee0dbc4b229c1091c2fa9b5","EC_0075.jpg"
"5978",6.955315807,3.2808,"5ee0dbc4b229c1091c2fa9b5","EC_0050.jpg"
"5979",8.00483631,2.5101,"5ee0dbc4b229c1091c2fa9b5","EC_0103.jpg"
"5980",5.016369048,2.5698,"5ee0dbc4b229c1091c2fa9b5","EC_0187.jpeg"
"5981",8.010871362,2.7596,"5ee0dbc4b229c1091c2fa9b5","EC_0117.jpg"
"5982",7.062417328,3.044,"5ee0dbc4b229c1091c2fa9b5","EC_0141.jpg"
"5983",8.001736111,2.4713,"5ee0dbc4b229c1091c2fa9b5","EC_0132.jpg"
"5984",6.062334656,2.6238,"5ee0dbc4b229c1091c2fa9b5","EC_0019.jpg"
"5985",0.861607143,2.8767,"5ee0dbc4b229c1091c2fa9b5","EC_0125.jpeg"
"5986",1.99619709,2.8181,"5ee0dbc4b229c1091c2fa9b5","EC_0089.jpg"
"5987",7.046296296,2.4027,"5ee0dbc4b229c1091c2fa9b5","EC_0020.jpg"
"5988",9.198371362,2.5714,"5ee0dbc4b229c1091c2fa9b5","EC_0008.jpg"
"5989",9.801173942,3.3823,"5ee0dbc4b229c1091c2fa9b5","EC_0034.jpg"
"5990",6.90943287,2.7551,"5ee0dbc4b229c1091c2fa9b5","EC_0240.jpg"
"5991",7.035383598,2.1622,"5ee0dbc4b229c1091c2fa9b5","EC_0197.jpg"
"5992",6.063037368,3.2289,"5ee0dbc4b229c1091c2fa9b5","EC_0102.jpg"
"5993",7.014343585,2.3244,"5ee0dbc4b229c1091c2fa9b5","EC_0180.jpg"
"5994",0.034350198,2.912,"5ee0dbc4b229c1091c2fa9b5","EC_0051.jpg"
"5995",4.978257275,2.6371,"5ee0dbc4b229c1091c2fa9b5","EC_0113.jpg"
"5996",6.089203042,2.2881,"5ee0dbc4b229c1091c2fa9b5","EC_0210.jpg"
"5997",6.020419974,2.9515,"5ee0dbc4b229c1091c2fa9b5","EC_0065.jpg"
"5998",7.125909392,2.1712,"5ee0dbc4b229c1091c2fa9b5","EC_0116.jpg"
"5999",7.941385582,2.2795,"5ee0dbc4b229c1091c2fa9b5","EC_0156.jpg"
"6000",9.979042659,3.8719,"5ee0dbc4b229c1091c2fa9b5","EC_0041.jpg"
"6001",7.866402116,2.7284,"5ee0dbc4b229c1091c2fa9b5","EC_0173.jpg"
"6002",9.860325728,2.5136,"5ee0dbc4b229c1091c2fa9b5","EC_0037.jpg"
"6003",8.882936508,2.645,"5ee0dbc4b229c1091c2fa9b5","EC_0174.jpg"
"6004",5.122478505,2.7445,"5ee0dbc4b229c1091c2fa9b5","EC_0009.jpg"
"6005",7.06312004,2.3794,"5ee0dbc4b229c1091c2fa9b5","EC_0076.jpg"
"6006",5.057043651,4.3041,"5ee0dbc4b229c1091c2fa9b5","EC_0202.jpg"
"6007",6.819403108,2.8854,"5ee0dbc4b229c1091c2fa9b5","EC_0248.jpg"
"6008",5.44047619,4.6724,"5ee0dbc4b229c1091c2fa9b5","EC_0199.jpg"
"6009",0.538938492,2.9895,"5ee0dbc4b229c1091c2fa9b5","EC_0184.jpg"
"6010",5.016782407,3.4043,"5ee0dbc4b229c1091c2fa9b5","EC_0095.jpg"
"6011",0.521288029,2.9873,"5ee0dbc4b229c1091c2fa9b5","EC_0222.jpg"
"6012",8.935722553,3.0708,"5ee0dbc4b229c1091c2fa9b5","EC_0098.jpg"
"6013",6.976810516,2.5783,"5ee0dbc4b229c1091c2fa9b5","EC_0015.jpg"
"6014",5.497891865,3.3582,"5ee0dbc4b229c1091c2fa9b5","EC_0053.jpg"
"6015",9.510375331,3.4455,"5ee0dbc4b229c1091c2fa9b5","EC_0039.jpg"
"6016",9.627438823,2.8713,"5ee0dbc4b229c1091c2fa9b5","EC_0081.jpg"
"6017",6.417493386,4.6701,"5ee0dbc4b229c1091c2fa9b5","EC_0209.jpg"
"6018",7.01901455,4.1778,"5ee0dbc4b229c1091c2fa9b5","EC_0018.jpg"
"6019",9.890583664,2.5785,"5ee0dbc4b229c1091c2fa9b5","EC_0167.jpg"
"6020",2.239955357,4.5245,"5ee0dbc4b229c1091c2fa9b5","EC_0033.jpeg"
"6021",9.878472222,2.5499,"5ee0dbc4b229c1091c2fa9b5","EC_0057.jpeg"
"6022",4.911499669,4.9226,"5ee0dbc4b229c1091c2fa9b5","EC_0047.jpg"
"6023",7.591063161,2.6645,"5ee0dbc4b229c1091c2fa9b5","EC_0094.jpg"
"6024",8.040219907,2.6989,"5ee0dbc4b229c1091c2fa9b5","EC_0106.jpg"
"6025",5.014302249,3.2362,"5ee0dbc4b229c1091c2fa9b5","EC_0164.jpg"
"6026",5.032614087,2.9246,"5ee0dbc4b229c1091c2fa9b5","EC_0046.jpg"
"6027",4.00020668,3.2114,"5ee0dbc4b229c1091c2fa9b5","EC_0097.jpg"
"6028",9.935350529,2.8554,"5ee0dbc4b229c1091c2fa9b5","EC_0029.jpg"
"6029",9.935350529,2.099,"5ee0dbc4b229c1091c2fa9b5","EC_0002.jpg"
"6030",6.043196098,2.9984,"5ee0dbc4b229c1091c2fa9b5","EC_0213.jpg"
"6031",5.56270668,3.1962,"5ee0dbc4b229c1091c2fa9b5","EC_0079.jpg"
"6032",9.503844246,2.996,"5ee0dbc4b229c1091c2fa9b5","EC_0028.jpg"
"6033",9.936797288,2.3064,"5ee0dbc4b229c1091c2fa9b5","EC_0104.jpg"
"6034",8.054232804,3.5872,"5ee0dbc4b229c1091c2fa9b5","EC_0133.jpg"
"6035",3.438657407,4.0991,"5ee0dbc4b229c1091c2fa9b5","EC_0161.jpg"
"6036",1.337094907,3.8052,"5ee0dbc4b229c1091c2fa9b5","EC_0223.jpg"
"6037",8.528687169,3.4382,"5ee0dbc4b229c1091c2fa9b5","EC_0229.jpg"
"6038",5.009424603,2.8134,"5ee0dbc4b229c1091c2fa9b5","EC_0054.jpg"
"6039",5.442170966,3.4053,"5ee0dbc4b229c1091c2fa9b5","EC_0083.jpg"
"6040",8.337053571,2.4896,"5ee0dbc4b229c1091c2fa9b5","EC_0182.jpg"
"6041",6.01120205,2.942,"5ee0dbc4b229c1091c2fa9b5","EC_0219.jpg"
"6042",2.477554563,3.8377,"5ee0dbc4b229c1091c2fa9b5","EC_0142.jpg"
"6043",1.620866402,3.106,"5ee0dbc4b229c1091c2fa9b5","EC_0198.jpg"
"6044",3.031994048,2.5716,"5ee0dbc4b229c1091c2fa9b5","EC_0234.jpg"
"6045",0.028149802,2.656,"5ee0dbc4b229c1091c2fa9b5","EC_0149.jpg"
"6046",5.035590278,2.4866,"5ee0dbc4b229c1091c2fa9b5","EC_0151.jpg"
"6047",8.979910714,3.3727,"5ee0dbc4b229c1091c2fa9b5","EC_0124.jpeg"
"6048",5.014384921,3.6453,"5ee0dbc4b229c1091c2fa9b5","EC_0064.jpg"
"6049",8.035424934,2.6797,"5ee0dbc4b229c1091c2fa9b5","EC_0108.jpg"
"6050",5.010747354,2.521,"5ee0dbc4b229c1091c2fa9b5","EC_0027.jpg"
"6051",3.991856812,2.2701,"5ee0dbc4b229c1091c2fa9b5","EC_0048.jpg"
"6052",6.427910053,2.3377,"5ee0dbc4b229c1091c2fa9b5","EC_0221.jpg"
"6053",7.026579034,2.6901,"5ee0dbc4b229c1091c2fa9b5","EC_0101.jpg"
"6054",1.942666997,3.0206,"5ee0dbc4b229c1091c2fa9b5","EC_0206.png"
"6055",6.216807209,3.4378,"5ee0dbc4b229c1091c2fa9b5","EC_0092.jpg"
"6056",3.525628307,3.1969,"5ee0dbc4b229c1091c2fa9b5","EC_0152.jpg"
"6057",8.412409061,3.1039,"5ee0dbc4b229c1091c2fa9b5","EC_0030.jpg"
"6058",4.995411706,2.6618,"5ee0dbc4b229c1091c2fa9b5","EC_0121.jpg"
"6059",5.459986772,2.2226,"5ee0dbc4b229c1091c2fa9b5","EC_0063.jpg"
"6060",5.009259259,4.3307,"5ee0dbc4b229c1091c2fa9b5","EC_0088.jpg"
"6061",7.007027116,4.0876,"5ee0dbc4b229c1091c2fa9b5","EC_0080.jpg"
"6062",7.572420635,3.671,"5ee0dbc4b229c1091c2fa9b5","EC_0070.jpg"
"6063",4.945767196,3.8711,"5ee0dbc4b229c1091c2fa9b5","EC_0128.jpeg"
"6064",9.635499339,2.6941,"5ee0dbc4b229c1091c2fa9b5","EC_0188.jpg"
"6065",7.97275959,2.7956,"5ee0dbc4b229c1091c2fa9b5","EC_0135.jpg"
"6066",4.982886905,2.8459,"5ee0dbc4b229c1091c2fa9b5","EC_0211.jpg"
"6067",7.022114749,2.8115,"5ee0dbc4b229c1091c2fa9b5","EC_0185.jpg"
"6068",9.553034061,3.5494,"5ee0dbc4b229c1091c2fa9b5","EC_0170.jpg"
"6069",7.951884921,3.3793,"5ee0dbc4b229c1091c2fa9b5","EC_0016.jpg"
"6070",8.969907407,2.526,"5ee0dbc4b229c1091c2fa9b5","EC_0007.jpg"
"6071",9.320064484,3.8832,"5ee0dbc4b229c1091c2fa9b5","EC_0100.jpg"
"6072",6.508721892,3.8645,"5ee0dbc4b229c1091c2fa9b5","EC_0068.jpg"
"6073",4.967799272,2.4126,"5ee0dbc4b229c1091c2fa9b5","EC_0059.jpg"
"6074",4.973090278,2.5624,"5ee0dbc4b229c1091c2fa9b5","EC_0201.jpg"
"6075",5.012111442,2.5728,"5ee0dbc4b229c1091c2fa9b5","EC_0006.jpg"
"6076",5.012111442,2.4129,"5ee0dbc4b229c1091c2fa9b5","EC_0087.jpg"
"6077",4.004712302,3.3715,"5ee0dbc4b229c1091c2fa9b5","EC_0147.png"
"6078",1.985408399,3.13,"5ee0dbc4b229c1091c2fa9b5","EC_0227.jpg"
"6079",5.531332672,3.2219,"5ee0dbc4b229c1091c2fa9b5","EC_0086.jpg"
"6080",9.000372024,3.2889,"5ee0dbc4b229c1091c2fa9b5","EC_0082.jpg"
"6081",9.040095899,3.1052,"5ee0dbc4b229c1091c2fa9b5","EC_0168.jpeg"
"6082",5.410796958,3.8193,"5ee0dbc4b229c1091c2fa9b5","EC_0165.jpg"
"6083",6.02046131,3.4408,"5ee0dbc4b229c1091c2fa9b5","EC_0243.jpg"
"6084",4.947668651,2.5034,"5ee0dbc4b229c1091c2fa9b5","EC_0162.jpg"
"6085",6.971271495,2.3826,"5ee0dbc4b229c1091c2fa9b5","EC_0203.jpg"
"6086",7.94068287,4.0009,"5ee0dbc4b229c1091c2fa9b5","EC_0123.jpeg"
"6087",6.010209987,3.1977,"5ee0dbc4b229c1091c2fa9b5","EC_0055.jpg"
"6088",6.010209987,2.3511,"5ee0dbc4b229c1091c2fa9b5","EC_0040.jpg"
"6089",4.989541997,3.7727,"5ee0dbc4b229c1091c2fa9b5","EC_0084.jpg"
"6090",7.962921627,2.5221,"5ee0dbc4b229c1091c2fa9b5","EC_0157.jpg"
"6091",7.037037037,3.6265,"5ee5e3b02eebe932ee9559c5","EC_0200.png"
"6092",4.962962822,4.5497,"5ee5e3b02eebe932ee9559c5","EC_0024.jpg"
"6093",6.999999859,5.375,"5ee5e3b02eebe932ee9559c5","EC_0239.jpg"
"6094",8.027777495,2.9474,"5ee5e3b02eebe932ee9559c5","EC_0205.jpg"
"6095",8.000000848,4.1314,"5ee5e3b02eebe932ee9559c5","EC_0098.jpg"
"6096",6.064814815,3.2549,"5ee5e3b02eebe932ee9559c5","EC_0158.jpg"
"6097",7.972222787,5.6716,"5ee5e3b02eebe932ee9559c5","EC_0070.jpg"
"6098",1.842592734,18.3314,"5ee5e3b02eebe932ee9559c5","EC_0227.jpg"
"6099",4.879630053,2.9772,"5ee5e3b02eebe932ee9559c5","EC_0113.jpg"
"6100",8.962963246,8.8843,"5ee5e3b02eebe932ee9559c5","EC_0188.jpg"
"6101",8.046297144,3.2559,"5ee5e3b02eebe932ee9559c5","EC_0168.jpeg"
"6102",8.027777495,2.7224,"5ee5e3b02eebe932ee9559c5","EC_0087.jpg"
"6103",7.055555979,5.7895,"5ee5e3b02eebe932ee9559c5","EC_0140.jpg"
"6104",6.018518519,5.4047,"5ee5e3b02eebe932ee9559c5","EC_0184.jpg"
"6105",7.046296155,6.8247,"5ee5e3b02eebe932ee9559c5","EC_0134.jpg"
"6106",8.018519084,4.6475,"5ee5e3b02eebe932ee9559c5","EC_0207.jpg"
"6107",7.027777919,3.8562,"5ee5e3b02eebe932ee9559c5","EC_0063.jpg"
"6108",7.962962963,6.451,"5ee5e3b02eebe932ee9559c5","EC_0082.jpg"
"6109",3.925926067,6.2319,"5ee5e3b02eebe932ee9559c5","EC_0223.jpg"
"6110",5.018518942,2.5004,"5ee5e3b02eebe932ee9559c5","EC_0243.jpg"
"6111",5,4.766,"5ee5e3b02eebe932ee9559c5","EC_0089.jpg"
"6112",5.018518942,8.1156,"5ee5e3b02eebe932ee9559c5","EC_0162.jpg"
"6113",7.981481199,3.4725,"5ee5e3b02eebe932ee9559c5","EC_0083.jpg"
"6114",6.027777636,4.2887,"5ee5e3b02eebe932ee9559c5","EC_0221.jpg"
"6115",4.972222646,3.6384,"5ee5e3b02eebe932ee9559c5","EC_0226.jpg"
"6116",6.037037461,4.6169,"5ee5e3b02eebe932ee9559c5","EC_0147.png"
"6117",3.962963246,4.7715,"5ee5e3b02eebe932ee9559c5","EC_0171.jpg"
"6118",7.972222787,3.279,"5ee5e3b02eebe932ee9559c5","EC_0163.jpg"
"6119",7.990741023,2.925,"5ee5e3b02eebe932ee9559c5","EC_0229.jpg"
"6120",7.981481199,6.1554,"5ee5e3b02eebe932ee9559c5","EC_0061.jpg"
"6121",5.972222222,2.9569,"5ee5e3b02eebe932ee9559c5","EC_0182.jpg"
"6122",7.962962963,4.0816,"5ee5e3b02eebe932ee9559c5","EC_0031.jpg"
"6123",7.972222787,3.0604,"5ee5e3b02eebe932ee9559c5","EC_0135.jpg"
"6124",7.916666667,2.4229,"5ee5e3b02eebe932ee9559c5","EC_0003.jpg"
"6125",8.953703421,4.5126,"5ee5e3b02eebe932ee9559c5","EC_0177.jpg"
"6126",8.907407125,6.811,"5ee5e3b02eebe932ee9559c5","EC_0204.jpg"
"6127",9.074074074,2.7555,"5ee5e3b02eebe932ee9559c5","EC_0117.jpg"
"6128",8.94444501,2.4556,"5ee5e3b02eebe932ee9559c5","EC_0058.jpg"
"6129",6.074073933,3.8733,"5ee5e3b02eebe932ee9559c5","EC_0115.jpg"
"6130",5,3.5379,"5ee5e3b02eebe932ee9559c5","EC_0085.jpg"
"6131",5.972222222,2.9985,"5ee5e3b02eebe932ee9559c5","EC_0027.jpg"
"6132",8.000000848,7.7377,"5ee5e3b02eebe932ee9559c5","EC_0096.jpg"
"6133",5.018518942,5.522,"5ee5e3b02eebe932ee9559c5","EC_0036.jpeg"
"6134",8.027777495,3.8147,"5ee5e3b02eebe932ee9559c5","EC_0006.jpg"
"6135",7.953703845,2.7076,"5ee5e3b02eebe932ee9559c5","EC_0057.jpeg"
"6136",8.009259259,2.7893,"5ee5e3b02eebe932ee9559c5","EC_0029.jpg"
"6137",8.009259259,2.5224,"5ee5e3b02eebe932ee9559c5","EC_0199.jpg"
"6138",8.000000848,4.8935,"5ee5e3b02eebe932ee9559c5","EC_0233.jpg"
"6139",5.953703986,4.5861,"5ee5e3b02eebe932ee9559c5","EC_0099.jpg"
"6140",5.02777806,3.6916,"5ee5e3b02eebe932ee9559c5","EC_0151.jpg"
"6141",6.037037461,2.813,"5ee5e3b02eebe932ee9559c5","EC_0010.jpg"
"6142",7.907407549,3.3408,"5ee5e3b02eebe932ee9559c5","EC_0185.jpg"
"6143",7.879629488,2.8089,"5ee5e3b02eebe932ee9559c5","EC_0079.jpg"
"6144",8.027777495,3.6077,"5ee5e3b02eebe932ee9559c5","EC_0084.jpg"
"6145",5.925925926,3.9883,"5ee5e3b02eebe932ee9559c5","EC_0097.jpg"
"6146",5.037037178,2.6085,"5ee5e3b02eebe932ee9559c5","EC_0161.jpg"
"6147",5.925925926,2.7915,"5ee5e3b02eebe932ee9559c5","EC_0246.jpg"
"6148",7.055555979,2.4889,"5ee5e3b02eebe932ee9559c5","EC_0172.jpg"
"6149",6.981481623,5.686,"5ee5e3b02eebe932ee9559c5","EC_0203.jpg"
"6150",6.972222505,3.6326,"5ee5e3b02eebe932ee9559c5","EC_0159.jpg"
"6151",4.953703704,3.1907,"5ee5e3b02eebe932ee9559c5","EC_0032.jpg"
"6152",8.990741306,3.9558,"5ee5e3b02eebe932ee9559c5","EC_0008.jpg"
"6153",7.009259683,3.5606,"5ee5e3b02eebe932ee9559c5","EC_0054.jpg"
"6154",6.972222505,5.2061,"5ee5e3b02eebe932ee9559c5","EC_0068.jpg"
"6155",7.962962963,2.5307,"5ee5e3b02eebe932ee9559c5","EC_0092.jpg"
"6156",4.027777778,3.7643,"5ee5e3b02eebe932ee9559c5","EC_0148.jpg"
"6157",3.925926067,5.8724,"5ee5e3b02eebe932ee9559c5","EC_0131.jpg"
"6158",1.990740741,3.5921,"5ee5e3b02eebe932ee9559c5","EC_0195.jpg"
"6159",6.990740741,3.8141,"5ee5e3b02eebe932ee9559c5","EC_0236.jpg"
"6160",7.953703845,2.9752,"5ee5e3b02eebe932ee9559c5","EC_0080.jpg"
"6161",5.009259118,3.3151,"5ee5e3b02eebe932ee9559c5","EC_0020.jpg"
"6162",3.870370653,3.5886,"5ee5e3b02eebe932ee9559c5","EC_0206.png"
"6163",5.02777806,2.8295,"5ee5e3b02eebe932ee9559c5","EC_0213.jpg"
"6164",5.02777806,3.3153,"5ee5e3b02eebe932ee9559c5","EC_0241.jpg"
"6165",5.98148134,2.7451,"5ee5e3b02eebe932ee9559c5","EC_0181.jpg"
"6166",7.074074215,2.9452,"5ee5e3b02eebe932ee9559c5","EC_0055.jpg"
"6167",4.953703704,2.779,"5ee5e3b02eebe932ee9559c5","EC_0153.jpg"
"6168",8.009259259,3.6795,"5ee5e3b02eebe932ee9559c5","EC_0062.jpg"
"6169",6.018518519,3.5324,"5ee5e3b02eebe932ee9559c5","EC_0237.jpg"
"6170",5.037037178,4.1579,"5ee5e3b02eebe932ee9559c5","EC_0111.jpg"
"6171",5.962963104,4.9711,"5ee5e3b02eebe932ee9559c5","EC_0056.jpg"
"6172",8.018519084,3.8085,"5ee5e3b02eebe932ee9559c5","EC_0074.jpg"
"6173",6.009259401,3.4243,"5ee5e3b02eebe932ee9559c5","EC_0100.jpg"
"6174",2.925925785,4.1419,"5ee5e3b02eebe932ee9559c5","EC_0231.jpg"
"6175",4.990740882,3.407,"5ee5e3b02eebe932ee9559c5","EC_0106.jpg"
"6176",4.990740882,3.0405,"5ee5e3b02eebe932ee9559c5","EC_0069.jpg"
"6177",6.999999859,3.9233,"5ee5e3b02eebe932ee9559c5","EC_0049.jpg"
"6178",2.962962963,3.2301,"5ee5e3b02eebe932ee9559c5","EC_0005.jpg"
"6179",7.944444727,3.3737,"5ee5e3b02eebe932ee9559c5","EC_0030.jpg"
"6180",5.962963104,3.2962,"5ee5e3b02eebe932ee9559c5","EC_0133.jpg"
"6181",4.944444586,3.8377,"5ee5e3b02eebe932ee9559c5","EC_0075.jpg"
"6182",4.962962822,3.3416,"5ee5e3b02eebe932ee9559c5","EC_0125.jpeg"
"6183",4.962962822,2.2913,"5ee5e3b02eebe932ee9559c5","EC_0139.png"
"6184",8.083333616,2.5395,"5ee5e3b02eebe932ee9559c5","EC_0081.jpg"
"6185",5.037037178,3.2716,"5ee5e3b02eebe932ee9559c5","EC_0001.jpg"
"6186",5.990741165,3.5803,"5ee5e3b02eebe932ee9559c5","EC_0244.jpg"
"6187",6.907407266,2.5066,"5ee5e3b02eebe932ee9559c5","EC_0136.jpg"
"6188",5.046296296,3.0727,"5ee5e3b02eebe932ee9559c5","EC_0121.jpg"
"6189",5.037037178,2.3297,"5ee5e3b02eebe932ee9559c5","EC_0119.jpg"
"6190",3.009259259,9.416,"5ee5e3b02eebe932ee9559c5","EC_0152.jpg"
"6191",6.018518519,4.6261,"5ee5e3b02eebe932ee9559c5","EC_0009.jpg"
"6192",1.962963034,4.056,"5ee5e3b02eebe932ee9559c5","EC_0033.jpeg"
"6193",6.018518519,2.6965,"5ee5e3b02eebe932ee9559c5","EC_0187.jpeg"
"6194",6.000000283,3.8391,"5ee5e3b02eebe932ee9559c5","EC_0149.jpg"
"6195",8.935185185,3.0576,"5ee5e3b02eebe932ee9559c5","EC_0041.jpg"
"6196",6.962963387,4.7258,"5ee5e3b02eebe932ee9559c5","EC_0088.jpg"
"6197",7.962962963,2.9962,"5ee5e3b02eebe932ee9559c5","EC_0170.jpg"
"6198",7.962962963,3.7055,"5ee5e3b02eebe932ee9559c5","EC_0047.jpg"
"6199",9.037037602,3.2418,"5ee5e3b02eebe932ee9559c5","EC_0053.jpg"
"6200",7.092592451,4.8108,"5ee5e3b02eebe932ee9559c5","EC_0018.jpg"
"6201",6.935185326,5.038,"5ee5e3b02eebe932ee9559c5","EC_0169.png"
"6202",6.972222505,5.5549,"5ee5e3b02eebe932ee9559c5","EC_0046.jpg"
"6203",6.027777636,4.4617,"5ee5e3b02eebe932ee9559c5","EC_0180.jpg"
"6204",7.953703845,3.139,"5ee5e3b02eebe932ee9559c5","EC_0048.jpg"
"6205",7.962962963,4.1342,"5ee5e3b02eebe932ee9559c5","EC_0245.jpg"
"6206",8.990741306,3.142,"5ee5e3b02eebe932ee9559c5","EC_0165.jpg"
"6207",8.97222307,2.7056,"5ee5e3b02eebe932ee9559c5","EC_0234.jpg"
"6208",7.027777919,4.5433,"5ee5e3b02eebe932ee9559c5","EC_0105.jpg"
"6209",8.101851852,2.5897,"5ee5e3b02eebe932ee9559c5","EC_0160.jpg"
"6210",4.92592635,2.3638,"5ee5e3b02eebe932ee9559c5","EC_0154.jpg"
"6211",8.564814815,6.83,"5ee5e3b02eebe932ee9559c5","EC_0034.jpg"
"6212",5,4.7214,"5ee5e3b02eebe932ee9559c5","EC_0090.jpg"
"6213",6.972222505,4.1647,"5ee5e3b02eebe932ee9559c5","EC_0132.jpg"
"6214",4.907407407,2.8145,"5ee5e3b02eebe932ee9559c5","EC_0039.jpg"
"6215",4.935185468,2.5715,"5ee5e3b02eebe932ee9559c5","EC_0124.jpeg"
"6216",7.027777919,4.7215,"5ee5e3b02eebe932ee9559c5","EC_0103.jpg"
"6217",8.999999717,6.2375,"5ee5e3b02eebe932ee9559c5","EC_0174.jpg"
"6218",7.064815097,4.4439,"5ee5e3b02eebe932ee9559c5","EC_0224.jpg"
"6219",4.888889171,2.4913,"5ee5e3b02eebe932ee9559c5","EC_0176.jpg"
"6220",5.935185044,3.1396,"5ee5e3b02eebe932ee9559c5","EC_0156.jpg"
"6221",8.981481481,5.2289,"5ee5e3b02eebe932ee9559c5","EC_0071.jpg"
"6222",3.981481481,6.9972,"5ee5e3b02eebe932ee9559c5","EC_0196.jpg"
"6223",7.944444727,3.3634,"5ee5e3b02eebe932ee9559c5","EC_0247.jpg"
"6224",9.009259542,2.9283,"5ee5e3b02eebe932ee9559c5","EC_0059.jpg"
"6225",8.000000848,5.073,"5ee5e3b02eebe932ee9559c5","EC_0242.jpg"
"6226",5.925925926,4.1323,"5ee5e3b02eebe932ee9559c5","EC_0102.jpg"
"6227",5.101851711,2.563,"5ee5e3b02eebe932ee9559c5","EC_0129.jpeg"
"6228",6.999999859,4.6243,"5ee5e3b02eebe932ee9559c5","EC_0150.jpg"
"6229",5.009259118,4.58,"5ee5e3b02eebe932ee9559c5","EC_0064.jpg"
"6230",6.046296579,3.0944,"5ee5e3b02eebe932ee9559c5","EC_0017.jpg"
"6231",7.990741023,3.3267,"5ee5e3b02eebe932ee9559c5","EC_0077.jpg"
"6232",6.981481623,6.2223,"5ee5e3b02eebe932ee9559c5","EC_0193.png"
"6233",5.98148134,7.5275,"5ee5e3b02eebe932ee9559c5","EC_0076.jpg"
"6234",8.000000848,2.9051,"5ee5e3b02eebe932ee9559c5","EC_0240.jpg"
"6235",6.990740741,4.4981,"5ee5e3b02eebe932ee9559c5","EC_0248.jpg"
"6236",4.981481764,3.2162,"5ee5e3b02eebe932ee9559c5","EC_0042.jpg"
"6237",6.953703562,5.3388,"5ee5e3b02eebe932ee9559c5","EC_0060.jpg"
"6238",7.981481199,3.9062,"5ee5e3b02eebe932ee9559c5","EC_0016.jpg"
"6239",7.018518801,3.3884,"5ee5e3b02eebe932ee9559c5","EC_0211.jpg"
"6240",6.981481623,4.0821,"5ee5e3b02eebe932ee9559c5","EC_0044.jpg"
"6241",5,2.692,"5ee5e3b02eebe932ee9559c5","EC_0228.jpg"
"6242",5.037037178,2.6224,"5ee5e3b02eebe932ee9559c5","EC_0109.jpg"
"6243",7.953703845,3.2489,"5ee5e3b02eebe932ee9559c5","EC_0141.jpg"
"6244",8.101851852,4.2835,"5ee5e3b02eebe932ee9559c5","EC_0118.jpg"
"6245",8.018519084,3.0747,"5ee5e3b02eebe932ee9559c5","EC_0013.jpg"
"6246",6.055555697,2.708,"5ee5e3b02eebe932ee9559c5","EC_0219.jpg"
"6247",8.009259259,3.9056,"5ee5e3b02eebe932ee9559c5","EC_0167.jpg"
"6248",3.990740599,3.2479,"5ee5e3b02eebe932ee9559c5","EC_0002.jpg"
"6249",3.953704128,2.8296,"5ee5e3b02eebe932ee9559c5","EC_0232.jpg"
"6250",7.009259683,3.1132,"5ee5e3b02eebe932ee9559c5","EC_0197.jpg"
"6251",7.416666525,5.5804,"5ee5e3b02eebe932ee9559c5","EC_0014.jpg"
"6252",7.027777919,2.6598,"5ee5e3b02eebe932ee9559c5","EC_0007.jpg"
"6253",8.074073792,2.7921,"5ee5e3b02eebe932ee9559c5","EC_0037.jpg"
"6254",6.037037461,4.7383,"5ee5e3b02eebe932ee9559c5","EC_0249.jpg"
"6255",6.981481623,3.0166,"5ee5e3b02eebe932ee9559c5","EC_0050.jpg"
"6256",7.935185609,4.3998,"5ee5e3b02eebe932ee9559c5","EC_0250.jpg"
"6257",7.046296155,4.5499,"5ee5e3b02eebe932ee9559c5","EC_0038.jpg"
"6258",6.055555697,2.7987,"5ee5e3b02eebe932ee9559c5","EC_0022.jpg"
"6259",5.990741165,4.2666,"5ee5e3b02eebe932ee9559c5","EC_0011.jpg"
"6260",7.907407549,7.5639,"5ee5e3b02eebe932ee9559c5","EC_0093.jpg"
"6261",4.898148289,2.6516,"5ee5e3b02eebe932ee9559c5","EC_0222.jpg"
"6262",5.962963104,4.1632,"5ee5e3b02eebe932ee9559c5","EC_0015.jpg"
"6263",4.916666525,2.7584,"5ee5e3b02eebe932ee9559c5","EC_0173.jpg"
"6264",8.009259259,4.5623,"5ee5e3b02eebe932ee9559c5","EC_0116.jpg"
"6265",6.962963387,2.6753,"5ee5e3b02eebe932ee9559c5","EC_0086.jpg"
"6266",8.000000848,2.6902,"5ee5e3b02eebe932ee9559c5","EC_0101.jpg"
"6267",7.953703845,2.8155,"5ee5e3b02eebe932ee9559c5","EC_0166.jpg"
"6268",8.94444501,5.0233,"5ee5e3b02eebe932ee9559c5","EC_0040.jpg"
"6269",8.018519084,3.3744,"5ee5e3b02eebe932ee9559c5","EC_0073.jpg"
"6270",7.027777919,5.5227,"5ee5e3b02eebe932ee9559c5","EC_0164.jpg"
"6271",6.037037461,3.8063,"5ee5e3b02eebe932ee9559c5","EC_0120.jpg"
"6272",5.962963104,2.8584,"5ee5e3b02eebe932ee9559c5","EC_0108.jpg"
"6273",4.981481764,3.022,"5ee5e3b02eebe932ee9559c5","EC_0183.jpg"
"6274",5.842592451,4.2231,"5ee5e3b02eebe932ee9559c5","EC_0095.jpg"
"6275",7.018518801,4.8229,"5ee5e3b02eebe932ee9559c5","EC_0012.jpg"
"6276",5.990741165,2.858,"5ee5e3b02eebe932ee9559c5","EC_0066.jpg"
"6277",6.916667091,4.1147,"5ee5e3b02eebe932ee9559c5","EC_0238.jpg"
"6278",6.898148148,2.6228,"5ee5e3b02eebe932ee9559c5","EC_0104.jpg"
"6279",6.962963387,3.3749,"5ee5e3b02eebe932ee9559c5","EC_0235.jpg"
"6280",7.962962963,3.2927,"5ee5e3b02eebe932ee9559c5","EC_0202.jpg"
"6281",7.962962963,2.4133,"5ee5e3b02eebe932ee9559c5","EC_0209.jpg"
"6282",5.98148134,5.1881,"5ee5e3b02eebe932ee9559c5","EC_0094.jpg"
"6283",7.064815097,4.4383,"5ee5e3b02eebe932ee9559c5","EC_0201.jpg"
"6284",4.962962822,2.6709,"5ee5e3b02eebe932ee9559c5","EC_0214.jpg"
"6285",6.990740741,4.9982,"5ee5e3b02eebe932ee9559c5","EC_0072.jpg"
"6286",4.972222646,3.2716,"5ee5e3b02eebe932ee9559c5","EC_0019.jpg"
"6287",6.925926208,3.424,"5ee5e3b02eebe932ee9559c5","EC_0065.jpg"
"6288",7.944444727,3.872,"5ee5e3b02eebe932ee9559c5","EC_0051.jpg"
"6289",6.953703562,3.3808,"5ee5e3b02eebe932ee9559c5","EC_0138.png"
"6290",7.990741023,2.593,"5ee5e3b02eebe932ee9559c5","EC_0137.jpg"
"6291",7.953703845,3.5916,"5ee5e3b02eebe932ee9559c5","EC_0142.jpg"
"6292",6.898148148,3.7735,"5ee5e3b02eebe932ee9559c5","EC_0194.jpg"
"6293",7.944444727,3.3383,"5ee5e3b02eebe932ee9559c5","EC_0198.jpg"
"6294",6.990740741,3.1885,"5ee5e3b02eebe932ee9559c5","EC_0123.jpeg"
"6295",6.000000283,3.8389,"5ee5e3b02eebe932ee9559c5","EC_0128.jpeg"
"6296",5.092592593,2.9549,"5ee5e3b02eebe932ee9559c5","EC_0028.jpg"
"6297",6.000000283,3.4566,"5ee5e3b02eebe932ee9559c5","EC_0230.jpg"
"6298",7.944444727,3.1085,"5ee5e3b02eebe932ee9559c5","EC_0157.jpg"
"6299",8.990741306,2.4721,"5ee5e3b02eebe932ee9559c5","EC_0210.jpg"
"6300",6.000000283,4.0748,"5ee5e3b02eebe932ee9559c5","EC_0067.jpg"
"6301",9.518229167,2.9972,"5f16f559325a640008bb9a07","EC_0211.jpg"
"6302",7.799479167,4.3367,"5f16f559325a640008bb9a07","EC_0181.jpg"
"6303",7.8125,2.8047,"5f16f559325a640008bb9a07","EC_0197.jpg"
"6304",5.078125,2.7544,"5f16f559325a640008bb9a07","EC_0049.jpg"
"6305",6.588541667,2.4708,"5f16f559325a640008bb9a07","EC_0053.jpg"
"6306",6.380208333,2.4715,"5f16f559325a640008bb9a07","EC_0151.jpg"
"6307",1.9921875,2.7425,"5f16f559325a640008bb9a07","EC_0072.jpg"
"6308",6.067708333,3.0727,"5f16f559325a640008bb9a07","EC_0207.jpg"
"6309",3.020833333,2.7054,"5f16f559325a640008bb9a07","EC_0142.jpg"
"6310",3.671875,2.5151,"5f16f559325a640008bb9a07","EC_0238.jpg"
"6311",5.052083333,2.8572,"5f16f559325a640008bb9a07","EC_0199.jpg"
"6312",6.341145833,2.4992,"5f16f559325a640008bb9a07","EC_0173.jpg"
"6313",7.447916667,3.2563,"5f16f559325a640008bb9a07","EC_0009.jpg"
"6314",1.158854167,3.7227,"5f16f559325a640008bb9a07","EC_0042.jpg"
"6315",5.104166667,2.8067,"5f16f559325a640008bb9a07","EC_0201.jpg"
"6316",6.666666667,2.278,"5f16f559325a640008bb9a07","EC_0233.jpg"
"6317",2.513020833,3.0165,"5f16f559325a640008bb9a07","EC_0227.jpg"
"6318",4.453125,2.4346,"5f16f559325a640008bb9a07","EC_0129.jpeg"
"6319",0.755208333,3.5541,"5f16f559325a640008bb9a07","EC_0205.jpg"
"6320",4.075520833,2.1417,"5f16f559325a640008bb9a07","EC_0032.jpg"
"6321",5.169270833,2.2362,"5f16f559325a640008bb9a07","EC_0031.jpg"
"6322",5.950520833,2.2649,"5f16f559325a640008bb9a07","EC_0080.jpg"
"6323",2.408854167,2.7257,"5f16f559325a640008bb9a07","EC_0213.jpg"
"6324",3.932291667,2.1657,"5f16f559325a640008bb9a07","EC_0156.jpg"
"6325",4.973958333,2.368,"5f16f559325a640008bb9a07","EC_0047.jpg"
"6326",7.044270833,4.1288,"5f16f559325a640008bb9a07","EC_0196.jpg"
"6327",4.557291667,2.6356,"5f16f559325a640008bb9a07","EC_0113.jpg"
"6328",6.028645833,2.2545,"5f16f559325a640008bb9a07","EC_0164.jpg"
"6329",6.692708333,2.2262,"5f16f559325a640008bb9a07","EC_0231.jpg"
"6330",6.197916667,2.0036,"5f16f559325a640008bb9a07","EC_0132.jpg"
"6331",5.091145833,2.4553,"5f16f559325a640008bb9a07","EC_0219.jpg"
"6332",6.575520833,2.1555,"5f16f559325a640008bb9a07","EC_0188.jpg"
"6333",3.216145833,2.3491,"5f16f559325a640008bb9a07","EC_0148.jpg"
"6334",3.020833333,2.5076,"5f16f559325a640008bb9a07","EC_0246.jpg"
"6335",4.479166667,1.9508,"5f16f559325a640008bb9a07","EC_0203.jpg"
"6336",5.572916667,1.8704,"5f16f559325a640008bb9a07","EC_0159.jpg"
"6337",6.458333333,1.8226,"5f16f559325a640008bb9a07","EC_0103.jpg"
"6338",3.2421875,2.8544,"5f16f559325a640008bb9a07","EC_0037.jpg"
"6339",5.15625,2.3534,"5f16f559325a640008bb9a07","EC_0180.jpg"
"6340",4.205729167,2.2619,"5f16f559325a640008bb9a07","EC_0082.jpg"
"6341",5.052083333,2.0042,"5f16f559325a640008bb9a07","EC_0119.jpg"
"6342",6.197916667,2.0625,"5f16f559325a640008bb9a07","EC_0214.jpg"
"6343",3.541666667,2.2957,"5f16f559325a640008bb9a07","EC_0002.jpg"
"6344",1.783854167,2.6518,"5f16f559325a640008bb9a07","EC_0058.jpg"
"6345",4.7265625,2.4955,"5f16f559325a640008bb9a07","EC_0245.jpg"
"6346",2.786458333,2.9981,"5f16f559325a640008bb9a07","EC_0228.jpg"
"6347",4.322916667,2.065,"5f16f559325a640008bb9a07","EC_0128.jpeg"
"6348",4.322916667,2.8155,"5f16f559325a640008bb9a07","EC_0017.jpg"
"6349",2.734375,2.5153,"5f16f559325a640008bb9a07","EC_0161.jpg"
"6350",2.291666667,3.3661,"5f16f559325a640008bb9a07","EC_0013.jpg"
"6351",5.729166667,2.6712,"5f16f559325a640008bb9a07","EC_0224.jpg"
"6352",6.315104167,2.2381,"5f16f559325a640008bb9a07","EC_0071.jpg"
"6353",6.471354167,2.2379,"5f16f559325a640008bb9a07","EC_0133.jpg"
"6354",4.075520833,2.545,"5f16f559325a640008bb9a07","EC_0039.jpg"
"6355",6.588541667,2.2322,"5f16f559325a640008bb9a07","EC_0135.jpg"
"6356",4.609375,2.4708,"5f16f559325a640008bb9a07","EC_0056.jpg"
"6357",6.4453125,2.9537,"5f16f559325a640008bb9a07","EC_0093.jpg"
"6358",6.380208333,1.9158,"5f16f559325a640008bb9a07","EC_0029.jpg"
"6359",6.119791667,2.0956,"5f16f559325a640008bb9a07","EC_0068.jpg"
"6360",6.6796875,1.9738,"5f16f559325a640008bb9a07","EC_0202.jpg"
"6361",2.513020833,4.7232,"5f16f559325a640008bb9a07","EC_0019.jpg"
"6362",3.372395833,2.945,"5f16f559325a640008bb9a07","EC_0239.jpg"
"6363",4.739583333,2.2904,"5f16f559325a640008bb9a07","EC_0038.jpg"
"6364",5.651041667,2.3488,"5f16f559325a640008bb9a07","EC_0003.jpg"
"6365",1.2109375,3.5064,"5f16f559325a640008bb9a07","EC_0033.jpeg"
"6366",5.546875,1.9494,"5f16f559325a640008bb9a07","EC_0061.jpg"
"6367",6.171875,2.2447,"5f16f559325a640008bb9a07","EC_0125.jpeg"
"6368",6.7578125,2.0372,"5f16f559325a640008bb9a07","EC_0249.jpg"
"6369",4.973958333,2.3826,"5f16f559325a640008bb9a07","EC_0097.jpg"
"6370",6.041666667,1.7866,"5f16f559325a640008bb9a07","EC_0177.jpg"
"6371",5.15625,1.7201,"5f16f559325a640008bb9a07","EC_0229.jpg"
"6372",7.1484375,1.6532,"5f16f559325a640008bb9a07","EC_0174.jpg"
"6373",6.614583333,1.7217,"5f16f559325a640008bb9a07","EC_0157.jpg"
"6374",5.5078125,1.5554,"5f16f559325a640008bb9a07","EC_0162.jpg"
"6375",6.9921875,1.5777,"5f16f559325a640008bb9a07","EC_0237.jpg"
"6376",4.088541667,1.521,"5f16f559325a640008bb9a07","EC_0154.jpg"
"6377",5.455729167,1.5501,"5f16f559325a640008bb9a07","EC_0170.jpg"
"6378",6.979166667,1.5659,"5f16f559325a640008bb9a07","EC_0153.jpg"
"6379",5.611979167,1.5868,"5f16f559325a640008bb9a07","EC_0149.jpg"
"6380",7.369791667,2.8373,"5f16f559325a640008bb9a07","EC_0064.jpg"
"6381",6.861979167,1.6131,"5f16f559325a640008bb9a07","EC_0015.jpg"
"6382",3.0859375,3.1719,"5f16f559325a640008bb9a07","EC_0105.jpg"
"6383",4.505208333,1.9033,"5f16f559325a640008bb9a07","EC_0206.png"
"6384",6.028645833,1.87,"5f16f559325a640008bb9a07","EC_0123.jpeg"
"6385",6.927083333,1.8988,"5f16f559325a640008bb9a07","EC_0169.png"
"6386",7.513020833,2.2915,"5f16f559325a640008bb9a07","EC_0070.jpg"
"6387",6.458333333,1.8403,"5f16f559325a640008bb9a07","EC_0018.jpg"
"6388",6.770833333,1.8417,"5f16f559325a640008bb9a07","EC_0152.jpg"
"6389",2.955729167,2.8626,"5f16f559325a640008bb9a07","EC_0124.jpeg"
"6390",5.703125,1.9157,"5f16f559325a640008bb9a07","EC_0116.jpg"
"6391",6.627604167,1.8599,"5f16f559325a640008bb9a07","EC_0171.jpg"
"6392",7.291666667,1.8758,"5f16f559325a640008bb9a07","EC_0096.jpg"
"6393",4.5703125,3.8363,"5f16f559325a640008bb9a07","EC_0089.jpg"
"6394",6.575520833,1.8327,"5f16f559325a640008bb9a07","EC_0062.jpg"
"6395",7.213541667,2.1418,"5f16f559325a640008bb9a07","EC_0088.jpg"
"6396",5.807291667,2.0158,"5f16f559325a640008bb9a07","EC_0050.jpg"
"6397",6.002604167,2.0245,"5f16f559325a640008bb9a07","EC_0187.jpeg"
"6398",1.3671875,3.2925,"5f16f559325a640008bb9a07","EC_0184.jpg"
"6399",2.265625,3.3707,"5f16f559325a640008bb9a07","EC_0048.jpg"
"6400",5.208333333,2.0424,"5f16f559325a640008bb9a07","EC_0141.jpg"
"6401",5.455729167,2.7934,"5f16f559325a640008bb9a07","EC_0241.jpg"
"6402",3.567708333,2.3628,"5f16f559325a640008bb9a07","EC_0106.jpg"
"6403",4.140625,2.0869,"5f16f559325a640008bb9a07","EC_0022.jpg"
"6404",4.986979167,1.9832,"5f16f559325a640008bb9a07","EC_0059.jpg"
"6405",5.6640625,1.8944,"5f16f559325a640008bb9a07","EC_0046.jpg"
"6406",3.59375,2.2131,"5f16f559325a640008bb9a07","EC_0060.jpg"
"6407",4.0625,1.8821,"5f16f559325a640008bb9a07","EC_0090.jpg"
"6408",4.0625,5.2194,"5f16f559325a640008bb9a07","EC_0121.jpg"
"6409",8.0859375,2.7156,"5f16f559325a640008bb9a07","EC_0075.jpg"
"6410",2.747395833,2.8403,"5f16f559325a640008bb9a07","EC_0074.jpg"
"6411",5.768229167,3.9355,"5f16f559325a640008bb9a07","EC_0065.jpg"
"6412",7.4609375,2.9649,"5f16f559325a640008bb9a07","EC_0016.jpg"
"6413",2.825520833,2.4945,"5f16f559325a640008bb9a07","EC_0073.jpg"
"6414",7.760416667,2.3828,"5f16f559325a640008bb9a07","EC_0104.jpg"
"6415",6.588541667,4.6242,"5f16f559325a640008bb9a07","EC_0081.jpg"
"6416",7.721354167,2.3289,"5f16f559325a640008bb9a07","EC_0230.jpg"
"6417",7.916666667,2.0707,"5f16f559325a640008bb9a07","EC_0150.jpg"
"6418",6.653645833,2.2381,"5f16f559325a640008bb9a07","EC_0163.jpg"
"6419",7.161458333,2.0078,"5f16f559325a640008bb9a07","EC_0063.jpg"
"6420",6.653645833,2.3569,"5f16f559325a640008bb9a07","EC_0176.jpg"
"6421",7.161458333,2.8321,"5f16f559325a640008bb9a07","EC_0147.png"
"6422",6.953125,5.8889,"5f16f559325a640008bb9a07","EC_0194.jpg"
"6423",7.2265625,2.6203,"5f16f559325a640008bb9a07","EC_0014.jpg"
"6424",4.8046875,2.9986,"5f16f559325a640008bb9a07","EC_0111.jpg"
"6425",5.716145833,7.4045,"5f16f559325a640008bb9a07","EC_0007.jpg"
"6426",7.174479167,15.8328,"5f16f559325a640008bb9a07","EC_0236.jpg"
"6427",1.927083333,2.7149,"5f16f559325a640008bb9a07","EC_0057.jpeg"
"6428",6.25,2.3035,"5f16f559325a640008bb9a07","EC_0108.jpg"
"6429",7.903645833,3.4419,"5f16f559325a640008bb9a07","EC_0136.jpg"
"6430",8.489583333,15.2244,"5f16f559325a640008bb9a07","EC_0001.jpg"
"6431",5.963541667,2.461,"5f16f559325a640008bb9a07","EC_0240.jpg"
"6432",6.731770833,2.3993,"5f16f559325a640008bb9a07","EC_0235.jpg"
"6433",7.174479167,2.1418,"5f16f559325a640008bb9a07","EC_0165.jpg"
"6434",4.6484375,14.7432,"5f16f559325a640008bb9a07","EC_0120.jpg"
"6435",7.8125,14.6987,"5f16f559325a640008bb9a07","EC_0139.png"
"6436",7.434895833,21.7448,"5f16f559325a640008bb9a07","EC_0166.jpg"
"6437",7.578125,2.3256,"5f16f559325a640008bb9a07","EC_0030.jpg"
"6438",7.526041667,2.6488,"5f16f559325a640008bb9a07","EC_0077.jpg"
"6439",5.052083333,2.6319,"5f16f559325a640008bb9a07","EC_0044.jpg"
"6440",8.0078125,2.1818,"5f16f559325a640008bb9a07","EC_0086.jpg"
"6441",7.65625,1.9534,"5f16f559325a640008bb9a07","EC_0079.jpg"
"6442",7.369791667,2.0681,"5f16f559325a640008bb9a07","EC_0250.jpg"
"6443",7.916666667,2.1655,"5f16f559325a640008bb9a07","EC_0168.jpeg"
"6444",7.161458333,1.9208,"5f16f559325a640008bb9a07","EC_0012.jpg"
"6445",7.34375,2.1042,"5f16f559325a640008bb9a07","EC_0055.jpg"
"6446",6.328125,2.8817,"5f16f559325a640008bb9a07","EC_0134.jpg"
"6447",6.901041667,1.7159,"5f16f559325a640008bb9a07","EC_0200.png"
"6448",5.963541667,2.0654,"5f16f559325a640008bb9a07","EC_0172.jpg"
"6449",7.174479167,2.2756,"5f16f559325a640008bb9a07","EC_0100.jpg"
"6450",7.734375,2.4988,"5f16f559325a640008bb9a07","EC_0185.jpg"
"6451",7.890625,2.3489,"5f16f559325a640008bb9a07","EC_0092.jpg"
"6452",7.083333333,2.0704,"5f16f559325a640008bb9a07","EC_0115.jpg"
"6453",6.809895833,2.0802,"5f16f559325a640008bb9a07","EC_0006.jpg"
"6454",5.963541667,2.2715,"5f16f559325a640008bb9a07","EC_0027.jpg"
"6455",6.9921875,2.0462,"5f16f559325a640008bb9a07","EC_0010.jpg"
"6456",5.755208333,2.6318,"5f16f559325a640008bb9a07","EC_0028.jpg"
"6457",7.109375,1.9094,"5f16f559325a640008bb9a07","EC_0011.jpg"
"6458",7.408854167,2.499,"5f16f559325a640008bb9a07","EC_0087.jpg"
"6459",7.903645833,1.916,"5f16f559325a640008bb9a07","EC_0140.jpg"
"6460",7.877604167,2.3634,"5f16f559325a640008bb9a07","EC_0247.jpg"
"6461",7.356770833,2.432,"5f16f559325a640008bb9a07","EC_0210.jpg"
"6462",8.0078125,2.1965,"5f16f559325a640008bb9a07","EC_0054.jpg"
"6463",7.578125,2.5657,"5f16f559325a640008bb9a07","EC_0094.jpg"
"6464",8.059895833,1.7661,"5f16f559325a640008bb9a07","EC_0158.jpg"
"6465",7.330729167,1.8328,"5f16f559325a640008bb9a07","EC_0198.jpg"
"6466",8.697916667,1.6778,"5f16f559325a640008bb9a07","EC_0098.jpg"
"6467",7.838541667,1.4704,"5f16f559325a640008bb9a07","EC_0040.jpg"
"6468",7.942708333,2.088,"5f16f559325a640008bb9a07","EC_0243.jpg"
"6469",7.3046875,1.6249,"5f16f559325a640008bb9a07","EC_0182.jpg"
"6470",6.861979167,1.9788,"5f16f559325a640008bb9a07","EC_0085.jpg"
"6471",8.0078125,1.7478,"5f16f559325a640008bb9a07","EC_0034.jpg"
"6472",7.682291667,1.8159,"5f16f559325a640008bb9a07","EC_0066.jpg"
"6473",7.096354167,1.8911,"5f16f559325a640008bb9a07","EC_0195.jpg"
"6474",1.901041667,3.0037,"5f16f559325a640008bb9a07","EC_0242.jpg"
"6475",7.369791667,2.6329,"5f16f559325a640008bb9a07","EC_0083.jpg"
"6476",7.7734375,2.0913,"5f16f559325a640008bb9a07","EC_0137.jpg"
"6477",7.083333333,2.1882,"5f16f559325a640008bb9a07","EC_0160.jpg"
"6478",8.046875,2.2381,"5f16f559325a640008bb9a07","EC_0024.jpg"
"6479",7.8125,1.8567,"5f16f559325a640008bb9a07","EC_0183.jpg"
"6480",7.526041667,2.9535,"5f16f559325a640008bb9a07","EC_0084.jpg"
"6481",7.3046875,1.9678,"5f16f559325a640008bb9a07","EC_0222.jpg"
"6482",7.4609375,2.1055,"5f16f559325a640008bb9a07","EC_0005.jpg"
"6483",7.083333333,2.1438,"5f16f559325a640008bb9a07","EC_0067.jpg"
"6484",7.369791667,1.8618,"5f16f559325a640008bb9a07","EC_0193.png"
"6485",7.0703125,2.0277,"5f16f559325a640008bb9a07","EC_0008.jpg"
"6486",8.0859375,1.7038,"5f16f559325a640008bb9a07","EC_0244.jpg"
"6487",7.6953125,1.6676,"5f16f559325a640008bb9a07","EC_0223.jpg"
"6488",6.940104167,1.9492,"5f16f559325a640008bb9a07","EC_0102.jpg"
"6489",7.65625,1.849,"5f16f559325a640008bb9a07","EC_0109.jpg"
"6490",7.473958333,1.8328,"5f16f559325a640008bb9a07","EC_0209.jpg"
"6491",1.5625,3.2774,"5f16f559325a640008bb9a07","EC_0204.jpg"
"6492",7.981770833,2.482,"5f16f559325a640008bb9a07","EC_0101.jpg"
"6493",1.848958333,2.661,"5f16f559325a640008bb9a07","EC_0226.jpg"
"6494",7.838541667,2.249,"5f16f559325a640008bb9a07","EC_0167.jpg"
"6495",7.630208333,3.1148,"5f16f559325a640008bb9a07","EC_0234.jpg"
"6496",1.354166667,3.8178,"5f16f559325a640008bb9a07","EC_0232.jpg"
"6497",7.981770833,2.2916,"5f16f559325a640008bb9a07","EC_0248.jpg"
"6498",1.848958333,4.5866,"5f16f559325a640008bb9a07","EC_0036.jpeg"
"6499",8.059895833,3.615,"5f16f559325a640008bb9a07","EC_0069.jpg"
"6500",7.890625,2.2653,"5f16f559325a640008bb9a07","EC_0138.png"
"6501",7.890625,4.3122,"5f16f559325a640008bb9a07","EC_0099.jpg"
"6502",2.057291667,3.0844,"5f16f559325a640008bb9a07","EC_0041.jpg"
"6503",2.135416667,2.3043,"5f16f559325a640008bb9a07","EC_0095.jpg"
"6504",2.005208333,2.6872,"5f16f559325a640008bb9a07","EC_0076.jpg"
"6505",2.473958333,2.3334,"5f16f559325a640008bb9a07","EC_0221.jpg"
"6506",2.916666667,2.3537,"5f16f559325a640008bb9a07","EC_0051.jpg"
"6507",7.317708333,2.4675,"5f16f559325a640008bb9a07","EC_0118.jpg"
"6508",7.825520833,2.2143,"5f16f559325a640008bb9a07","EC_0117.jpg"
"6509",8.0859375,2.3332,"5f16f559325a640008bb9a07","EC_0020.jpg"
"6510",5.625,2.6522,"5f16f559325a640008bb9a07","EC_0131.jpg"
"6511",4.935185185,2.427,"5f48ad1ab90d143747dadfe9","EC_0005.jpg"
"6512",7.981481481,2.644,"5f48ad1ab90d143747dadfe9","EC_0055.jpg"
"6513",8.907407407,2.308,"5f48ad1ab90d143747dadfe9","EC_0034.jpg"
"6514",4.037037037,2.56,"5f48ad1ab90d143747dadfe9","EC_0119.jpg"
"6515",2,3.811,"5f48ad1ab90d143747dadfe9","EC_0042.jpg"
"6516",5.907407407,2.38,"5f48ad1ab90d143747dadfe9","EC_0242.jpg"
"6517",5,2.183,"5f48ad1ab90d143747dadfe9","EC_0125.jpeg"
"6518",6.064814815,2.695,"5f48ad1ab90d143747dadfe9","EC_0195.jpg"
"6519",4.083333333,2.948,"5f48ad1ab90d143747dadfe9","EC_0006.jpg"
"6520",8.074074074,2.707,"5f48ad1ab90d143747dadfe9","EC_0010.jpg"
"6521",8.009259259,2.09,"5f48ad1ab90d143747dadfe9","EC_0009.jpg"
"6522",6.87037037,3.235,"5f48ad1ab90d143747dadfe9","EC_0097.jpg"
"6523",5.962962963,2.393,"5f48ad1ab90d143747dadfe9","EC_0213.jpg"
"6524",8.185185185,2.385,"5f48ad1ab90d143747dadfe9","EC_0106.jpg"
"6525",3.666666667,3.023,"5f48ad1ab90d143747dadfe9","EC_0245.jpg"
"6526",5.888888889,2.536,"5f48ad1ab90d143747dadfe9","EC_0028.jpg"
"6527",5.083333333,2.604,"5f48ad1ab90d143747dadfe9","EC_0148.jpg"
"6528",8.009259259,2.555,"5f48ad1ab90d143747dadfe9","EC_0029.jpg"
"6529",6.888888889,2.412,"5f48ad1ab90d143747dadfe9","EC_0050.jpg"
"6530",9.009259259,2.23,"5f48ad1ab90d143747dadfe9","EC_0136.jpg"
"6531",1.981481481,2.87,"5f48ad1ab90d143747dadfe9","EC_0102.jpg"
"6532",0.990740741,2.844,"5f48ad1ab90d143747dadfe9","EC_0161.jpg"
"6533",8.935185185,3.362,"5f48ad1ab90d143747dadfe9","EC_0134.jpg"
"6534",8.148148148,2.156,"5f48ad1ab90d143747dadfe9","EC_0101.jpg"
"6535",8.333333333,2.252,"5f48ad1ab90d143747dadfe9","EC_0020.jpg"
"6536",9.759259259,1.983,"5f48ad1ab90d143747dadfe9","EC_0040.jpg"
"6537",9.685185185,3.13,"5f48ad1ab90d143747dadfe9","EC_0205.jpg"
"6538",6.842592593,2.552,"5f48ad1ab90d143747dadfe9","EC_0129.jpeg"
"6539",8.777777778,2.453,"5f48ad1ab90d143747dadfe9","EC_0013.jpg"
"6540",8,2.901,"5f48ad1ab90d143747dadfe9","EC_0054.jpg"
"6541",2.814814815,2.971,"5f48ad1ab90d143747dadfe9","EC_0104.jpg"
"6542",2.574074074,2.061,"5f48ad1ab90d143747dadfe9","EC_0019.jpg"
"6543",4,1.902,"5f48ad1ab90d143747dadfe9","EC_0162.jpg"
"6544",9.87962963,3.283,"5f48ad1ab90d143747dadfe9","EC_0223.jpg"
"6545",8.925925926,2.317,"5f48ad1ab90d143747dadfe9","EC_0211.jpg"
"6546",0.962962963,3.732,"5f48ad1ab90d143747dadfe9","EC_0201.jpg"
"6547",1.944444444,2.791,"5f48ad1ab90d143747dadfe9","EC_0154.jpg"
"6548",1.185185185,2.47,"5f48ad1ab90d143747dadfe9","EC_0165.jpg"
"6549",9.018518519,2.646,"5f48ad1ab90d143747dadfe9","EC_0063.jpg"
"6550",8.046296296,2.356,"5f48ad1ab90d143747dadfe9","EC_0182.jpg"
"6551",3.981481481,4.023,"5f48ad1ab90d143747dadfe9","EC_0184.jpg"
"6552",6.990740741,2.889,"5f48ad1ab90d143747dadfe9","EC_0036.jpeg"
"6553",8.037037037,2.336,"5f48ad1ab90d143747dadfe9","EC_0015.jpg"
"6554",6.907407407,2.185,"5f48ad1ab90d143747dadfe9","EC_0105.jpg"
"6555",8.972222222,2.092,"5f48ad1ab90d143747dadfe9","EC_0135.jpg"
"6556",9.768518519,2.456,"5f48ad1ab90d143747dadfe9","EC_0067.jpg"
"6557",9.092592593,1.991,"5f48ad1ab90d143747dadfe9","EC_0246.jpg"
"6558",7.944444444,2.448,"5f48ad1ab90d143747dadfe9","EC_0171.jpg"
"6559",5.027777778,2.661,"5f48ad1ab90d143747dadfe9","EC_0003.jpg"
"6560",7.435185185,1.935,"5f48ad1ab90d143747dadfe9","EC_0030.jpg"
"6561",7.115971516,2.529,"5f48ad1ab90d143747dadfe9","EC_0227.jpg"
"6562",9.86266531,2.762,"5f48ad1ab90d143747dadfe9","EC_0140.jpg"
"6563",1.866734486,3.209,"5f48ad1ab90d143747dadfe9","EC_0065.jpg"
"6564",8.102746694,2.695,"5f48ad1ab90d143747dadfe9","EC_0053.jpg"
"6565",0.24923703,4.062,"5f48ad1ab90d143747dadfe9","EC_0176.jpg"
"6566",9.079348932,2.436,"5f48ad1ab90d143747dadfe9","EC_0133.jpg"
"6567",9.048830112,2.299,"5f48ad1ab90d143747dadfe9","EC_0075.jpg"
"6568",7.054933876,2.68,"5f48ad1ab90d143747dadfe9","EC_0142.jpg"
"6569",0.14750763,3.275,"5f48ad1ab90d143747dadfe9","EC_0199.jpg"
"6570",7.044760936,2.735,"5f48ad1ab90d143747dadfe9","EC_0232.jpg"
"6571",6.007121058,2.307,"5f48ad1ab90d143747dadfe9","EC_0115.jpg"
"6572",7.095625636,2.197,"5f48ad1ab90d143747dadfe9","EC_0100.jpg"
"6573",9.242115972,3.158,"5f48ad1ab90d143747dadfe9","EC_0047.jpg"
"6574",6.078331638,3.356,"5f48ad1ab90d143747dadfe9","EC_0099.jpg"
"6575",9.75076297,3.32,"5f48ad1ab90d143747dadfe9","EC_0081.jpg"
"6576",1.724313327,3.887,"5f48ad1ab90d143747dadfe9","EC_0124.jpeg"
"6577",8.977619532,2.628,"5f48ad1ab90d143747dadfe9","EC_0039.jpg"
"6578",7.939979654,2.644,"5f48ad1ab90d143747dadfe9","EC_0038.jpg"
"6579",9.435401831,2.073,"5f48ad1ab90d143747dadfe9","EC_0181.jpg"
"6580",9.394710071,2.02,"5f48ad1ab90d143747dadfe9","EC_0072.jpg"
"6581",9.374364191,2.125,"5f48ad1ab90d143747dadfe9","EC_0051.jpg"
"6582",8.733468973,1.4,"5f48ad1ab90d143747dadfe9","EC_0168.jpeg"
"6583",5.946083418,3.494,"5f48ad1ab90d143747dadfe9","EC_0048.jpg"
"6584",7.807731434,2.903,"5f48ad1ab90d143747dadfe9","EC_0012.jpg"
"6585",2.853509664,3.023,"5f48ad1ab90d143747dadfe9","EC_0027.jpg"
"6586",8.143438454,3.297,"5f48ad1ab90d143747dadfe9","EC_0249.jpg"
"6587",7.095625636,2.263,"5f48ad1ab90d143747dadfe9","EC_0177.jpg"
"6588",4.96948118,2.591,"5f48ad1ab90d143747dadfe9","EC_0150.jpg"
"6589",7.461851475,2.476,"5f48ad1ab90d143747dadfe9","EC_0243.jpg"
"6590",9.333672431,2.554,"5f48ad1ab90d143747dadfe9","EC_0149.jpg"
"6591",9.78128179,2.371,"5f48ad1ab90d143747dadfe9","EC_0060.jpg"
"6592",8.957273652,2.455,"5f48ad1ab90d143747dadfe9","EC_0174.jpg"
"6593",5.04069176,2.562,"5f48ad1ab90d143747dadfe9","EC_0082.jpg"
"6594",7.034587996,2.922,"5f48ad1ab90d143747dadfe9","EC_0200.png"
"6595",6.119023398,2.371,"5f48ad1ab90d143747dadfe9","EC_0172.jpg"
"6596",4.95930824,3.431,"5f48ad1ab90d143747dadfe9","EC_0046.jpg"
"6597",7.970498474,4.103,"5f48ad1ab90d143747dadfe9","EC_0209.jpg"
"6598",6.892166836,2.795,"5f48ad1ab90d143747dadfe9","EC_0086.jpg"
"6599",8.184130214,2.228,"5f48ad1ab90d143747dadfe9","EC_0202.jpg"
"6600",3.026449644,4.895,"5f48ad1ab90d143747dadfe9","EC_0083.jpg"
"6601",1.805696846,2.858,"5f48ad1ab90d143747dadfe9","EC_0198.jpg"
"6602",6.414038657,2.924,"5f48ad1ab90d143747dadfe9","EC_0118.jpg"
"6603",8.662258393,2.487,"5f48ad1ab90d143747dadfe9","EC_0230.jpg"
"6604",7.919633774,2.139,"5f48ad1ab90d143747dadfe9","EC_0068.jpg"
"6605",6.037639878,2.172,"5f48ad1ab90d143747dadfe9","EC_0007.jpg"
"6606",2.039674466,3.295,"5f48ad1ab90d143747dadfe9","EC_0113.jpg"
"6607",3.850457782,2.72,"5f48ad1ab90d143747dadfe9","EC_0121.jpg"
"6608",6.393692777,2.528,"5f48ad1ab90d143747dadfe9","EC_0151.jpg"
"6609",4.86775178,3.358,"5f48ad1ab90d143747dadfe9","EC_0203.jpg"
"6610",8.519837233,2.371,"5f48ad1ab90d143747dadfe9","EC_0152.jpg"
"6611",6.495422177,2.706,"5f48ad1ab90d143747dadfe9","EC_0128.jpeg"
"6612",9.425228891,2.697,"5f48ad1ab90d143747dadfe9","EC_0074.jpg"
"6613",8.448626653,2.26,"5f48ad1ab90d143747dadfe9","EC_0096.jpg"
"6614",2.884028484,2.845,"5f48ad1ab90d143747dadfe9","EC_0153.jpg"
"6615",9.689725331,2.457,"5f48ad1ab90d143747dadfe9","EC_0085.jpg"
"6616",8.499491353,2.786,"5f48ad1ab90d143747dadfe9","EC_0185.jpg"
"6617",7.319430315,2.083,"5f48ad1ab90d143747dadfe9","EC_0103.jpg"
"6618",3.229908444,2.573,"5f48ad1ab90d143747dadfe9","EC_0173.jpg"
"6619",8.204476094,2.595,"5f48ad1ab90d143747dadfe9","EC_0240.jpg"
"6620",9.323499491,2.524,"5f48ad1ab90d143747dadfe9","EC_0066.jpg"
"6621",4.420142421,2.599,"5f48ad1ab90d143747dadfe9","EC_0120.jpg"
"6622",8.153611394,2.382,"5f48ad1ab90d143747dadfe9","EC_0084.jpg"
"6623",7.410986775,2.36,"5f48ad1ab90d143747dadfe9","EC_0109.jpg"
"6624",9.221770092,2.278,"5f48ad1ab90d143747dadfe9","EC_0061.jpg"
"6625",3.148524924,2.416,"5f48ad1ab90d143747dadfe9","EC_0214.jpg"
"6626",5.824008138,1.905,"5f48ad1ab90d143747dadfe9","EC_0239.jpg"
"6627",5.13224822,1.681,"5f48ad1ab90d143747dadfe9","EC_0093.jpg"
"6628",5.03051882,1.587,"5f48ad1ab90d143747dadfe9","EC_0221.jpg"
"6629",7.899287894,1.682,"5f48ad1ab90d143747dadfe9","EC_0092.jpg"
"6630",2.263479145,1.412,"5f48ad1ab90d143747dadfe9","EC_0193.png"
"6631",4.135300102,1.537,"5f48ad1ab90d143747dadfe9","EC_0062.jpg"
"6632",8.062054934,1.71,"5f48ad1ab90d143747dadfe9","EC_0037.jpg"
"6633",6.780264496,1.593,"5f48ad1ab90d143747dadfe9","EC_0228.jpg"
"6634",2.914547304,1.632,"5f48ad1ab90d143747dadfe9","EC_0160.jpg"
"6635",7.146490336,1.522,"5f48ad1ab90d143747dadfe9","EC_0250.jpg"
"6636",5.712105799,2.299,"5f48ad1ab90d143747dadfe9","EC_0248.jpg"
"6637",6.729399797,2.012,"5f48ad1ab90d143747dadfe9","EC_0090.jpg"
"6638",7.838250254,3.421,"5f48ad1ab90d143747dadfe9","EC_0088.jpg"
"6639",9.354018311,2.329,"5f48ad1ab90d143747dadfe9","EC_0117.jpg"
"6640",6.159715158,2.081,"5f48ad1ab90d143747dadfe9","EC_0098.jpg"
"6641",4.735503561,1.747,"5f48ad1ab90d143747dadfe9","EC_0056.jpg"
"6642",1.002034588,3.235,"5f48ad1ab90d143747dadfe9","EC_0206.png"
"6643",3.301119023,2.423,"5f48ad1ab90d143747dadfe9","EC_0237.jpg"
"6644",4.96948118,2.27,"5f48ad1ab90d143747dadfe9","EC_0180.jpg"
"6645",6.922685656,2.798,"5f48ad1ab90d143747dadfe9","EC_0187.jpeg"
"6646",6.017293998,2.254,"5f48ad1ab90d143747dadfe9","EC_0132.jpg"
"6647",3.687690743,2.53,"5f48ad1ab90d143747dadfe9","EC_0070.jpg"
"6648",5.14242116,2.109,"5f48ad1ab90d143747dadfe9","EC_0137.jpg"
"6649",8.031536114,2.306,"5f48ad1ab90d143747dadfe9","EC_0224.jpg"
"6650",6.017293998,2.411,"5f48ad1ab90d143747dadfe9","EC_0226.jpg"
"6651",9.557477111,2.769,"5f48ad1ab90d143747dadfe9","EC_0111.jpg"
"6652",8.997965412,2.016,"5f48ad1ab90d143747dadfe9","EC_0210.jpg"
"6653",3.168870804,2.642,"5f48ad1ab90d143747dadfe9","EC_0170.jpg"
"6654",8.458799593,2.34,"5f48ad1ab90d143747dadfe9","EC_0244.jpg"
"6655",7.583926755,1.788,"5f48ad1ab90d143747dadfe9","EC_0234.jpg"
"6656",7.604272635,1.868,"5f48ad1ab90d143747dadfe9","EC_0031.jpg"
"6657",6.586978637,1.803,"5f48ad1ab90d143747dadfe9","EC_0233.jpg"
"6658",5.722278739,1.706,"5f48ad1ab90d143747dadfe9","EC_0139.png"
"6659",4.82706002,3.546,"5f48ad1ab90d143747dadfe9","EC_0236.jpg"
"6660",8.947100712,2.318,"5f48ad1ab90d143747dadfe9","EC_0163.jpg"
"6661",7.258392675,2.666,"5f48ad1ab90d143747dadfe9","EC_0001.jpg"
"6662",5.986775178,2.321,"5f48ad1ab90d143747dadfe9","EC_0059.jpg"
"6663",5,2.038,"5f48ad1ab90d143747dadfe9","EC_0108.jpg"
"6664",3.911495422,2.516,"5f48ad1ab90d143747dadfe9","EC_0167.jpg"
"6665",7.054933876,2.115,"5f48ad1ab90d143747dadfe9","EC_0194.jpg"
"6666",9.83214649,2.589,"5f48ad1ab90d143747dadfe9","EC_0229.jpg"
"6667",8.967446592,2.369,"5f48ad1ab90d143747dadfe9","EC_0087.jpg"
"6668",1.581892167,3.131,"5f48ad1ab90d143747dadfe9","EC_0032.jpg"
"6669",6.047812818,2.604,"5f48ad1ab90d143747dadfe9","EC_0156.jpg"
"6670",5.03051882,2.305,"5f48ad1ab90d143747dadfe9","EC_0064.jpg"
"6671",3.982706002,2.864,"5f48ad1ab90d143747dadfe9","EC_0044.jpg"
"6672",7.909460834,2.526,"5f48ad1ab90d143747dadfe9","EC_0094.jpg"
"6673",7.126144456,2.356,"5f48ad1ab90d143747dadfe9","EC_0022.jpg"
"6674",5.854526958,2.279,"5f48ad1ab90d143747dadfe9","EC_0222.jpg"
"6675",9.069175992,2.46,"5f48ad1ab90d143747dadfe9","EC_0219.jpg"
"6676",8.987792472,1.999,"5f48ad1ab90d143747dadfe9","EC_0014.jpg"
"6677",1.022380468,3.449,"5f48ad1ab90d143747dadfe9","EC_0197.jpg"
"6678",3.128179044,3.137,"5f48ad1ab90d143747dadfe9","EC_0116.jpg"
"6679",9.557477111,2.536,"5f48ad1ab90d143747dadfe9","EC_0159.jpg"
"6680",9.567650051,2.096,"5f48ad1ab90d143747dadfe9","EC_0016.jpg"
"6681",10,3.055,"5f48ad1ab90d143747dadfe9","EC_0131.jpg"
"6682",8.875890132,2.777,"5f48ad1ab90d143747dadfe9","EC_0069.jpg"
"6683",1.948118006,3.082,"5f48ad1ab90d143747dadfe9","EC_0238.jpg"
"6684",3.911495422,2.795,"5f48ad1ab90d143747dadfe9","EC_0196.jpg"
"6685",7.990844354,2.238,"5f48ad1ab90d143747dadfe9","EC_0057.jpeg"
"6686",6.943031536,2.164,"5f48ad1ab90d143747dadfe9","EC_0008.jpg"
"6687",7.044760936,2.088,"5f48ad1ab90d143747dadfe9","EC_0158.jpg"
"6688",8.804679552,2.491,"5f48ad1ab90d143747dadfe9","EC_0247.jpg"
"6689",9.94404883,2.108,"5f48ad1ab90d143747dadfe9","EC_0138.png"
"6690",9.160732452,2.117,"5f48ad1ab90d143747dadfe9","EC_0147.png"
"6691",7.004069176,2.087,"5f48ad1ab90d143747dadfe9","EC_0076.jpg"
"6692",5.895218718,2.32,"5f48ad1ab90d143747dadfe9","EC_0077.jpg"
"6693",6.800610376,2.372,"5f48ad1ab90d143747dadfe9","EC_0018.jpg"
"6694",8.743641913,2.28,"5f48ad1ab90d143747dadfe9","EC_0241.jpg"
"6695",9.94404883,2.672,"5f48ad1ab90d143747dadfe9","EC_0058.jpg"
"6696",7.960325534,3.642,"5f48ad1ab90d143747dadfe9","EC_0204.jpg"
"6697",9.008138352,2.083,"5f48ad1ab90d143747dadfe9","EC_0141.jpg"
"6698",4.003051882,3.371,"5f48ad1ab90d143747dadfe9","EC_0166.jpg"
"6699",6.963377416,2.088,"5f48ad1ab90d143747dadfe9","EC_0089.jpg"
"6700",8.814852492,3.003,"5f48ad1ab90d143747dadfe9","EC_0183.jpg"
"6701",9.89318413,2.627,"5f48ad1ab90d143747dadfe9","EC_0002.jpg"
"6702",5.06103764,2.754,"5f48ad1ab90d143747dadfe9","EC_0071.jpg"
"6703",7.970498474,3.354,"5f48ad1ab90d143747dadfe9","EC_0011.jpg"
"6704",9.140386572,2.717,"5f48ad1ab90d143747dadfe9","EC_0123.jpeg"
"6705",7.909460834,2.179,"5f48ad1ab90d143747dadfe9","EC_0235.jpg"
"6706",8.896236012,2.27,"5f48ad1ab90d143747dadfe9","EC_0188.jpg"
"6707",9.80162767,2.499,"5f48ad1ab90d143747dadfe9","EC_0157.jpg"
"6708",6.922685656,2.733,"5f48ad1ab90d143747dadfe9","EC_0164.jpg"
"6709",4.80671414,3.44,"5f48ad1ab90d143747dadfe9","EC_0095.jpg"
"6710",2.955239064,2.334,"5f48ad1ab90d143747dadfe9","EC_0073.jpg"
"6711",6.912512716,2.303,"5f48ad1ab90d143747dadfe9","EC_0080.jpg"
"6712",6.088504578,1.986,"5f48ad1ab90d143747dadfe9","EC_0231.jpg"
"6713",8.072227874,2.081,"5f48ad1ab90d143747dadfe9","EC_0033.jpeg"
"6714",3.697863683,1.948,"5f48ad1ab90d143747dadfe9","EC_0169.png"
"6715",6.353001017,1.415,"5f48ad1ab90d143747dadfe9","EC_0024.jpg"
"6716",4.460834181,1.366,"5f48ad1ab90d143747dadfe9","EC_0041.jpg"
"6717",9.547304171,1.094,"5f48ad1ab90d143747dadfe9","EC_0079.jpg"
"6718",8.692777213,1.405,"5f48ad1ab90d143747dadfe9","EC_0049.jpg"
"6719",6.770091556,1.287,"5f48ad1ab90d143747dadfe9","EC_0017.jpg"
"6720",9.92370295,2.045,"5f48ad1ab90d143747dadfe9","EC_0207.jpg"
"6721",8.050027617,3.2087,"5f49f3262a3d07563d14a7f1","EC_0031.jpg"
"6722",5.028671035,2.8271,"5f49f3262a3d07563d14a7f1","EC_0149.jpg"
"6723",3.036138408,2.5117,"5f49f3262a3d07563d14a7f1","EC_0012.jpg"
"6724",2.072429738,2.8109,"5f49f3262a3d07563d14a7f1","EC_0124.jpeg"
"6725",6.956088375,2.6712,"5f49f3262a3d07563d14a7f1","EC_0207.jpg"
"6726",5.015648264,2.753,"5f49f3262a3d07563d14a7f1","EC_0177.jpg"
"6727",8.050027617,2.5621,"5f49f3262a3d07563d14a7f1","EC_0180.jpg"
"6728",1.877083522,3.6683,"5f49f3262a3d07563d14a7f1","EC_0047.jpg"
"6729",3.999847078,2.7361,"5f49f3262a3d07563d14a7f1","EC_0147.png"
"6730",4.963555748,2.7346,"5f49f3262a3d07563d14a7f1","EC_0166.jpg"
"6731",5.940287189,2.3584,"5f49f3262a3d07563d14a7f1","EC_0014.jpg"
"6732",2.007314094,2.9664,"5f49f3262a3d07563d14a7f1","EC_0198.jpg"
"6733",7.125388691,3.6664,"5f49f3262a3d07563d14a7f1","EC_0105.jpg"
"6734",8.02398136,2.529,"5f49f3262a3d07563d14a7f1","EC_0248.jpg"
"6735",3.075207437,2.5999,"5f49f3262a3d07563d14a7f1","EC_0048.jpg"
"6736",3.882639277,4.0586,"5f49f3262a3d07563d14a7f1","EC_0230.jpg"
"6737",9.052805316,3.0828,"5f49f3262a3d07563d14a7f1","EC_0051.jpg"
"6738",7.97188956,2.9994,"5f49f3262a3d07563d14a7f1","EC_0080.jpg"
"6739",6.096564735,3.4425,"5f49f3262a3d07563d14a7f1","EC_0164.jpg"
"6740",7.997935817,4.0913,"5f49f3262a3d07563d14a7f1","EC_0096.jpg"
"6741",0.991513267,3.6778,"5f49f3262a3d07563d14a7f1","EC_0204.jpg"
"6742",6.917019346,2.7168,"5f49f3262a3d07563d14a7f1","EC_0131.jpg"
"6743",5.093786321,3.4162,"5f49f3262a3d07563d14a7f1","EC_0232.jpg"
"6744",7.893750787,2.6888,"5f49f3262a3d07563d14a7f1","EC_0032.jpg"
"6745",6.890973088,3.4495,"5f49f3262a3d07563d14a7f1","EC_0239.jpg"
"6746",7.880728016,2.8499,"5f49f3262a3d07563d14a7f1","EC_0066.jpg"
"6747",9.09187506,3.8603,"5f49f3262a3d07563d14a7f1","EC_0063.jpg"
"6748",1.994291323,4.234,"5f49f3262a3d07563d14a7f1","EC_0059.jpg"
"6749",4.051939594,2.8999,"5f49f3262a3d07563d14a7f1","EC_0236.jpg"
"6750",6.995157403,3.5198,"5f49f3262a3d07563d14a7f1","EC_0104.jpg"
"6751",5.992379705,4.2496,"5f49f3262a3d07563d14a7f1","EC_0151.jpg"
"6752",5.067740063,4.015,"5f49f3262a3d07563d14a7f1","EC_0038.jpg"
"6753",5.914240932,3.2488,"5f49f3262a3d07563d14a7f1","EC_0243.jpg"
"6754",2.971023122,3.6577,"5f49f3262a3d07563d14a7f1","EC_0148.jpg"
"6755",8.102120132,3.1791,"5f49f3262a3d07563d14a7f1","EC_0022.jpg"
"6756",7.112365205,2.4499,"5f49f3262a3d07563d14a7f1","EC_0193.png"
"6757",8.037004846,2.4829,"5f49f3262a3d07563d14a7f1","EC_0029.jpg"
"6758",6.109587506,2.7021,"5f49f3262a3d07563d14a7f1","EC_0250.jpg"
"6759",4.898440462,2.6297,"5f49f3262a3d07563d14a7f1","EC_0027.jpg"
"6760",8.010958588,2.5097,"5f49f3262a3d07563d14a7f1","EC_0050.jpg"
"6761",5.979356933,3.0886,"5f49f3262a3d07563d14a7f1","EC_0056.jpg"
"6762",7.997935817,3.0047,"5f49f3262a3d07563d14a7f1","EC_0020.jpg"
"6763",8.974667258,3.8327,"5f49f3262a3d07563d14a7f1","EC_0016.jpg"
"6764",8.128167105,3.3931,"5f49f3262a3d07563d14a7f1","EC_0060.jpg"
"6765",6.982134632,2.5177,"5f49f3262a3d07563d14a7f1","EC_0205.jpg"
"6766",4.989602006,2.994,"5f49f3262a3d07563d14a7f1","EC_0202.jpg"
"6767",2.957999636,3.1497,"5f49f3262a3d07563d14a7f1","EC_0019.jpg"
"6768",5.041693806,2.8163,"5f49f3262a3d07563d14a7f1","EC_0054.jpg"
"6769",7.099342434,2.7862,"5f49f3262a3d07563d14a7f1","EC_0158.jpg"
"6770",6.04447222,2.9614,"5f49f3262a3d07563d14a7f1","EC_0101.jpg"
"6771",0.991513267,3.2095,"5f49f3262a3d07563d14a7f1","EC_0194.jpg"
"6772",5.979356933,2.9998,"5f49f3262a3d07563d14a7f1","EC_0075.jpg"
"6773",7.997935817,3.1529,"5f49f3262a3d07563d14a7f1","EC_0090.jpg"
"6774",6.956088375,2.8999,"5f49f3262a3d07563d14a7f1","EC_0165.jpg"
"6775",9.143967575,2.6225,"5f49f3262a3d07563d14a7f1","EC_0083.jpg"
"6776",2.072429738,3.3581,"5f49f3262a3d07563d14a7f1","EC_0071.jpg"
"6777",8.974667258,2.7925,"5f49f3262a3d07563d14a7f1","EC_0087.jpg"
"6778",7.00818089,2.8408,"5f49f3262a3d07563d14a7f1","EC_0246.jpg"
"6779",6.018425962,3.6435,"5f49f3262a3d07563d14a7f1","EC_0074.jpg"
"6780",2.984045893,4.6746,"5f49f3262a3d07563d14a7f1","EC_0095.jpg"
"6781",8.010958588,3.0521,"5f49f3262a3d07563d14a7f1","EC_0068.jpg"
"6782",9.964422186,2.9281,"5f49f3262a3d07563d14a7f1","EC_0150.jpg"
"6783",6.005402476,2.9494,"5f49f3262a3d07563d14a7f1","EC_0017.jpg"
"6784",3.947754563,3.1436,"5f49f3262a3d07563d14a7f1","EC_0249.jpg"
"6785",6.930042117,3.832,"5f49f3262a3d07563d14a7f1","EC_0010.jpg"
"6786",9.052805316,2.9333,"5f49f3262a3d07563d14a7f1","EC_0138.png"
"6787",8.050027617,3.6746,"5f49f3262a3d07563d14a7f1","EC_0064.jpg"
"6788",5.888194674,3.8665,"5f49f3262a3d07563d14a7f1","EC_0037.jpg"
"6789",7.00818089,3.2401,"5f49f3262a3d07563d14a7f1","EC_0098.jpg"
"6790",5.067740063,3.3913,"5f49f3262a3d07563d14a7f1","EC_0134.jpg"
"6791",4.937509491,3.818,"5f49f3262a3d07563d14a7f1","EC_0185.jpg"
"6792",5.979356933,2.9937,"5f49f3262a3d07563d14a7f1","EC_0115.jpg"
"6793",7.867704529,3.5668,"5f49f3262a3d07563d14a7f1","EC_0108.jpg"
"6794",7.125388691,3.4995,"5f49f3262a3d07563d14a7f1","EC_0089.jpg"
"6795",5.093786321,3.7353,"5f49f3262a3d07563d14a7f1","EC_0125.jpeg"
"6796",3.934731792,2.4998,"5f49f3262a3d07563d14a7f1","EC_0140.jpg"
"6797",3.934731792,3.1327,"5f49f3262a3d07563d14a7f1","EC_0088.jpg"
"6798",5.862149132,3.1543,"5f49f3262a3d07563d14a7f1","EC_0024.jpg"
"6799",8.141189877,2.6767,"5f49f3262a3d07563d14a7f1","EC_0211.jpg"
"6800",6.812834315,2.5333,"5f49f3262a3d07563d14a7f1","EC_0100.jpg"
"6801",2.90590712,2.6164,"5f49f3262a3d07563d14a7f1","EC_0142.jpg"
"6802",7.997935817,3.6912,"5f49f3262a3d07563d14a7f1","EC_0007.jpg"
"6803",5.966333447,2.5492,"5f49f3262a3d07563d14a7f1","EC_0227.jpg"
"6804",5.927264418,3.2177,"5f49f3262a3d07563d14a7f1","EC_0061.jpg"
"6805",6.943064888,2.9666,"5f49f3262a3d07563d14a7f1","EC_0015.jpg"
"6806",8.961644487,3.8583,"5f49f3262a3d07563d14a7f1","EC_0084.jpg"
"6807",6.969111146,3.4673,"5f49f3262a3d07563d14a7f1","EC_0067.jpg"
"6808",9.964422186,4.1082,"5f49f3262a3d07563d14a7f1","EC_0136.jpg"
"6809",7.984912331,2.6257,"5f49f3262a3d07563d14a7f1","EC_0001.jpg"
"6810",5.992379705,3.8664,"5f49f3262a3d07563d14a7f1","EC_0153.jpg"
"6811",3.947754563,3.1581,"5f49f3262a3d07563d14a7f1","EC_0206.png"
"6812",2.971023122,3.052,"5f49f3262a3d07563d14a7f1","EC_0201.jpg"
"6813",5.810056617,4.2014,"5f49f3262a3d07563d14a7f1","EC_0006.jpg"
"6814",4.83332446,4.766,"5f49f3262a3d07563d14a7f1","EC_0154.jpg"
"6815",5.992379705,3.2666,"5f49f3262a3d07563d14a7f1","EC_0053.jpg"
"6816",7.945843302,3.4195,"5f49f3262a3d07563d14a7f1","EC_0003.jpg"
"6817",6.969111146,3.2875,"5f49f3262a3d07563d14a7f1","EC_0092.jpg"
"6818",8.115142904,3.104,"5f49f3262a3d07563d14a7f1","EC_0133.jpg"
"6819",6.057494991,2.8995,"5f49f3262a3d07563d14a7f1","EC_0049.jpg"
"6820",7.00818089,3.6948,"5f49f3262a3d07563d14a7f1","EC_0156.jpg"
"6821",9.951399415,2.9854,"5f49f3262a3d07563d14a7f1","EC_0210.jpg"
"6822",8.089097361,3.4322,"5f49f3262a3d07563d14a7f1","EC_0174.jpg"
"6823",7.984912331,2.5999,"5f49f3262a3d07563d14a7f1","EC_0221.jpg"
"6824",0.913374852,3.4631,"5f49f3262a3d07563d14a7f1","EC_0184.jpg"
"6825",2.033360352,3.0573,"5f49f3262a3d07563d14a7f1","EC_0226.jpg"
"6826",5.914240932,2.4499,"5f49f3262a3d07563d14a7f1","EC_0058.jpg"
"6827",5.197971351,2.6508,"5f49f3262a3d07563d14a7f1","EC_0235.jpg"
"6828",6.877949602,2.3789,"5f49f3262a3d07563d14a7f1","EC_0168.jpeg"
"6829",5.966333447,3.4019,"5f49f3262a3d07563d14a7f1","EC_0244.jpg"
"6830",3.947754563,3.5768,"5f49f3262a3d07563d14a7f1","EC_0231.jpg"
"6831",9.026759774,2.8995,"5f49f3262a3d07563d14a7f1","EC_0044.jpg"
"6832",7.00818089,2.6166,"5f49f3262a3d07563d14a7f1","EC_0141.jpg"
"6833",5.979356933,3.8081,"5f49f3262a3d07563d14a7f1","EC_0173.jpg"
"6834",0.040827726,3.4153,"5f49f3262a3d07563d14a7f1","EC_0162.jpg"
"6835",9.938375213,2.7008,"5f49f3262a3d07563d14a7f1","EC_0219.jpg"
"6836",8.010958588,2.8186,"5f49f3262a3d07563d14a7f1","EC_0159.jpg"
"6837",5.940287189,2.8499,"5f49f3262a3d07563d14a7f1","EC_0187.jpeg"
"6838",8.870482228,3.4499,"5f49f3262a3d07563d14a7f1","EC_0034.jpg"
"6839",7.034227147,4.2241,"5f49f3262a3d07563d14a7f1","EC_0062.jpg"
"6840",6.148656535,2.9832,"5f49f3262a3d07563d14a7f1","EC_0118.jpg"
"6841",5.132856065,2.638,"5f49f3262a3d07563d14a7f1","EC_0113.jpg"
"6842",5.992379705,2.5165,"5f49f3262a3d07563d14a7f1","EC_0011.jpg"
"6843",4.012869849,2.7657,"5f49f3262a3d07563d14a7f1","EC_0028.jpg"
"6844",6.005402476,3.3649,"5f49f3262a3d07563d14a7f1","EC_0077.jpg"
"6845",6.917019346,2.6665,"5f49f3262a3d07563d14a7f1","EC_0135.jpg"
"6846",8.010958588,2.5664,"5f49f3262a3d07563d14a7f1","EC_0160.jpg"
"6847",9.977444957,2.9986,"5f49f3262a3d07563d14a7f1","EC_0132.jpg"
"6848",6.109587506,2.6212,"5f49f3262a3d07563d14a7f1","EC_0170.jpg"
"6849",3.023114922,3.0334,"5f49f3262a3d07563d14a7f1","EC_0042.jpg"
"6850",6.04447222,2.4683,"5f49f3262a3d07563d14a7f1","EC_0094.jpg"
"6851",7.919797045,2.7837,"5f49f3262a3d07563d14a7f1","EC_0076.jpg"
"6852",5.953310676,3.0913,"5f49f3262a3d07563d14a7f1","EC_0057.jpeg"
"6853",8.02398136,4.4918,"5f49f3262a3d07563d14a7f1","EC_0241.jpg"
"6854",6.917019346,2.9163,"5f49f3262a3d07563d14a7f1","EC_0082.jpg"
"6855",8.037004846,3.4748,"5f49f3262a3d07563d14a7f1","EC_0102.jpg"
"6856",6.083541249,3.2372,"5f49f3262a3d07563d14a7f1","EC_0197.jpg"
"6857",5.093786321,3.4442,"5f49f3262a3d07563d14a7f1","EC_0200.png"
"6858",6.917019346,2.4003,"5f49f3262a3d07563d14a7f1","EC_0099.jpg"
"6859",4.025893336,2.8572,"5f49f3262a3d07563d14a7f1","EC_0247.jpg"
"6860",4.924486004,3.1731,"5f49f3262a3d07563d14a7f1","EC_0199.jpg"
"6861",5.927264418,2.4995,"5f49f3262a3d07563d14a7f1","EC_0182.jpg"
"6862",8.089097361,2.9612,"5f49f3262a3d07563d14a7f1","EC_0117.jpg"
"6863",8.974667258,2.5496,"5f49f3262a3d07563d14a7f1","EC_0163.jpg"
"6864",7.997935817,3.1663,"5f49f3262a3d07563d14a7f1","EC_0137.jpg"
"6865",7.00818089,2.6719,"5f49f3262a3d07563d14a7f1","EC_0119.jpg"
"6866",5.784010359,2.6328,"5f49f3262a3d07563d14a7f1","EC_0109.jpg"
"6867",7.906773558,2.9196,"5f49f3262a3d07563d14a7f1","EC_0152.jpg"
"6868",9.000712801,2.967,"5f49f3262a3d07563d14a7f1","EC_0228.jpg"
"6869",5.966333447,3.6656,"5f49f3262a3d07563d14a7f1","EC_0121.jpg"
"6870",0.092920241,4.1294,"5f49f3262a3d07563d14a7f1","EC_0033.jpeg"
"6871",7.997935817,2.5666,"5f49f3262a3d07563d14a7f1","EC_0233.jpg"
"6872",6.031448733,2.6591,"5f49f3262a3d07563d14a7f1","EC_0129.jpeg"
"6873",9.977444957,2.919,"5f49f3262a3d07563d14a7f1","EC_0013.jpg"
"6874",5.966333447,2.5838,"5f49f3262a3d07563d14a7f1","EC_0036.jpeg"
"6875",9.873259927,3.1832,"5f49f3262a3d07563d14a7f1","EC_0041.jpg"
"6876",1.968245066,3.0024,"5f49f3262a3d07563d14a7f1","EC_0123.jpeg"
"6877",6.04447222,3.4745,"5f49f3262a3d07563d14a7f1","EC_0196.jpg"
"6878",6.943064888,2.6082,"5f49f3262a3d07563d14a7f1","EC_0229.jpg"
"6879",5.966333447,2.7348,"5f49f3262a3d07563d14a7f1","EC_0069.jpg"
"6880",6.969111146,3.0251,"5f49f3262a3d07563d14a7f1","EC_0103.jpg"
"6881",8.076073875,3.1825,"5f49f3262a3d07563d14a7f1","EC_0171.jpg"
"6882",9.039782545,2.6661,"5f49f3262a3d07563d14a7f1","EC_0079.jpg"
"6883",6.005402476,2.953,"5f49f3262a3d07563d14a7f1","EC_0073.jpg"
"6884",6.995157403,2.7416,"5f49f3262a3d07563d14a7f1","EC_0081.jpg"
"6885",4.091008622,3.0793,"5f49f3262a3d07563d14a7f1","EC_0245.jpg"
"6886",5.823079388,2.65,"5f49f3262a3d07563d14a7f1","EC_0234.jpg"
"6887",5.679825329,3.0131,"5f49f3262a3d07563d14a7f1","EC_0072.jpg"
"6888",6.825857087,2.4833,"5f49f3262a3d07563d14a7f1","EC_0181.jpg"
"6889",5.966333447,2.5911,"5f49f3262a3d07563d14a7f1","EC_0002.jpg"
"6890",5.041693806,3.411,"5f49f3262a3d07563d14a7f1","EC_0065.jpg"
"6891",6.969111146,3.3579,"5f49f3262a3d07563d14a7f1","EC_0018.jpg"
"6892",5.966333447,2.3501,"5f49f3262a3d07563d14a7f1","EC_0176.jpg"
"6893",4.051939594,2.5665,"5f49f3262a3d07563d14a7f1","EC_0039.jpg"
"6894",5.041693806,2.4875,"5f49f3262a3d07563d14a7f1","EC_0005.jpg"
"6895",5.979356933,3.2397,"5f49f3262a3d07563d14a7f1","EC_0008.jpg"
"6896",8.037004846,3.1462,"5f49f3262a3d07563d14a7f1","EC_0157.jpg"
"6897",5.992379705,3.6706,"5f49f3262a3d07563d14a7f1","EC_0116.jpg"
"6898",5.914240932,2.9023,"5f49f3262a3d07563d14a7f1","EC_0139.png"
"6899",5.119832579,3.0056,"5f49f3262a3d07563d14a7f1","EC_0237.jpg"
"6900",6.943064888,3.3413,"5f49f3262a3d07563d14a7f1","EC_0009.jpg"
"6901",6.018425962,2.6665,"5f49f3262a3d07563d14a7f1","EC_0172.jpg"
"6902",6.057494991,2.8295,"5f49f3262a3d07563d14a7f1","EC_0055.jpg"
"6903",3.934731792,2.6999,"5f49f3262a3d07563d14a7f1","EC_0097.jpg"
"6904",0.926397981,3.4165,"5f49f3262a3d07563d14a7f1","EC_0111.jpg"
"6905",7.047249919,3.5003,"5f49f3262a3d07563d14a7f1","EC_0120.jpg"
"6906",8.010958588,2.6996,"5f49f3262a3d07563d14a7f1","EC_0046.jpg"
"6907",7.932819816,3.0399,"5f49f3262a3d07563d14a7f1","EC_0030.jpg"
"6908",6.943064888,2.3661,"5f49f3262a3d07563d14a7f1","EC_0203.jpg"
"6909",8.089097361,2.8389,"5f49f3262a3d07563d14a7f1","EC_0106.jpg"
"6910",5.979356933,2.5497,"5f49f3262a3d07563d14a7f1","EC_0242.jpg"
"6911",5.002624777,2.7848,"5f49f3262a3d07563d14a7f1","EC_0224.jpg"
"6912",4.924486004,2.6835,"5f49f3262a3d07563d14a7f1","EC_0128.jpeg"
"6913",6.005402476,2.7876,"5f49f3262a3d07563d14a7f1","EC_0093.jpg"
"6914",8.115142904,3.1167,"5f49f3262a3d07563d14a7f1","EC_0209.jpg"
"6915",4.038916107,3.2993,"5f49f3262a3d07563d14a7f1","EC_0222.jpg"
"6916",5.015648264,2.5498,"5f49f3262a3d07563d14a7f1","EC_0240.jpg"
"6917",3.830546762,4.8166,"5f49f3262a3d07563d14a7f1","EC_0169.png"
"6918",7.086318947,2.633,"5f49f3262a3d07563d14a7f1","EC_0167.jpg"
"6919",4.898440462,3.4664,"5f49f3262a3d07563d14a7f1","EC_0214.jpg"
"6920",4.208216424,2.9497,"5f49f3262a3d07563d14a7f1","EC_0040.jpg"
"6921",9.964422186,3.532,"5f49f3262a3d07563d14a7f1","EC_0086.jpg"
"6922",5.979356933,2.5664,"5f49f3262a3d07563d14a7f1","EC_0213.jpg"
"6923",4.963555748,2.5777,"5f49f3262a3d07563d14a7f1","EC_0238.jpg"
"6924",6.018425962,2.3714,"5f49f3262a3d07563d14a7f1","EC_0085.jpg"
"6925",3.96077805,2.5499,"5f49f3262a3d07563d14a7f1","EC_0195.jpg"
"6926",7.906773558,3.4829,"5f49f3262a3d07563d14a7f1","EC_0070.jpg"
"6927",6.122610277,2.6,"5f49f3262a3d07563d14a7f1","EC_0188.jpg"
"6928",6.877949602,2.2598,"5f49f3262a3d07563d14a7f1","EC_0223.jpg"
"6929",0.092920241,3.7496,"5f49f3262a3d07563d14a7f1","EC_0161.jpg"
"6930",6.070518477,2.6663,"5f49f3262a3d07563d14a7f1","EC_0183.jpg"
"6931",6.975,2.856,"5f5b0f1be585c32184a4cf35","EC_0183.jpg"
"6932",4.95,2.467,"5f5b0f1be585c32184a4cf35","EC_0157.jpg"
"6933",6.0375,2.883,"5f5b0f1be585c32184a4cf35","EC_0058.jpg"
"6934",8.9875,2.392,"5f5b0f1be585c32184a4cf35","EC_0093.jpg"
"6935",2,3.155,"5f5b0f1be585c32184a4cf35","EC_0243.jpg"
"6936",8.25,2.675,"5f5b0f1be585c32184a4cf35","EC_0117.jpg"
"6937",5.4375,2.375,"5f5b0f1be585c32184a4cf35","EC_0222.jpg"
"6938",6.475,2.111,"5f5b0f1be585c32184a4cf35","EC_0238.jpg"
"6939",2.9875,2.95,"5f5b0f1be585c32184a4cf35","EC_0136.jpg"
"6940",8,2.439,"5f5b0f1be585c32184a4cf35","EC_0135.jpg"
"6941",8.2375,2.315,"5f5b0f1be585c32184a4cf35","EC_0133.jpg"
"6942",6.5875,2.249,"5f5b0f1be585c32184a4cf35","EC_0234.jpg"
"6943",7.325,2.305,"5f5b0f1be585c32184a4cf35","EC_0201.jpg"
"6944",4.7625,2.419,"5f5b0f1be585c32184a4cf35","EC_0079.jpg"
"6945",8.016591252,3.905,"5f5b0f1be585c32184a4cf35","EC_0139.png"
"6946",7.473604827,1.968,"5f5b0f1be585c32184a4cf35","EC_0167.jpg"
"6947",1.184012066,3.063,"5f5b0f1be585c32184a4cf35","EC_0162.jpg"
"6948",2.556561086,3.266,"5f5b0f1be585c32184a4cf35","EC_0031.jpg"
"6949",1.681749623,3.637,"5f5b0f1be585c32184a4cf35","EC_0164.jpg"
"6950",9.057315234,2.614,"5f5b0f1be585c32184a4cf35","EC_0232.jpg"
"6951",2.888386124,2.929,"5f5b0f1be585c32184a4cf35","EC_0044.jpg"
"6952",8.046757164,262.051,"5f5b0f1be585c32184a4cf35","EC_0089.jpg"
"6953",5.346907994,2.462,"5f5b0f1be585c32184a4cf35","EC_0103.jpg"
"6954",7.714932127,2.835,"5f5b0f1be585c32184a4cf35","EC_0069.jpg"
"6955",6.432880845,2.249,"5f5b0f1be585c32184a4cf35","EC_0062.jpg"
"6956",1.425339367,2.493,"5f5b0f1be585c32184a4cf35","EC_0204.jpg"
"6957",1.847662142,2.252,"5f5b0f1be585c32184a4cf35","EC_0211.jpg"
"6958",8.453996983,11.4,"5f5b0f1be585c32184a4cf35","EC_0016.jpg"
"6959",6.478129713,2.254,"5f5b0f1be585c32184a4cf35","EC_0245.jpg"
"6960",3.597285068,2.52,"5f5b0f1be585c32184a4cf35","EC_0056.jpg"
"6961",7.45852187,2.577,"5f5b0f1be585c32184a4cf35","EC_0030.jpg"
"6962",5.346907994,2.403,"5f5b0f1be585c32184a4cf35","EC_0123.jpeg"
"6963",6.49321267,2.746,"5f5b0f1be585c32184a4cf35","EC_0138.png"
"6964",0.912518854,2.494,"5f5b0f1be585c32184a4cf35","EC_0161.jpg"
"6965",9.238310709,4.655,"5f5b0f1be585c32184a4cf35","EC_0104.jpg"
"6966",3.476621418,2.572,"5f5b0f1be585c32184a4cf35","EC_0118.jpg"
"6967",3.220211161,13.307,"5f5b0f1be585c32184a4cf35","EC_0027.jpg"
"6968",6.025641026,3.429,"5f5b0f1be585c32184a4cf35","EC_0151.jpg"
"6969",2.797888386,2.401,"5f5b0f1be585c32184a4cf35","EC_0141.jpg"
"6970",2.119155354,2.587,"5f5b0f1be585c32184a4cf35","EC_0063.jpg"
"6971",7.277526395,2.7,"5f5b0f1be585c32184a4cf35","EC_0235.jpg"
"6972",1.953242836,2.584,"5f5b0f1be585c32184a4cf35","EC_0150.jpg"
"6973",1.123680241,3.359,"5f5b0f1be585c32184a4cf35","EC_0012.jpg"
"6974",9.027149321,2.704,"5f5b0f1be585c32184a4cf35","EC_0081.jpg"
"6975",5.542986425,2.335,"5f5b0f1be585c32184a4cf35","EC_0195.jpg"
"6976",7.820512821,2.432,"5f5b0f1be585c32184a4cf35","EC_0250.jpg"
"6977",6.055806938,2.31,"5f5b0f1be585c32184a4cf35","EC_0067.jpg"
"6978",2.601809955,2.547,"5f5b0f1be585c32184a4cf35","EC_0059.jpg"
"6979",4.2760181,3.225,"5f5b0f1be585c32184a4cf35","EC_0249.jpg"
"6980",1.636500754,2.595,"5f5b0f1be585c32184a4cf35","EC_0223.jpg"
"6981",7.45852187,2131.141,"5f5b0f1be585c32184a4cf35","EC_0109.jpg"
"6982",5.316742081,2.529,"5f5b0f1be585c32184a4cf35","EC_0172.jpg"
"6983",1.983408748,2.421,"5f5b0f1be585c32184a4cf35","EC_0129.jpeg"
"6984",1.259426848,2.493,"5f5b0f1be585c32184a4cf35","EC_0055.jpg"
"6985",1.998491704,2.82,"5f5b0f1be585c32184a4cf35","EC_0018.jpg"
"6986",7.684766214,2.599,"5f5b0f1be585c32184a4cf35","EC_0092.jpg"
"6987",9.147812971,2.356,"5f5b0f1be585c32184a4cf35","EC_0119.jpg"
"6988",3.778280543,2.649,"5f5b0f1be585c32184a4cf35","EC_0060.jpg"
"6989",5.045248869,2.411,"5f5b0f1be585c32184a4cf35","EC_0111.jpg"
"6990",8.846153846,2.286,"5f5b0f1be585c32184a4cf35","EC_0171.jpg"
"6991",9.358974359,2.922,"5f5b0f1be585c32184a4cf35","EC_0159.jpg"
"6992",6.191553544,2.922,"5f5b0f1be585c32184a4cf35","EC_0083.jpg"
"6993",1.470588235,2.663,"5f5b0f1be585c32184a4cf35","EC_0226.jpg"
"6994",5.633484163,2.502,"5f5b0f1be585c32184a4cf35","EC_0158.jpg"
"6995",9.539969834,3.702,"5f5b0f1be585c32184a4cf35","EC_0051.jpg"
"6996",7.805429864,3.768,"5f5b0f1be585c32184a4cf35","EC_0034.jpg"
"6997",8.423831071,2.727,"5f5b0f1be585c32184a4cf35","EC_0108.jpg"
"6998",9.268476621,2.609,"5f5b0f1be585c32184a4cf35","EC_0106.jpg"
"6999",2.752639517,3.479,"5f5b0f1be585c32184a4cf35","EC_0180.jpg"
"7000",1.425339367,2.564,"5f5b0f1be585c32184a4cf35","EC_0040.jpg"
"7001",0.656108597,3.134,"5f5b0f1be585c32184a4cf35","EC_0036.jpeg"
"7002",6.553544495,2.735,"5f5b0f1be585c32184a4cf35","EC_0006.jpg"
"7003",3.38612368,2.467,"5f5b0f1be585c32184a4cf35","EC_0174.jpg"
"7004",4.170437406,2.12,"5f5b0f1be585c32184a4cf35","EC_0248.jpg"
"7005",2.028657617,3.389,"5f5b0f1be585c32184a4cf35","EC_0029.jpg"
"7006",2.54147813,2.38,"5f5b0f1be585c32184a4cf35","EC_0196.jpg"
"7007",4.155354449,2.564,"5f5b0f1be585c32184a4cf35","EC_0105.jpg"
"7008",7.126696833,3.487,"5f5b0f1be585c32184a4cf35","EC_0010.jpg"
"7009",8.273001508,4.226,"5f5b0f1be585c32184a4cf35","EC_0073.jpg"
"7010",2.134238311,8.924,"5f5b0f1be585c32184a4cf35","EC_0206.png"
"7011",5.769230769,3.085,"5f5b0f1be585c32184a4cf35","EC_0209.jpg"
"7012",4.155354449,2.616,"5f5b0f1be585c32184a4cf35","EC_0229.jpg"
"7013",2.978883861,2.3,"5f5b0f1be585c32184a4cf35","EC_0005.jpg"
"7014",0.052790347,4.187,"5f5b0f1be585c32184a4cf35","EC_0184.jpg"
"7015",8.770739065,3.218,"5f5b0f1be585c32184a4cf35","EC_0193.png"
"7016",6.945701357,2.373,"5f5b0f1be585c32184a4cf35","EC_0219.jpg"
"7017",3.099547511,2.87,"5f5b0f1be585c32184a4cf35","EC_0064.jpg"
"7018",1.500754148,2.283,"5f5b0f1be585c32184a4cf35","EC_0013.jpg"
"7019",8.212669683,2.679,"5f5b0f1be585c32184a4cf35","EC_0070.jpg"
"7020",3.174962293,2.552,"5f5b0f1be585c32184a4cf35","EC_0213.jpg"
"7021",2.315233786,4.031,"5f5b0f1be585c32184a4cf35","EC_0101.jpg"
"7022",1.606334842,2.853,"5f5b0f1be585c32184a4cf35","EC_0071.jpg"
"7023",8.71040724,3.658,"5f5b0f1be585c32184a4cf35","EC_0102.jpg"
"7024",3.536953243,2.55,"5f5b0f1be585c32184a4cf35","EC_0007.jpg"
"7025",7.232277526,3.011,"5f5b0f1be585c32184a4cf35","EC_0008.jpg"
"7026",4.2760181,3.848,"5f5b0f1be585c32184a4cf35","EC_0076.jpg"
"7027",9.479638009,2.709,"5f5b0f1be585c32184a4cf35","EC_0037.jpg"
"7028",7.352941176,2.535,"5f5b0f1be585c32184a4cf35","EC_0132.jpg"
"7029",2.269984917,2.723,"5f5b0f1be585c32184a4cf35","EC_0097.jpg"
"7030",5.12066365,4.199,"5f5b0f1be585c32184a4cf35","EC_0185.jpg"
"7031",6.809954751,752.732,"5f5b0f1be585c32184a4cf35","EC_0160.jpg"
"7032",5.211161388,2.927,"5f5b0f1be585c32184a4cf35","EC_0121.jpg"
"7033",6.628959276,3.222,"5f5b0f1be585c32184a4cf35","EC_0230.jpg"
"7034",9.087481146,2.711,"5f5b0f1be585c32184a4cf35","EC_0169.png"
"7035",6.553544495,2.342,"5f5b0f1be585c32184a4cf35","EC_0182.jpg"
"7036",2.360482655,3.239,"5f5b0f1be585c32184a4cf35","EC_0075.jpg"
"7037",8.755656109,3.516,"5f5b0f1be585c32184a4cf35","EC_0066.jpg"
"7038",0.897435897,4.421,"5f5b0f1be585c32184a4cf35","EC_0244.jpg"
"7039",4.049773756,3.007,"5f5b0f1be585c32184a4cf35","EC_0148.jpg"
"7040",1.953242836,2.631,"5f5b0f1be585c32184a4cf35","EC_0202.jpg"
"7041",1.244343891,2.483,"5f5b0f1be585c32184a4cf35","EC_0095.jpg"
"7042",8.619909502,2.837,"5f5b0f1be585c32184a4cf35","EC_0227.jpg"
"7043",2.058823529,3.945,"5f5b0f1be585c32184a4cf35","EC_0140.jpg"
"7044",3.401206637,6.317,"5f5b0f1be585c32184a4cf35","EC_0236.jpg"
"7045",1.621417798,2.336,"5f5b0f1be585c32184a4cf35","EC_0147.png"
"7046",4.185520362,3.249,"5f5b0f1be585c32184a4cf35","EC_0015.jpg"
"7047",2.496229261,4.847,"5f5b0f1be585c32184a4cf35","EC_0198.jpg"
"7048",7.835595777,2.517,"5f5b0f1be585c32184a4cf35","EC_0197.jpg"
"7049",1.395173454,2.854,"5f5b0f1be585c32184a4cf35","EC_0210.jpg"
"7050",6.070889894,2.554,"5f5b0f1be585c32184a4cf35","EC_0099.jpg"
"7051",2.90346908,2.875,"5f5b0f1be585c32184a4cf35","EC_0156.jpg"
"7052",1.53092006,2.546,"5f5b0f1be585c32184a4cf35","EC_0113.jpg"
"7053",2.556561086,2.123,"5f5b0f1be585c32184a4cf35","EC_0231.jpg"
"7054",4.743589744,2.3,"5f5b0f1be585c32184a4cf35","EC_0137.jpg"
"7055",8.107088989,3.094,"5f5b0f1be585c32184a4cf35","EC_0233.jpg"
"7056",1.832579186,2.554,"5f5b0f1be585c32184a4cf35","EC_0199.jpg"
"7057",1.998491704,2.33,"5f5b0f1be585c32184a4cf35","EC_0124.jpeg"
"7058",0.143288084,3.037,"5f5b0f1be585c32184a4cf35","EC_0241.jpg"
"7059",0.580693816,2.049,"5f5b0f1be585c32184a4cf35","EC_0024.jpg"
"7060",8.167420814,2.426,"5f5b0f1be585c32184a4cf35","EC_0168.jpeg"
"7061",2.345399698,2.303,"5f5b0f1be585c32184a4cf35","EC_0080.jpg"
"7062",7.865761689,2.371,"5f5b0f1be585c32184a4cf35","EC_0011.jpg"
"7063",5.799396682,2.585,"5f5b0f1be585c32184a4cf35","EC_0100.jpg"
"7064",8.996983409,2.143,"5f5b0f1be585c32184a4cf35","EC_0020.jpg"
"7065",8.107088989,2.067,"5f5b0f1be585c32184a4cf35","EC_0047.jpg"
"7066",2.526395173,3.407,"5f5b0f1be585c32184a4cf35","EC_0009.jpg"
"7067",1.274509804,2.239,"5f5b0f1be585c32184a4cf35","EC_0088.jpg"
"7068",4.155354449,2.448,"5f5b0f1be585c32184a4cf35","EC_0065.jpg"
"7069",3.280542986,2.388,"5f5b0f1be585c32184a4cf35","EC_0163.jpg"
"7070",7.066365008,3.268,"5f5b0f1be585c32184a4cf35","EC_0096.jpg"
"7071",7.926093514,2.377,"5f5b0f1be585c32184a4cf35","EC_0014.jpg"
"7072",5.12066365,2.368,"5f5b0f1be585c32184a4cf35","EC_0173.jpg"
"7073",8.34841629,2.504,"5f5b0f1be585c32184a4cf35","EC_0057.jpeg"
"7074",4.562594268,2.495,"5f5b0f1be585c32184a4cf35","EC_0142.jpg"
"7075",3.205128205,3.025,"5f5b0f1be585c32184a4cf35","EC_0149.jpg"
"7076",1.998491704,2.6,"5f5b0f1be585c32184a4cf35","EC_0152.jpg"
"7077",1.199095023,2.376,"5f5b0f1be585c32184a4cf35","EC_0042.jpg"
"7078",3.491704374,3.825,"5f5b0f1be585c32184a4cf35","EC_0247.jpg"
"7079",2.858220211,2.93,"5f5b0f1be585c32184a4cf35","EC_0194.jpg"
"7080",4.864253394,2.739,"5f5b0f1be585c32184a4cf35","EC_0094.jpg"
"7081",9.147812971,2.875,"5f5b0f1be585c32184a4cf35","EC_0046.jpg"
"7082",3.02413273,3.056,"5f5b0f1be585c32184a4cf35","EC_0087.jpg"
"7083",1.515837104,2.254,"5f5b0f1be585c32184a4cf35","EC_0054.jpg"
"7084",0.92760181,2.269,"5f5b0f1be585c32184a4cf35","EC_0028.jpg"
"7085",2.616892911,2.41,"5f5b0f1be585c32184a4cf35","EC_0115.jpg"
"7086",5.904977376,3.317,"5f5b0f1be585c32184a4cf35","EC_0239.jpg"
"7087",3.853695324,3.383,"5f5b0f1be585c32184a4cf35","EC_0085.jpg"
"7088",6.176470588,3.027,"5f5b0f1be585c32184a4cf35","EC_0068.jpg"
"7089",5.015082956,2.221,"5f5b0f1be585c32184a4cf35","EC_0240.jpg"
"7090",6.990950226,2.633,"5f5b0f1be585c32184a4cf35","EC_0181.jpg"
"7091",9.720965309,2.388,"5f5b0f1be585c32184a4cf35","EC_0050.jpg"
"7092",8.680241327,2.451,"5f5b0f1be585c32184a4cf35","EC_0072.jpg"
"7093",6.885369532,2.056,"5f5b0f1be585c32184a4cf35","EC_0166.jpg"
"7094",7.911010558,2.706,"5f5b0f1be585c32184a4cf35","EC_0246.jpg"
"7095",2.707390649,3.012,"5f5b0f1be585c32184a4cf35","EC_0019.jpg"
"7096",1.953242836,2.442,"5f5b0f1be585c32184a4cf35","EC_0120.jpg"
"7097",3.944193062,4.429,"5f5b0f1be585c32184a4cf35","EC_0128.jpeg"
"7098",0.625942685,2.691,"5f5b0f1be585c32184a4cf35","EC_0053.jpg"
"7099",1.440422323,2.514,"5f5b0f1be585c32184a4cf35","EC_0001.jpg"
"7100",6.236802413,2.633,"5f5b0f1be585c32184a4cf35","EC_0003.jpg"
"7101",1.681749623,2.623,"5f5b0f1be585c32184a4cf35","EC_0002.jpg"
"7102",9.811463047,2.486,"5f5b0f1be585c32184a4cf35","EC_0082.jpg"
"7103",7.820512821,24.347,"5f5b0f1be585c32184a4cf35","EC_0098.jpg"
"7104",6.221719457,26.339,"5f5b0f1be585c32184a4cf35","EC_0203.jpg"
"7105",7.503770739,2.372,"5f5b0f1be585c32184a4cf35","EC_0017.jpg"
"7106",4.607843137,107.953,"5f5b0f1be585c32184a4cf35","EC_0049.jpg"
"7107",3.416289593,17.393,"5f5b0f1be585c32184a4cf35","EC_0237.jpg"
"7108",2.556561086,2.296,"5f5b0f1be585c32184a4cf35","EC_0086.jpg"
"7109",1.591251885,2.415,"5f5b0f1be585c32184a4cf35","EC_0038.jpg"
"7110",1.078431373,3.217,"5f5b0f1be585c32184a4cf35","EC_0125.jpeg"
"7111",5.512820513,2.281,"5f5b0f1be585c32184a4cf35","EC_0061.jpg"
"7112",4.064856712,2.106,"5f5b0f1be585c32184a4cf35","EC_0116.jpg"
"7113",6.749622926,2.347,"5f5b0f1be585c32184a4cf35","EC_0077.jpg"
"7114",5.377073906,2.197,"5f5b0f1be585c32184a4cf35","EC_0242.jpg"
"7115",3.898944193,2.363,"5f5b0f1be585c32184a4cf35","EC_0032.jpg"
"7116",0.56561086,2.867,"5f5b0f1be585c32184a4cf35","EC_0187.jpeg"
"7117",2.239819005,2.842,"5f5b0f1be585c32184a4cf35","EC_0154.jpg"
"7118",5.920060332,2.516,"5f5b0f1be585c32184a4cf35","EC_0084.jpg"
"7119",7.277526395,3.235,"5f5b0f1be585c32184a4cf35","EC_0188.jpg"
"7120",3.50678733,3.924,"5f5b0f1be585c32184a4cf35","EC_0224.jpg"
"7121",7.09653092,2.575,"5f5b0f1be585c32184a4cf35","EC_0214.jpg"
"7122",5.271493213,2.159,"5f5b0f1be585c32184a4cf35","EC_0177.jpg"
"7123",2.164404223,2.386,"5f5b0f1be585c32184a4cf35","EC_0205.jpg"
"7124",1.817496229,3.051,"5f5b0f1be585c32184a4cf35","EC_0022.jpg"
"7125",0.80693816,2.664,"5f5b0f1be585c32184a4cf35","EC_0033.jpeg"
"7126",2.088989442,2.49,"5f5b0f1be585c32184a4cf35","EC_0200.png"
"7127",5.045248869,2.334,"5f5b0f1be585c32184a4cf35","EC_0048.jpg"
"7128",8.167420814,2.54,"5f5b0f1be585c32184a4cf35","EC_0074.jpg"
"7129",6.432880845,2.412,"5f5b0f1be585c32184a4cf35","EC_0170.jpg"
"7130",4.321266968,2.173,"5f5b0f1be585c32184a4cf35","EC_0165.jpg"
"7131",1.380090498,51.205,"5f5b0f1be585c32184a4cf35","EC_0176.jpg"
"7132",0.339366516,5.283,"5f5b0f1be585c32184a4cf35","EC_0134.jpg"
"7133",5.859728507,73.075,"5f5b0f1be585c32184a4cf35","EC_0153.jpg"
"7134",1.53092006,2.555,"5f5b0f1be585c32184a4cf35","EC_0228.jpg"
"7135",9.358974359,2.678,"5f5b0f1be585c32184a4cf35","EC_0221.jpg"
"7136",1.485671192,2.587,"5f5b0f1be585c32184a4cf35","EC_0131.jpg"
"7137",2.66214178,2.205,"5f5b0f1be585c32184a4cf35","EC_0207.jpg"
"7138",2.073906486,2.881,"5f5b0f1be585c32184a4cf35","EC_0090.jpg"
"7139",7.232277526,2.912,"5f5b0f1be585c32184a4cf35","EC_0041.jpg"
"7140",1.817496229,2.344,"5f5b0f1be585c32184a4cf35","EC_0039.jpg"
"7141",0.069444444,5.2223,"5f8cbc5c355ea745e6cef2ca","EC_0064.jpg"
"7142",6.958333333,3.0193,"5f8cbc5c355ea745e6cef2ca","EC_0133.jpg"
"7143",6.986111111,2.6662,"5f8cbc5c355ea745e6cef2ca","EC_0211.jpg"
"7144",8.048611111,3.1837,"5f8cbc5c355ea745e6cef2ca","EC_0102.jpg"
"7145",3.875,2.9786,"5f8cbc5c355ea745e6cef2ca","EC_0066.jpg"
"7146",5.048611111,2.8615,"5f8cbc5c355ea745e6cef2ca","EC_0003.jpg"
"7147",3.361111111,4.7976,"5f8cbc5c355ea745e6cef2ca","EC_0096.jpg"
"7148",3.5625,7.218,"5f8cbc5c355ea745e6cef2ca","EC_0121.jpg"
"7149",0.013888889,3.1171,"5f8cbc5c355ea745e6cef2ca","EC_0119.jpg"
"7150",4.013888889,3.8887,"5f8cbc5c355ea745e6cef2ca","EC_0235.jpg"
"7151",7.006944444,3.6828,"5f8cbc5c355ea745e6cef2ca","EC_0034.jpg"
"7152",6.479166667,4.1028,"5f8cbc5c355ea745e6cef2ca","EC_0221.jpg"
"7153",9.013888889,3.3018,"5f8cbc5c355ea745e6cef2ca","EC_0009.jpg"
"7154",0.006944444,5.4703,"5f8cbc5c355ea745e6cef2ca","EC_0162.jpg"
"7155",6.506944444,4.0268,"5f8cbc5c355ea745e6cef2ca","EC_0229.jpg"
"7156",7.958333333,6.4738,"5f8cbc5c355ea745e6cef2ca","EC_0012.jpg"
"7157",5.951388889,6.2837,"5f8cbc5c355ea745e6cef2ca","EC_0140.jpg"
"7158",0.034722222,6.1734,"5f8cbc5c355ea745e6cef2ca","EC_0111.jpg"
"7159",1.951388889,4.1349,"5f8cbc5c355ea745e6cef2ca","EC_0246.jpg"
"7160",6.006944444,3.6948,"5f8cbc5c355ea745e6cef2ca","EC_0132.jpg"
"7161",1.965277778,4.2866,"5f8cbc5c355ea745e6cef2ca","EC_0213.jpg"
"7162",7,3.3106,"5f8cbc5c355ea745e6cef2ca","EC_0168.jpeg"
"7163",4.986111111,4.5654,"5f8cbc5c355ea745e6cef2ca","EC_0165.jpg"
"7164",9.993055556,3.1119,"5f8cbc5c355ea745e6cef2ca","EC_0104.jpg"
"7165",5.986111111,4.8185,"5f8cbc5c355ea745e6cef2ca","EC_0200.png"
"7166",7.006944444,3.9136,"5f8cbc5c355ea745e6cef2ca","EC_0014.jpg"
"7167",0,4.9059,"5f8cbc5c355ea745e6cef2ca","EC_0113.jpg"
"7168",5.972222222,3.0623,"5f8cbc5c355ea745e6cef2ca","EC_0240.jpg"
"7169",4.993055556,4.2988,"5f8cbc5c355ea745e6cef2ca","EC_0036.jpeg"
"7170",5.986111111,7.7338,"5f8cbc5c355ea745e6cef2ca","EC_0029.jpg"
"7171",8.986111111,2.7465,"5f8cbc5c355ea745e6cef2ca","EC_0057.jpeg"
"7172",9.986111111,4.0789,"5f8cbc5c355ea745e6cef2ca","EC_0193.png"
"7173",3.986111111,3.4503,"5f8cbc5c355ea745e6cef2ca","EC_0172.jpg"
"7174",1.993055556,3.2483,"5f8cbc5c355ea745e6cef2ca","EC_0081.jpg"
"7175",3.993055556,3.2224,"5f8cbc5c355ea745e6cef2ca","EC_0150.jpg"
"7176",7.034722222,3.3578,"5f8cbc5c355ea745e6cef2ca","EC_0103.jpg"
"7177",3.972222222,5.0828,"5f8cbc5c355ea745e6cef2ca","EC_0152.jpg"
"7178",4.986111111,3.5946,"5f8cbc5c355ea745e6cef2ca","EC_0181.jpg"
"7179",2.069444444,5.6754,"5f8cbc5c355ea745e6cef2ca","EC_0242.jpg"
"7180",8,3.5021,"5f8cbc5c355ea745e6cef2ca","EC_0117.jpg"
"7181",7.5,6.0724,"5f8cbc5c355ea745e6cef2ca","EC_0123.jpeg"
"7182",7.972222222,2.7503,"5f8cbc5c355ea745e6cef2ca","EC_0085.jpg"
"7183",5.979166667,3.5493,"5f8cbc5c355ea745e6cef2ca","EC_0100.jpg"
"7184",0.979166667,7.7525,"5f8cbc5c355ea745e6cef2ca","EC_0231.jpg"
"7185",0.006944444,2.8309,"5f8cbc5c355ea745e6cef2ca","EC_0027.jpg"
"7186",6.958333333,3.2995,"5f8cbc5c355ea745e6cef2ca","EC_0237.jpg"
"7187",9.986111111,6.4246,"5f8cbc5c355ea745e6cef2ca","EC_0072.jpg"
"7188",0.013888889,6.2839,"5f8cbc5c355ea745e6cef2ca","EC_0161.jpg"
"7189",6.993055556,3.9522,"5f8cbc5c355ea745e6cef2ca","EC_0070.jpg"
"7190",0.020833333,4.5812,"5f8cbc5c355ea745e6cef2ca","EC_0184.jpg"
"7191",3.993055556,5.6352,"5f8cbc5c355ea745e6cef2ca","EC_0174.jpg"
"7192",5.944444444,10.9152,"5f8cbc5c355ea745e6cef2ca","EC_0160.jpg"
"7193",7.701388889,5.7808,"5f8cbc5c355ea745e6cef2ca","EC_0247.jpg"
"7194",9.979166667,6.103,"5f8cbc5c355ea745e6cef2ca","EC_0074.jpg"
"7195",1.986111111,3.4063,"5f8cbc5c355ea745e6cef2ca","EC_0169.png"
"7196",7.006944444,3.8355,"5f8cbc5c355ea745e6cef2ca","EC_0046.jpg"
"7197",3.965277778,6.1896,"5f8cbc5c355ea745e6cef2ca","EC_0024.jpg"
"7198",6.506944444,8.1835,"5f8cbc5c355ea745e6cef2ca","EC_0196.jpg"
"7199",6,7.3045,"5f8cbc5c355ea745e6cef2ca","EC_0065.jpg"
"7200",8.993055556,3.7282,"5f8cbc5c355ea745e6cef2ca","EC_0030.jpg"
"7201",4.986111111,9.3014,"5f8cbc5c355ea745e6cef2ca","EC_0067.jpg"
"7202",6.979166667,3.4655,"5f8cbc5c355ea745e6cef2ca","EC_0069.jpg"
"7203",3.020833333,7.5212,"5f8cbc5c355ea745e6cef2ca","EC_0129.jpeg"
"7204",9.986111111,6.5202,"5f8cbc5c355ea745e6cef2ca","EC_0008.jpg"
"7205",3,7.8896,"5f8cbc5c355ea745e6cef2ca","EC_0011.jpg"
"7206",4.972222222,6.5678,"5f8cbc5c355ea745e6cef2ca","EC_0022.jpg"
"7207",0.020833333,11.5694,"5f8cbc5c355ea745e6cef2ca","EC_0076.jpg"
"7208",3,4.2323,"5f8cbc5c355ea745e6cef2ca","EC_0079.jpg"
"7209",0.013888889,3.4363,"5f8cbc5c355ea745e6cef2ca","EC_0227.jpg"
"7210",6.993055556,3.807,"5f8cbc5c355ea745e6cef2ca","EC_0109.jpg"
"7211",5.965277778,3.9625,"5f8cbc5c355ea745e6cef2ca","EC_0088.jpg"
"7212",3.979166667,3.6113,"5f8cbc5c355ea745e6cef2ca","EC_0086.jpg"
"7213",7.909722222,7.5156,"5f8cbc5c355ea745e6cef2ca","EC_0031.jpg"
"7214",3,4.9192,"5f8cbc5c355ea745e6cef2ca","EC_0166.jpg"
"7215",0.013888889,5.1921,"5f8cbc5c355ea745e6cef2ca","EC_0228.jpg"
"7216",1.006944444,4.304,"5f8cbc5c355ea745e6cef2ca","EC_0183.jpg"
"7217",0.291666667,7.1949,"5f8cbc5c355ea745e6cef2ca","EC_0148.jpg"
"7218",1.965277778,11.5287,"5f8cbc5c355ea745e6cef2ca","EC_0171.jpg"
"7219",5.034722222,6.7263,"5f8cbc5c355ea745e6cef2ca","EC_0233.jpg"
"7220",5.006944444,3.7011,"5f8cbc5c355ea745e6cef2ca","EC_0137.jpg"
"7221",6.020833333,15.0366,"5f8cbc5c355ea745e6cef2ca","EC_0018.jpg"
"7222",2.986111111,17.9462,"5f8cbc5c355ea745e6cef2ca","EC_0245.jpg"
"7223",6.979166667,5.3143,"5f8cbc5c355ea745e6cef2ca","EC_0062.jpg"
"7224",4.006944444,7.6594,"5f8cbc5c355ea745e6cef2ca","EC_0059.jpg"
"7225",0.020833333,5.2521,"5f8cbc5c355ea745e6cef2ca","EC_0048.jpg"
"7226",0,3.4007,"5f8cbc5c355ea745e6cef2ca","EC_0204.jpg"
"7227",3.979166667,3.3961,"5f8cbc5c355ea745e6cef2ca","EC_0055.jpg"
"7228",1.958333333,4.8113,"5f8cbc5c355ea745e6cef2ca","EC_0149.jpg"
"7229",0.993055556,5.0226,"5f8cbc5c355ea745e6cef2ca","EC_0163.jpg"
"7230",0.020833333,3.9019,"5f8cbc5c355ea745e6cef2ca","EC_0063.jpg"
"7231",4.006944444,3.4445,"5f8cbc5c355ea745e6cef2ca","EC_0198.jpg"
"7232",6.013888889,2.7198,"5f8cbc5c355ea745e6cef2ca","EC_0156.jpg"
"7233",1.979166667,3.0464,"5f8cbc5c355ea745e6cef2ca","EC_0105.jpg"
"7234",1,4.7879,"5f8cbc5c355ea745e6cef2ca","EC_0097.jpg"
"7235",3,3.9601,"5f8cbc5c355ea745e6cef2ca","EC_0124.jpeg"
"7236",3.986111111,10.344,"5f8cbc5c355ea745e6cef2ca","EC_0039.jpg"
"7237",9.513888889,5.7814,"5f8cbc5c355ea745e6cef2ca","EC_0125.jpeg"
"7238",0.027777778,4.0472,"5f8cbc5c355ea745e6cef2ca","EC_0241.jpg"
"7239",4.486111111,3.9177,"5f8cbc5c355ea745e6cef2ca","EC_0197.jpg"
"7240",9.993055556,4.8864,"5f8cbc5c355ea745e6cef2ca","EC_0077.jpg"
"7241",6.965277778,4.2061,"5f8cbc5c355ea745e6cef2ca","EC_0068.jpg"
"7242",4.006944444,3.2707,"5f8cbc5c355ea745e6cef2ca","EC_0147.png"
"7243",4.986111111,2.8771,"5f8cbc5c355ea745e6cef2ca","EC_0224.jpg"
"7244",0.013888889,3.1166,"5f8cbc5c355ea745e6cef2ca","EC_0226.jpg"
"7245",2.006944444,2.9549,"5f8cbc5c355ea745e6cef2ca","EC_0094.jpg"
"7246",9.006944444,3.8599,"5f8cbc5c355ea745e6cef2ca","EC_0058.jpg"
"7247",8.006944444,4.2641,"5f8cbc5c355ea745e6cef2ca","EC_0053.jpg"
"7248",6.993055556,4.3348,"5f8cbc5c355ea745e6cef2ca","EC_0185.jpg"
"7249",0.986111111,5.8863,"5f8cbc5c355ea745e6cef2ca","EC_0206.png"
"7250",5.006944444,3.5866,"5f8cbc5c355ea745e6cef2ca","EC_0032.jpg"
"7251",2.986111111,3.411,"5f8cbc5c355ea745e6cef2ca","EC_0071.jpg"
"7252",6.986111111,3.5839,"5f8cbc5c355ea745e6cef2ca","EC_0016.jpg"
"7253",7.020833333,2.6282,"5f8cbc5c355ea745e6cef2ca","EC_0042.jpg"
"7254",6.006944444,3.286,"5f8cbc5c355ea745e6cef2ca","EC_0017.jpg"
"7255",0.006944444,3.1108,"5f8cbc5c355ea745e6cef2ca","EC_0214.jpg"
"7256",3.0625,2.9312,"5f8cbc5c355ea745e6cef2ca","EC_0007.jpg"
"7257",2.625,4.7616,"5f8cbc5c355ea745e6cef2ca","EC_0201.jpg"
"7258",1.986111111,2.9549,"5f8cbc5c355ea745e6cef2ca","EC_0234.jpg"
"7259",1.4375,3.5957,"5f8cbc5c355ea745e6cef2ca","EC_0101.jpg"
"7260",5.979166667,5.5025,"5f8cbc5c355ea745e6cef2ca","EC_0084.jpg"
"7261",0.006944444,4.2674,"5f8cbc5c355ea745e6cef2ca","EC_0164.jpg"
"7262",0.9375,3.8535,"5f8cbc5c355ea745e6cef2ca","EC_0153.jpg"
"7263",0,3.6855,"5f8cbc5c355ea745e6cef2ca","EC_0049.jpg"
"7264",0.013888889,4.8067,"5f8cbc5c355ea745e6cef2ca","EC_0033.jpeg"
"7265",6.006944444,4.2127,"5f8cbc5c355ea745e6cef2ca","EC_0203.jpg"
"7266",2.013888889,3.629,"5f8cbc5c355ea745e6cef2ca","EC_0195.jpg"
"7267",2,3.5521,"5f8cbc5c355ea745e6cef2ca","EC_0006.jpg"
"7268",3.986111111,2.9936,"5f8cbc5c355ea745e6cef2ca","EC_0115.jpg"
"7269",6.993055556,4.2488,"5f8cbc5c355ea745e6cef2ca","EC_0199.jpg"
"7270",6.020833333,3.1272,"5f8cbc5c355ea745e6cef2ca","EC_0120.jpg"
"7271",4.986111111,3.4479,"5f8cbc5c355ea745e6cef2ca","EC_0099.jpg"
"7272",3.951388889,8.0287,"5f8cbc5c355ea745e6cef2ca","EC_0232.jpg"
"7273",2.986111111,3.43,"5f8cbc5c355ea745e6cef2ca","EC_0116.jpg"
"7274",4.972222222,4.0955,"5f8cbc5c355ea745e6cef2ca","EC_0157.jpg"
"7275",1.986111111,2.7425,"5f8cbc5c355ea745e6cef2ca","EC_0135.jpg"
"7276",3.006944444,5.9926,"5f8cbc5c355ea745e6cef2ca","EC_0223.jpg"
"7277",2.993055556,7.3667,"5f8cbc5c355ea745e6cef2ca","EC_0090.jpg"
"7278",5.965277778,3.3267,"5f8cbc5c355ea745e6cef2ca","EC_0170.jpg"
"7279",4.986111111,6.0354,"5f8cbc5c355ea745e6cef2ca","EC_0219.jpg"
"7280",9.993055556,2.9468,"5f8cbc5c355ea745e6cef2ca","EC_0073.jpg"
"7281",6.034722222,3.3287,"5f8cbc5c355ea745e6cef2ca","EC_0054.jpg"
"7282",4.993055556,6.4343,"5f8cbc5c355ea745e6cef2ca","EC_0141.jpg"
"7283",5.006944444,3.4938,"5f8cbc5c355ea745e6cef2ca","EC_0142.jpg"
"7284",6,3.4534,"5f8cbc5c355ea745e6cef2ca","EC_0020.jpg"
"7285",5.993055556,3.7977,"5f8cbc5c355ea745e6cef2ca","EC_0187.jpeg"
"7286",4.979166667,3.2337,"5f8cbc5c355ea745e6cef2ca","EC_0250.jpg"
"7287",4.993055556,6.5238,"5f8cbc5c355ea745e6cef2ca","EC_0087.jpg"
"7288",3.006944444,3.5848,"5f8cbc5c355ea745e6cef2ca","EC_0041.jpg"
"7289",0.006944444,3.9689,"5f8cbc5c355ea745e6cef2ca","EC_0182.jpg"
"7290",9.986111111,4.6122,"5f8cbc5c355ea745e6cef2ca","EC_0037.jpg"
"7291",6.986111111,3.2057,"5f8cbc5c355ea745e6cef2ca","EC_0013.jpg"
"7292",5.986111111,3.3216,"5f8cbc5c355ea745e6cef2ca","EC_0098.jpg"
"7293",2.993055556,3.336,"5f8cbc5c355ea745e6cef2ca","EC_0202.jpg"
"7294",5,4.883,"5f8cbc5c355ea745e6cef2ca","EC_0092.jpg"
"7295",6.006944444,3.5455,"5f8cbc5c355ea745e6cef2ca","EC_0108.jpg"
"7296",0,2.9268,"5f8cbc5c355ea745e6cef2ca","EC_0047.jpg"
"7297",6.993055556,5.2424,"5f8cbc5c355ea745e6cef2ca","EC_0248.jpg"
"7298",5.986111111,3.5299,"5f8cbc5c355ea745e6cef2ca","EC_0243.jpg"
"7299",3.972222222,4.9019,"5f8cbc5c355ea745e6cef2ca","EC_0128.jpeg"
"7300",1.020833333,3.8871,"5f8cbc5c355ea745e6cef2ca","EC_0249.jpg"
"7301",0.972222222,3.3195,"5f8cbc5c355ea745e6cef2ca","EC_0176.jpg"
"7302",5,4.6296,"5f8cbc5c355ea745e6cef2ca","EC_0075.jpg"
"7303",5.993055556,3.1183,"5f8cbc5c355ea745e6cef2ca","EC_0089.jpg"
"7304",6.993055556,6.0048,"5f8cbc5c355ea745e6cef2ca","EC_0028.jpg"
"7305",8.020833333,3.8503,"5f8cbc5c355ea745e6cef2ca","EC_0139.png"
"7306",6.972222222,4.5632,"5f8cbc5c355ea745e6cef2ca","EC_0093.jpg"
"7307",0.006944444,5.3596,"5f8cbc5c355ea745e6cef2ca","EC_0131.jpg"
"7308",0.006944444,4.4843,"5f8cbc5c355ea745e6cef2ca","EC_0083.jpg"
"7309",3.965277778,3.5564,"5f8cbc5c355ea745e6cef2ca","EC_0010.jpg"
"7310",4.986111111,3.7995,"5f8cbc5c355ea745e6cef2ca","EC_0209.jpg"
"7311",5.013888889,3.3265,"5f8cbc5c355ea745e6cef2ca","EC_0138.png"
"7312",4.027777778,3.2292,"5f8cbc5c355ea745e6cef2ca","EC_0082.jpg"
"7313",4.020833333,3.1518,"5f8cbc5c355ea745e6cef2ca","EC_0194.jpg"
"7314",5.944444444,2.8118,"5f8cbc5c355ea745e6cef2ca","EC_0106.jpg"
"7315",1.993055556,3.9862,"5f8cbc5c355ea745e6cef2ca","EC_0154.jpg"
"7316",4.972222222,6.0707,"5f8cbc5c355ea745e6cef2ca","EC_0080.jpg"
"7317",4,3.0985,"5f8cbc5c355ea745e6cef2ca","EC_0038.jpg"
"7318",2.986111111,3.2161,"5f8cbc5c355ea745e6cef2ca","EC_0167.jpg"
"7319",2.979166667,3.3776,"5f8cbc5c355ea745e6cef2ca","EC_0002.jpg"
"7320",1.958333333,2.752,"5f8cbc5c355ea745e6cef2ca","EC_0061.jpg"
"7321",6.020833333,3.4851,"5f8cbc5c355ea745e6cef2ca","EC_0210.jpg"
"7322",3.986111111,12.5554,"5f8cbc5c355ea745e6cef2ca","EC_0015.jpg"
"7323",4,29.48,"5f8cbc5c355ea745e6cef2ca","EC_0230.jpg"
"7324",0,21.9466,"5f8cbc5c355ea745e6cef2ca","EC_0095.jpg"
"7325",5.993055556,6.5062,"5f8cbc5c355ea745e6cef2ca","EC_0151.jpg"
"7326",1.986111111,10.4617,"5f8cbc5c355ea745e6cef2ca","EC_0222.jpg"
"7327",2.006944444,4.9755,"5f8cbc5c355ea745e6cef2ca","EC_0001.jpg"
"7328",0.993055556,10.4792,"5f8cbc5c355ea745e6cef2ca","EC_0239.jpg"
"7329",5,9.5969,"5f8cbc5c355ea745e6cef2ca","EC_0134.jpg"
"7330",3,5.5631,"5f8cbc5c355ea745e6cef2ca","EC_0236.jpg"
"7331",5,4.1995,"5f8cbc5c355ea745e6cef2ca","EC_0205.jpg"
"7332",5,7.0243,"5f8cbc5c355ea745e6cef2ca","EC_0188.jpg"
"7333",5,10.3923,"5f8cbc5c355ea745e6cef2ca","EC_0056.jpg"
"7334",4.013888889,3.6296,"5f8cbc5c355ea745e6cef2ca","EC_0158.jpg"
"7335",6.006944444,7.7244,"5f8cbc5c355ea745e6cef2ca","EC_0044.jpg"
"7336",0.972222222,8.0491,"5f8cbc5c355ea745e6cef2ca","EC_0019.jpg"
"7337",1.979166667,3.4259,"5f8cbc5c355ea745e6cef2ca","EC_0180.jpg"
"7338",8.013888889,4.0539,"5f8cbc5c355ea745e6cef2ca","EC_0136.jpg"
"7339",2,4.4173,"5f8cbc5c355ea745e6cef2ca","EC_0244.jpg"
"7340",1.013888889,3.9547,"5f8cbc5c355ea745e6cef2ca","EC_0238.jpg"
"7341",0.020833333,3.5831,"5f8cbc5c355ea745e6cef2ca","EC_0173.jpg"
"7342",7.986111111,3.4291,"5f8cbc5c355ea745e6cef2ca","EC_0051.jpg"
"7343",3.986111111,7.5123,"5f8cbc5c355ea745e6cef2ca","EC_0177.jpg"
"7344",0.993055556,5.6566,"5f8cbc5c355ea745e6cef2ca","EC_0005.jpg"
"7345",3,11.1623,"5f8cbc5c355ea745e6cef2ca","EC_0207.jpg"
"7346",5,13.6144,"5f8cbc5c355ea745e6cef2ca","EC_0118.jpg"
"7347",5.993055556,15.2764,"5f8cbc5c355ea745e6cef2ca","EC_0060.jpg"
"7348",3.972222222,10.2613,"5f8cbc5c355ea745e6cef2ca","EC_0050.jpg"
"7349",7.993055556,12.9506,"5f8cbc5c355ea745e6cef2ca","EC_0159.jpg"
"7350",3.993055556,11.634,"5f8cbc5c355ea745e6cef2ca","EC_0040.jpg"
"7351",7.342592875,4.7779,"5f90869547ff2e159dd64902","EC_0168.jpeg"
"7352",5.453703845,3.5925,"5f90869547ff2e159dd64902","EC_0170.jpg"
"7353",2.416666525,3.4055,"5f90869547ff2e159dd64902","EC_0213.jpg"
"7354",7.537037178,3.9054,"5f90869547ff2e159dd64902","EC_0104.jpg"
"7355",8.546296579,3.3432,"5f90869547ff2e159dd64902","EC_0119.jpg"
"7356",8.43518575,3.1103,"5f90869547ff2e159dd64902","EC_0086.jpg"
"7357",8.740741588,3.1733,"5f90869547ff2e159dd64902","EC_0041.jpg"
"7358",6.490740599,5.2758,"5f90869547ff2e159dd64902","EC_0036.jpeg"
"7359",6.62037037,3.426,"5f90869547ff2e159dd64902","EC_0131.jpg"
"7360",5.37037037,3.5109,"5f90869547ff2e159dd64902","EC_0151.jpg"
"7361",7.435185468,3.6888,"5f90869547ff2e159dd64902","EC_0079.jpg"
"7362",7.23148134,6.9172,"5f90869547ff2e159dd64902","EC_0037.jpg"
"7363",8.000000848,3.2633,"5f90869547ff2e159dd64902","EC_0010.jpg"
"7364",5.379629488,2.7511,"5f90869547ff2e159dd64902","EC_0012.jpg"
"7365",5.870370512,3.325,"5f90869547ff2e159dd64902","EC_0048.jpg"
"7366",8.509260107,2.7591,"5f90869547ff2e159dd64902","EC_0123.jpeg"
"7367",5.814815097,3.8298,"5f90869547ff2e159dd64902","EC_0231.jpg"
"7368",6.185185468,3.1164,"5f90869547ff2e159dd64902","EC_0064.jpg"
"7369",4.611111394,3.4872,"5f90869547ff2e159dd64902","EC_0226.jpg"
"7370",3.981481481,3.7489,"5f90869547ff2e159dd64902","EC_0109.jpg"
"7371",5.018518942,2.5107,"5f90869547ff2e159dd64902","EC_0040.jpg"
"7372",5.787037037,3.1159,"5f90869547ff2e159dd64902","EC_0083.jpg"
"7373",7.23148134,4.0884,"5f90869547ff2e159dd64902","EC_0117.jpg"
"7374",7.398148289,2.8825,"5f90869547ff2e159dd64902","EC_0014.jpg"
"7375",7.185185044,5.382,"5f90869547ff2e159dd64902","EC_0163.jpg"
"7376",5.148148007,2.9659,"5f90869547ff2e159dd64902","EC_0234.jpg"
"7377",4.36111097,3.5789,"5f90869547ff2e159dd64902","EC_0164.jpg"
"7378",7.611111535,2.7451,"5f90869547ff2e159dd64902","EC_0087.jpg"
"7379",7.277777636,3.8254,"5f90869547ff2e159dd64902","EC_0095.jpg"
"7380",3.981481481,3.083,"5f90869547ff2e159dd64902","EC_0182.jpg"
"7381",5.064815239,5.1458,"5f90869547ff2e159dd64902","EC_0059.jpg"
"7382",5.888888748,2.2294,"5f90869547ff2e159dd64902","EC_0101.jpg"
"7383",6.648148431,3.2822,"5f90869547ff2e159dd64902","EC_0033.jpeg"
"7384",7.555555414,2.7719,"5f90869547ff2e159dd64902","EC_0009.jpg"
"7385",8.018519084,4.4976,"5f90869547ff2e159dd64902","EC_0239.jpg"
"7386",7.453703704,3.8247,"5f90869547ff2e159dd64902","EC_0118.jpg"
"7387",7.592592593,3.8395,"5f90869547ff2e159dd64902","EC_0034.jpg"
"7388",3.500000283,2.8092,"5f90869547ff2e159dd64902","EC_0233.jpg"
"7389",6.657407549,2.2621,"5f90869547ff2e159dd64902","EC_0211.jpg"
"7390",5.749999859,3.5548,"5f90869547ff2e159dd64902","EC_0159.jpg"
"7391",3.67592635,3.5082,"5f90869547ff2e159dd64902","EC_0113.jpg"
"7392",6.092592875,2.4046,"5f90869547ff2e159dd64902","EC_0198.jpg"
"7393",5.731481623,2.8638,"5f90869547ff2e159dd64902","EC_0230.jpg"
"7394",6.000000283,3.1909,"5f90869547ff2e159dd64902","EC_0206.png"
"7395",5.805555979,3.4216,"5f90869547ff2e159dd64902","EC_0055.jpg"
"7396",4.740741165,2.9257,"5f90869547ff2e159dd64902","EC_0088.jpg"
"7397",2.842593016,2.3236,"5f90869547ff2e159dd64902","EC_0214.jpg"
"7398",6.370370653,2.7227,"5f90869547ff2e159dd64902","EC_0242.jpg"
"7399",6.851851852,4.7562,"5f90869547ff2e159dd64902","EC_0181.jpg"
"7400",5.564814674,2.9819,"5f90869547ff2e159dd64902","EC_0224.jpg"
"7401",7.15740769,2.8633,"5f90869547ff2e159dd64902","EC_0247.jpg"
"7402",7.685185185,2.9039,"5f90869547ff2e159dd64902","EC_0249.jpg"
"7403",6.046296579,3.2737,"5f90869547ff2e159dd64902","EC_0222.jpg"
"7404",7.657407831,3.062,"5f90869547ff2e159dd64902","EC_0081.jpg"
"7405",1.777777848,2.7775,"5f90869547ff2e159dd64902","EC_0162.jpg"
"7406",6.583333192,2.8256,"5f90869547ff2e159dd64902","EC_0240.jpg"
"7407",5.490741023,3.3719,"5f90869547ff2e159dd64902","EC_0134.jpg"
"7408",7.037037037,2.6047,"5f90869547ff2e159dd64902","EC_0102.jpg"
"7409",5.203704128,4.2229,"5f90869547ff2e159dd64902","EC_0111.jpg"
"7410",5.092592593,2.838,"5f90869547ff2e159dd64902","EC_0195.jpg"
"7411",7.379630053,2.6547,"5f90869547ff2e159dd64902","EC_0157.jpg"
"7412",7.194444868,3.1127,"5f90869547ff2e159dd64902","EC_0092.jpg"
"7413",7.083333333,2.4,"5f90869547ff2e159dd64902","EC_0132.jpg"
"7414",6.870370794,2.3591,"5f90869547ff2e159dd64902","EC_0180.jpg"
"7415",7.52777806,2.5499,"5f90869547ff2e159dd64902","EC_0205.jpg"
"7416",5.98148134,4.343,"5f90869547ff2e159dd64902","EC_0128.jpeg"
"7417",5.833333333,2.5759,"5f90869547ff2e159dd64902","EC_0154.jpg"
"7418",7.222222222,2.6408,"5f90869547ff2e159dd64902","EC_0174.jpg"
"7419",4.907407407,3.3429,"5f90869547ff2e159dd64902","EC_0227.jpg"
"7420",7.388889171,2.6242,"5f90869547ff2e159dd64902","EC_0098.jpg"
"7421",1.824074145,3.4064,"5f90869547ff2e159dd64902","EC_0194.jpg"
"7422",7.074074215,3.0259,"5f90869547ff2e159dd64902","EC_0171.jpg"
"7423",6.796296438,2.5609,"5f90869547ff2e159dd64902","EC_0046.jpg"
"7424",7.361111111,3.3158,"5f90869547ff2e159dd64902","EC_0173.jpg"
"7425",6.88888903,3.1792,"5f90869547ff2e159dd64902","EC_0065.jpg"
"7426",5.916666808,2.8637,"5f90869547ff2e159dd64902","EC_0232.jpg"
"7427",6.51851866,2.1896,"5f90869547ff2e159dd64902","EC_0007.jpg"
"7428",6.759259259,2.138,"5f90869547ff2e159dd64902","EC_0160.jpg"
"7429",5.87962963,2.328,"5f90869547ff2e159dd64902","EC_0187.jpeg"
"7430",5.564814674,2.6262,"5f90869547ff2e159dd64902","EC_0053.jpg"
"7431",5.805555979,3.2148,"5f90869547ff2e159dd64902","EC_0049.jpg"
"7432",5.990741165,2.1628,"5f90869547ff2e159dd64902","EC_0061.jpg"
"7433",1.018518519,3.1113,"5f90869547ff2e159dd64902","EC_0161.jpg"
"7434",6.046296579,3.0127,"5f90869547ff2e159dd64902","EC_0094.jpg"
"7435",5.749999859,3.3002,"5f90869547ff2e159dd64902","EC_0176.jpg"
"7436",5.675926208,5.2648,"5f90869547ff2e159dd64902","EC_0097.jpg"
"7437",6.240740882,2.4441,"5f90869547ff2e159dd64902","EC_0054.jpg"
"7438",6.694444727,3.1718,"5f90869547ff2e159dd64902","EC_0141.jpg"
"7439",7.138888748,2.0937,"5f90869547ff2e159dd64902","EC_0167.jpg"
"7440",6.898148148,2.8158,"5f90869547ff2e159dd64902","EC_0244.jpg"
"7441",6.555555838,2.9307,"5f90869547ff2e159dd64902","EC_0016.jpg"
"7442",7.064815097,2.5166,"5f90869547ff2e159dd64902","EC_0228.jpg"
"7443",7.388889171,4.7748,"5f90869547ff2e159dd64902","EC_0067.jpg"
"7444",7.546296296,3.0743,"5f90869547ff2e159dd64902","EC_0156.jpg"
"7445",8.055555556,3.6545,"5f90869547ff2e159dd64902","EC_0207.jpg"
"7446",5.02777806,4.6115,"5f90869547ff2e159dd64902","EC_0042.jpg"
"7447",6.157407407,2.809,"5f90869547ff2e159dd64902","EC_0069.jpg"
"7448",5.777777919,2.8464,"5f90869547ff2e159dd64902","EC_0133.jpg"
"7449",7.240741165,3.3395,"5f90869547ff2e159dd64902","EC_0008.jpg"
"7450",8.03703732,3.2943,"5f90869547ff2e159dd64902","EC_0084.jpg"
"7451",7.12962963,2.409,"5f90869547ff2e159dd64902","EC_0120.jpg"
"7452",7.42592635,4.1661,"5f90869547ff2e159dd64902","EC_0063.jpg"
"7453",6.824074498,2.5585,"5f90869547ff2e159dd64902","EC_0006.jpg"
"7454",6.555555838,3.3765,"5f90869547ff2e159dd64902","EC_0090.jpg"
"7455",5.648148148,2.9372,"5f90869547ff2e159dd64902","EC_0085.jpg"
"7456",8.009259259,3.2816,"5f90869547ff2e159dd64902","EC_0031.jpg"
"7457",6.361111535,2.5006,"5f90869547ff2e159dd64902","EC_0136.jpg"
"7458",3.611111111,2.8102,"5f90869547ff2e159dd64902","EC_0020.jpg"
"7459",7.138888748,2.9091,"5f90869547ff2e159dd64902","EC_0209.jpg"
"7460",5.888888748,3.0739,"5f90869547ff2e159dd64902","EC_0100.jpg"
"7461",5.046296296,3.4128,"5f90869547ff2e159dd64902","EC_0124.jpeg"
"7462",6.009259401,2.1787,"5f90869547ff2e159dd64902","EC_0248.jpg"
"7463",2.953703845,2.312,"5f90869547ff2e159dd64902","EC_0184.jpg"
"7464",7.009259683,3.8559,"5f90869547ff2e159dd64902","EC_0072.jpg"
"7465",6.685185609,2.7756,"5f90869547ff2e159dd64902","EC_0080.jpg"
"7466",4.740741165,3.5249,"5f90869547ff2e159dd64902","EC_0056.jpg"
"7467",7.240741165,2.7295,"5f90869547ff2e159dd64902","EC_0050.jpg"
"7468",7.064815097,2.4211,"5f90869547ff2e159dd64902","EC_0115.jpg"
"7469",3.416666808,4.2156,"5f90869547ff2e159dd64902","EC_0169.png"
"7470",6.611111252,2.4915,"5f90869547ff2e159dd64902","EC_0229.jpg"
"7471",6.583333192,2.7746,"5f90869547ff2e159dd64902","EC_0238.jpg"
"7472",6.925926208,2.6918,"5f90869547ff2e159dd64902","EC_0038.jpg"
"7473",5.157407831,4.155,"5f90869547ff2e159dd64902","EC_0024.jpg"
"7474",5.583333616,3.4766,"5f90869547ff2e159dd64902","EC_0204.jpg"
"7475",7.074074215,2.8386,"5f90869547ff2e159dd64902","EC_0096.jpg"
"7476",5.63888903,2.404,"5f90869547ff2e159dd64902","EC_0028.jpg"
"7477",6.101851993,2.3566,"5f90869547ff2e159dd64902","EC_0060.jpg"
"7478",6.009259401,2.5614,"5f90869547ff2e159dd64902","EC_0017.jpg"
"7479",5.740740741,3.2574,"5f90869547ff2e159dd64902","EC_0029.jpg"
"7480",6.324074357,2.3215,"5f90869547ff2e159dd64902","EC_0197.jpg"
"7481",6.657407549,2.4752,"5f90869547ff2e159dd64902","EC_0153.jpg"
"7482",6.462963246,3.58,"5f90869547ff2e159dd64902","EC_0193.png"
"7483",7.620370653,2.7044,"5f90869547ff2e159dd64902","EC_0210.jpg"
"7484",3.342592451,7.547,"5f90869547ff2e159dd64902","EC_0129.jpeg"
"7485",7.296296579,2.8396,"5f90869547ff2e159dd64902","EC_0002.jpg"
"7486",5.601851852,3.1211,"5f90869547ff2e159dd64902","EC_0185.jpg"
"7487",5.990741165,2.5538,"5f90869547ff2e159dd64902","EC_0039.jpg"
"7488",6.583333192,2.5073,"5f90869547ff2e159dd64902","EC_0075.jpg"
"7489",5.888888748,2.4986,"5f90869547ff2e159dd64902","EC_0099.jpg"
"7490",6.851851852,2.2713,"5f90869547ff2e159dd64902","EC_0057.jpeg"
"7491",6.296296296,2.5047,"5f90869547ff2e159dd64902","EC_0135.jpg"
"7492",6.500000424,6.5055,"5f90869547ff2e159dd64902","EC_0018.jpg"
"7493",6.907407266,4.3383,"5f90869547ff2e159dd64902","EC_0142.jpg"
"7494",6.212962822,4.1123,"5f90869547ff2e159dd64902","EC_0166.jpg"
"7495",4.898148289,3.0644,"5f90869547ff2e159dd64902","EC_0188.jpg"
"7496",6.842592734,2.4216,"5f90869547ff2e159dd64902","EC_0077.jpg"
"7497",6.009259401,3.1873,"5f90869547ff2e159dd64902","EC_0116.jpg"
"7498",6.712962963,2.6777,"5f90869547ff2e159dd64902","EC_0140.jpg"
"7499",6.879629912,7.9912,"5f90869547ff2e159dd64902","EC_0082.jpg"
"7500",7.259259401,2.6175,"5f90869547ff2e159dd64902","EC_0245.jpg"
"7501",6.037037461,2.1639,"5f90869547ff2e159dd64902","EC_0223.jpg"
"7502",4.28703732,3.8883,"5f90869547ff2e159dd64902","EC_0150.jpg"
"7503",5.500000141,2.106,"5f90869547ff2e159dd64902","EC_0237.jpg"
"7504",4.351851852,2.5296,"5f90869547ff2e159dd64902","EC_0148.jpg"
"7505",5.759259683,2.2249,"5f90869547ff2e159dd64902","EC_0105.jpg"
"7506",5.574074498,2.4924,"5f90869547ff2e159dd64902","EC_0108.jpg"
"7507",6.972222505,3.1576,"5f90869547ff2e159dd64902","EC_0044.jpg"
"7508",6.185185468,3.2116,"5f90869547ff2e159dd64902","EC_0066.jpg"
"7509",5.592592734,2.4976,"5f90869547ff2e159dd64902","EC_0068.jpg"
"7510",5.601851852,2.2384,"5f90869547ff2e159dd64902","EC_0250.jpg"
"7511",5.324074074,3.1832,"5f90869547ff2e159dd64902","EC_0076.jpg"
"7512",6.648148431,2.4715,"5f90869547ff2e159dd64902","EC_0200.png"
"7513",6.564814956,2.8386,"5f90869547ff2e159dd64902","EC_0243.jpg"
"7514",6.361111535,2.376,"5f90869547ff2e159dd64902","EC_0015.jpg"
"7515",3.75,4.0426,"5f90869547ff2e159dd64902","EC_0027.jpg"
"7516",5.175926067,3.1784,"5f90869547ff2e159dd64902","EC_0235.jpg"
"7517",4.037036896,3.0426,"5f90869547ff2e159dd64902","EC_0121.jpg"
"7518",4.981481764,3.0461,"5f90869547ff2e159dd64902","EC_0201.jpg"
"7519",5.490741023,2.0823,"5f90869547ff2e159dd64902","EC_0005.jpg"
"7520",3.685185468,2.3735,"5f90869547ff2e159dd64902","EC_0019.jpg"
"7521",6.54629672,2.1944,"5f90869547ff2e159dd64902","EC_0138.png"
"7522",6.037037461,3.2404,"5f90869547ff2e159dd64902","EC_0070.jpg"
"7523",6.462963246,2.4244,"5f90869547ff2e159dd64902","EC_0032.jpg"
"7524",5.833333333,2.5813,"5f90869547ff2e159dd64902","EC_0001.jpg"
"7525",5.898148572,2.0578,"5f90869547ff2e159dd64902","EC_0062.jpg"
"7526",6.564814956,2.1624,"5f90869547ff2e159dd64902","EC_0137.jpg"
"7527",4.768518519,3.9071,"5f90869547ff2e159dd64902","EC_0203.jpg"
"7528",5.990741165,2.1242,"5f90869547ff2e159dd64902","EC_0221.jpg"
"7529",5.250000424,4.4237,"5f90869547ff2e159dd64902","EC_0106.jpg"
"7530",5.787037037,2.4581,"5f90869547ff2e159dd64902","EC_0202.jpg"
"7531",4.592592451,3.0279,"5f90869547ff2e159dd64902","EC_0183.jpg"
"7532",4.305555556,2.9674,"5f90869547ff2e159dd64902","EC_0241.jpg"
"7533",5.583333616,2.3487,"5f90869547ff2e159dd64902","EC_0177.jpg"
"7534",4.379629912,2.6068,"5f90869547ff2e159dd64902","EC_0196.jpg"
"7535",4.842592875,3.5312,"5f90869547ff2e159dd64902","EC_0236.jpg"
"7536",5.240740599,2.3485,"5f90869547ff2e159dd64902","EC_0011.jpg"
"7537",6.333333475,2.2562,"5f90869547ff2e159dd64902","EC_0152.jpg"
"7538",5.870370512,3.5153,"5f90869547ff2e159dd64902","EC_0071.jpg"
"7539",6.953703562,2.1149,"5f90869547ff2e159dd64902","EC_0073.jpg"
"7540",7.148148572,2.2076,"5f90869547ff2e159dd64902","EC_0139.png"
"7541",3.787037178,2.79,"5f90869547ff2e159dd64902","EC_0165.jpg"
"7542",5.351852134,2.6835,"5f90869547ff2e159dd64902","EC_0158.jpg"
"7543",5.98148134,2.8739,"5f90869547ff2e159dd64902","EC_0093.jpg"
"7544",5.842592451,2.1571,"5f90869547ff2e159dd64902","EC_0058.jpg"
"7545",5.546296438,2.8784,"5f90869547ff2e159dd64902","EC_0149.jpg"
"7546",6.814814674,2.7905,"5f90869547ff2e159dd64902","EC_0074.jpg"
"7547",6.907407266,2.4578,"5f90869547ff2e159dd64902","EC_0103.jpg"
"7548",6.796296438,4.4399,"5f90869547ff2e159dd64902","EC_0013.jpg"
"7549",5.944444868,4.8549,"5f90869547ff2e159dd64902","EC_0022.jpg"
"7550",6.287037178,2.834,"5f90869547ff2e159dd64902","EC_0051.jpg"
"7551",6.296296296,2.1846,"5f90869547ff2e159dd64902","EC_0030.jpg"
"7552",6.592593016,2.1398,"5f90869547ff2e159dd64902","EC_0172.jpg"
"7553",6.046296579,2.3253,"5f90869547ff2e159dd64902","EC_0246.jpg"
"7554",6.203703704,1.9566,"5f90869547ff2e159dd64902","EC_0047.jpg"
"7555",6.898148148,4.0573,"5f90869547ff2e159dd64902","EC_0125.jpeg"
"7556",6.287037178,3.0597,"5f90869547ff2e159dd64902","EC_0199.jpg"
"7557",5.453703845,7.9849,"5f90869547ff2e159dd64902","EC_0147.png"
"7558",6.342592593,4.8846,"5f90869547ff2e159dd64902","EC_0089.jpg"
"7559",6.86111097,2.1299,"5f90869547ff2e159dd64902","EC_0219.jpg"
"7560",6.712962963,2.141,"5f90869547ff2e159dd64902","EC_0003.jpg"
"7561",5.95156842,3.7251,"60d2b326161a622cd363268a","EC_0228.jpg"
"7562",1.925232659,2.8865,"60d2b326161a622cd363268a","EC_0133.jpg"
"7563",0.018508386,2.7781,"60d2b326161a622cd363268a","EC_0161.jpg"
"7564",8.247041968,3.7561,"60d2b326161a622cd363268a","EC_0033.jpeg"
"7565",5.2110935,5.2381,"60d2b326161a622cd363268a","EC_0015.jpg"
"7566",9.024541282,3.6727,"60d2b326161a622cd363268a","EC_0063.jpg"
"7567",9.82980851,3.0542,"60d2b326161a622cd363268a","EC_0113.jpg"
"7568",8.533976066,3.5188,"60d2b326161a622cd363268a","EC_0082.jpg"
"7569",9.922367208,6.5011,"60d2b326161a622cd363268a","EC_0020.jpg"
"7570",0.647912793,2.7609,"60d2b326161a622cd363268a","EC_0244.jpg"
"7571",7.62689366,3.1394,"60d2b326161a622cd363268a","EC_0030.jpg"
"7572",7.765733231,3.402,"60d2b326161a622cd363268a","EC_0066.jpg"
"7573",6.36808561,4.4362,"60d2b326161a622cd363268a","EC_0149.jpg"
"7574",9.857575662,2.8735,"60d2b326161a622cd363268a","EC_0057.jpeg"
"7575",7.488054851,2.9149,"60d2b326161a622cd363268a","EC_0141.jpg"
"7576",4.914902159,3.3183,"60d2b326161a622cd363268a","EC_0111.jpg"
"7577",8.034155133,2.93,"60d2b326161a622cd363268a","EC_0221.jpg"
"7578",3.017433604,2.9295,"60d2b326161a622cd363268a","EC_0068.jpg"
"7579",0.037020202,2.8191,"60d2b326161a622cd363268a","EC_0059.jpg"
"7580",7.913828521,3.3209,"60d2b326161a622cd363268a","EC_0090.jpg"
"7581",1.860441113,4.9694,"60d2b326161a622cd363268a","EC_0134.jpg"
"7582",4.146659325,3.6341,"60d2b326161a622cd363268a","EC_0156.jpg"
"7583",9.977903036,3.0721,"60d2b326161a622cd363268a","EC_0050.jpg"
"7584",9.977903036,2.415,"60d2b326161a622cd363268a","EC_0077.jpg"
"7585",0.379490129,4.4657,"60d2b326161a622cd363268a","EC_0040.jpg"
"7586",6.219990321,2.9352,"60d2b326161a622cd363268a","EC_0105.jpg"
"7587",7.858292692,4.8909,"60d2b326161a622cd363268a","EC_0128.jpeg"
"7588",9.765016964,3.1301,"60d2b326161a622cd363268a","EC_0117.jpg"
"7589",0.851543148,2.6044,"60d2b326161a622cd363268a","EC_0094.jpg"
"7590",4.091123496,2.4367,"60d2b326161a622cd363268a","EC_0172.jpg"
"7591",1.971512389,2.3446,"60d2b326161a622cd363268a","EC_0009.jpg"
"7592",1.508715087,3.0915,"60d2b326161a622cd363268a","EC_0010.jpg"
"7593",8.478441,4.0397,"60d2b326161a622cd363268a","EC_0102.jpg"
"7594",6.682787622,3.4086,"60d2b326161a622cd363268a","EC_0014.jpg"
"7595",3.619070477,24.7627,"60d2b326161a622cd363268a","EC_0137.jpg"
"7596",5.738681585,3.661,"60d2b326161a622cd363268a","EC_0188.jpg"
"7597",0.601632681,3.3973,"60d2b326161a622cd363268a","EC_0051.jpg"
"7598",3.637581912,6.9009,"60d2b326161a622cd363268a","EC_0012.jpg"
"7599",0.583120865,4.3563,"60d2b326161a622cd363268a","EC_0129.jpeg"
"7600",7.784244666,3.8626,"60d2b326161a622cd363268a","EC_0171.jpg"
"7601",8.904213907,2.9389,"60d2b326161a622cd363268a","EC_0124.jpeg"
"7602",0.70344824,2.7176,"60d2b326161a622cd363268a","EC_0187.jpeg"
"7603",7.099304812,2.9123,"60d2b326161a622cd363268a","EC_0213.jpg"
"7604",7.62689366,2.9566,"60d2b326161a622cd363268a","EC_0017.jpg"
"7605",0.527585037,3.4271,"60d2b326161a622cd363268a","EC_0097.jpg"
"7606",1.767881652,5.296,"60d2b326161a622cd363268a","EC_0181.jpg"
"7607",0.694192141,2.4303,"60d2b326161a622cd363268a","EC_0047.jpg"
"7608",0.536841517,3.9756,"60d2b326161a622cd363268a","EC_0041.jpg"
"7609",6.081151511,4.2185,"60d2b326161a622cd363268a","EC_0083.jpg"
"7610",1.536483002,5.0329,"60d2b326161a622cd363268a","EC_0147.png"
"7611",9.876088622,3.6025,"60d2b326161a622cd363268a","EC_0069.jpg"
"7612",8.274809882,2.8799,"60d2b326161a622cd363268a","EC_0118.jpg"
"7613",9.950135885,2.9625,"60d2b326161a622cd363268a","EC_0002.jpg"
"7614",6.377341327,3.1407,"60d2b326161a622cd363268a","EC_0163.jpg"
"7615",2.212166757,3.3462,"60d2b326161a622cd363268a","EC_0019.jpg"
"7616",8.247041968,3.1298,"60d2b326161a622cd363268a","EC_0250.jpg"
"7617",7.987875784,2.832,"60d2b326161a622cd363268a","EC_0031.jpg"
"7618",4.822343461,4.2519,"60d2b326161a622cd363268a","EC_0140.jpg"
"7619",8.108203158,3.4659,"60d2b326161a622cd363268a","EC_0224.jpg"
"7620",9.117101505,2.9034,"60d2b326161a622cd363268a","EC_0238.jpg"
"7621",1.471691456,2.9936,"60d2b326161a622cd363268a","EC_0200.png"
"7622",9.940880168,4.5855,"60d2b326161a622cd363268a","EC_0065.jpg"
"7623",0.388745846,3.1069,"60d2b326161a622cd363268a","EC_0214.jpg"
"7624",9.93162445,3.0092,"60d2b326161a622cd363268a","EC_0096.jpg"
"7625",8.108203158,2.4121,"60d2b326161a622cd363268a","EC_0075.jpg"
"7626",0.092556031,3.8024,"60d2b326161a622cd363268a","EC_0222.jpg"
"7627",9.894600056,4.123,"60d2b326161a622cd363268a","EC_0125.jpeg"
"7628",7.080793378,3.0117,"60d2b326161a622cd363268a","EC_0199.jpg"
"7629",8.385881539,3.7709,"60d2b326161a622cd363268a","EC_0170.jpg"
"7630",0.092556031,2.552,"60d2b326161a622cd363268a","EC_0235.jpg"
"7631",2.165887027,4.9651,"60d2b326161a622cd363268a","EC_0060.jpg"
"7632",7.497310568,2.9354,"60d2b326161a622cd363268a","EC_0101.jpg"
"7633",9.93162445,3.6114,"60d2b326161a622cd363268a","EC_0073.jpg"
"7634",1.055173884,2.8906,"60d2b326161a622cd363268a","EC_0173.jpg"
"7635",9.542873649,3.3803,"60d2b326161a622cd363268a","EC_0098.jpg"
"7636",6.071895032,3.3775,"60d2b326161a622cd363268a","EC_0095.jpg"
"7637",9.885344339,2.7776,"60d2b326161a622cd363268a","EC_0079.jpg"
"7638",7.81201258,2.4063,"60d2b326161a622cd363268a","EC_0248.jpg"
"7639",9.977903036,3.9218,"60d2b326161a622cd363268a","EC_0106.jpg"
"7640",2.573148499,3.4019,"60d2b326161a622cd363268a","EC_0245.jpg"
"7641",7.441774739,3.0477,"60d2b326161a622cd363268a","EC_0011.jpg"
"7642",0.684936043,2.5655,"60d2b326161a622cd363268a","EC_0056.jpg"
"7643",9.903855773,2.7789,"60d2b326161a622cd363268a","EC_0089.jpg"
"7644",0.777495503,3.4594,"60d2b326161a622cd363268a","EC_0154.jpg"
"7645",0.555352951,2.8734,"60d2b326161a622cd363268a","EC_0249.jpg"
"7646",7.608382225,6.3064,"60d2b326161a622cd363268a","EC_0099.jpg"
"7647",0.203627307,3.2441,"60d2b326161a622cd363268a","EC_0071.jpg"
"7648",8.867190275,2.6122,"60d2b326161a622cd363268a","EC_0064.jpg"
"7649",6.692043339,2.6374,"60d2b326161a622cd363268a","EC_0169.png"
"7650",0.027764103,2.5467,"60d2b326161a622cd363268a","EC_0226.jpg"
"7651",9.126357222,3.2871,"60d2b326161a622cd363268a","EC_0207.jpg"
"7652",0.009252669,2.371,"60d2b326161a622cd363268a","EC_0142.jpg"
"7653",7.117817009,3.0463,"60d2b326161a622cd363268a","EC_0086.jpg"
"7654",6.395853524,2.4193,"60d2b326161a622cd363268a","EC_0139.png"
"7655",9.802041358,2.4645,"60d2b326161a622cd363268a","EC_0138.png"
"7656",4.11889141,3.5979,"60d2b326161a622cd363268a","EC_0046.jpg"
"7657",0.111067465,4.1803,"60d2b326161a622cd363268a","EC_0184.jpg"
"7658",2.00853602,3.5458,"60d2b326161a622cd363268a","EC_0093.jpg"
"7659",9.91311149,2.7719,"60d2b326161a622cd363268a","EC_0072.jpg"
"7660",9.996415996,2.5344,"60d2b326161a622cd363268a","EC_0116.jpg"
"7661",1.953000573,53.1343,"60d2b326161a622cd363268a","EC_0197.jpg"
"7662",8.580256177,3.4853,"60d2b326161a622cd363268a","EC_0108.jpg"
"7663",0.462793491,3.3916,"60d2b326161a622cd363268a","EC_0034.jpg"
"7664",4.5354086,2.724,"60d2b326161a622cd363268a","EC_0203.jpg"
"7665",9.542873649,2.8043,"60d2b326161a622cd363268a","EC_0182.jpg"
"7666",0.166603294,2.9458,"60d2b326161a622cd363268a","EC_0165.jpg"
"7667",8.395137257,3.3283,"60d2b326161a622cd363268a","EC_0240.jpg"
"7668",0.120323945,3.5462,"60d2b326161a622cd363268a","EC_0242.jpg"
"7669",7.469542653,4.1776,"60d2b326161a622cd363268a","EC_0151.jpg"
"7670",9.598409478,3.4469,"60d2b326161a622cd363268a","EC_0024.jpg"
"7671",0.018508386,3.4579,"60d2b326161a622cd363268a","EC_0152.jpg"
"7672",0.509073602,3.4826,"60d2b326161a622cd363268a","EC_0201.jpg"
"7673",0.111067465,2.6736,"60d2b326161a622cd363268a","EC_0076.jpg"
"7674",1.221780989,3.811,"60d2b326161a622cd363268a","EC_0219.jpg"
"7675",0.13883538,2.9525,"60d2b326161a622cd363268a","EC_0185.jpg"
"7676",5.442491006,3.1699,"60d2b326161a622cd363268a","EC_0198.jpg"
"7677",9.93162445,2.3042,"60d2b326161a622cd363268a","EC_0211.jpg"
"7678",1.527226903,4.1121,"60d2b326161a622cd363268a","EC_0049.jpg"
"7679",6.210734603,3.0523,"60d2b326161a622cd363268a","EC_0231.jpg"
"7680",1.860441113,2.9443,"60d2b326161a622cd363268a","EC_0176.jpg"
"7681",9.866832904,3.2056,"60d2b326161a622cd363268a","EC_0037.jpg"
"7682",1.86969683,2.797,"60d2b326161a622cd363268a","EC_0166.jpg"
"7683",9.468826386,4.4061,"60d2b326161a622cd363268a","EC_0120.jpg"
"7684",7.016001832,2.5763,"60d2b326161a622cd363268a","EC_0232.jpg"
"7685",0.129579662,2.7643,"60d2b326161a622cd363268a","EC_0136.jpg"
"7686",7.673173771,2.6979,"60d2b326161a622cd363268a","EC_0119.jpg"
"7687",0.083299932,2.3885,"60d2b326161a622cd363268a","EC_0088.jpg"
"7688",0.453537773,3.1943,"60d2b326161a622cd363268a","EC_0001.jpg"
"7689",9.237427354,2.5145,"60d2b326161a622cd363268a","EC_0003.jpg"
"7690",7.349215279,1.8961,"60d2b326161a622cd363268a","EC_0180.jpg"
"7691",5.590586295,2.4293,"60d2b326161a622cd363268a","EC_0233.jpg"
"7692",6.543948813,2.9327,"60d2b326161a622cd363268a","EC_0168.jpeg"
"7693",7.432519022,3.0536,"60d2b326161a622cd363268a","EC_0210.jpg"
"7694",9.959391602,3.1691,"60d2b326161a622cd363268a","EC_0234.jpg"
"7695",4.165170759,3.412,"60d2b326161a622cd363268a","EC_0153.jpg"
"7696",1.647554278,3.9008,"60d2b326161a622cd363268a","EC_0029.jpg"
"7697",9.848319945,2.6479,"60d2b326161a622cd363268a","EC_0006.jpg"
"7698",6.914185892,3.0514,"60d2b326161a622cd363268a","EC_0135.jpg"
"7699",2.360262046,3.9443,"60d2b326161a622cd363268a","EC_0070.jpg"
"7700",6.145943057,3.0808,"60d2b326161a622cd363268a","EC_0013.jpg"
"7701",4.44284914,3.0337,"60d2b326161a622cd363268a","EC_0247.jpg"
"7702",0.148091859,3.0038,"60d2b326161a622cd363268a","EC_0084.jpg"
"7703",9.977903036,2.5934,"60d2b326161a622cd363268a","EC_0132.jpg"
"7704",7.099304812,2.7469,"60d2b326161a622cd363268a","EC_0164.jpg"
"7705",8.969005453,2.4393,"60d2b326161a622cd363268a","EC_0028.jpg"
"7706",9.903855773,2.3204,"60d2b326161a622cd363268a","EC_0058.jpg"
"7707",0.222139123,3.4532,"60d2b326161a622cd363268a","EC_0005.jpg"
"7708",0.222139123,2.1997,"60d2b326161a622cd363268a","EC_0206.png"
"7709",0.092556031,3.0365,"60d2b326161a622cd363268a","EC_0038.jpg"
"7710",0.092556031,2.1382,"60d2b326161a622cd363268a","EC_0055.jpg"
"7711",6.655019708,4.9336,"60d2b326161a622cd363268a","EC_0087.jpg"
"7712",9.977903036,4.2327,"60d2b326161a622cd363268a","EC_0160.jpg"
"7713",0.518329319,6.0512,"60d2b326161a622cd363268a","EC_0241.jpg"
"7714",6.071895032,4.5353,"60d2b326161a622cd363268a","EC_0016.jpg"
"7715",7.960107869,2.6401,"60d2b326161a622cd363268a","EC_0104.jpg"
"7716",0.842287431,3.4123,"60d2b326161a622cd363268a","EC_0230.jpg"
"7717",0.268418853,2.8945,"60d2b326161a622cd363268a","EC_0121.jpg"
"7718",3.18404109,3.7652,"60d2b326161a622cd363268a","EC_0039.jpg"
"7719",9.422546275,3.6761,"60d2b326161a622cd363268a","EC_0223.jpg"
"7720",3.637581912,8.2054,"60d2b326161a622cd363268a","EC_0209.jpg"
"7721",1.851185014,8.7124,"60d2b326161a622cd363268a","EC_0159.jpg"
"7722",0.129579662,6.9701,"60d2b326161a622cd363268a","EC_0053.jpg"
"7723",6.821626431,3.8374,"60d2b326161a622cd363268a","EC_0239.jpg"
"7724",8.802398729,4.6681,"60d2b326161a622cd363268a","EC_0032.jpg"
"7725",0.074043834,3.1376,"60d2b326161a622cd363268a","EC_0195.jpg"
"7726",0.370234412,3.3044,"60d2b326161a622cd363268a","EC_0042.jpg"
"7727",9.663201024,2.7708,"60d2b326161a622cd363268a","EC_0158.jpg"
"7728",1.064429983,2.7149,"60d2b326161a622cd363268a","EC_0048.jpg"
"7729",1.064429983,17.3571,"60d2b326161a622cd363268a","EC_0150.jpg"
"7730",0.203627307,2.8775,"60d2b326161a622cd363268a","EC_0054.jpg"
"7731",0.074043834,2.4908,"60d2b326161a622cd363268a","EC_0196.jpg"
"7732",9.700225418,2.8983,"60d2b326161a622cd363268a","EC_0092.jpg"
"7733",8.65430344,3.0328,"60d2b326161a622cd363268a","EC_0109.jpg"
"7734",0.055532018,2.6708,"60d2b326161a622cd363268a","EC_0131.jpg"
"7735",0.055532018,2.0513,"60d2b326161a622cd363268a","EC_0183.jpg"
"7736",8.154482507,2.8523,"60d2b326161a622cd363268a","EC_0123.jpeg"
"7737",8.487696717,2.377,"60d2b326161a622cd363268a","EC_0227.jpg"
"7738",7.682429488,2.2718,"60d2b326161a622cd363268a","EC_0229.jpg"
"7739",9.72799257,2.3724,"60d2b326161a622cd363268a","EC_0205.jpg"
"7740",2.110351579,2.4983,"60d2b326161a622cd363268a","EC_0202.jpg"
"7741",8.57100046,5.2279,"60d2b326161a622cd363268a","EC_0061.jpg"
"7742",0.101811748,15.0194,"60d2b326161a622cd363268a","EC_0162.jpg"
"7743",0.101811748,2.4093,"60d2b326161a622cd363268a","EC_0085.jpg"
"7744",1.379131995,3.0669,"60d2b326161a622cd363268a","EC_0193.png"
"7745",1.425411725,10.4069,"60d2b326161a622cd363268a","EC_0115.jpg"
"7746",5.886776874,3.607,"60d2b326161a622cd363268a","EC_0148.jpg"
"7747",9.91311149,7.0855,"60d2b326161a622cd363268a","EC_0008.jpg"
"7748",0,7.0674,"60d2b326161a622cd363268a","EC_0204.jpg"
"7749",9.996415996,5.3568,"60d2b326161a622cd363268a","EC_0194.jpg"
"7750",7.108561292,3.1599,"60d2b326161a622cd363268a","EC_0067.jpg"
"7751",9.950135885,7.6762,"60d2b326161a622cd363268a","EC_0027.jpg"
"7752",8.774630815,2.5814,"60d2b326161a622cd363268a","EC_0007.jpg"
"7753",7.849036212,4.6881,"60d2b326161a622cd363268a","EC_0080.jpg"
"7754",9.959391602,30.8455,"60d2b326161a622cd363268a","EC_0022.jpg"
"7755",9.718736853,2.4801,"60d2b326161a622cd363268a","EC_0036.jpeg"
"7756",9.959391602,14.4846,"60d2b326161a622cd363268a","EC_0018.jpg"
"7757",7.016001832,18.2675,"60d2b326161a622cd363268a","EC_0044.jpg"
"7758",8.617279809,4.0394,"60d2b326161a622cd363268a","EC_0246.jpg"
"7759",9.857575662,12.2671,"60d2b326161a622cd363268a","EC_0074.jpg"
"7760",6.701299819,17.0977,"60d2b326161a622cd363268a","EC_0100.jpg"
"7761",0.037020202,10.2686,"60d2b326161a622cd363268a","EC_0243.jpg"
"7762",0.212883024,3.0311,"60d2b326161a622cd363268a","EC_0174.jpg"
"7763",7.515822765,9.5627,"60d2b326161a622cd363268a","EC_0081.jpg"
"7764",5.035229534,2.6038,"60d2b326161a622cd363268a","EC_0237.jpg"
"7765",7.367727476,2.3567,"60d2b326161a622cd363268a","EC_0177.jpg"
"7766",9.774272681,3.0142,"60d2b326161a622cd363268a","EC_0103.jpg"
"7767",8.700583552,3.1027,"60d2b326161a622cd363268a","EC_0157.jpg"
"7768",7.275168016,3.4871,"60d2b326161a622cd363268a","EC_0236.jpg"
"7769",1.656810376,3.6714,"60d2b326161a622cd363268a","EC_0062.jpg"
"7770",9.431803517,2.5688,"60d2b326161a622cd363268a","EC_0167.jpg"
"7771",7.905092593,2.892,"60debc4045d5ce331ba7647c","EC_0242.jpg"
"7772",8.946759259,2.843,"60debc4045d5ce331ba7647c","EC_0135.jpg"
"7773",5.902777778,4.237,"60debc4045d5ce331ba7647c","EC_0010.jpg"
"7774",6.041666667,6.121,"60debc4045d5ce331ba7647c","EC_0131.jpg"
"7775",5.949074074,75.106,"60debc4045d5ce331ba7647c","EC_0205.jpg"
"7776",6.886574074,4.22,"60debc4045d5ce331ba7647c","EC_0070.jpg"
"7777",8.356481481,2.768,"60debc4045d5ce331ba7647c","EC_0102.jpg"
"7778",5.162037037,3.76,"60debc4045d5ce331ba7647c","EC_0152.jpg"
"7779",7.175925926,3.572,"60debc4045d5ce331ba7647c","EC_0196.jpg"
"7780",6.909722222,5.222,"60debc4045d5ce331ba7647c","EC_0075.jpg"
"7781",6.944444444,3.04,"60debc4045d5ce331ba7647c","EC_0139.png"
"7782",6.967592593,2.682,"60debc4045d5ce331ba7647c","EC_0039.jpg"
"7783",5.844907407,6.587,"60debc4045d5ce331ba7647c","EC_0065.jpg"
"7784",7.858796296,3.469,"60debc4045d5ce331ba7647c","EC_0082.jpg"
"7785",9.039351852,6.107,"60debc4045d5ce331ba7647c","EC_0231.jpg"
"7786",7.060185185,2.544,"60debc4045d5ce331ba7647c","EC_0233.jpg"
"7787",6.967592593,3.347,"60debc4045d5ce331ba7647c","EC_0084.jpg"
"7788",7.048611111,5.351,"60debc4045d5ce331ba7647c","EC_0188.jpg"
"7789",5.9375,5.001,"60debc4045d5ce331ba7647c","EC_0040.jpg"
"7790",5.462962963,4.156,"60debc4045d5ce331ba7647c","EC_0240.jpg"
"7791",6.967592593,9.554,"60debc4045d5ce331ba7647c","EC_0169.png"
"7792",9.212962963,3.811,"60debc4045d5ce331ba7647c","EC_0174.jpg"
"7793",6.041666667,3.595,"60debc4045d5ce331ba7647c","EC_0009.jpg"
"7794",6.215277778,3.511,"60debc4045d5ce331ba7647c","EC_0167.jpg"
"7795",8.599537037,2.877,"60debc4045d5ce331ba7647c","EC_0160.jpg"
"7796",5.462962963,5.008,"60debc4045d5ce331ba7647c","EC_0165.jpg"
"7797",7.013888889,2.726,"60debc4045d5ce331ba7647c","EC_0050.jpg"
"7798",7.939814815,4.144,"60debc4045d5ce331ba7647c","EC_0176.jpg"
"7799",4.305555556,4.948,"60debc4045d5ce331ba7647c","EC_0181.jpg"
"7800",7.743055556,3.977,"60debc4045d5ce331ba7647c","EC_0173.jpg"
"7801",7.916666667,3.927,"60debc4045d5ce331ba7647c","EC_0020.jpg"
"7802",8.900462963,7.66,"60debc4045d5ce331ba7647c","EC_0093.jpg"
"7803",8.263888889,3.552,"60debc4045d5ce331ba7647c","EC_0193.png"
"7804",8.032407407,2.739,"60debc4045d5ce331ba7647c","EC_0141.jpg"
"7805",7.071759259,2.825,"60debc4045d5ce331ba7647c","EC_0061.jpg"
"7806",7.141203704,2.921,"60debc4045d5ce331ba7647c","EC_0074.jpg"
"7807",6.203703704,3.205,"60debc4045d5ce331ba7647c","EC_0085.jpg"
"7808",9.444444444,2.848,"60debc4045d5ce331ba7647c","EC_0137.jpg"
"7809",7.025462963,2.51,"60debc4045d5ce331ba7647c","EC_0057.jpeg"
"7810",8.06712963,2.931,"60debc4045d5ce331ba7647c","EC_0080.jpg"
"7811",9.409722222,6.419,"60debc4045d5ce331ba7647c","EC_0117.jpg"
"7812",6.851851852,3.472,"60debc4045d5ce331ba7647c","EC_0013.jpg"
"7813",8.020833333,2.89,"60debc4045d5ce331ba7647c","EC_0105.jpg"
"7814",6.134259259,6.292,"60debc4045d5ce331ba7647c","EC_0164.jpg"
"7815",5.787037037,3.121,"60debc4045d5ce331ba7647c","EC_0089.jpg"
"7816",5.740740741,2.559,"60debc4045d5ce331ba7647c","EC_0049.jpg"
"7817",5.659722222,2.823,"60debc4045d5ce331ba7647c","EC_0128.jpeg"
"7818",4.131944444,2.725,"60debc4045d5ce331ba7647c","EC_0024.jpg"
"7819",7.696759259,2.981,"60debc4045d5ce331ba7647c","EC_0007.jpg"
"7820",7.974537037,4.252,"60debc4045d5ce331ba7647c","EC_0133.jpg"
"7821",6.493055556,3.167,"60debc4045d5ce331ba7647c","EC_0187.jpeg"
"7822",6.967592593,4.414,"60debc4045d5ce331ba7647c","EC_0147.png"
"7823",7.094907407,11.579,"60debc4045d5ce331ba7647c","EC_0090.jpg"
"7824",7.986111111,3.974,"60debc4045d5ce331ba7647c","EC_0003.jpg"
"7825",7.708333333,3.374,"60debc4045d5ce331ba7647c","EC_0138.png"
"7826",8.900462963,4.064,"60debc4045d5ce331ba7647c","EC_0030.jpg"
"7827",5.243055556,23.985,"60debc4045d5ce331ba7647c","EC_0148.jpg"
"7828",6.979166667,3.009,"60debc4045d5ce331ba7647c","EC_0140.jpg"
"7829",5.138888889,2.595,"60debc4045d5ce331ba7647c","EC_0062.jpg"
"7830",8.125,3.661,"60debc4045d5ce331ba7647c","EC_0157.jpg"
"7831",7.858796296,2.705,"60debc4045d5ce331ba7647c","EC_0056.jpg"
"7832",6.898148148,2.629,"60debc4045d5ce331ba7647c","EC_0031.jpg"
"7833",7.847222222,2.694,"60debc4045d5ce331ba7647c","EC_0232.jpg"
"7834",7.835648148,2.757,"60debc4045d5ce331ba7647c","EC_0121.jpg"
"7835",8.032407407,2.727,"60debc4045d5ce331ba7647c","EC_0172.jpg"
"7836",6.979166667,4.56,"60debc4045d5ce331ba7647c","EC_0064.jpg"
"7837",6.62037037,5.325,"60debc4045d5ce331ba7647c","EC_0060.jpg"
"7838",6.62037037,5.561,"60debc4045d5ce331ba7647c","EC_0170.jpg"
"7839",7.893518519,2.804,"60debc4045d5ce331ba7647c","EC_0008.jpg"
"7840",5.069444444,4.386,"60debc4045d5ce331ba7647c","EC_0134.jpg"
"7841",5.092592593,3.095,"60debc4045d5ce331ba7647c","EC_0036.jpeg"
"7842",6.134259259,2.377,"60debc4045d5ce331ba7647c","EC_0095.jpg"
"7843",6.990740741,2.829,"60debc4045d5ce331ba7647c","EC_0044.jpg"
"7844",7.939814815,2.613,"60debc4045d5ce331ba7647c","EC_0223.jpg"
"7845",8.865740741,2.97,"60debc4045d5ce331ba7647c","EC_0156.jpg"
"7846",7.986111111,3.527,"60debc4045d5ce331ba7647c","EC_0163.jpg"
"7847",8.773148148,2.662,"60debc4045d5ce331ba7647c","EC_0226.jpg"
"7848",5.185185185,2.403,"60debc4045d5ce331ba7647c","EC_0005.jpg"
"7849",6.273148148,3.006,"60debc4045d5ce331ba7647c","EC_0058.jpg"
"7850",4.872685185,3.61,"60debc4045d5ce331ba7647c","EC_0198.jpg"
"7851",8.541666667,2.532,"60debc4045d5ce331ba7647c","EC_0209.jpg"
"7852",7.048611111,3.027,"60debc4045d5ce331ba7647c","EC_0195.jpg"
"7853",5.99537037,7.441,"60debc4045d5ce331ba7647c","EC_0018.jpg"
"7854",7.013888889,3.825,"60debc4045d5ce331ba7647c","EC_0239.jpg"
"7855",7.986111111,2.333,"60debc4045d5ce331ba7647c","EC_0118.jpg"
"7856",6.099537037,3.919,"60debc4045d5ce331ba7647c","EC_0079.jpg"
"7857",7.037037037,2.741,"60debc4045d5ce331ba7647c","EC_0224.jpg"
"7858",5.173611111,3.152,"60debc4045d5ce331ba7647c","EC_0221.jpg"
"7859",6.967592593,2.658,"60debc4045d5ce331ba7647c","EC_0108.jpg"
"7860",9.212962963,4.827,"60debc4045d5ce331ba7647c","EC_0041.jpg"
"7861",6.956018519,3.092,"60debc4045d5ce331ba7647c","EC_0101.jpg"
"7862",7.025462963,3.123,"60debc4045d5ce331ba7647c","EC_0033.jpeg"
"7863",7.986111111,3.496,"60debc4045d5ce331ba7647c","EC_0184.jpg"
"7864",6.967592593,8.716,"60debc4045d5ce331ba7647c","EC_0094.jpg"
"7865",8.009259259,4.008,"60debc4045d5ce331ba7647c","EC_0072.jpg"
"7866",7.928240741,3.673,"60debc4045d5ce331ba7647c","EC_0034.jpg"
"7867",7.106481481,5.418,"60debc4045d5ce331ba7647c","EC_0092.jpg"
"7868",7.002314815,6.096,"60debc4045d5ce331ba7647c","EC_0119.jpg"
"7869",6.967592593,6.486,"60debc4045d5ce331ba7647c","EC_0029.jpg"
"7870",7.013888889,3.956,"60debc4045d5ce331ba7647c","EC_0142.jpg"
"7871",5.046296296,3.617,"60debc4045d5ce331ba7647c","EC_0124.jpeg"
"7872",5.694444444,2.427,"60debc4045d5ce331ba7647c","EC_0219.jpg"
"7873",5.05787037,3.277,"60debc4045d5ce331ba7647c","EC_0125.jpeg"
"7874",5.439814815,2.776,"60debc4045d5ce331ba7647c","EC_0227.jpg"
"7875",7.928240741,3.295,"60debc4045d5ce331ba7647c","EC_0201.jpg"
"7876",6.956018519,3.727,"60debc4045d5ce331ba7647c","EC_0014.jpg"
"7877",6.967592593,3.244,"60debc4045d5ce331ba7647c","EC_0069.jpg"
"7878",7.939814815,3.969,"60debc4045d5ce331ba7647c","EC_0104.jpg"
"7879",7.847222222,4.646,"60debc4045d5ce331ba7647c","EC_0077.jpg"
"7880",5.590277778,4.276,"60debc4045d5ce331ba7647c","EC_0088.jpg"
"7881",5.99537037,3.461,"60debc4045d5ce331ba7647c","EC_0099.jpg"
"7882",5.925925926,3.006,"60debc4045d5ce331ba7647c","EC_0238.jpg"
"7883",8.032407407,2.996,"60debc4045d5ce331ba7647c","EC_0068.jpg"
"7884",8.020833333,4.128,"60debc4045d5ce331ba7647c","EC_0067.jpg"
"7885",8.819444444,5.062,"60debc4045d5ce331ba7647c","EC_0006.jpg"
"7886",7.002314815,4.388,"60debc4045d5ce331ba7647c","EC_0063.jpg"
"7887",7.094907407,4.406,"60debc4045d5ce331ba7647c","EC_0066.jpg"
"7888",5.25462963,4.644,"60debc4045d5ce331ba7647c","EC_0115.jpg"
"7889",6.828703704,3.021,"60debc4045d5ce331ba7647c","EC_0250.jpg"
"7890",7.083333333,3.026,"60debc4045d5ce331ba7647c","EC_0234.jpg"
"7891",8.020833333,3.369,"60debc4045d5ce331ba7647c","EC_0116.jpg"
"7892",8.043981481,3.975,"60debc4045d5ce331ba7647c","EC_0162.jpg"
"7893",7.939814815,4.568,"60debc4045d5ce331ba7647c","EC_0123.jpeg"
"7894",6.956018519,2.349,"60debc4045d5ce331ba7647c","EC_0206.png"
"7895",5.9375,2.489,"60debc4045d5ce331ba7647c","EC_0027.jpg"
"7896",6.828703704,2.811,"60debc4045d5ce331ba7647c","EC_0229.jpg"
"7897",7.766203704,2.545,"60debc4045d5ce331ba7647c","EC_0150.jpg"
"7898",6.145833333,5.361,"60debc4045d5ce331ba7647c","EC_0199.jpg"
"7899",6.956018519,3.046,"60debc4045d5ce331ba7647c","EC_0019.jpg"
"7900",8.078703704,3.125,"60debc4045d5ce331ba7647c","EC_0086.jpg"
"7901",8.865740741,6.944,"60debc4045d5ce331ba7647c","EC_0081.jpg"
"7902",8.611111111,6.679,"60debc4045d5ce331ba7647c","EC_0096.jpg"
"7903",7.997685185,2.752,"60debc4045d5ce331ba7647c","EC_0017.jpg"
"7904",5.023148148,4.406,"60debc4045d5ce331ba7647c","EC_0166.jpg"
"7905",7.87037037,2.888,"60debc4045d5ce331ba7647c","EC_0012.jpg"
"7906",4.62962963,20.42,"60debc4045d5ce331ba7647c","EC_0177.jpg"
"7907",5.972222222,2.287,"60debc4045d5ce331ba7647c","EC_0245.jpg"
"7908",5.810185185,2.51,"60debc4045d5ce331ba7647c","EC_0048.jpg"
"7909",4.884259259,3.593,"60debc4045d5ce331ba7647c","EC_0171.jpg"
"7910",6.076388889,2.81,"60debc4045d5ce331ba7647c","EC_0230.jpg"
"7911",7.106481481,3.439,"60debc4045d5ce331ba7647c","EC_0038.jpg"
"7912",4.409722222,3.975,"60debc4045d5ce331ba7647c","EC_0002.jpg"
"7913",7.013888889,3.769,"60debc4045d5ce331ba7647c","EC_0200.png"
"7914",7.847222222,3.038,"60debc4045d5ce331ba7647c","EC_0248.jpg"
"7915",7.013888889,3.471,"60debc4045d5ce331ba7647c","EC_0015.jpg"
"7916",8.020833333,2.799,"60debc4045d5ce331ba7647c","EC_0047.jpg"
"7917",8.4375,6.74,"60debc4045d5ce331ba7647c","EC_0016.jpg"
"7918",7.928240741,3.524,"60debc4045d5ce331ba7647c","EC_0159.jpg"
"7919",7.013888889,3.862,"60debc4045d5ce331ba7647c","EC_0180.jpg"
"7920",7.013888889,4.622,"60debc4045d5ce331ba7647c","EC_0055.jpg"
"7921",6.400462963,3.607,"60debc4045d5ce331ba7647c","EC_0073.jpg"
"7922",6.412037037,2.266,"60debc4045d5ce331ba7647c","EC_0185.jpg"
"7923",7.256944444,1.988,"60debc4045d5ce331ba7647c","EC_0182.jpg"
"7924",7.013888889,3.554,"60debc4045d5ce331ba7647c","EC_0211.jpg"
"7925",4.490740741,2.675,"60debc4045d5ce331ba7647c","EC_0028.jpg"
"7926",6.93287037,1.841,"60debc4045d5ce331ba7647c","EC_0158.jpg"
"7927",7.986111111,2.318,"60debc4045d5ce331ba7647c","EC_0087.jpg"
"7928",4.791666667,2.921,"60debc4045d5ce331ba7647c","EC_0103.jpg"
"7929",5.949074074,2.213,"60debc4045d5ce331ba7647c","EC_0249.jpg"
"7930",7.013888889,2.829,"60debc4045d5ce331ba7647c","EC_0106.jpg"
"7931",4.780092593,2.845,"60debc4045d5ce331ba7647c","EC_0204.jpg"
"7932",4.837962963,3.356,"60debc4045d5ce331ba7647c","EC_0071.jpg"
"7933",6.747685185,2.728,"60debc4045d5ce331ba7647c","EC_0210.jpg"
"7934",6.770833333,3.073,"60debc4045d5ce331ba7647c","EC_0132.jpg"
"7935",8.009259259,3.81,"60debc4045d5ce331ba7647c","EC_0083.jpg"
"7936",4.652777778,3.461,"60debc4045d5ce331ba7647c","EC_0120.jpg"
"7937",7.511574074,2.846,"60debc4045d5ce331ba7647c","EC_0214.jpg"
"7938",2.55787037,3.284,"60debc4045d5ce331ba7647c","EC_0129.jpeg"
"7939",4.976851852,2.483,"60debc4045d5ce331ba7647c","EC_0235.jpg"
"7940",6.099537037,2.593,"60debc4045d5ce331ba7647c","EC_0213.jpg"
"7941",7.094907407,2.877,"60debc4045d5ce331ba7647c","EC_0059.jpg"
"7942",7.071759259,7.96,"60debc4045d5ce331ba7647c","EC_0246.jpg"
"7943",6.018518519,2.538,"60debc4045d5ce331ba7647c","EC_0032.jpg"
"7944",7.928240741,2.759,"60debc4045d5ce331ba7647c","EC_0046.jpg"
"7945",3.831018519,3.141,"60debc4045d5ce331ba7647c","EC_0161.jpg"
"7946",6.990740741,2.205,"60debc4045d5ce331ba7647c","EC_0244.jpg"
"7947",5.347222222,3.804,"60debc4045d5ce331ba7647c","EC_0151.jpg"
"7948",5.914351852,2.639,"60debc4045d5ce331ba7647c","EC_0001.jpg"
"7949",6.62037037,2.308,"60debc4045d5ce331ba7647c","EC_0042.jpg"
"7950",7.916666667,2.527,"60debc4045d5ce331ba7647c","EC_0022.jpg"
"7951",6.180555556,2.426,"60debc4045d5ce331ba7647c","EC_0243.jpg"
"7952",4.039351852,2.343,"60debc4045d5ce331ba7647c","EC_0154.jpg"
"7953",6.967592593,2.355,"60debc4045d5ce331ba7647c","EC_0207.jpg"
"7954",6.944444444,2.409,"60debc4045d5ce331ba7647c","EC_0113.jpg"
"7955",6.041666667,2.193,"60debc4045d5ce331ba7647c","EC_0153.jpg"
"7956",7.939814815,4.475,"60debc4045d5ce331ba7647c","EC_0111.jpg"
"7957",7.071759259,2.661,"60debc4045d5ce331ba7647c","EC_0197.jpg"
"7958",7.025462963,3.248,"60debc4045d5ce331ba7647c","EC_0149.jpg"
"7959",7.025462963,3.503,"60debc4045d5ce331ba7647c","EC_0054.jpg"
"7960",8.020833333,2.196,"60debc4045d5ce331ba7647c","EC_0203.jpg"
"7961",6.967592593,2.881,"60debc4045d5ce331ba7647c","EC_0053.jpg"
"7962",5.983796296,2.495,"60debc4045d5ce331ba7647c","EC_0237.jpg"
"7963",8.125,2.977,"60debc4045d5ce331ba7647c","EC_0241.jpg"
"7964",6.909722222,4.011,"60debc4045d5ce331ba7647c","EC_0037.jpg"
"7965",7.013888889,2.193,"60debc4045d5ce331ba7647c","EC_0247.jpg"
"7966",4.976851852,3.063,"60debc4045d5ce331ba7647c","EC_0222.jpg"
"7967",6.111111111,2.276,"60debc4045d5ce331ba7647c","EC_0194.jpg"
"7968",6.782407407,2.937,"60debc4045d5ce331ba7647c","EC_0136.jpg"
"7969",5.949074074,4.325,"60debc4045d5ce331ba7647c","EC_0202.jpg"
"7970",3.506944444,2.507,"60debc4045d5ce331ba7647c","EC_0076.jpg"
"7971",8.865740741,3.077,"60debc4045d5ce331ba7647c","EC_0109.jpg"
"7972",7.141203704,2.541,"60debc4045d5ce331ba7647c","EC_0183.jpg"
"7973",5.891203704,2.74,"60debc4045d5ce331ba7647c","EC_0228.jpg"
"7974",7.060185185,2.894,"60debc4045d5ce331ba7647c","EC_0097.jpg"
"7975",7.8125,3.691,"60debc4045d5ce331ba7647c","EC_0100.jpg"
"7976",7.951388889,2.559,"60debc4045d5ce331ba7647c","EC_0051.jpg"
"7977",6.944444444,3.444,"60debc4045d5ce331ba7647c","EC_0011.jpg"
"7978",6.956018519,2.968,"60debc4045d5ce331ba7647c","EC_0168.jpeg"
"7979",4.953703704,3.039,"60debc4045d5ce331ba7647c","EC_0098.jpg"
"7980",7.013888889,3.738,"60debc4045d5ce331ba7647c","EC_0236.jpg"
"7981",2.288888889,2.515,"60fd6618f9a377f54dcdf318","EC_0162.jpg"
"7982",4.4,2.286,"60fd6618f9a377f54dcdf318","EC_0007.jpg"
"7983",0.377777778,2.405,"60fd6618f9a377f54dcdf318","EC_0154.jpg"
"7984",0.522222222,1.469,"60fd6618f9a377f54dcdf318","EC_0097.jpg"
"7985",6.911111111,2.322,"60fd6618f9a377f54dcdf318","EC_0012.jpg"
"7986",5.833333333,2.873,"60fd6618f9a377f54dcdf318","EC_0183.jpg"
"7987",6.622222222,1.941,"60fd6618f9a377f54dcdf318","EC_0160.jpg"
"7988",7.7,2.022,"60fd6618f9a377f54dcdf318","EC_0030.jpg"
"7989",5.411111111,3.089,"60fd6618f9a377f54dcdf318","EC_0016.jpg"
"7990",3.422222222,2.073,"60fd6618f9a377f54dcdf318","EC_0243.jpg"
"7991",2.577777778,1.82,"60fd6618f9a377f54dcdf318","EC_0044.jpg"
"7992",1.833333333,2.571,"60fd6618f9a377f54dcdf318","EC_0227.jpg"
"7993",2.733333333,1.907,"60fd6618f9a377f54dcdf318","EC_0010.jpg"
"7994",3.611111111,1.519,"60fd6618f9a377f54dcdf318","EC_0057.jpeg"
"7995",2.066666667,1.643,"60fd6618f9a377f54dcdf318","EC_0148.jpg"
"7996",1.933333333,1.871,"60fd6618f9a377f54dcdf318","EC_0182.jpg"
"7997",5.444444444,2.439,"60fd6618f9a377f54dcdf318","EC_0236.jpg"
"7998",4.666666667,1.84,"60fd6618f9a377f54dcdf318","EC_0187.jpeg"
"7999",7.033333333,2.021,"60fd6618f9a377f54dcdf318","EC_0134.jpg"
"8000",7.433333333,1.87,"60fd6618f9a377f54dcdf318","EC_0087.jpg"
"8001",3.4,1.802,"60fd6618f9a377f54dcdf318","EC_0037.jpg"
"8002",3.077777778,1.521,"60fd6618f9a377f54dcdf318","EC_0172.jpg"
"8003",8.044444444,2.171,"60fd6618f9a377f54dcdf318","EC_0205.jpg"
"8004",1.611111111,2.888,"60fd6618f9a377f54dcdf318","EC_0199.jpg"
"8005",2.2,2.556,"60fd6618f9a377f54dcdf318","EC_0019.jpg"
"8006",6.544444444,2.122,"60fd6618f9a377f54dcdf318","EC_0136.jpg"
"8007",6.111111111,1.555,"60fd6618f9a377f54dcdf318","EC_0082.jpg"
"8008",2.844444444,1.839,"60fd6618f9a377f54dcdf318","EC_0197.jpg"
"8009",0.855555556,3.02,"60fd6618f9a377f54dcdf318","EC_0059.jpg"
"8010",4.433333333,2.071,"60fd6618f9a377f54dcdf318","EC_0135.jpg"
"8011",3.733333333,1.338,"60fd6618f9a377f54dcdf318","EC_0222.jpg"
"8012",2.511111111,2.221,"60fd6618f9a377f54dcdf318","EC_0180.jpg"
"8013",5.022222222,1.505,"60fd6618f9a377f54dcdf318","EC_0140.jpg"
"8014",8.233333333,2.473,"60fd6618f9a377f54dcdf318","EC_0196.jpg"
"8015",6.377777778,2.271,"60fd6618f9a377f54dcdf318","EC_0009.jpg"
"8016",3.533333333,1.755,"60fd6618f9a377f54dcdf318","EC_0051.jpg"
"8017",2.077777778,2.86,"60fd6618f9a377f54dcdf318","EC_0005.jpg"
"8018",1.944444444,1.552,"60fd6618f9a377f54dcdf318","EC_0166.jpg"
"8019",7.866666667,2.253,"60fd6618f9a377f54dcdf318","EC_0079.jpg"
"8020",2.3,2.422,"60fd6618f9a377f54dcdf318","EC_0034.jpg"
"8021",4,1.237,"60fd6618f9a377f54dcdf318","EC_0068.jpg"
"8022",3.366666667,2.038,"60fd6618f9a377f54dcdf318","EC_0230.jpg"
"8023",2.255555556,1.686,"60fd6618f9a377f54dcdf318","EC_0089.jpg"
"8024",5.366666667,2.008,"60fd6618f9a377f54dcdf318","EC_0080.jpg"
"8025",3.033333333,1.703,"60fd6618f9a377f54dcdf318","EC_0069.jpg"
"8026",1.677777778,3.338,"60fd6618f9a377f54dcdf318","EC_0151.jpg"
"8027",3.744444444,2.036,"60fd6618f9a377f54dcdf318","EC_0061.jpg"
"8028",2.766666667,1.588,"60fd6618f9a377f54dcdf318","EC_0129.jpeg"
"8029",1.822222222,1.869,"60fd6618f9a377f54dcdf318","EC_0119.jpg"
"8030",6.9,2.42,"60fd6618f9a377f54dcdf318","EC_0159.jpg"
"8031",1.433333333,3.271,"60fd6618f9a377f54dcdf318","EC_0141.jpg"
"8032",2.811111111,1.556,"60fd6618f9a377f54dcdf318","EC_0015.jpg"
"8033",4.066666667,1.673,"60fd6618f9a377f54dcdf318","EC_0022.jpg"
"8034",2.966666667,1.82,"60fd6618f9a377f54dcdf318","EC_0056.jpg"
"8035",4.977777778,1.736,"60fd6618f9a377f54dcdf318","EC_0234.jpg"
"8036",3.111111111,1.692,"60fd6618f9a377f54dcdf318","EC_0164.jpg"
"8037",3.655555556,2.337,"60fd6618f9a377f54dcdf318","EC_0098.jpg"
"8038",2.255555556,1.687,"60fd6618f9a377f54dcdf318","EC_0053.jpg"
"8039",1.822222222,1.606,"60fd6618f9a377f54dcdf318","EC_0084.jpg"
"8040",2.644444444,1.674,"60fd6618f9a377f54dcdf318","EC_0244.jpg"
"8041",1.2,2.887,"60fd6618f9a377f54dcdf318","EC_0202.jpg"
"8042",2.066666667,2.303,"60fd6618f9a377f54dcdf318","EC_0238.jpg"
"8043",2.722222222,1.821,"60fd6618f9a377f54dcdf318","EC_0184.jpg"
"8044",7.7,2.338,"60fd6618f9a377f54dcdf318","EC_0058.jpg"
"8045",1.022222222,2.188,"60fd6618f9a377f54dcdf318","EC_0111.jpg"
"8046",2.911111111,1.789,"60fd6618f9a377f54dcdf318","EC_0229.jpg"
"8047",2.111111111,1.753,"60fd6618f9a377f54dcdf318","EC_0095.jpg"
"8048",1.355555556,1.739,"60fd6618f9a377f54dcdf318","EC_0245.jpg"
"8049",3.722222222,1.705,"60fd6618f9a377f54dcdf318","EC_0240.jpg"
"8050",8.888888889,2.237,"60fd6618f9a377f54dcdf318","EC_0156.jpg"
"8051",4.544444444,1.672,"60fd6618f9a377f54dcdf318","EC_0085.jpg"
"8052",3.022222222,1.721,"60fd6618f9a377f54dcdf318","EC_0242.jpg"
"8053",2.333333333,1.57,"60fd6618f9a377f54dcdf318","EC_0209.jpg"
"8054",4.044444444,1.754,"60fd6618f9a377f54dcdf318","EC_0077.jpg"
"8055",4.888888889,1.438,"60fd6618f9a377f54dcdf318","EC_0226.jpg"
"8056",2.511111111,1.586,"60fd6618f9a377f54dcdf318","EC_0066.jpg"
"8057",7.077777778,2.071,"60fd6618f9a377f54dcdf318","EC_0062.jpg"
"8058",6.722222222,2.355,"60fd6618f9a377f54dcdf318","EC_0073.jpg"
"8059",3.511111111,2.402,"60fd6618f9a377f54dcdf318","EC_0232.jpg"
"8060",2.455555556,1.77,"60fd6618f9a377f54dcdf318","EC_0039.jpg"
"8061",7.377777778,2.389,"60fd6618f9a377f54dcdf318","EC_0150.jpg"
"8062",3.311111111,1.754,"60fd6618f9a377f54dcdf318","EC_0067.jpg"
"8063",2.955555556,1.72,"60fd6618f9a377f54dcdf318","EC_0060.jpg"
"8064",7.577777778,2.405,"60fd6618f9a377f54dcdf318","EC_0104.jpg"
"8065",3.5,1.737,"60fd6618f9a377f54dcdf318","EC_0013.jpg"
"8066",2.422222222,1.571,"60fd6618f9a377f54dcdf318","EC_0120.jpg"
"8067",4.266666667,3.922,"60fd6618f9a377f54dcdf318","EC_0235.jpg"
"8068",5.066666667,1.605,"60fd6618f9a377f54dcdf318","EC_0099.jpg"
"8069",6.744444444,1.756,"60fd6618f9a377f54dcdf318","EC_0170.jpg"
"8070",3.833333333,1.755,"60fd6618f9a377f54dcdf318","EC_0103.jpg"
"8071",2.733333333,3.222,"60fd6618f9a377f54dcdf318","EC_0158.jpg"
"8072",7.011111111,2.172,"60fd6618f9a377f54dcdf318","EC_0174.jpg"
"8073",3.255555556,2.989,"60fd6618f9a377f54dcdf318","EC_0128.jpeg"
"8074",2.877777778,2.438,"60fd6618f9a377f54dcdf318","EC_0036.jpeg"
"8075",4.577777778,1.788,"60fd6618f9a377f54dcdf318","EC_0231.jpg"
"8076",7.711111111,2.493,"60fd6618f9a377f54dcdf318","EC_0228.jpg"
"8077",3.555555556,1.921,"60fd6618f9a377f54dcdf318","EC_0031.jpg"
"8078",9.022222222,2.305,"60fd6618f9a377f54dcdf318","EC_0116.jpg"
"8079",7.155555556,1.687,"60fd6618f9a377f54dcdf318","EC_0072.jpg"
"8080",8.011111111,2.888,"60fd6618f9a377f54dcdf318","EC_0008.jpg"
"8081",4.566666667,2.053,"60fd6618f9a377f54dcdf318","EC_0117.jpg"
"8082",8.688888889,2.09,"60fd6618f9a377f54dcdf318","EC_0168.jpeg"
"8083",3.077777778,2.223,"60fd6618f9a377f54dcdf318","EC_0169.png"
"8084",2.944444444,1.575,"60fd6618f9a377f54dcdf318","EC_0125.jpeg"
"8085",2.655555556,1.609,"60fd6618f9a377f54dcdf318","EC_0083.jpg"
"8086",5.455555556,2.305,"60fd6618f9a377f54dcdf318","EC_0138.png"
"8087",3.611111111,1.906,"60fd6618f9a377f54dcdf318","EC_0101.jpg"
"8088",3.411111111,2.938,"60fd6618f9a377f54dcdf318","EC_0248.jpg"
"8089",8.1,3.072,"60fd6618f9a377f54dcdf318","EC_0157.jpg"
"8090",0.966666667,2.686,"60fd6618f9a377f54dcdf318","EC_0201.jpg"
"8091",8.944444444,2.238,"60fd6618f9a377f54dcdf318","EC_0096.jpg"
"8092",9.533333333,2.471,"60fd6618f9a377f54dcdf318","EC_0081.jpg"
"8093",2.433333333,2.256,"60fd6618f9a377f54dcdf318","EC_0121.jpg"
"8094",1.655555556,3.203,"60fd6618f9a377f54dcdf318","EC_0214.jpg"
"8095",2.355555556,1.604,"60fd6618f9a377f54dcdf318","EC_0131.jpg"
"8096",4,1.971,"60fd6618f9a377f54dcdf318","EC_0147.png"
"8097",0.744444444,2.269,"60fd6618f9a377f54dcdf318","EC_0198.jpg"
"8098",0.744444444,1.37,"60fd6618f9a377f54dcdf318","EC_0142.jpg"
"8099",0.744444444,1.555,"60fd6618f9a377f54dcdf318","EC_0200.png"
"8100",2.655555556,1.605,"60fd6618f9a377f54dcdf318","EC_0193.png"
"8101",2.077777778,1.603,"60fd6618f9a377f54dcdf318","EC_0149.jpg"
"8102",2.255555556,1.454,"60fd6618f9a377f54dcdf318","EC_0050.jpg"
"8103",2.266666667,1.504,"60fd6618f9a377f54dcdf318","EC_0161.jpg"
"8104",1.888888889,1.623,"60fd6618f9a377f54dcdf318","EC_0171.jpg"
"8105",5.088888889,2.958,"60fd6618f9a377f54dcdf318","EC_0088.jpg"
"8106",3.366666667,1.569,"60fd6618f9a377f54dcdf318","EC_0249.jpg"
"8107",2.522222222,1.554,"60fd6618f9a377f54dcdf318","EC_0102.jpg"
"8108",2.611111111,1.69,"60fd6618f9a377f54dcdf318","EC_0210.jpg"
"8109",0.822222222,2.652,"60fd6618f9a377f54dcdf318","EC_0221.jpg"
"8110",1.488888889,1.973,"60fd6618f9a377f54dcdf318","EC_0065.jpg"
"8111",1.222222222,1.456,"60fd6618f9a377f54dcdf318","EC_0139.png"
"8112",1.222222222,1.387,"60fd6618f9a377f54dcdf318","EC_0029.jpg"
"8113",3.333333333,1.77,"60fd6618f9a377f54dcdf318","EC_0250.jpg"
"8114",2.844444444,1.836,"60fd6618f9a377f54dcdf318","EC_0204.jpg"
"8115",6.788888889,1.873,"60fd6618f9a377f54dcdf318","EC_0032.jpg"
"8116",3.488888889,2.938,"60fd6618f9a377f54dcdf318","EC_0090.jpg"
"8117",5.433333333,3.921,"60fd6618f9a377f54dcdf318","EC_0011.jpg"
"8118",8.188888889,3.002,"60fd6618f9a377f54dcdf318","EC_0203.jpg"
"8119",8.422222222,2.389,"60fd6618f9a377f54dcdf318","EC_0063.jpg"
"8120",5.233333333,1.906,"60fd6618f9a377f54dcdf318","EC_0181.jpg"
"8121",7.811111111,2.187,"60fd6618f9a377f54dcdf318","EC_0006.jpg"
"8122",6.5,2.171,"60fd6618f9a377f54dcdf318","EC_0108.jpg"
"8123",2.866666667,2.371,"60fd6618f9a377f54dcdf318","EC_0152.jpg"
"8124",2.388888889,1.588,"60fd6618f9a377f54dcdf318","EC_0194.jpg"
"8125",7.655555556,2.754,"60fd6618f9a377f54dcdf318","EC_0070.jpg"
"8126",4.211111111,2.305,"60fd6618f9a377f54dcdf318","EC_0213.jpg"
"8127",2.733333333,1.77,"60fd6618f9a377f54dcdf318","EC_0054.jpg"
"8128",2.266666667,1.536,"60fd6618f9a377f54dcdf318","EC_0047.jpg"
"8129",9.7,2.422,"60fd6618f9a377f54dcdf318","EC_0041.jpg"
"8130",0.611111111,2.287,"60fd6618f9a377f54dcdf318","EC_0038.jpg"
"8131",1.055555556,2.071,"60fd6618f9a377f54dcdf318","EC_0239.jpg"
"8132",1.277777778,1.438,"60fd6618f9a377f54dcdf318","EC_0027.jpg"
"8133",6.866666667,2.055,"60fd6618f9a377f54dcdf318","EC_0100.jpg"
"8134",2.477777778,2.821,"60fd6618f9a377f54dcdf318","EC_0002.jpg"
"8135",1.988888889,1.387,"60fd6618f9a377f54dcdf318","EC_0177.jpg"
"8136",3.144444444,2.272,"60fd6618f9a377f54dcdf318","EC_0132.jpg"
"8137",1.588888889,2.073,"60fd6618f9a377f54dcdf318","EC_0071.jpg"
"8138",9.244444444,2.871,"60fd6618f9a377f54dcdf318","EC_0207.jpg"
"8139",1.3,2.754,"60fd6618f9a377f54dcdf318","EC_0176.jpg"
"8140",0.311111111,2.574,"60fd6618f9a377f54dcdf318","EC_0124.jpeg"
"8141",8.666666667,3.187,"60fd6618f9a377f54dcdf318","EC_0118.jpg"
"8142",8.666666667,2.675,"60fd6618f9a377f54dcdf318","EC_0188.jpg"
"8143",2.433333333,2.538,"60fd6618f9a377f54dcdf318","EC_0020.jpg"
"8144",4.911111111,1.438,"60fd6618f9a377f54dcdf318","EC_0024.jpg"
"8145",2.955555556,1.439,"60fd6618f9a377f54dcdf318","EC_0113.jpg"
"8146",2.4,1.605,"60fd6618f9a377f54dcdf318","EC_0003.jpg"
"8147",1.688888889,1.605,"60fd6618f9a377f54dcdf318","EC_0247.jpg"
"8148",1.444444444,1.67,"60fd6618f9a377f54dcdf318","EC_0165.jpg"
"8149",3.711111111,1.971,"60fd6618f9a377f54dcdf318","EC_0076.jpg"
"8150",3.011111111,1.537,"60fd6618f9a377f54dcdf318","EC_0185.jpg"
"8151",2.588888889,1.756,"60fd6618f9a377f54dcdf318","EC_0093.jpg"
"8152",5.411111111,2.754,"60fd6618f9a377f54dcdf318","EC_0092.jpg"
"8153",6.477777778,1.504,"60fd6618f9a377f54dcdf318","EC_0049.jpg"
"8154",5.855555556,2.22,"60fd6618f9a377f54dcdf318","EC_0106.jpg"
"8155",7.311111111,1.888,"60fd6618f9a377f54dcdf318","EC_0014.jpg"
"8156",1.655555556,2.372,"60fd6618f9a377f54dcdf318","EC_0040.jpg"
"8157",5.433333333,2.053,"60fd6618f9a377f54dcdf318","EC_0048.jpg"
"8158",2.555555556,1.855,"60fd6618f9a377f54dcdf318","EC_0237.jpg"
"8159",1.711111111,1.821,"60fd6618f9a377f54dcdf318","EC_0105.jpg"
"8160",0.788888889,2.638,"60fd6618f9a377f54dcdf318","EC_0206.png"
"8161",6.411111111,2.44,"60fd6618f9a377f54dcdf318","EC_0086.jpg"
"8162",3.677777778,2.355,"60fd6618f9a377f54dcdf318","EC_0163.jpg"
"8163",2.688888889,1.622,"60fd6618f9a377f54dcdf318","EC_0123.jpeg"
"8164",2.311111111,1.49,"60fd6618f9a377f54dcdf318","EC_0115.jpg"
"8165",7.488888889,2.336,"60fd6618f9a377f54dcdf318","EC_0042.jpg"
"8166",6.888888889,2.004,"60fd6618f9a377f54dcdf318","EC_0074.jpg"
"8167",5.622222222,2.155,"60fd6618f9a377f54dcdf318","EC_0133.jpg"
"8168",4.477777778,1.505,"60fd6618f9a377f54dcdf318","EC_0241.jpg"
"8169",3.044444444,1.771,"60fd6618f9a377f54dcdf318","EC_0046.jpg"
"8170",2.333333333,1.519,"60fd6618f9a377f54dcdf318","EC_0018.jpg"
"8171",4.3,1.758,"60fd6618f9a377f54dcdf318","EC_0028.jpg"
"8172",3.455555556,1.654,"60fd6618f9a377f54dcdf318","EC_0219.jpg"
"8173",6.9,2.856,"60fd6618f9a377f54dcdf318","EC_0094.jpg"
"8174",3.333333333,1.822,"60fd6618f9a377f54dcdf318","EC_0017.jpg"
"8175",2.433333333,1.787,"60fd6618f9a377f54dcdf318","EC_0195.jpg"
"8176",1.933333333,2.124,"60fd6618f9a377f54dcdf318","EC_0001.jpg"
"8177",1.677777778,1.607,"60fd6618f9a377f54dcdf318","EC_0055.jpg"
"8178",1.555555556,2.72,"60fd6618f9a377f54dcdf318","EC_0246.jpg"
"8179",3.177777778,1.587,"60fd6618f9a377f54dcdf318","EC_0173.jpg"
"8180",1.433333333,2.139,"60fd6618f9a377f54dcdf318","EC_0137.jpg"
"8181",3.722222222,2.252,"60fd6618f9a377f54dcdf318","EC_0075.jpg"
"8182",5.377777778,1.924,"60fd6618f9a377f54dcdf318","EC_0033.jpeg"
"8183",3.388888889,2.522,"60fd6618f9a377f54dcdf318","EC_0109.jpg"
"8184",2.5,1.555,"60fd6618f9a377f54dcdf318","EC_0211.jpg"
"8185",3.688888889,1.687,"60fd6618f9a377f54dcdf318","EC_0224.jpg"
"8186",4.955555556,1.703,"60fd6618f9a377f54dcdf318","EC_0233.jpg"
"8187",5.344444444,1.588,"60fd6618f9a377f54dcdf318","EC_0223.jpg"
"8188",3.4,1.485,"60fd6618f9a377f54dcdf318","EC_0064.jpg"
"8189",2.755555556,1.421,"60fd6618f9a377f54dcdf318","EC_0153.jpg"
"8190",1.622222222,1.437,"60fd6618f9a377f54dcdf318","EC_0167.jpg"
"8191",5.077777778,3.502,"61001c31a2048dd7cd36d392","EC_0095.jpg"
"8192",1.077777778,2.824,"61001c31a2048dd7cd36d392","EC_0076.jpg"
"8193",4,3.138,"61001c31a2048dd7cd36d392","EC_0203.jpg"
"8194",2.977777778,2.878,"61001c31a2048dd7cd36d392","EC_0048.jpg"
"8195",3.977777778,3.492,"61001c31a2048dd7cd36d392","EC_0090.jpg"
"8196",7.977777778,2.947,"61001c31a2048dd7cd36d392","EC_0037.jpg"
"8197",5.988888889,2.873,"61001c31a2048dd7cd36d392","EC_0167.jpg"
"8198",2.033333333,2.854,"61001c31a2048dd7cd36d392","EC_0222.jpg"
"8199",3.944444444,2.89,"61001c31a2048dd7cd36d392","EC_0136.jpg"
"8200",4.977777778,2.411,"61001c31a2048dd7cd36d392","EC_0187.jpeg"
"8201",5.955555556,2.746,"61001c31a2048dd7cd36d392","EC_0109.jpg"
"8202",3.011111111,2.772,"61001c31a2048dd7cd36d392","EC_0115.jpg"
"8203",1.055555556,2.683,"61001c31a2048dd7cd36d392","EC_0184.jpg"
"8204",2.955555556,4.94,"61001c31a2048dd7cd36d392","EC_0113.jpg"
"8205",3.988888889,3.154,"61001c31a2048dd7cd36d392","EC_0124.jpeg"
"8206",7.055555556,2.502,"61001c31a2048dd7cd36d392","EC_0160.jpg"
"8207",3.044444444,3.231,"61001c31a2048dd7cd36d392","EC_0061.jpg"
"8208",8.955555556,3.192,"61001c31a2048dd7cd36d392","EC_0020.jpg"
"8209",7.988888889,2.703,"61001c31a2048dd7cd36d392","EC_0038.jpg"
"8210",1.944444444,3.549,"61001c31a2048dd7cd36d392","EC_0005.jpg"
"8211",1.955555556,4.385,"61001c31a2048dd7cd36d392","EC_0243.jpg"
"8212",6.977777778,2.973,"61001c31a2048dd7cd36d392","EC_0101.jpg"
"8213",6.988888889,2.228,"61001c31a2048dd7cd36d392","EC_0153.jpg"
"8214",5.966666667,2.215,"61001c31a2048dd7cd36d392","EC_0188.jpg"
"8215",5.966666667,2.054,"61001c31a2048dd7cd36d392","EC_0138.png"
"8216",2.066666667,2.984,"61001c31a2048dd7cd36d392","EC_0232.jpg"
"8217",0.044444444,3.103,"61001c31a2048dd7cd36d392","EC_0133.jpg"
"8218",6.988888889,3.024,"61001c31a2048dd7cd36d392","EC_0195.jpg"
"8219",8.033333333,4.817,"61001c31a2048dd7cd36d392","EC_0032.jpg"
"8220",1.011111111,7.193,"61001c31a2048dd7cd36d392","EC_0068.jpg"
"8221",9.066666667,3.588,"61001c31a2048dd7cd36d392","EC_0072.jpg"
"8222",8.011111111,3.407,"61001c31a2048dd7cd36d392","EC_0094.jpg"
"8223",6.988888889,9.395,"61001c31a2048dd7cd36d392","EC_0071.jpg"
"8224",4,4.344,"61001c31a2048dd7cd36d392","EC_0159.jpg"
"8225",4,5.495,"61001c31a2048dd7cd36d392","EC_0047.jpg"
"8226",3.077777778,3.087,"61001c31a2048dd7cd36d392","EC_0007.jpg"
"8227",3.888888889,2.856,"61001c31a2048dd7cd36d392","EC_0148.jpg"
"8228",6.966666667,2.743,"61001c31a2048dd7cd36d392","EC_0149.jpg"
"8229",9,3.212,"61001c31a2048dd7cd36d392","EC_0006.jpg"
"8230",9.011111111,2.258,"61001c31a2048dd7cd36d392","EC_0239.jpg"
"8231",2.955555556,2.852,"61001c31a2048dd7cd36d392","EC_0168.jpeg"
"8232",6.022222222,4.217,"61001c31a2048dd7cd36d392","EC_0194.jpg"
"8233",7.011111111,2.668,"61001c31a2048dd7cd36d392","EC_0015.jpg"
"8234",8.011111111,6.606,"61001c31a2048dd7cd36d392","EC_0223.jpg"
"8235",8.011111111,2.378,"61001c31a2048dd7cd36d392","EC_0029.jpg"
"8236",8.977777778,2.318,"61001c31a2048dd7cd36d392","EC_0105.jpg"
"8237",8.977777778,2.057,"61001c31a2048dd7cd36d392","EC_0193.png"
"8238",0.988888889,2.962,"61001c31a2048dd7cd36d392","EC_0100.jpg"
"8239",0.988888889,2.374,"61001c31a2048dd7cd36d392","EC_0131.jpg"
"8240",6.022222222,3.012,"61001c31a2048dd7cd36d392","EC_0031.jpg"
"8241",3.988888889,10.651,"61001c31a2048dd7cd36d392","EC_0028.jpg"
"8242",8,2.822,"61001c31a2048dd7cd36d392","EC_0233.jpg"
"8243",1.977777778,3.254,"61001c31a2048dd7cd36d392","EC_0249.jpg"
"8244",9.966666667,4.646,"61001c31a2048dd7cd36d392","EC_0081.jpg"
"8245",4,2.763,"61001c31a2048dd7cd36d392","EC_0185.jpg"
"8246",4,2.38,"61001c31a2048dd7cd36d392","EC_0226.jpg"
"8247",0.022222222,2.815,"61001c31a2048dd7cd36d392","EC_0085.jpg"
"8248",8.977777778,3.271,"61001c31a2048dd7cd36d392","EC_0008.jpg"
"8249",5.988888889,3.431,"61001c31a2048dd7cd36d392","EC_0197.jpg"
"8250",9.011111111,2.761,"61001c31a2048dd7cd36d392","EC_0244.jpg"
"8251",6.977777778,2.799,"61001c31a2048dd7cd36d392","EC_0154.jpg"
"8252",8.077777778,2.661,"61001c31a2048dd7cd36d392","EC_0093.jpg"
"8253",0.966666667,2.987,"61001c31a2048dd7cd36d392","EC_0009.jpg"
"8254",0.055555556,2.683,"61001c31a2048dd7cd36d392","EC_0242.jpg"
"8255",8.033333333,3.27,"61001c31a2048dd7cd36d392","EC_0224.jpg"
"8256",6.911111111,2.565,"61001c31a2048dd7cd36d392","EC_0054.jpg"
"8257",8.044444444,2.792,"61001c31a2048dd7cd36d392","EC_0205.jpg"
"8258",9.966666667,2.964,"61001c31a2048dd7cd36d392","EC_0156.jpg"
"8259",1.988888889,4.851,"61001c31a2048dd7cd36d392","EC_0141.jpg"
"8260",7.011111111,12.851,"61001c31a2048dd7cd36d392","EC_0011.jpg"
"8261",7.977777778,2.808,"61001c31a2048dd7cd36d392","EC_0051.jpg"
"8262",2.011111111,3.595,"61001c31a2048dd7cd36d392","EC_0053.jpg"
"8263",3.011111111,2.98,"61001c31a2048dd7cd36d392","EC_0177.jpg"
"8264",0.066666667,3.243,"61001c31a2048dd7cd36d392","EC_0077.jpg"
"8265",2.022222222,3.129,"61001c31a2048dd7cd36d392","EC_0165.jpg"
"8266",7.977777778,5.226,"61001c31a2048dd7cd36d392","EC_0137.jpg"
"8267",7.977777778,2.412,"61001c31a2048dd7cd36d392","EC_0063.jpg"
"8268",2.955555556,2.964,"61001c31a2048dd7cd36d392","EC_0227.jpg"
"8269",7.955555556,3.163,"61001c31a2048dd7cd36d392","EC_0170.jpg"
"8270",8.033333333,2.389,"61001c31a2048dd7cd36d392","EC_0181.jpg"
"8271",3.011111111,3.381,"61001c31a2048dd7cd36d392","EC_0044.jpg"
"8272",5,2.963,"61001c31a2048dd7cd36d392","EC_0213.jpg"
"8273",6,2.674,"61001c31a2048dd7cd36d392","EC_0089.jpg"
"8274",8.033333333,2.894,"61001c31a2048dd7cd36d392","EC_0180.jpg"
"8275",8.033333333,2.167,"61001c31a2048dd7cd36d392","EC_0056.jpg"
"8276",2.044444444,3.51,"61001c31a2048dd7cd36d392","EC_0151.jpg"
"8277",9.955555556,2.686,"61001c31a2048dd7cd36d392","EC_0073.jpg"
"8278",6.044444444,2.916,"61001c31a2048dd7cd36d392","EC_0140.jpg"
"8279",6.044444444,2.241,"61001c31a2048dd7cd36d392","EC_0237.jpg"
"8280",3.033333333,3.454,"61001c31a2048dd7cd36d392","EC_0129.jpeg"
"8281",8.011111111,3.472,"61001c31a2048dd7cd36d392","EC_0036.jpeg"
"8282",8.011111111,2.398,"61001c31a2048dd7cd36d392","EC_0042.jpg"
"8283",9.966666667,2.605,"61001c31a2048dd7cd36d392","EC_0106.jpg"
"8284",8.955555556,2.704,"61001c31a2048dd7cd36d392","EC_0221.jpg"
"8285",4,2.843,"61001c31a2048dd7cd36d392","EC_0150.jpg"
"8286",3.022222222,2.9,"61001c31a2048dd7cd36d392","EC_0062.jpg"
"8287",8.033333333,2.919,"61001c31a2048dd7cd36d392","EC_0234.jpg"
"8288",6.977777778,2.957,"61001c31a2048dd7cd36d392","EC_0152.jpg"
"8289",0.088888889,2.951,"61001c31a2048dd7cd36d392","EC_0162.jpg"
"8290",9.044444444,3.027,"61001c31a2048dd7cd36d392","EC_0082.jpg"
"8291",2.944444444,3.769,"61001c31a2048dd7cd36d392","EC_0200.png"
"8292",6.877777778,3.091,"61001c31a2048dd7cd36d392","EC_0060.jpg"
"8293",5.033333333,7.216,"61001c31a2048dd7cd36d392","EC_0033.jpeg"
"8294",4.022222222,3.192,"61001c31a2048dd7cd36d392","EC_0247.jpg"
"8295",8.988888889,2.652,"61001c31a2048dd7cd36d392","EC_0236.jpg"
"8296",7.977777778,2.465,"61001c31a2048dd7cd36d392","EC_0229.jpg"
"8297",9.044444444,2.734,"61001c31a2048dd7cd36d392","EC_0003.jpg"
"8298",9.911111111,2.283,"61001c31a2048dd7cd36d392","EC_0039.jpg"
"8299",7.033333333,2.905,"61001c31a2048dd7cd36d392","EC_0201.jpg"
"8300",8.044444444,2.811,"61001c31a2048dd7cd36d392","EC_0118.jpg"
"8301",8.111111111,2.836,"61001c31a2048dd7cd36d392","EC_0171.jpg"
"8302",4.966666667,4.238,"61001c31a2048dd7cd36d392","EC_0166.jpg"
"8303",7.888888889,2.72,"61001c31a2048dd7cd36d392","EC_0083.jpg"
"8304",7.955555556,2.351,"61001c31a2048dd7cd36d392","EC_0241.jpg"
"8305",8.088888889,6.194,"61001c31a2048dd7cd36d392","EC_0080.jpg"
"8306",3.022222222,2.767,"61001c31a2048dd7cd36d392","EC_0176.jpg"
"8307",7.966666667,2.935,"61001c31a2048dd7cd36d392","EC_0055.jpg"
"8308",9.922222222,2.984,"61001c31a2048dd7cd36d392","EC_0219.jpg"
"8309",9,5.209,"61001c31a2048dd7cd36d392","EC_0079.jpg"
"8310",8.011111111,2.573,"61001c31a2048dd7cd36d392","EC_0097.jpg"
"8311",2.966666667,4.173,"61001c31a2048dd7cd36d392","EC_0040.jpg"
"8312",7.9,4.129,"61001c31a2048dd7cd36d392","EC_0099.jpg"
"8313",7.944444444,6.036,"61001c31a2048dd7cd36d392","EC_0019.jpg"
"8314",7.944444444,4.163,"61001c31a2048dd7cd36d392","EC_0202.jpg"
"8315",0.022222222,4.827,"61001c31a2048dd7cd36d392","EC_0075.jpg"
"8316",5.055555556,4.561,"61001c31a2048dd7cd36d392","EC_0123.jpeg"
"8317",5.977777778,9.871,"61001c31a2048dd7cd36d392","EC_0049.jpg"
"8318",7.933333333,10.122,"61001c31a2048dd7cd36d392","EC_0092.jpg"
"8319",7.933333333,3.007,"61001c31a2048dd7cd36d392","EC_0012.jpg"
"8320",3.966666667,3.51,"61001c31a2048dd7cd36d392","EC_0238.jpg"
"8321",7.1,3.543,"61001c31a2048dd7cd36d392","EC_0120.jpg"
"8322",9.966666667,4.401,"61001c31a2048dd7cd36d392","EC_0169.png"
"8323",8.955555556,2.514,"61001c31a2048dd7cd36d392","EC_0196.jpg"
"8324",8.088888889,2.546,"61001c31a2048dd7cd36d392","EC_0098.jpg"
"8325",5.977777778,19.302,"61001c31a2048dd7cd36d392","EC_0139.png"
"8326",1.033333333,2.927,"61001c31a2048dd7cd36d392","EC_0125.jpeg"
"8327",9.955555556,2.814,"61001c31a2048dd7cd36d392","EC_0041.jpg"
"8328",1.933333333,3.613,"61001c31a2048dd7cd36d392","EC_0111.jpg"
"8329",4.044444444,3,"61001c31a2048dd7cd36d392","EC_0235.jpg"
"8330",2,2.96,"61001c31a2048dd7cd36d392","EC_0074.jpg"
"8331",8.933333333,4.123,"61001c31a2048dd7cd36d392","EC_0228.jpg"
"8332",8.044444444,2.475,"61001c31a2048dd7cd36d392","EC_0116.jpg"
"8333",3.022222222,3.201,"61001c31a2048dd7cd36d392","EC_0199.jpg"
"8334",0,4.924,"61001c31a2048dd7cd36d392","EC_0103.jpg"
"8335",3.033333333,2.887,"61001c31a2048dd7cd36d392","EC_0135.jpg"
"8336",1.988888889,3.011,"61001c31a2048dd7cd36d392","EC_0034.jpg"
"8337",5.966666667,3.07,"61001c31a2048dd7cd36d392","EC_0086.jpg"
"8338",8.911111111,2.559,"61001c31a2048dd7cd36d392","EC_0050.jpg"
"8339",7.977777778,5.064,"61001c31a2048dd7cd36d392","EC_0211.jpg"
"8340",8.966666667,2.645,"61001c31a2048dd7cd36d392","EC_0002.jpg"
"8341",9.922222222,459.662,"61001c31a2048dd7cd36d392","EC_0046.jpg"
"8342",8.022222222,2.781,"61001c31a2048dd7cd36d392","EC_0096.jpg"
"8343",3,2.681,"61001c31a2048dd7cd36d392","EC_0027.jpg"
"8344",6.944444444,3.224,"61001c31a2048dd7cd36d392","EC_0022.jpg"
"8345",3.122222222,2.663,"61001c31a2048dd7cd36d392","EC_0066.jpg"
"8346",6.888888889,3.331,"61001c31a2048dd7cd36d392","EC_0214.jpg"
"8347",6.066666667,2.661,"61001c31a2048dd7cd36d392","EC_0024.jpg"
"8348",8.988888889,3.011,"61001c31a2048dd7cd36d392","EC_0057.jpeg"
"8349",7,3.282,"61001c31a2048dd7cd36d392","EC_0174.jpg"
"8350",3.011111111,3.398,"61001c31a2048dd7cd36d392","EC_0164.jpg"
"8351",4.088888889,2.91,"61001c31a2048dd7cd36d392","EC_0250.jpg"
"8352",2.033333333,2.767,"61001c31a2048dd7cd36d392","EC_0058.jpg"
"8353",3.022222222,2.661,"61001c31a2048dd7cd36d392","EC_0210.jpg"
"8354",7,3.513,"61001c31a2048dd7cd36d392","EC_0204.jpg"
"8355",7.911111111,2.785,"61001c31a2048dd7cd36d392","EC_0001.jpg"
"8356",1.944444444,5.929,"61001c31a2048dd7cd36d392","EC_0088.jpg"
"8357",9,3.232,"61001c31a2048dd7cd36d392","EC_0102.jpg"
"8358",2.011111111,3.447,"61001c31a2048dd7cd36d392","EC_0016.jpg"
"8359",8.044444444,8.216,"61001c31a2048dd7cd36d392","EC_0084.jpg"
"8360",2.066666667,11.16,"61001c31a2048dd7cd36d392","EC_0198.jpg"
"8361",7,3.894,"61001c31a2048dd7cd36d392","EC_0017.jpg"
"8362",4.988888889,3.833,"61001c31a2048dd7cd36d392","EC_0013.jpg"
"8363",6.044444444,7.779,"61001c31a2048dd7cd36d392","EC_0209.jpg"
"8364",0,3.837,"61001c31a2048dd7cd36d392","EC_0161.jpg"
"8365",7,3.093,"61001c31a2048dd7cd36d392","EC_0067.jpg"
"8366",9,4.042,"61001c31a2048dd7cd36d392","EC_0018.jpg"
"8367",7.955555556,4.771,"61001c31a2048dd7cd36d392","EC_0183.jpg"
"8368",4.011111111,90.188,"61001c31a2048dd7cd36d392","EC_0064.jpg"
"8369",2.922222222,33.264,"61001c31a2048dd7cd36d392","EC_0142.jpg"
"8370",6.988888889,3.753,"61001c31a2048dd7cd36d392","EC_0173.jpg"
"8371",7,9.542,"61001c31a2048dd7cd36d392","EC_0157.jpg"
"8372",5.855555556,8.04,"61001c31a2048dd7cd36d392","EC_0163.jpg"
"8373",1.955555556,4.442,"61001c31a2048dd7cd36d392","EC_0128.jpeg"
"8374",3.977777778,5.571,"61001c31a2048dd7cd36d392","EC_0147.png"
"8375",9.944444444,3.06,"61001c31a2048dd7cd36d392","EC_0207.jpg"
"8376",2,9.445,"61001c31a2048dd7cd36d392","EC_0248.jpg"
"8377",6.955555556,9.458,"61001c31a2048dd7cd36d392","EC_0182.jpg"
"8378",0.022222222,3.845,"61001c31a2048dd7cd36d392","EC_0246.jpg"
"8379",9.011111111,5.83,"61001c31a2048dd7cd36d392","EC_0014.jpg"
"8380",2.977777778,6.135,"61001c31a2048dd7cd36d392","EC_0230.jpg"
"8381",4.055555556,3.351,"61001c31a2048dd7cd36d392","EC_0070.jpg"
"8382",7,3.414,"61001c31a2048dd7cd36d392","EC_0087.jpg"
"8383",5.988888889,3.678,"61001c31a2048dd7cd36d392","EC_0231.jpg"
"8384",9.933333333,4.233,"61001c31a2048dd7cd36d392","EC_0108.jpg"
"8385",8.022222222,3.119,"61001c31a2048dd7cd36d392","EC_0134.jpg"
"8386",2.988888889,6.973,"61001c31a2048dd7cd36d392","EC_0117.jpg"
"8387",1.022222222,3.374,"61001c31a2048dd7cd36d392","EC_0206.png"
"8388",4.044444444,4.828,"61001c31a2048dd7cd36d392","EC_0121.jpg"
"8389",6.022222222,7.363,"61001c31a2048dd7cd36d392","EC_0065.jpg"
"8390",6.944444444,11.048,"61001c31a2048dd7cd36d392","EC_0245.jpg"
"8391",8.044444444,3.615,"61001c31a2048dd7cd36d392","EC_0132.jpg"
"8392",9.966666667,9.813,"61001c31a2048dd7cd36d392","EC_0069.jpg"
"8393",8.011111111,4,"61001c31a2048dd7cd36d392","EC_0030.jpg"
"8394",9.966666667,3.32,"61001c31a2048dd7cd36d392","EC_0010.jpg"
"8395",7.011111111,2.963,"61001c31a2048dd7cd36d392","EC_0172.jpg"
"8396",1.011111111,5.913,"61001c31a2048dd7cd36d392","EC_0059.jpg"
"8397",6.933333333,6.441,"61001c31a2048dd7cd36d392","EC_0158.jpg"
"8398",5.011111111,3.198,"61001c31a2048dd7cd36d392","EC_0240.jpg"
"8399",7,2.714,"61001c31a2048dd7cd36d392","EC_0119.jpg"
"8400",9.955555556,6.869,"61001c31a2048dd7cd36d392","EC_0104.jpg"
"8401",8.009259259,3.7587,"610c24152939c927ad421fa9","EC_0134.jpg"
"8402",9.97222194,5.0898,"610c24152939c927ad421fa9","EC_0196.jpg"
"8403",7.981481199,3.3132,"610c24152939c927ad421fa9","EC_0001.jpg"
"8404",8.97222307,3.5406,"610c24152939c927ad421fa9","EC_0011.jpg"
"8405",3.944444303,2.9163,"610c24152939c927ad421fa9","EC_0183.jpg"
"8406",4.962962822,3.3601,"610c24152939c927ad421fa9","EC_0239.jpg"
"8407",3.990740599,3.0152,"610c24152939c927ad421fa9","EC_0245.jpg"
"8408",6.916667091,2.9161,"610c24152939c927ad421fa9","EC_0080.jpg"
"8409",6.027777636,3.1659,"610c24152939c927ad421fa9","EC_0120.jpg"
"8410",8.000000848,3.0038,"610c24152939c927ad421fa9","EC_0008.jpg"
"8411",3.027778202,3.3253,"610c24152939c927ad421fa9","EC_0090.jpg"
"8412",5.944444868,2.814,"610c24152939c927ad421fa9","EC_0037.jpg"
"8413",2.962962963,4.7255,"610c24152939c927ad421fa9","EC_0184.jpg"
"8414",6.88888903,3.172,"610c24152939c927ad421fa9","EC_0194.jpg"
"8415",6.88888903,3.4274,"610c24152939c927ad421fa9","EC_0108.jpg"
"8416",8.962963246,2.6709,"610c24152939c927ad421fa9","EC_0187.jpeg"
"8417",2.944444727,3.1556,"610c24152939c927ad421fa9","EC_0062.jpg"
"8418",5.944444868,2.8533,"610c24152939c927ad421fa9","EC_0092.jpg"
"8419",6.907407266,2.9977,"610c24152939c927ad421fa9","EC_0105.jpg"
"8420",8.925926774,3.189,"610c24152939c927ad421fa9","EC_0136.jpg"
"8421",2.944444727,3.486,"610c24152939c927ad421fa9","EC_0171.jpg"
"8422",1.990740741,3.3807,"610c24152939c927ad421fa9","EC_0233.jpg"
"8423",2.944444727,3.1703,"610c24152939c927ad421fa9","EC_0246.jpg"
"8424",7.990741023,2.6993,"610c24152939c927ad421fa9","EC_0188.jpg"
"8425",4.000000424,2.9536,"610c24152939c927ad421fa9","EC_0172.jpg"
"8426",8.935185185,3.3204,"610c24152939c927ad421fa9","EC_0180.jpg"
"8427",3.083333616,3.3583,"610c24152939c927ad421fa9","EC_0084.jpg"
"8428",7.990741023,2.9221,"610c24152939c927ad421fa9","EC_0069.jpg"
"8429",5.98148134,2.9256,"610c24152939c927ad421fa9","EC_0111.jpg"
"8430",5.111111535,3.1896,"610c24152939c927ad421fa9","EC_0228.jpg"
"8431",5.935185044,2.9329,"610c24152939c927ad421fa9","EC_0040.jpg"
"8432",3.953704128,3.2156,"610c24152939c927ad421fa9","EC_0006.jpg"
"8433",1.02777799,3.1204,"610c24152939c927ad421fa9","EC_0048.jpg"
"8434",2.018518448,3.4645,"610c24152939c927ad421fa9","EC_0231.jpg"
"8435",0.046296296,2.9931,"610c24152939c927ad421fa9","EC_0222.jpg"
"8436",6.009259401,3.1227,"610c24152939c927ad421fa9","EC_0131.jpg"
"8437",3.000000141,3.0482,"610c24152939c927ad421fa9","EC_0199.jpg"
"8438",3.953704128,2.6422,"610c24152939c927ad421fa9","EC_0056.jpg"
"8439",2.00925933,3.2418,"610c24152939c927ad421fa9","EC_0044.jpg"
"8440",0.972222222,2.9146,"610c24152939c927ad421fa9","EC_0162.jpg"
"8441",5.916666808,3.0087,"610c24152939c927ad421fa9","EC_0132.jpg"
"8442",7.018518801,3.4278,"610c24152939c927ad421fa9","EC_0083.jpg"
"8443",5.02777806,3.6069,"610c24152939c927ad421fa9","EC_0094.jpg"
"8444",3.990740599,3.0279,"610c24152939c927ad421fa9","EC_0177.jpg"
"8445",5.87962963,2.8537,"610c24152939c927ad421fa9","EC_0054.jpg"
"8446",0.962963104,5.129,"610c24152939c927ad421fa9","EC_0166.jpg"
"8447",3.027778202,2.7574,"610c24152939c927ad421fa9","EC_0058.jpg"
"8448",7.944444727,2.9965,"610c24152939c927ad421fa9","EC_0050.jpg"
"8449",0.009259471,4.0765,"610c24152939c927ad421fa9","EC_0161.jpg"
"8450",7.972222787,2.9291,"610c24152939c927ad421fa9","EC_0012.jpg"
"8451",5.796296155,3.512,"610c24152939c927ad421fa9","EC_0121.jpg"
"8452",0.027777707,4.3804,"610c24152939c927ad421fa9","EC_0204.jpg"
"8453",8.000000848,3.2561,"610c24152939c927ad421fa9","EC_0138.png"
"8454",0.962963104,4.2872,"610c24152939c927ad421fa9","EC_0128.jpeg"
"8455",6.944444444,3.9111,"610c24152939c927ad421fa9","EC_0075.jpg"
"8456",3.981481481,3.5286,"610c24152939c927ad421fa9","EC_0213.jpg"
"8457",0.898148219,3.7644,"610c24152939c927ad421fa9","EC_0181.jpg"
"8458",0.990740811,3.6932,"610c24152939c927ad421fa9","EC_0211.jpg"
"8459",6.000000283,3.5489,"610c24152939c927ad421fa9","EC_0074.jpg"
"8460",6.018518519,4.6142,"610c24152939c927ad421fa9","EC_0102.jpg"
"8461",1.981481623,2.7893,"610c24152939c927ad421fa9","EC_0113.jpg"
"8462",1.981481623,2.7295,"610c24152939c927ad421fa9","EC_0201.jpg"
"8463",6.935185326,3.0943,"610c24152939c927ad421fa9","EC_0046.jpg"
"8464",4.907407407,3.7258,"610c24152939c927ad421fa9","EC_0017.jpg"
"8465",2.944444727,2.9195,"610c24152939c927ad421fa9","EC_0203.jpg"
"8466",6.972222505,3.2861,"610c24152939c927ad421fa9","EC_0103.jpg"
"8467",8.916666949,3.4816,"610c24152939c927ad421fa9","EC_0185.jpg"
"8468",0.962963104,3.9098,"610c24152939c927ad421fa9","EC_0087.jpg"
"8469",1.037037108,4.4619,"610c24152939c927ad421fa9","EC_0198.jpg"
"8470",8.990741306,3.9695,"610c24152939c927ad421fa9","EC_0081.jpg"
"8471",7.009259683,3.3447,"610c24152939c927ad421fa9","EC_0157.jpg"
"8472",5.037037178,3.2363,"610c24152939c927ad421fa9","EC_0077.jpg"
"8473",5.851852276,2.9592,"610c24152939c927ad421fa9","EC_0169.png"
"8474",9.027777778,3.4191,"610c24152939c927ad421fa9","EC_0002.jpg"
"8475",8.03703732,3.3045,"610c24152939c927ad421fa9","EC_0156.jpg"
"8476",6.037037461,2.9362,"610c24152939c927ad421fa9","EC_0223.jpg"
"8477",2.990741023,2.7692,"610c24152939c927ad421fa9","EC_0250.jpg"
"8478",1.944444444,3.9622,"610c24152939c927ad421fa9","EC_0159.jpg"
"8479",5.953703986,4.0592,"610c24152939c927ad421fa9","EC_0065.jpg"
"8480",7.962962963,3.269,"610c24152939c927ad421fa9","EC_0088.jpg"
"8481",9.97222194,4.0142,"610c24152939c927ad421fa9","EC_0123.jpeg"
"8482",5.972222222,3.1168,"610c24152939c927ad421fa9","EC_0117.jpg"
"8483",1.981481623,3.7617,"610c24152939c927ad421fa9","EC_0061.jpg"
"8484",4.04629672,4.7652,"610c24152939c927ad421fa9","EC_0236.jpg"
"8485",5.037037178,3.819,"610c24152939c927ad421fa9","EC_0072.jpg"
"8486",6.009259401,3.459,"610c24152939c927ad421fa9","EC_0109.jpg"
"8487",2.990741023,4.9858,"610c24152939c927ad421fa9","EC_0200.png"
"8488",2.000000212,3.326,"610c24152939c927ad421fa9","EC_0142.jpg"
"8489",2.000000212,2.1786,"610c24152939c927ad421fa9","EC_0141.jpg"
"8490",6.944444444,3.1258,"610c24152939c927ad421fa9","EC_0104.jpg"
"8491",7.953703845,3.1206,"610c24152939c927ad421fa9","EC_0042.jpg"
"8492",0,3.7126,"610c24152939c927ad421fa9","EC_0226.jpg"
"8493",5.972222222,4.1896,"610c24152939c927ad421fa9","EC_0221.jpg"
"8494",6.916667091,3.2842,"610c24152939c927ad421fa9","EC_0106.jpg"
"8495",4.870370229,3.5337,"610c24152939c927ad421fa9","EC_0076.jpg"
"8496",1.916666737,3.3908,"610c24152939c927ad421fa9","EC_0210.jpg"
"8497",6.046296579,3.9497,"610c24152939c927ad421fa9","EC_0098.jpg"
"8498",7.907407549,5.8223,"610c24152939c927ad421fa9","EC_0057.jpeg"
"8499",0.101852064,7.5748,"610c24152939c927ad421fa9","EC_0047.jpg"
"8500",1.083333404,3.4839,"610c24152939c927ad421fa9","EC_0147.png"
"8501",8.009259259,3.5148,"610c24152939c927ad421fa9","EC_0019.jpg"
"8502",1.990740741,3.5319,"610c24152939c927ad421fa9","EC_0085.jpg"
"8503",4.944444586,3.2502,"610c24152939c927ad421fa9","EC_0148.jpg"
"8504",5.898148572,3.554,"610c24152939c927ad421fa9","EC_0079.jpg"
"8505",2.111111394,3.6587,"610c24152939c927ad421fa9","EC_0053.jpg"
"8506",3.046296438,4.2056,"610c24152939c927ad421fa9","EC_0089.jpg"
"8507",3.046296438,2.8503,"610c24152939c927ad421fa9","EC_0068.jpg"
"8508",1.046296226,3.7758,"610c24152939c927ad421fa9","EC_0005.jpg"
"8509",1.046296226,3.4495,"610c24152939c927ad421fa9","EC_0125.jpeg"
"8510",1.046296226,2.4534,"610c24152939c927ad421fa9","EC_0153.jpg"
"8511",1.046296226,2.4496,"610c24152939c927ad421fa9","EC_0139.png"
"8512",3.972222364,2.9088,"610c24152939c927ad421fa9","EC_0097.jpg"
"8513",2.925925785,4.2112,"610c24152939c927ad421fa9","EC_0238.jpg"
"8514",2.000000212,3.2198,"610c24152939c927ad421fa9","EC_0007.jpg"
"8515",4.92592635,4.2718,"610c24152939c927ad421fa9","EC_0100.jpg"
"8516",6.083333757,2.9353,"610c24152939c927ad421fa9","EC_0137.jpg"
"8517",2.925925785,5.1833,"610c24152939c927ad421fa9","EC_0101.jpg"
"8518",6.944444444,2.9901,"610c24152939c927ad421fa9","EC_0163.jpg"
"8519",7.046296155,3.4669,"610c24152939c927ad421fa9","EC_0229.jpg"
"8520",5.064815239,3.4729,"610c24152939c927ad421fa9","EC_0124.jpeg"
"8521",2.916666667,2.9872,"610c24152939c927ad421fa9","EC_0237.jpg"
"8522",1.833333263,3.2867,"610c24152939c927ad421fa9","EC_0066.jpg"
"8523",3.981481481,3.5366,"610c24152939c927ad421fa9","EC_0158.jpg"
"8524",7.009259683,3.821,"610c24152939c927ad421fa9","EC_0003.jpg"
"8525",8.03703732,5.0587,"610c24152939c927ad421fa9","EC_0018.jpg"
"8526",7.76851866,3.075,"610c24152939c927ad421fa9","EC_0243.jpg"
"8527",1.962963034,3.8243,"610c24152939c927ad421fa9","EC_0232.jpg"
"8528",9.009259542,3.2201,"610c24152939c927ad421fa9","EC_0010.jpg"
"8529",9.037037602,2.9258,"610c24152939c927ad421fa9","EC_0038.jpg"
"8530",9.916667232,4.8792,"610c24152939c927ad421fa9","EC_0029.jpg"
"8531",2.027777919,3.4141,"610c24152939c927ad421fa9","EC_0151.jpg"
"8532",8.888888889,3.169,"610c24152939c927ad421fa9","EC_0207.jpg"
"8533",9.981481764,2.8597,"610c24152939c927ad421fa9","EC_0149.jpg"
"8534",0.925925926,2.9747,"610c24152939c927ad421fa9","EC_0027.jpg"
"8535",0.14814836,4.039,"610c24152939c927ad421fa9","EC_0247.jpg"
"8536",7.851852134,2.8924,"610c24152939c927ad421fa9","EC_0020.jpg"
"8537",6.268518942,2.7476,"610c24152939c927ad421fa9","EC_0168.jpeg"
"8538",4.064814956,3.9262,"610c24152939c927ad421fa9","EC_0244.jpg"
"8539",0.083333475,5.5477,"610c24152939c927ad421fa9","EC_0249.jpg"
"8540",0.083333475,2.6325,"610c24152939c927ad421fa9","EC_0206.png"
"8541",0.083333475,2.2357,"610c24152939c927ad421fa9","EC_0227.jpg"
"8542",3.000000141,3.1446,"610c24152939c927ad421fa9","EC_0059.jpg"
"8543",2.537037178,4.4589,"610c24152939c927ad421fa9","EC_0051.jpg"
"8544",5.972222222,3.1775,"610c24152939c927ad421fa9","EC_0032.jpg"
"8545",1.51851866,2.9993,"610c24152939c927ad421fa9","EC_0119.jpg"
"8546",5.648148148,3.137,"610c24152939c927ad421fa9","EC_0067.jpg"
"8547",3.527777636,3.6181,"610c24152939c927ad421fa9","EC_0022.jpg"
"8548",8.027777495,3.8655,"610c24152939c927ad421fa9","EC_0063.jpg"
"8549",1.972222152,2.8211,"610c24152939c927ad421fa9","EC_0230.jpg"
"8550",1.092592522,4.2593,"610c24152939c927ad421fa9","EC_0009.jpg"
"8551",6.972222505,3.9359,"610c24152939c927ad421fa9","EC_0024.jpg"
"8552",6.018518519,5.5845,"610c24152939c927ad421fa9","EC_0241.jpg"
"8553",1.018518519,4.0262,"610c24152939c927ad421fa9","EC_0214.jpg"
"8554",7.935185609,3.4453,"610c24152939c927ad421fa9","EC_0174.jpg"
"8555",0.981481693,3.0885,"610c24152939c927ad421fa9","EC_0049.jpg"
"8556",9.009259542,3.2083,"610c24152939c927ad421fa9","EC_0082.jpg"
"8557",6.981481623,5.3366,"610c24152939c927ad421fa9","EC_0118.jpg"
"8558",6.009259401,3.352,"610c24152939c927ad421fa9","EC_0055.jpg"
"8559",3.018518377,3.008,"610c24152939c927ad421fa9","EC_0234.jpg"
"8560",0.981481693,3.8753,"610c24152939c927ad421fa9","EC_0036.jpeg"
"8561",1.037037108,3.474,"610c24152939c927ad421fa9","EC_0093.jpg"
"8562",5.953703986,3.1894,"610c24152939c927ad421fa9","EC_0133.jpg"
"8563",6.972222505,2.9734,"610c24152939c927ad421fa9","EC_0096.jpg"
"8564",9.990741588,4.5642,"610c24152939c927ad421fa9","EC_0219.jpg"
"8565",2.037037037,2.9895,"610c24152939c927ad421fa9","EC_0176.jpg"
"8566",8.999999717,3.0182,"610c24152939c927ad421fa9","EC_0034.jpg"
"8567",3.009259259,3.3367,"610c24152939c927ad421fa9","EC_0248.jpg"
"8568",4.000000424,3.636,"610c24152939c927ad421fa9","EC_0015.jpg"
"8569",5.990741165,3.5947,"610c24152939c927ad421fa9","EC_0060.jpg"
"8570",1.907407619,3.4217,"610c24152939c927ad421fa9","EC_0150.jpg"
"8571",0.999999929,3.1836,"610c24152939c927ad421fa9","EC_0165.jpg"
"8572",2.092592451,3.2332,"610c24152939c927ad421fa9","EC_0195.jpg"
"8573",7.935185609,2.8517,"610c24152939c927ad421fa9","EC_0167.jpg"
"8574",1.953703916,3.1555,"610c24152939c927ad421fa9","EC_0164.jpg"
"8575",0.953703633,3.6875,"610c24152939c927ad421fa9","EC_0135.jpg"
"8576",2.935185609,3.5821,"610c24152939c927ad421fa9","EC_0031.jpg"
"8577",6.953703562,3.5497,"610c24152939c927ad421fa9","EC_0205.jpg"
"8578",4.074074074,5.3224,"610c24152939c927ad421fa9","EC_0070.jpg"
"8579",6.953703562,3.5311,"610c24152939c927ad421fa9","EC_0033.jpeg"
"8580",8.000000848,2.9072,"610c24152939c927ad421fa9","EC_0016.jpg"
"8581",4.009259542,3.1437,"610c24152939c927ad421fa9","EC_0099.jpg"
"8582",8.953703421,2.9059,"610c24152939c927ad421fa9","EC_0041.jpg"
"8583",2.944444727,3.7756,"610c24152939c927ad421fa9","EC_0152.jpg"
"8584",8.009259259,3.3165,"610c24152939c927ad421fa9","EC_0073.jpg"
"8585",9.009259542,3.8929,"610c24152939c927ad421fa9","EC_0182.jpg"
"8586",6.17592635,3.1975,"610c24152939c927ad421fa9","EC_0170.jpg"
"8587",2.064815097,2.7165,"610c24152939c927ad421fa9","EC_0140.jpg"
"8588",0.972222222,3.2482,"610c24152939c927ad421fa9","EC_0240.jpg"
"8589",2.000000212,3.1052,"610c24152939c927ad421fa9","EC_0209.jpg"
"8590",1.064814815,3.271,"610c24152939c927ad421fa9","EC_0095.jpg"
"8591",9.046296014,3.234,"610c24152939c927ad421fa9","EC_0242.jpg"
"8592",8.018519084,2.9966,"610c24152939c927ad421fa9","EC_0071.jpg"
"8593",2.194444868,3.4716,"610c24152939c927ad421fa9","EC_0154.jpg"
"8594",1.907407619,3.7263,"610c24152939c927ad421fa9","EC_0173.jpg"
"8595",5.98148134,3.583,"610c24152939c927ad421fa9","EC_0086.jpg"
"8596",0.074074003,4.8593,"610c24152939c927ad421fa9","EC_0235.jpg"
"8597",1.990740741,3.8908,"610c24152939c927ad421fa9","EC_0116.jpg"
"8598",4.037036896,3.5885,"610c24152939c927ad421fa9","EC_0160.jpg"
"8599",4.981481764,3.5599,"610c24152939c927ad421fa9","EC_0014.jpg"
"8600",1.972222152,3.3058,"610c24152939c927ad421fa9","EC_0197.jpg"
"8601",8.009259259,4.4572,"610c24152939c927ad421fa9","EC_0193.png"
"8602",3.018518377,3.4868,"610c24152939c927ad421fa9","EC_0129.jpeg"
"8603",3.990740599,3.4921,"610c24152939c927ad421fa9","EC_0224.jpg"
"8604",5.953703986,4.0437,"610c24152939c927ad421fa9","EC_0028.jpg"
"8605",2.055555979,3.7161,"610c24152939c927ad421fa9","EC_0202.jpg"
"8606",7.046296155,5.0391,"610c24152939c927ad421fa9","EC_0064.jpg"
"8607",2.027777919,3.419,"610c24152939c927ad421fa9","EC_0013.jpg"
"8608",5.925925926,5.7766,"610c24152939c927ad421fa9","EC_0115.jpg"
"8609",5.925925926,2.6186,"610c24152939c927ad421fa9","EC_0039.jpg"
"8610",7.046296155,3.799,"610c24152939c927ad421fa9","EC_0030.jpg"
"8611",2.973697917,3.5739,"6112dccad39227e361c13866","EC_0244.jpg"
"8612",5.996875,3.9235,"6112dccad39227e361c13866","EC_0001.jpg"
"8613",7.975954861,3.0219,"6112dccad39227e361c13866","EC_0202.jpg"
"8614",8.011284722,3.6838,"6112dccad39227e361c13866","EC_0063.jpg"
"8615",0.977039931,4.2323,"6112dccad39227e361c13866","EC_0125.jpeg"
"8616",2.004730903,4.256,"6112dccad39227e361c13866","EC_0036.jpeg"
"8617",0.002994792,5.4054,"6112dccad39227e361c13866","EC_0010.jpg"
"8618",2.023533951,7.9333,"6112dccad39227e361c13866","EC_0042.jpg"
"8619",1.039951989,2.8542,"6112dccad39227e361c13866","EC_0235.jpg"
"8620",8.958922754,3.5629,"6112dccad39227e361c13866","EC_0174.jpg"
"8621",2.97442987,4.6249,"6112dccad39227e361c13866","EC_0124.jpeg"
"8622",7.995756173,3.375,"6112dccad39227e361c13866","EC_0034.jpg"
"8623",9.95991941,2.825,"6112dccad39227e361c13866","EC_0214.jpg"
"8624",2.00472608,3.5156,"6112dccad39227e361c13866","EC_0246.jpg"
"8625",5.96622085,3.3304,"6112dccad39227e361c13866","EC_0194.jpg"
"8626",4.005379801,4.5114,"6112dccad39227e361c13866","EC_0136.jpg"
"8627",2.950477966,3.9359,"6112dccad39227e361c13866","EC_0040.jpg"
"8628",2.982199503,5.1451,"6112dccad39227e361c13866","EC_0133.jpg"
"8629",0.053208591,5.4713,"6112dccad39227e361c13866","EC_0067.jpg"
"8630",5.014789095,3.1954,"6112dccad39227e361c13866","EC_0169.png"
"8631",7.02658822,4.1266,"6112dccad39227e361c13866","EC_0014.jpg"
"8632",9.952899949,7.4202,"6112dccad39227e361c13866","EC_0123.jpeg"
"8633",7.982521005,3.3241,"6112dccad39227e361c13866","EC_0093.jpg"
"8634",7.992755487,3.2986,"6112dccad39227e361c13866","EC_0159.jpg"
"8635",9.970904064,2.8272,"6112dccad39227e361c13866","EC_0041.jpg"
"8636",1.977559156,2.8726,"6112dccad39227e361c13866","EC_0047.jpg"
"8637",8.954046639,2.7263,"6112dccad39227e361c13866","EC_0081.jpg"
"8638",4.992766204,2.9653,"6112dccad39227e361c13866","EC_0140.jpg"
"8639",7.007083762,3.1099,"6112dccad39227e361c13866","EC_0015.jpg"
"8640",7.940886488,3.6872,"6112dccad39227e361c13866","EC_0099.jpg"
"8641",2.011584791,4.8851,"6112dccad39227e361c13866","EC_0131.jpg"
"8642",4.969725223,4.3057,"6112dccad39227e361c13866","EC_0231.jpg"
"8643",8.005883488,3.0926,"6112dccad39227e361c13866","EC_0082.jpg"
"8644",2.996935014,3.5448,"6112dccad39227e361c13866","EC_0039.jpg"
"8645",5.008198302,3.3779,"6112dccad39227e361c13866","EC_0201.jpg"
"8646",4.953275034,2.9959,"6112dccad39227e361c13866","EC_0141.jpg"
"8647",1.951249571,3.2886,"6112dccad39227e361c13866","EC_0240.jpg"
"8648",1.980184757,3.3718,"6112dccad39227e361c13866","EC_0204.jpg"
"8649",6.027252658,3.1781,"6112dccad39227e361c13866","EC_0182.jpg"
"8650",4.967689043,4.0777,"6112dccad39227e361c13866","EC_0080.jpg"
"8651",9.97390475,3.2181,"6112dccad39227e361c13866","EC_0106.jpg"
"8652",4.981620799,3.5553,"6112dccad39227e361c13866","EC_0137.jpg"
"8653",9.018400634,2.815,"6112dccad39227e361c13866","EC_0221.jpg"
"8654",7.985039438,2.7632,"6112dccad39227e361c13866","EC_0160.jpg"
"8655",5.006376457,3.5869,"6112dccad39227e361c13866","EC_0019.jpg"
"8656",9.978298611,3.1858,"6112dccad39227e361c13866","EC_0079.jpg"
"8657",5.032471708,2.8773,"6112dccad39227e361c13866","EC_0230.jpg"
"8658",7.01506773,3.3774,"6112dccad39227e361c13866","EC_0234.jpg"
"8659",6.98650763,3.9475,"6112dccad39227e361c13866","EC_0195.jpg"
"8660",9.993569959,2.9137,"6112dccad39227e361c13866","EC_0020.jpg"
"8661",4.009130658,3.399,"6112dccad39227e361c13866","EC_0094.jpg"
"8662",4.98483582,3.1458,"6112dccad39227e361c13866","EC_0135.jpg"
"8663",1.997385117,3.1723,"6112dccad39227e361c13866","EC_0113.jpg"
"8664",0.948698988,3.2498,"6112dccad39227e361c13866","EC_0184.jpg"
"8665",4.995016718,2.7112,"6112dccad39227e361c13866","EC_0245.jpg"
"8666",5.048707562,3.3615,"6112dccad39227e361c13866","EC_0165.jpg"
"8667",6.980988512,2.9055,"6112dccad39227e361c13866","EC_0238.jpg"
"8668",5.992584019,6.1226,"6112dccad39227e361c13866","EC_0157.jpg"
"8669",2.965159894,4.9046,"6112dccad39227e361c13866","EC_0241.jpg"
"8670",4.978512946,3.576,"6112dccad39227e361c13866","EC_0222.jpg"
"8671",5.980259774,3.8331,"6112dccad39227e361c13866","EC_0228.jpg"
"8672",6.015357082,3.9151,"6112dccad39227e361c13866","EC_0236.jpg"
"8673",6.991490912,3.5639,"6112dccad39227e361c13866","EC_0069.jpg"
"8674",4.980602709,3.226,"6112dccad39227e361c13866","EC_0148.jpg"
"8675",7.967463992,3.3407,"6112dccad39227e361c13866","EC_0117.jpg"
"8676",6.025323645,3.5658,"6112dccad39227e361c13866","EC_0071.jpg"
"8677",7.948548954,3.6972,"6112dccad39227e361c13866","EC_0109.jpg"
"8678",4.991051526,3.2471,"6112dccad39227e361c13866","EC_0003.jpg"
"8679",8.001007373,3.3302,"6112dccad39227e361c13866","EC_0167.jpg"
"8680",4.985532407,3.9207,"6112dccad39227e361c13866","EC_0115.jpg"
"8681",5.000321502,4.0685,"6112dccad39227e361c13866","EC_0118.jpg"
"8682",3.002989969,2.7548,"6112dccad39227e361c13866","EC_0044.jpg"
"8683",1.012409979,5.832,"6112dccad39227e361c13866","EC_0129.jpeg"
"8684",0.021915724,3.8606,"6112dccad39227e361c13866","EC_0005.jpg"
"8685",6.014071073,4.9785,"6112dccad39227e361c13866","EC_0152.jpg"
"8686",6.959608625,4.3532,"6112dccad39227e361c13866","EC_0056.jpg"
"8687",5.932088049,5.71,"6112dccad39227e361c13866","EC_0188.jpg"
"8688",4.993784294,4.3417,"6112dccad39227e361c13866","EC_0053.jpg"
"8689",4.020061728,3.7302,"6112dccad39227e361c13866","EC_0064.jpg"
"8690",4.962652178,3.099,"6112dccad39227e361c13866","EC_0101.jpg"
"8691",7.98900463,3.198,"6112dccad39227e361c13866","EC_0219.jpg"
"8692",7.023158865,3.4884,"6112dccad39227e361c13866","EC_0089.jpg"
"8693",6.988865312,5.0534,"6112dccad39227e361c13866","EC_0102.jpg"
"8694",5.016771691,4.058,"6112dccad39227e361c13866","EC_0086.jpg"
"8695",8.022280093,5.8706,"6112dccad39227e361c13866","EC_0037.jpg"
"8696",2.981449331,4.6193,"6112dccad39227e361c13866","EC_0083.jpg"
"8697",8.020190329,2.8465,"6112dccad39227e361c13866","EC_0058.jpg"
"8698",1.946480624,3.2118,"6112dccad39227e361c13866","EC_0151.jpg"
"8699",9.022740912,2.93,"6112dccad39227e361c13866","EC_0119.jpg"
"8700",4.00462963,3.495,"6112dccad39227e361c13866","EC_0085.jpg"
"8701",8.026191701,3.5949,"6112dccad39227e361c13866","EC_0072.jpg"
"8702",4.992337534,2.5936,"6112dccad39227e361c13866","EC_0166.jpg"
"8703",8.014778378,3.0458,"6112dccad39227e361c13866","EC_0248.jpg"
"8704",9.906817987,2.7413,"6112dccad39227e361c13866","EC_0006.jpg"
"8705",9.959490741,3.7138,"6112dccad39227e361c13866","EC_0156.jpg"
"8706",8.014188957,3.4004,"6112dccad39227e361c13866","EC_0111.jpg"
"8707",4.990301355,3.0399,"6112dccad39227e361c13866","EC_0200.png"
"8708",9.989604767,3.6276,"6112dccad39227e361c13866","EC_0031.jpg"
"8709",2.93960048,3.445,"6112dccad39227e361c13866","EC_0076.jpg"
"8710",0.024702075,5.2424,"6112dccad39227e361c13866","EC_0206.png"
"8711",6.039791238,6.371,"6112dccad39227e361c13866","EC_0170.jpg"
"8712",9.037958676,3.2252,"6112dccad39227e361c13866","EC_0060.jpg"
"8713",9.952899949,2.6427,"6112dccad39227e361c13866","EC_0108.jpg"
"8714",8.975587277,4.5354,"6112dccad39227e361c13866","EC_0213.jpg"
"8715",7.989969136,5.1315,"6112dccad39227e361c13866","EC_0033.jpeg"
"8716",5.001339592,5.2381,"6112dccad39227e361c13866","EC_0051.jpg"
"8717",6.952589163,3.2727,"6112dccad39227e361c13866","EC_0207.jpg"
"8718",6.017071759,4.0849,"6112dccad39227e361c13866","EC_0121.jpg"
"8719",6.010588134,3.0215,"6112dccad39227e361c13866","EC_0239.jpg"
"8720",7.012924383,3.9698,"6112dccad39227e361c13866","EC_0090.jpg"
"8721",7.021765689,2.9766,"6112dccad39227e361c13866","EC_0224.jpg"
"8722",8.995788323,2.873,"6112dccad39227e361c13866","EC_0092.jpg"
"8723",6.013481653,3.9117,"6112dccad39227e361c13866","EC_0247.jpg"
"8724",9.941968879,7.6654,"6112dccad39227e361c13866","EC_0209.jpg"
"8725",5.005519119,6.8372,"6112dccad39227e361c13866","EC_0084.jpg"
"8726",5.995048868,4.1259,"6112dccad39227e361c13866","EC_0103.jpg"
"8727",7.002421982,3.326,"6112dccad39227e361c13866","EC_0198.jpg"
"8728",4.992391118,2.8734,"6112dccad39227e361c13866","EC_0100.jpg"
"8729",6.953553669,3.7139,"6112dccad39227e361c13866","EC_0104.jpg"
"8730",7.985789609,6.2384,"6112dccad39227e361c13866","EC_0096.jpg"
"8731",1.009730796,3.0871,"6112dccad39227e361c13866","EC_0173.jpg"
"8732",4.992551869,3.4765,"6112dccad39227e361c13866","EC_0095.jpg"
"8733",4.984246399,4.4754,"6112dccad39227e361c13866","EC_0250.jpg"
"8734",0.002196931,4.8579,"6112dccad39227e361c13866","EC_0066.jpg"
"8735",3.991340878,4.197,"6112dccad39227e361c13866","EC_0227.jpg"
"8736",4.960830333,3.4749,"6112dccad39227e361c13866","EC_0242.jpg"
"8737",7.995166752,3.5443,"6112dccad39227e361c13866","EC_0171.jpg"
"8738",4.986550497,3.2437,"6112dccad39227e361c13866","EC_0070.jpg"
"8739",0.927479853,2.9961,"6112dccad39227e361c13866","EC_0027.jpg"
"8740",6.981577932,3.7415,"6112dccad39227e361c13866","EC_0013.jpg"
"8741",8.989572617,3.2655,"6112dccad39227e361c13866","EC_0193.png"
"8742",4.997052898,3.1256,"6112dccad39227e361c13866","EC_0097.jpg"
"8743",2.969875257,3.2279,"6112dccad39227e361c13866","EC_0243.jpg"
"8744",4.99839249,2.9105,"6112dccad39227e361c13866","EC_0054.jpg"
"8745",6.998831876,2.7827,"6112dccad39227e361c13866","EC_0172.jpg"
"8746",0.958504801,2.8601,"6112dccad39227e361c13866","EC_0007.jpg"
"8747",1.98650763,3.8808,"6112dccad39227e361c13866","EC_0150.jpg"
"8748",4.964474023,2.5244,"6112dccad39227e361c13866","EC_0203.jpg"
"8749",0.984171382,4.4472,"6112dccad39227e361c13866","EC_0065.jpg"
"8750",5.97758059,4.1286,"6112dccad39227e361c13866","EC_0075.jpg"
"8751",5.051386746,2.6887,"6112dccad39227e361c13866","EC_0176.jpg"
"8752",5.998960477,5.6899,"6112dccad39227e361c13866","EC_0028.jpg"
"8753",4.993355624,3.791,"6112dccad39227e361c13866","EC_0232.jpg"
"8754",7.012334962,2.6907,"6112dccad39227e361c13866","EC_0183.jpg"
"8755",4.993194873,2.9617,"6112dccad39227e361c13866","EC_0120.jpg"
"8756",5.020308213,3.166,"6112dccad39227e361c13866","EC_0002.jpg"
"8757",5.02914952,4.4771,"6112dccad39227e361c13866","EC_0147.png"
"8758",2.979520319,3.2101,"6112dccad39227e361c13866","EC_0088.jpg"
"8759",9.956865141,3.9148,"6112dccad39227e361c13866","EC_0008.jpg"
"8760",2.992058899,3.9589,"6112dccad39227e361c13866","EC_0181.jpg"
"8761",4.983335477,4.1036,"6112dccad39227e361c13866","EC_0164.jpg"
"8762",4.982103052,4.4448,"6112dccad39227e361c13866","EC_0153.jpg"
"8763",9.003129287,3.797,"6112dccad39227e361c13866","EC_0180.jpg"
"8764",3.969639489,2.8277,"6112dccad39227e361c13866","EC_0017.jpg"
"8765",4.998713992,2.7876,"6112dccad39227e361c13866","EC_0154.jpg"
"8766",5.011145405,2.8297,"6112dccad39227e361c13866","EC_0211.jpg"
"8767",6.012838649,3.6765,"6112dccad39227e361c13866","EC_0197.jpg"
"8768",9.012238512,3.2572,"6112dccad39227e361c13866","EC_0050.jpg"
"8769",3.940382802,2.7367,"6112dccad39227e361c13866","EC_0210.jpg"
"8770",4.985907493,3.3433,"6112dccad39227e361c13866","EC_0134.jpg"
"8771",4.984942987,3.1289,"6112dccad39227e361c13866","EC_0062.jpg"
"8772",6.977987826,3.2141,"6112dccad39227e361c13866","EC_0205.jpg"
"8773",4.98338906,3.4745,"6112dccad39227e361c13866","EC_0049.jpg"
"8774",4.012399263,2.7768,"6112dccad39227e361c13866","EC_0158.jpg"
"8775",2.983592678,2.6558,"6112dccad39227e361c13866","EC_0048.jpg"
"8776",2.976305298,2.7908,"6112dccad39227e361c13866","EC_0139.png"
"8777",3.960637431,3.7758,"6112dccad39227e361c13866","EC_0249.jpg"
"8778",6.972093621,5.2171,"6112dccad39227e361c13866","EC_0226.jpg"
"8779",7.956372171,2.874,"6112dccad39227e361c13866","EC_0105.jpg"
"8780",4.982424554,3.3444,"6112dccad39227e361c13866","EC_0162.jpg"
"8781",5.003911608,2.8248,"6112dccad39227e361c13866","EC_0237.jpg"
"8782",5.010609568,4.3448,"6112dccad39227e361c13866","EC_0068.jpg"
"8783",5.008680556,3.0613,"6112dccad39227e361c13866","EC_0046.jpg"
"8784",4.976691101,3.2419,"6112dccad39227e361c13866","EC_0061.jpg"
"8785",6.02451989,3.843,"6112dccad39227e361c13866","EC_0077.jpg"
"8786",4.011006087,3.3662,"6112dccad39227e361c13866","EC_0161.jpg"
"8787",8.001168124,2.938,"6112dccad39227e361c13866","EC_0098.jpg"
"8788",9.949577761,4.8395,"6112dccad39227e361c13866","EC_0022.jpg"
"8789",4.991373028,3.0568,"6112dccad39227e361c13866","EC_0187.jpeg"
"8790",5.013771005,2.8775,"6112dccad39227e361c13866","EC_0055.jpg"
"8791",7.993559242,4.3999,"6112dccad39227e361c13866","EC_0074.jpg"
"8792",1.98854381,3.0466,"6112dccad39227e361c13866","EC_0009.jpg"
"8793",5.011466907,2.8306,"6112dccad39227e361c13866","EC_0018.jpg"
"8794",5.98690415,2.9312,"6112dccad39227e361c13866","EC_0168.jpeg"
"8795",7.009280693,2.8759,"6112dccad39227e361c13866","EC_0196.jpg"
"8796",8.978159294,3.6674,"6112dccad39227e361c13866","EC_0138.png"
"8797",4.997160065,2.7594,"6112dccad39227e361c13866","EC_0132.jpg"
"8798",5.010877486,3.922,"6112dccad39227e361c13866","EC_0012.jpg"
"8799",7.985575274,2.8987,"6112dccad39227e361c13866","EC_0057.jpeg"
"8800",6.005069016,3.3874,"6112dccad39227e361c13866","EC_0030.jpg"
"8801",4.995874057,3.5604,"6112dccad39227e361c13866","EC_0199.jpg"
"8802",6.011606224,2.8102,"6112dccad39227e361c13866","EC_0032.jpg"
"8803",6.004211677,3.3942,"6112dccad39227e361c13866","EC_0116.jpg"
"8804",2.983807013,3.2387,"6112dccad39227e361c13866","EC_0128.jpeg"
"8805",5.004822531,2.8741,"6112dccad39227e361c13866","EC_0142.jpg"
"8806",3.973390346,3.4882,"6112dccad39227e361c13866","EC_0038.jpg"
"8807",7.021069102,3.3763,"6112dccad39227e361c13866","EC_0229.jpg"
"8808",5.960701732,4.4117,"6112dccad39227e361c13866","EC_0087.jpg"
"8809",6.006355024,2.9125,"6112dccad39227e361c13866","EC_0149.jpg"
"8810",5.977044753,4.504,"6112dccad39227e361c13866","EC_0011.jpg"
"8811",2.886123971,38.0128,"6112dccad39227e361c13866","EC_0024.jpg"
"8812",7.970196759,4.0211,"6112dccad39227e361c13866","EC_0073.jpg"
"8813",6.998081704,3.3663,"6112dccad39227e361c13866","EC_0233.jpg"
"8814",7.986218278,4.1802,"6112dccad39227e361c13866","EC_0163.jpg"
"8815",1.986186128,2.8883,"6112dccad39227e361c13866","EC_0223.jpg"
"8816",5.034722222,2.8996,"6112dccad39227e361c13866","EC_0177.jpg"
"8817",5.034722222,2.9426,"6112dccad39227e361c13866","EC_0016.jpg"
"8818",5.034722222,2.093,"6112dccad39227e361c13866","EC_0059.jpg"
"8819",6.017071759,4.3376,"6112dccad39227e361c13866","EC_0029.jpg"
"8820",6.995616855,3.9594,"6112dccad39227e361c13866","EC_0185.jpg"
"8821",6.017338732,3.1706,"611eeb35a6288fcbe35bd45c","EC_0031.jpg"
"8822",3.014421929,6.2336,"611eeb35a6288fcbe35bd45c","EC_0153.jpg"
"8823",5.933447266,2.5843,"611eeb35a6288fcbe35bd45c","EC_0234.jpg"
"8824",8.931335449,2.3497,"611eeb35a6288fcbe35bd45c","EC_0106.jpg"
"8825",6.008137343,2.5703,"611eeb35a6288fcbe35bd45c","EC_0118.jpg"
"8826",3.977441406,2.4384,"611eeb35a6288fcbe35bd45c","EC_0236.jpg"
"8827",7.934885661,2.9197,"611eeb35a6288fcbe35bd45c","EC_0057.jpeg"
"8828",4.975106472,2.7395,"611eeb35a6288fcbe35bd45c","EC_0007.jpg"
"8829",4.967306179,2.4761,"611eeb35a6288fcbe35bd45c","EC_0058.jpg"
"8830",4.007206896,2.5673,"611eeb35a6288fcbe35bd45c","EC_0115.jpg"
"8831",1.138506402,2.8517,"611eeb35a6288fcbe35bd45c","EC_0044.jpg"
"8832",0.850993856,2.3688,"611eeb35a6288fcbe35bd45c","EC_0176.jpg"
"8833",7.01817627,5.7345,"611eeb35a6288fcbe35bd45c","EC_0079.jpg"
"8834",2.022813246,7.6527,"611eeb35a6288fcbe35bd45c","EC_0181.jpg"
"8835",0.906745741,2.8049,"611eeb35a6288fcbe35bd45c","EC_0062.jpg"
"8836",8.970453559,3.0255,"611eeb35a6288fcbe35bd45c","EC_0136.jpg"
"8837",6.164880371,2.8732,"611eeb35a6288fcbe35bd45c","EC_0221.jpg"
"8838",3.007873535,3.3553,"611eeb35a6288fcbe35bd45c","EC_0139.png"
"8839",3.999835883,2.238,"611eeb35a6288fcbe35bd45c","EC_0160.jpg"
"8840",1.956152683,2.6203,"611eeb35a6288fcbe35bd45c","EC_0053.jpg"
"8841",3.992166477,3.4649,"611eeb35a6288fcbe35bd45c","EC_0131.jpg"
"8842",2.007831489,3.908,"611eeb35a6288fcbe35bd45c","EC_0022.jpg"
"8843",8.99979248,2.9569,"611eeb35a6288fcbe35bd45c","EC_0209.jpg"
"8844",0.053761461,2.8398,"611eeb35a6288fcbe35bd45c","EC_0150.jpg"
"8845",6.94193929,2.6068,"611eeb35a6288fcbe35bd45c","EC_0120.jpg"
"8846",9.996195475,2.4879,"611eeb35a6288fcbe35bd45c","EC_0185.jpg"
"8847",4.912875027,3.0836,"611eeb35a6288fcbe35bd45c","EC_0201.jpg"
"8848",5.908172607,2.782,"611eeb35a6288fcbe35bd45c","EC_0170.jpg"
"8849",5.977832031,3.4725,"611eeb35a6288fcbe35bd45c","EC_0073.jpg"
"8850",7.892763943,2.4069,"611eeb35a6288fcbe35bd45c","EC_0081.jpg"
"8851",0.019971042,3.2039,"611eeb35a6288fcbe35bd45c","EC_0193.png"
"8852",7.976509603,2.804,"611eeb35a6288fcbe35bd45c","EC_0047.jpg"
"8853",5.020855713,2.4391,"611eeb35a6288fcbe35bd45c","EC_0203.jpg"
"8854",3.962603082,2.6555,"611eeb35a6288fcbe35bd45c","EC_0116.jpg"
"8855",6.014731174,2.5873,"611eeb35a6288fcbe35bd45c","EC_0213.jpg"
"8856",7.008994548,2.7691,"611eeb35a6288fcbe35bd45c","EC_0156.jpg"
"8857",8.023592801,2.1084,"611eeb35a6288fcbe35bd45c","EC_0108.jpg"
"8858",4.99814114,3.5092,"611eeb35a6288fcbe35bd45c","EC_0240.jpg"
"8859",6.96544732,2.8575,"611eeb35a6288fcbe35bd45c","EC_0195.jpg"
"8860",2.033660211,2.4497,"611eeb35a6288fcbe35bd45c","EC_0210.jpg"
"8861",0.956107924,3.2094,"611eeb35a6288fcbe35bd45c","EC_0149.jpg"
"8862",1.029849243,3.1064,"611eeb35a6288fcbe35bd45c","EC_0113.jpg"
"8863",0.010540432,2.2592,"611eeb35a6288fcbe35bd45c","EC_0227.jpg"
"8864",2.059481812,2.6381,"611eeb35a6288fcbe35bd45c","EC_0165.jpg"
"8865",0.056013319,2.4417,"611eeb35a6288fcbe35bd45c","EC_0009.jpg"
"8866",5.95361735,2.8836,"611eeb35a6288fcbe35bd45c","EC_0006.jpg"
"8867",8.995552572,2.3253,"611eeb35a6288fcbe35bd45c","EC_0098.jpg"
"8868",8.82705485,2.8417,"611eeb35a6288fcbe35bd45c","EC_0082.jpg"
"8869",7.030931939,5.6748,"611eeb35a6288fcbe35bd45c","EC_0119.jpg"
"8870",0.038178507,2.3695,"611eeb35a6288fcbe35bd45c","EC_0027.jpg"
"8871",6.919594998,2.8124,"611eeb35a6288fcbe35bd45c","EC_0063.jpg"
"8872",0.04473877,3.0922,"611eeb35a6288fcbe35bd45c","EC_0123.jpeg"
"8873",0.050294325,1.8249,"611eeb35a6288fcbe35bd45c","EC_0222.jpg"
"8874",4.012071398,2.7187,"611eeb35a6288fcbe35bd45c","EC_0070.jpg"
"8875",3.905835639,2.4823,"611eeb35a6288fcbe35bd45c","EC_0245.jpg"
"8876",6.940239122,2.4241,"611eeb35a6288fcbe35bd45c","EC_0172.jpg"
"8877",6.002745904,2.4844,"611eeb35a6288fcbe35bd45c","EC_0235.jpg"
"8878",0.227850681,2.6345,"611eeb35a6288fcbe35bd45c","EC_0162.jpg"
"8879",1.059058974,2.1923,"611eeb35a6288fcbe35bd45c","EC_0137.jpg"
"8880",1.070170085,2.3082,"611eeb35a6288fcbe35bd45c","EC_0219.jpg"
"8881",2.99520128,2.5533,"611eeb35a6288fcbe35bd45c","EC_0197.jpg"
"8882",1.053641086,3.0075,"611eeb35a6288fcbe35bd45c","EC_0206.png"
"8883",2.965555827,3.5388,"611eeb35a6288fcbe35bd45c","EC_0226.jpg"
"8884",1.056400892,3.0681,"611eeb35a6288fcbe35bd45c","EC_0148.jpg"
"8885",1.930664063,2.7343,"611eeb35a6288fcbe35bd45c","EC_0141.jpg"
"8886",1.249316745,2.4433,"611eeb35a6288fcbe35bd45c","EC_0097.jpg"
"8887",4.982591417,2.3887,"611eeb35a6288fcbe35bd45c","EC_0173.jpg"
"8888",2.813863118,3.4194,"611eeb35a6288fcbe35bd45c","EC_0040.jpg"
"8889",5.408453369,3.4454,"611eeb35a6288fcbe35bd45c","EC_0233.jpg"
"8890",2.231822035,2.5742,"611eeb35a6288fcbe35bd45c","EC_0151.jpg"
"8891",0.982651435,2.2589,"611eeb35a6288fcbe35bd45c","EC_0100.jpg"
"8892",1.168170505,2.4187,"611eeb35a6288fcbe35bd45c","EC_0055.jpg"
"8893",3.425901286,2.4841,"611eeb35a6288fcbe35bd45c","EC_0152.jpg"
"8894",3.117386882,2.082,"611eeb35a6288fcbe35bd45c","EC_0039.jpg"
"8895",3.413827176,2.2353,"611eeb35a6288fcbe35bd45c","EC_0202.jpg"
"8896",6.056747097,2.3395,"611eeb35a6288fcbe35bd45c","EC_0167.jpg"
"8897",0.13577474,2.4055,"611eeb35a6288fcbe35bd45c","EC_0205.jpg"
"8898",2.775927734,3.0889,"611eeb35a6288fcbe35bd45c","EC_0250.jpg"
"8899",3.08952908,2.2891,"611eeb35a6288fcbe35bd45c","EC_0038.jpg"
"8900",2.577351888,2.3735,"611eeb35a6288fcbe35bd45c","EC_0249.jpg"
"8901",4.734811062,2.858,"611eeb35a6288fcbe35bd45c","EC_0223.jpg"
"8902",2.675167508,4.8705,"611eeb35a6288fcbe35bd45c","EC_0238.jpg"
"8903",4.011697727,2.1885,"611eeb35a6288fcbe35bd45c","EC_0054.jpg"
"8904",1.470184326,14.588,"611eeb35a6288fcbe35bd45c","EC_0083.jpg"
"8905",8.085293918,2.8405,"611eeb35a6288fcbe35bd45c","EC_0067.jpg"
"8906",3.605496555,2.7365,"611eeb35a6288fcbe35bd45c","EC_0088.jpg"
"8907",5.432366265,2.555,"611eeb35a6288fcbe35bd45c","EC_0002.jpg"
"8908",5.212552219,2.9587,"611eeb35a6288fcbe35bd45c","EC_0184.jpg"
"8909",2.758207872,2.4524,"611eeb35a6288fcbe35bd45c","EC_0232.jpg"
"8910",4.57961358,2.6223,"611eeb35a6288fcbe35bd45c","EC_0239.jpg"
"8911",8.942085775,2.4558,"611eeb35a6288fcbe35bd45c","EC_0050.jpg"
"8912",0.257498508,2.5243,"611eeb35a6288fcbe35bd45c","EC_0111.jpg"
"8913",1.004737684,3.0358,"611eeb35a6288fcbe35bd45c","EC_0060.jpg"
"8914",0.951265462,3.158,"611eeb35a6288fcbe35bd45c","EC_0077.jpg"
"8915",0.965631443,2.7571,"611eeb35a6288fcbe35bd45c","EC_0103.jpg"
"8916",1.116110569,2.2593,"611eeb35a6288fcbe35bd45c","EC_0211.jpg"
"8917",1.131224908,2.5096,"611eeb35a6288fcbe35bd45c","EC_0075.jpg"
"8918",2.447539266,2.3261,"611eeb35a6288fcbe35bd45c","EC_0089.jpg"
"8919",6.892267524,2.2673,"611eeb35a6288fcbe35bd45c","EC_0194.jpg"
"8920",6.892267524,2.0082,"611eeb35a6288fcbe35bd45c","EC_0013.jpg"
"8921",3.011124674,2.8536,"611eeb35a6288fcbe35bd45c","EC_0069.jpg"
"8922",5.468122016,2.3428,"611eeb35a6288fcbe35bd45c","EC_0177.jpg"
"8923",7.318715413,2.3872,"611eeb35a6288fcbe35bd45c","EC_0171.jpg"
"8924",8.370120578,2.5395,"611eeb35a6288fcbe35bd45c","EC_0010.jpg"
"8925",2.5384257,2.5568,"611eeb35a6288fcbe35bd45c","EC_0064.jpg"
"8926",3.958299425,2.0759,"611eeb35a6288fcbe35bd45c","EC_0017.jpg"
"8927",1.824779256,7.0572,"611eeb35a6288fcbe35bd45c","EC_0180.jpg"
"8928",8.105343289,2.6553,"611eeb35a6288fcbe35bd45c","EC_0008.jpg"
"8929",1.931006198,2.9742,"611eeb35a6288fcbe35bd45c","EC_0207.jpg"
"8930",3.730480957,2.6062,"611eeb35a6288fcbe35bd45c","EC_0248.jpg"
"8931",8.894664171,2.6408,"611eeb35a6288fcbe35bd45c","EC_0169.png"
"8932",6.264260525,2.2851,"611eeb35a6288fcbe35bd45c","EC_0094.jpg"
"8933",0.151250543,2.44,"611eeb35a6288fcbe35bd45c","EC_0028.jpg"
"8934",3.952623155,2.8398,"611eeb35a6288fcbe35bd45c","EC_0080.jpg"
"8935",0.613907878,2.4719,"611eeb35a6288fcbe35bd45c","EC_0125.jpeg"
"8936",1.663545736,2.1395,"611eeb35a6288fcbe35bd45c","EC_0076.jpg"
"8937",3.989854601,2.3686,"611eeb35a6288fcbe35bd45c","EC_0003.jpg"
"8938",8.774136013,2.2737,"611eeb35a6288fcbe35bd45c","EC_0196.jpg"
"8939",9.060450575,2.1388,"611eeb35a6288fcbe35bd45c","EC_0014.jpg"
"8940",5.247812907,2.4386,"611eeb35a6288fcbe35bd45c","EC_0105.jpg"
"8941",5.517167155,2.3576,"611eeb35a6288fcbe35bd45c","EC_0071.jpg"
"8942",2.973022461,2.8193,"611eeb35a6288fcbe35bd45c","EC_0200.png"
"8943",3.562785509,2.7092,"611eeb35a6288fcbe35bd45c","EC_0046.jpg"
"8944",4.041456434,2.1888,"611eeb35a6288fcbe35bd45c","EC_0163.jpg"
"8945",4.940488688,2.4859,"611eeb35a6288fcbe35bd45c","EC_0099.jpg"
"8946",4.990457492,2.5219,"611eeb35a6288fcbe35bd45c","EC_0095.jpg"
"8947",1.295136515,2.3075,"611eeb35a6288fcbe35bd45c","EC_0049.jpg"
"8948",4.083977593,3.3758,"611eeb35a6288fcbe35bd45c","EC_0087.jpg"
"8949",4.551316325,2.6854,"611eeb35a6288fcbe35bd45c","EC_0121.jpg"
"8950",5.251834446,3.0271,"611eeb35a6288fcbe35bd45c","EC_0093.jpg"
"8951",0.338479614,2.4548,"611eeb35a6288fcbe35bd45c","EC_0230.jpg"
"8952",2.114782715,2.4753,"611eeb35a6288fcbe35bd45c","EC_0072.jpg"
"8953",2.608088854,2.1915,"611eeb35a6288fcbe35bd45c","EC_0242.jpg"
"8954",0.626873101,2.3557,"611eeb35a6288fcbe35bd45c","EC_0036.jpeg"
"8955",2.104318237,2.2441,"611eeb35a6288fcbe35bd45c","EC_0164.jpg"
"8956",1.278353543,2.8756,"611eeb35a6288fcbe35bd45c","EC_0241.jpg"
"8957",7.812748888,2.5089,"611eeb35a6288fcbe35bd45c","EC_0117.jpg"
"8958",0.249051921,3.6309,"611eeb35a6288fcbe35bd45c","EC_0033.jpeg"
"8959",1.532652452,2.1521,"611eeb35a6288fcbe35bd45c","EC_0101.jpg"
"8960",8.091832818,2.5573,"611eeb35a6288fcbe35bd45c","EC_0104.jpg"
"8961",8.403340658,2.4913,"611eeb35a6288fcbe35bd45c","EC_0168.jpeg"
"8962",6.629275174,2.2508,"611eeb35a6288fcbe35bd45c","EC_0068.jpg"
"8963",5.923897298,2.2577,"611eeb35a6288fcbe35bd45c","EC_0037.jpg"
"8964",3.34947781,2.2753,"611eeb35a6288fcbe35bd45c","EC_0246.jpg"
"8965",6.176049805,2.5384,"611eeb35a6288fcbe35bd45c","EC_0229.jpg"
"8966",3.190567356,2.3707,"611eeb35a6288fcbe35bd45c","EC_0228.jpg"
"8967",2.694948324,2.3877,"611eeb35a6288fcbe35bd45c","EC_0133.jpg"
"8968",9.124065484,2.408,"611eeb35a6288fcbe35bd45c","EC_0020.jpg"
"8969",1.752185398,3.0049,"611eeb35a6288fcbe35bd45c","EC_0140.jpg"
"8970",1.884708659,2.2086,"611eeb35a6288fcbe35bd45c","EC_0237.jpg"
"8971",1.579127333,2.0663,"611eeb35a6288fcbe35bd45c","EC_0198.jpg"
"8972",2.966668701,2.0522,"611eeb35a6288fcbe35bd45c","EC_0182.jpg"
"8973",0.907842339,2.6758,"611eeb35a6288fcbe35bd45c","EC_0147.png"
"8974",5.002283393,2.3894,"611eeb35a6288fcbe35bd45c","EC_0015.jpg"
"8975",4.481212701,2.7221,"611eeb35a6288fcbe35bd45c","EC_0018.jpg"
"8976",5.971946886,2.7877,"611eeb35a6288fcbe35bd45c","EC_0051.jpg"
"8977",2.843099637,2.4162,"611eeb35a6288fcbe35bd45c","EC_0029.jpg"
"8978",0.12037184,2.6174,"611eeb35a6288fcbe35bd45c","EC_0204.jpg"
"8979",2.108976237,2.517,"611eeb35a6288fcbe35bd45c","EC_0135.jpg"
"8980",2.704603407,2.3014,"611eeb35a6288fcbe35bd45c","EC_0042.jpg"
"8981",1.835810004,2.2594,"611eeb35a6288fcbe35bd45c","EC_0174.jpg"
"8982",1.830254449,2.1087,"611eeb35a6288fcbe35bd45c","EC_0086.jpg"
"8983",9.047946506,2.5093,"611eeb35a6288fcbe35bd45c","EC_0032.jpg"
"8984",0.930495538,2.3565,"611eeb35a6288fcbe35bd45c","EC_0183.jpg"
"8985",8.408764648,3.0668,"611eeb35a6288fcbe35bd45c","EC_0059.jpg"
"8986",6.657394748,2.8248,"611eeb35a6288fcbe35bd45c","EC_0090.jpg"
"8987",0.214956665,2.8067,"611eeb35a6288fcbe35bd45c","EC_0024.jpg"
"8988",6.996428087,2.5521,"611eeb35a6288fcbe35bd45c","EC_0096.jpg"
"8989",4.112926568,4.0397,"611eeb35a6288fcbe35bd45c","EC_0132.jpg"
"8990",9.300092231,2.2744,"611eeb35a6288fcbe35bd45c","EC_0138.png"
"8991",3.788764106,3.0067,"611eeb35a6288fcbe35bd45c","EC_0166.jpg"
"8992",1.817754788,2.3377,"611eeb35a6288fcbe35bd45c","EC_0159.jpg"
"8993",2.541484239,2.4407,"611eeb35a6288fcbe35bd45c","EC_0056.jpg"
"8994",0.984250556,2.4243,"611eeb35a6288fcbe35bd45c","EC_0128.jpeg"
"8995",0.833638848,2.1389,"611eeb35a6288fcbe35bd45c","EC_0085.jpg"
"8996",5.316305203,2.3735,"611eeb35a6288fcbe35bd45c","EC_0030.jpg"
"8997",2.65384318,2.6467,"611eeb35a6288fcbe35bd45c","EC_0065.jpg"
"8998",7.326278347,2.6869,"611eeb35a6288fcbe35bd45c","EC_0041.jpg"
"8999",4.009533013,2.7235,"611eeb35a6288fcbe35bd45c","EC_0048.jpg"
"9000",5.531892225,2.7888,"611eeb35a6288fcbe35bd45c","EC_0034.jpg"
"9001",4.190275743,2.7888,"611eeb35a6288fcbe35bd45c","EC_0247.jpg"
"9002",4.3240743,3.0518,"611eeb35a6288fcbe35bd45c","EC_0011.jpg"
"9003",4.071577962,2.4002,"611eeb35a6288fcbe35bd45c","EC_0214.jpg"
"9004",5.8682095,2.437,"611eeb35a6288fcbe35bd45c","EC_0001.jpg"
"9005",6.872288683,11.49,"611eeb35a6288fcbe35bd45c","EC_0102.jpg"
"9006",1.687328084,2.6518,"611eeb35a6288fcbe35bd45c","EC_0199.jpg"
"9007",2.964366998,2.0237,"611eeb35a6288fcbe35bd45c","EC_0231.jpg"
"9008",0.718060642,2.6742,"611eeb35a6288fcbe35bd45c","EC_0129.jpeg"
"9009",3.2388109,2.236,"611eeb35a6288fcbe35bd45c","EC_0019.jpg"
"9010",2.64456448,2.1747,"611eeb35a6288fcbe35bd45c","EC_0124.jpeg"
"9011",5.172932943,2.5522,"611eeb35a6288fcbe35bd45c","EC_0158.jpg"
"9012",7.443567573,2.4228,"611eeb35a6288fcbe35bd45c","EC_0066.jpg"
"9013",1.259449259,2.6056,"611eeb35a6288fcbe35bd45c","EC_0161.jpg"
"9014",2.671877374,2.1168,"611eeb35a6288fcbe35bd45c","EC_0154.jpg"
"9015",0.929045275,2.8066,"611eeb35a6288fcbe35bd45c","EC_0061.jpg"
"9016",5.507854546,3.1736,"611eeb35a6288fcbe35bd45c","EC_0012.jpg"
"9017",0.289448717,2.572,"611eeb35a6288fcbe35bd45c","EC_0005.jpg"
"9018",3.065651449,3.3411,"611eeb35a6288fcbe35bd45c","EC_0244.jpg"
"9019",2.434699843,2.2355,"611eeb35a6288fcbe35bd45c","EC_0243.jpg"
"9020",6.249024794,2.4272,"611eeb35a6288fcbe35bd45c","EC_0134.jpg"
"9021",4.562280952,2.6684,"611eeb35a6288fcbe35bd45c","EC_0074.jpg"
"9022",6.873388672,2.4022,"611eeb35a6288fcbe35bd45c","EC_0109.jpg"
"9023",6.631176758,2.9854,"611eeb35a6288fcbe35bd45c","EC_0188.jpg"
"9024",4.968917508,3.3551,"611eeb35a6288fcbe35bd45c","EC_0016.jpg"
"9025",3.397246636,2.3069,"611eeb35a6288fcbe35bd45c","EC_0187.jpeg"
"9026",2.216507636,6.5369,"611eeb35a6288fcbe35bd45c","EC_0142.jpg"
"9027",4.012865533,2.6072,"611eeb35a6288fcbe35bd45c","EC_0092.jpg"
"9028",2.012895372,2.6212,"611eeb35a6288fcbe35bd45c","EC_0224.jpg"
"9029",6.896522352,2.9762,"611eeb35a6288fcbe35bd45c","EC_0084.jpg"
"9030",4.021068658,2.3064,"611eeb35a6288fcbe35bd45c","EC_0157.jpg"
"9031",4.9609375,5.2936,"612fd3208d3decaf3ec80bcc","EC_0152.jpg"
"9032",4.986979167,4.1996,"612fd3208d3decaf3ec80bcc","EC_0103.jpg"
"9033",5.950520833,5.3698,"612fd3208d3decaf3ec80bcc","EC_0226.jpg"
"9034",1.9921875,4.071,"612fd3208d3decaf3ec80bcc","EC_0173.jpg"
"9035",0.989583333,5.4844,"612fd3208d3decaf3ec80bcc","EC_0111.jpg"
"9036",4.9609375,3.3228,"612fd3208d3decaf3ec80bcc","EC_0132.jpg"
"9037",4.986979167,3.1415,"612fd3208d3decaf3ec80bcc","EC_0094.jpg"
"9038",8.9453125,3.7059,"612fd3208d3decaf3ec80bcc","EC_0136.jpg"
"9039",7.018229167,4.3552,"612fd3208d3decaf3ec80bcc","EC_0065.jpg"
"9040",0.9765625,3.7512,"612fd3208d3decaf3ec80bcc","EC_0198.jpg"
"9041",5.989583333,3.7667,"612fd3208d3decaf3ec80bcc","EC_0188.jpg"
"9042",3.984375,2.8677,"612fd3208d3decaf3ec80bcc","EC_0240.jpg"
"9043",0.924479167,3.0046,"612fd3208d3decaf3ec80bcc","EC_0135.jpg"
"9044",8.997395833,3.8041,"612fd3208d3decaf3ec80bcc","EC_0037.jpg"
"9045",0.026041667,4.4718,"612fd3208d3decaf3ec80bcc","EC_0182.jpg"
"9046",9.973958333,4.6162,"612fd3208d3decaf3ec80bcc","EC_0055.jpg"
"9047",9.973958333,2.3545,"612fd3208d3decaf3ec80bcc","EC_0113.jpg"
"9048",8.984375,3.0744,"612fd3208d3decaf3ec80bcc","EC_0027.jpg"
"9049",4.9609375,5.6384,"612fd3208d3decaf3ec80bcc","EC_0073.jpg"
"9050",9.947916667,3.7881,"612fd3208d3decaf3ec80bcc","EC_0134.jpg"
"9051",0.963541667,3.5804,"612fd3208d3decaf3ec80bcc","EC_0147.png"
"9052",0.013020833,6.3238,"612fd3208d3decaf3ec80bcc","EC_0249.jpg"
"9053",4.934895833,3.952,"612fd3208d3decaf3ec80bcc","EC_0102.jpg"
"9054",0,5.2127,"612fd3208d3decaf3ec80bcc","EC_0005.jpg"
"9055",0,2.1692,"612fd3208d3decaf3ec80bcc","EC_0049.jpg"
"9056",0.442708333,3.6006,"612fd3208d3decaf3ec80bcc","EC_0183.jpg"
"9057",2.955729167,4.3339,"612fd3208d3decaf3ec80bcc","EC_0200.png"
"9058",1.002604167,3.9292,"612fd3208d3decaf3ec80bcc","EC_0076.jpg"
"9059",0.950520833,6.946,"612fd3208d3decaf3ec80bcc","EC_0002.jpg"
"9060",9.908854167,4.6319,"612fd3208d3decaf3ec80bcc","EC_0044.jpg"
"9061",7.955729167,3.5053,"612fd3208d3decaf3ec80bcc","EC_0239.jpg"
"9062",8.971354167,3.3251,"612fd3208d3decaf3ec80bcc","EC_0141.jpg"
"9063",6.9921875,4.5731,"612fd3208d3decaf3ec80bcc","EC_0087.jpg"
"9064",2.994791667,4.0735,"612fd3208d3decaf3ec80bcc","EC_0090.jpg"
"9065",9.869791667,4.6983,"612fd3208d3decaf3ec80bcc","EC_0196.jpg"
"9066",9.869791667,3.2506,"612fd3208d3decaf3ec80bcc","EC_0079.jpg"
"9067",1.940104167,3.7683,"612fd3208d3decaf3ec80bcc","EC_0016.jpg"
"9068",3.984375,3.8038,"612fd3208d3decaf3ec80bcc","EC_0230.jpg"
"9069",3.984375,2.6255,"612fd3208d3decaf3ec80bcc","EC_0197.jpg"
"9070",3.0078125,4.6897,"612fd3208d3decaf3ec80bcc","EC_0168.jpeg"
"9071",3.763020833,4.6206,"612fd3208d3decaf3ec80bcc","EC_0003.jpg"
"9072",7.317708333,3.48,"612fd3208d3decaf3ec80bcc","EC_0120.jpg"
"9073",7.317708333,3.0697,"612fd3208d3decaf3ec80bcc","EC_0116.jpg"
"9074",4.583333333,3.4525,"612fd3208d3decaf3ec80bcc","EC_0165.jpg"
"9075",7.6953125,3.9477,"612fd3208d3decaf3ec80bcc","EC_0124.jpeg"
"9076",1.770833333,4.0393,"612fd3208d3decaf3ec80bcc","EC_0195.jpg"
"9077",3.203125,5.7747,"612fd3208d3decaf3ec80bcc","EC_0140.jpg"
"9078",7.369791667,3.9553,"612fd3208d3decaf3ec80bcc","EC_0232.jpg"
"9079",8.346354167,2.8225,"612fd3208d3decaf3ec80bcc","EC_0070.jpg"
"9080",9.3359375,5.3534,"612fd3208d3decaf3ec80bcc","EC_0031.jpg"
"9081",0.1171875,7.7249,"612fd3208d3decaf3ec80bcc","EC_0123.jpeg"
"9082",8.958333333,3.5058,"612fd3208d3decaf3ec80bcc","EC_0236.jpg"
"9083",6.145833333,3.8043,"612fd3208d3decaf3ec80bcc","EC_0219.jpg"
"9084",8.5546875,3.5223,"612fd3208d3decaf3ec80bcc","EC_0041.jpg"
"9085",9.505208333,3.216,"612fd3208d3decaf3ec80bcc","EC_0224.jpg"
"9086",0.1953125,3.2735,"612fd3208d3decaf3ec80bcc","EC_0159.jpg"
"9087",6.3671875,3.7361,"612fd3208d3decaf3ec80bcc","EC_0131.jpg"
"9088",7.1484375,3.5362,"612fd3208d3decaf3ec80bcc","EC_0098.jpg"
"9089",9.21875,3.038,"612fd3208d3decaf3ec80bcc","EC_0017.jpg"
"9090",3.854166667,3.7381,"612fd3208d3decaf3ec80bcc","EC_0046.jpg"
"9091",9.192708333,3.1215,"612fd3208d3decaf3ec80bcc","EC_0008.jpg"
"9092",0.078125,4.3345,"612fd3208d3decaf3ec80bcc","EC_0129.jpeg"
"9093",0.078125,2.7044,"612fd3208d3decaf3ec80bcc","EC_0085.jpg"
"9094",6.315104167,3.4588,"612fd3208d3decaf3ec80bcc","EC_0150.jpg"
"9095",0.390625,4.5271,"612fd3208d3decaf3ec80bcc","EC_0028.jpg"
"9096",8.151041667,4.5207,"612fd3208d3decaf3ec80bcc","EC_0170.jpg"
"9097",8.776041667,4.4681,"612fd3208d3decaf3ec80bcc","EC_0105.jpg"
"9098",9.4140625,3.1363,"612fd3208d3decaf3ec80bcc","EC_0166.jpg"
"9099",9.84375,2.6522,"612fd3208d3decaf3ec80bcc","EC_0039.jpg"
"9100",5.15625,2.9668,"612fd3208d3decaf3ec80bcc","EC_0228.jpg"
"9101",2.8125,3.237,"612fd3208d3decaf3ec80bcc","EC_0174.jpg"
"9102",1.471354167,4.4039,"612fd3208d3decaf3ec80bcc","EC_0205.jpg"
"9103",3.502604167,3.307,"612fd3208d3decaf3ec80bcc","EC_0075.jpg"
"9104",0.221354167,3.919,"612fd3208d3decaf3ec80bcc","EC_0154.jpg"
"9105",9.2578125,3.297,"612fd3208d3decaf3ec80bcc","EC_0194.jpg"
"9106",4.635416667,4.316,"612fd3208d3decaf3ec80bcc","EC_0233.jpg"
"9107",8.723958333,3.3374,"612fd3208d3decaf3ec80bcc","EC_0238.jpg"
"9108",8.723958333,3.3072,"612fd3208d3decaf3ec80bcc","EC_0237.jpg"
"9109",9.895833333,3.1169,"612fd3208d3decaf3ec80bcc","EC_0177.jpg"
"9110",9.895833333,3.1068,"612fd3208d3decaf3ec80bcc","EC_0053.jpg"
"9111",0.807291667,4.5325,"612fd3208d3decaf3ec80bcc","EC_0206.png"
"9112",0.807291667,3.5886,"612fd3208d3decaf3ec80bcc","EC_0066.jpg"
"9113",0.065104167,4.853,"612fd3208d3decaf3ec80bcc","EC_0201.jpg"
"9114",7.786458333,4.4715,"612fd3208d3decaf3ec80bcc","EC_0106.jpg"
"9115",8.7109375,4.0845,"612fd3208d3decaf3ec80bcc","EC_0242.jpg"
"9116",4.674479167,4.3774,"612fd3208d3decaf3ec80bcc","EC_0214.jpg"
"9117",3.815104167,4.4654,"612fd3208d3decaf3ec80bcc","EC_0180.jpg"
"9118",4.4140625,5.0827,"612fd3208d3decaf3ec80bcc","EC_0172.jpg"
"9119",6.184895833,4.0555,"612fd3208d3decaf3ec80bcc","EC_0202.jpg"
"9120",6.848958333,4.7106,"612fd3208d3decaf3ec80bcc","EC_0011.jpg"
"9121",8.125,3.6167,"612fd3208d3decaf3ec80bcc","EC_0080.jpg"
"9122",9.049479167,4.9887,"612fd3208d3decaf3ec80bcc","EC_0156.jpg"
"9123",9.518229167,4.855,"612fd3208d3decaf3ec80bcc","EC_0093.jpg"
"9124",2.8125,4.5218,"612fd3208d3decaf3ec80bcc","EC_0022.jpg"
"9125",0.377604167,4.9944,"612fd3208d3decaf3ec80bcc","EC_0229.jpg"
"9126",5.5859375,4.3731,"612fd3208d3decaf3ec80bcc","EC_0149.jpg"
"9127",9.921875,3.2742,"612fd3208d3decaf3ec80bcc","EC_0059.jpg"
"9128",0.078125,4.3677,"612fd3208d3decaf3ec80bcc","EC_0125.jpeg"
"9129",0.130208333,4.8443,"612fd3208d3decaf3ec80bcc","EC_0204.jpg"
"9130",8.971354167,4.5327,"612fd3208d3decaf3ec80bcc","EC_0163.jpg"
"9131",8.971354167,2.0641,"612fd3208d3decaf3ec80bcc","EC_0068.jpg"
"9132",0.026041667,3.7934,"612fd3208d3decaf3ec80bcc","EC_0181.jpg"
"9133",5.677083333,3.466,"612fd3208d3decaf3ec80bcc","EC_0020.jpg"
"9134",9.84375,2.9711,"612fd3208d3decaf3ec80bcc","EC_0071.jpg"
"9135",9.84375,2.4805,"612fd3208d3decaf3ec80bcc","EC_0038.jpg"
"9136",5.390625,3.0253,"612fd3208d3decaf3ec80bcc","EC_0060.jpg"
"9137",5.0390625,4.287,"612fd3208d3decaf3ec80bcc","EC_0133.jpg"
"9138",2.6171875,3.7502,"612fd3208d3decaf3ec80bcc","EC_0097.jpg"
"9139",0.130208333,3.6,"612fd3208d3decaf3ec80bcc","EC_0009.jpg"
"9140",2.1875,3.978,"612fd3208d3decaf3ec80bcc","EC_0057.jpeg"
"9141",4.869791667,4.3594,"612fd3208d3decaf3ec80bcc","EC_0117.jpg"
"9142",1.783854167,3.8386,"612fd3208d3decaf3ec80bcc","EC_0164.jpg"
"9143",7.369791667,3.6631,"612fd3208d3decaf3ec80bcc","EC_0083.jpg"
"9144",8.3203125,3.2849,"612fd3208d3decaf3ec80bcc","EC_0096.jpg"
"9145",9.752604167,3.0063,"612fd3208d3decaf3ec80bcc","EC_0104.jpg"
"9146",3.59375,3.9968,"612fd3208d3decaf3ec80bcc","EC_0246.jpg"
"9147",1.145833333,3.1935,"612fd3208d3decaf3ec80bcc","EC_0176.jpg"
"9148",0.091145833,2.7242,"612fd3208d3decaf3ec80bcc","EC_0061.jpg"
"9149",6.432291667,4.3241,"612fd3208d3decaf3ec80bcc","EC_0169.png"
"9150",9.075520833,3.1338,"612fd3208d3decaf3ec80bcc","EC_0056.jpg"
"9151",3.893229167,3.6032,"612fd3208d3decaf3ec80bcc","EC_0162.jpg"
"9152",1.731770833,4.5372,"612fd3208d3decaf3ec80bcc","EC_0109.jpg"
"9153",1.731770833,3.4386,"612fd3208d3decaf3ec80bcc","EC_0139.png"
"9154",6.979166667,3.3946,"612fd3208d3decaf3ec80bcc","EC_0099.jpg"
"9155",4.791666667,4.186,"612fd3208d3decaf3ec80bcc","EC_0069.jpg"
"9156",3.802083333,3.1369,"612fd3208d3decaf3ec80bcc","EC_0062.jpg"
"9157",0.4296875,4.1816,"612fd3208d3decaf3ec80bcc","EC_0033.jpeg"
"9158",0.4296875,2.3573,"612fd3208d3decaf3ec80bcc","EC_0007.jpg"
"9159",4.1015625,3.7236,"612fd3208d3decaf3ec80bcc","EC_0063.jpg"
"9160",5.169270833,4.0383,"612fd3208d3decaf3ec80bcc","EC_0050.jpg"
"9161",6.705729167,4.0036,"612fd3208d3decaf3ec80bcc","EC_0077.jpg"
"9162",6.223958333,2.9935,"612fd3208d3decaf3ec80bcc","EC_0015.jpg"
"9163",7.122395833,4.4244,"612fd3208d3decaf3ec80bcc","EC_0051.jpg"
"9164",1.888020833,2.9404,"612fd3208d3decaf3ec80bcc","EC_0210.jpg"
"9165",3.489583333,5.6263,"612fd3208d3decaf3ec80bcc","EC_0074.jpg"
"9166",2.96875,4.4559,"612fd3208d3decaf3ec80bcc","EC_0227.jpg"
"9167",1.40625,4.5319,"612fd3208d3decaf3ec80bcc","EC_0082.jpg"
"9168",5.989583333,3.969,"612fd3208d3decaf3ec80bcc","EC_0036.jpeg"
"9169",0.494791667,3.3529,"612fd3208d3decaf3ec80bcc","EC_0089.jpg"
"9170",0.494791667,3.399,"612fd3208d3decaf3ec80bcc","EC_0047.jpg"
"9171",0.013020833,3.2924,"612fd3208d3decaf3ec80bcc","EC_0158.jpg"
"9172",0.013020833,2.4712,"612fd3208d3decaf3ec80bcc","EC_0148.jpg"
"9173",1.71875,4.7617,"612fd3208d3decaf3ec80bcc","EC_0024.jpg"
"9174",6.40625,3.6235,"612fd3208d3decaf3ec80bcc","EC_0081.jpg"
"9175",3.763020833,2.9342,"612fd3208d3decaf3ec80bcc","EC_0243.jpg"
"9176",6.09375,4.1509,"612fd3208d3decaf3ec80bcc","EC_0118.jpg"
"9177",3.4375,3.6825,"612fd3208d3decaf3ec80bcc","EC_0119.jpg"
"9178",5.221354167,4.1198,"612fd3208d3decaf3ec80bcc","EC_0084.jpg"
"9179",4.752604167,4.4067,"612fd3208d3decaf3ec80bcc","EC_0185.jpg"
"9180",0.299479167,3.2102,"612fd3208d3decaf3ec80bcc","EC_0245.jpg"
"9181",0.299479167,2.6224,"612fd3208d3decaf3ec80bcc","EC_0211.jpg"
"9182",0.755208333,3.7373,"612fd3208d3decaf3ec80bcc","EC_0241.jpg"
"9183",9.4140625,3.6444,"612fd3208d3decaf3ec80bcc","EC_0032.jpg"
"9184",9.934895833,3.2612,"612fd3208d3decaf3ec80bcc","EC_0157.jpg"
"9185",9.934895833,2.6862,"612fd3208d3decaf3ec80bcc","EC_0019.jpg"
"9186",7.057291667,3.6328,"612fd3208d3decaf3ec80bcc","EC_0072.jpg"
"9187",1.536458333,2.7871,"612fd3208d3decaf3ec80bcc","EC_0171.jpg"
"9188",6.5625,2.8043,"612fd3208d3decaf3ec80bcc","EC_0187.jpeg"
"9189",0.013020833,3.3511,"612fd3208d3decaf3ec80bcc","EC_0013.jpg"
"9190",0.013020833,2.5268,"612fd3208d3decaf3ec80bcc","EC_0137.jpg"
"9191",5.234375,3.2629,"612fd3208d3decaf3ec80bcc","EC_0001.jpg"
"9192",7.825520833,4.8487,"612fd3208d3decaf3ec80bcc","EC_0121.jpg"
"9193",3.111979167,4.0224,"612fd3208d3decaf3ec80bcc","EC_0247.jpg"
"9194",3.763020833,3.27,"612fd3208d3decaf3ec80bcc","EC_0250.jpg"
"9195",5.872395833,2.9152,"612fd3208d3decaf3ec80bcc","EC_0161.jpg"
"9196",0.989583333,3.3264,"612fd3208d3decaf3ec80bcc","EC_0151.jpg"
"9197",8.0078125,4.7811,"612fd3208d3decaf3ec80bcc","EC_0088.jpg"
"9198",7.018229167,4.3626,"612fd3208d3decaf3ec80bcc","EC_0213.jpg"
"9199",8.932291667,3.7834,"612fd3208d3decaf3ec80bcc","EC_0042.jpg"
"9200",9.986979167,4.9392,"612fd3208d3decaf3ec80bcc","EC_0054.jpg"
"9201",9.986979167,2.6258,"612fd3208d3decaf3ec80bcc","EC_0014.jpg"
"9202",0.533854167,3.1576,"612fd3208d3decaf3ec80bcc","EC_0235.jpg"
"9203",0.078125,2.8417,"612fd3208d3decaf3ec80bcc","EC_0234.jpg"
"9204",0.078125,2.5947,"612fd3208d3decaf3ec80bcc","EC_0115.jpg"
"9205",3.567708333,3.1077,"612fd3208d3decaf3ec80bcc","EC_0018.jpg"
"9206",1.966145833,3.1413,"612fd3208d3decaf3ec80bcc","EC_0184.jpg"
"9207",4.947916667,3.5489,"612fd3208d3decaf3ec80bcc","EC_0221.jpg"
"9208",0.234375,4.2493,"612fd3208d3decaf3ec80bcc","EC_0222.jpg"
"9209",0.234375,2.1186,"612fd3208d3decaf3ec80bcc","EC_0160.jpg"
"9210",0.013020833,2.9678,"612fd3208d3decaf3ec80bcc","EC_0128.jpeg"
"9211",6.9921875,3.6229,"612fd3208d3decaf3ec80bcc","EC_0108.jpg"
"9212",8.580729167,3.2222,"612fd3208d3decaf3ec80bcc","EC_0203.jpg"
"9213",4.036458333,46.8946,"612fd3208d3decaf3ec80bcc","EC_0138.png"
"9214",1.901041667,3.0261,"612fd3208d3decaf3ec80bcc","EC_0067.jpg"
"9215",3.463541667,3.4545,"612fd3208d3decaf3ec80bcc","EC_0193.png"
"9216",6.848958333,2.8806,"612fd3208d3decaf3ec80bcc","EC_0101.jpg"
"9217",8.059895833,2.5302,"612fd3208d3decaf3ec80bcc","EC_0030.jpg"
"9218",6.015625,3.0931,"612fd3208d3decaf3ec80bcc","EC_0248.jpg"
"9219",0.559895833,2.7633,"612fd3208d3decaf3ec80bcc","EC_0095.jpg"
"9220",3.098958333,3.5443,"612fd3208d3decaf3ec80bcc","EC_0207.jpg"
"9221",4.505208333,2.9875,"612fd3208d3decaf3ec80bcc","EC_0040.jpg"
"9222",0.065104167,3.3743,"612fd3208d3decaf3ec80bcc","EC_0048.jpg"
"9223",5.8984375,2.9568,"612fd3208d3decaf3ec80bcc","EC_0029.jpg"
"9224",2.955729167,2.6908,"612fd3208d3decaf3ec80bcc","EC_0153.jpg"
"9225",6.028645833,7.0655,"612fd3208d3decaf3ec80bcc","EC_0010.jpg"
"9226",3.255208333,4.249,"612fd3208d3decaf3ec80bcc","EC_0209.jpg"
"9227",1.9140625,2.8153,"612fd3208d3decaf3ec80bcc","EC_0006.jpg"
"9228",0.052083333,4.0565,"612fd3208d3decaf3ec80bcc","EC_0244.jpg"
"9229",0.481770833,2.6915,"612fd3208d3decaf3ec80bcc","EC_0223.jpg"
"9230",7.838541667,4.0776,"612fd3208d3decaf3ec80bcc","EC_0034.jpg"
"9231",5.1171875,3.0133,"612fd3208d3decaf3ec80bcc","EC_0064.jpg"
"9232",9.791666667,3.571,"612fd3208d3decaf3ec80bcc","EC_0012.jpg"
"9233",1.731770833,3.3971,"612fd3208d3decaf3ec80bcc","EC_0086.jpg"
"9234",1.731770833,4.2705,"612fd3208d3decaf3ec80bcc","EC_0058.jpg"
"9235",8.971354167,6.2544,"612fd3208d3decaf3ec80bcc","EC_0167.jpg"
"9236",9.856770833,3.2748,"612fd3208d3decaf3ec80bcc","EC_0092.jpg"
"9237",2.721354167,2.6265,"612fd3208d3decaf3ec80bcc","EC_0142.jpg"
"9238",6.028645833,19.4816,"612fd3208d3decaf3ec80bcc","EC_0199.jpg"
"9239",1.809895833,3.6062,"612fd3208d3decaf3ec80bcc","EC_0231.jpg"
"9240",0.690104167,6.4607,"612fd3208d3decaf3ec80bcc","EC_0100.jpg"
"9241",9.953703704,16.1902,"61506f90721dcdeca6e77c2d","EC_0041.jpg"
"9242",2.916666667,4.831,"61506f90721dcdeca6e77c2d","EC_0165.jpg"
"9243",5.888888889,3.7345,"61506f90721dcdeca6e77c2d","EC_0090.jpg"
"9244",4.944444444,3.4716,"61506f90721dcdeca6e77c2d","EC_0195.jpg"
"9245",2.916666667,2.8163,"61506f90721dcdeca6e77c2d","EC_0154.jpg"
"9246",1.101851852,3.3492,"61506f90721dcdeca6e77c2d","EC_0213.jpg"
"9247",6.666666667,2.7158,"61506f90721dcdeca6e77c2d","EC_0223.jpg"
"9248",1.018518519,15.7075,"61506f90721dcdeca6e77c2d","EC_0243.jpg"
"9249",0.962962963,3.6691,"61506f90721dcdeca6e77c2d","EC_0198.jpg"
"9250",4.712962963,2.8666,"61506f90721dcdeca6e77c2d","EC_0099.jpg"
"9251",5.972222222,3.4662,"61506f90721dcdeca6e77c2d","EC_0214.jpg"
"9252",7.805555556,3.6489,"61506f90721dcdeca6e77c2d","EC_0193.png"
"9253",7.694444444,2.56,"61506f90721dcdeca6e77c2d","EC_0170.jpg"
"9254",5.888888889,3.5682,"61506f90721dcdeca6e77c2d","EC_0124.jpeg"
"9255",9.962962963,2.8192,"61506f90721dcdeca6e77c2d","EC_0248.jpg"
"9256",9.944444444,2.2495,"61506f90721dcdeca6e77c2d","EC_0016.jpg"
"9257",9.935185185,1.8826,"61506f90721dcdeca6e77c2d","EC_0160.jpg"
"9258",9.675925926,2.9994,"61506f90721dcdeca6e77c2d","EC_0080.jpg"
"9259",8.314814815,3.1992,"61506f90721dcdeca6e77c2d","EC_0250.jpg"
"9260",5.898148148,3.9827,"61506f90721dcdeca6e77c2d","EC_0221.jpg"
"9261",6.62962963,4.7156,"61506f90721dcdeca6e77c2d","EC_0061.jpg"
"9262",7.824074074,3.3829,"61506f90721dcdeca6e77c2d","EC_0057.jpeg"
"9263",7.935185185,2.7324,"61506f90721dcdeca6e77c2d","EC_0139.png"
"9264",8.703703704,2.5212,"61506f90721dcdeca6e77c2d","EC_0167.jpg"
"9265",6.666666667,3.5574,"61506f90721dcdeca6e77c2d","EC_0118.jpg"
"9266",9.675925926,4.9663,"61506f90721dcdeca6e77c2d","EC_0176.jpg"
"9267",9.777777778,2.2393,"61506f90721dcdeca6e77c2d","EC_0120.jpg"
"9268",9.574074074,2.9898,"61506f90721dcdeca6e77c2d","EC_0077.jpg"
"9269",1.953703704,3.2316,"61506f90721dcdeca6e77c2d","EC_0048.jpg"
"9270",3.712962963,2.5895,"61506f90721dcdeca6e77c2d","EC_0233.jpg"
"9271",7.675925926,3.0566,"61506f90721dcdeca6e77c2d","EC_0079.jpg"
"9272",9.018518519,4.9317,"61506f90721dcdeca6e77c2d","EC_0020.jpg"
"9273",9.074074074,2.8319,"61506f90721dcdeca6e77c2d","EC_0069.jpg"
"9274",9.990740741,2.7908,"61506f90721dcdeca6e77c2d","EC_0174.jpg"
"9275",1.842592593,5.5106,"61506f90721dcdeca6e77c2d","EC_0234.jpg"
"9276",4.472222222,3.4393,"61506f90721dcdeca6e77c2d","EC_0109.jpg"
"9277",9.953703704,3.5063,"61506f90721dcdeca6e77c2d","EC_0093.jpg"
"9278",9.953703704,2.0412,"61506f90721dcdeca6e77c2d","EC_0187.jpeg"
"9279",9.953703704,3.2565,"61506f90721dcdeca6e77c2d","EC_0083.jpg"
"9280",9.953703704,1.9394,"61506f90721dcdeca6e77c2d","EC_0022.jpg"
"9281",9.222222222,4.2641,"61506f90721dcdeca6e77c2d","EC_0076.jpg"
"9282",0.083333333,5.1181,"61506f90721dcdeca6e77c2d","EC_0222.jpg"
"9283",2.240740741,2.9881,"61506f90721dcdeca6e77c2d","EC_0121.jpg"
"9284",8.046296296,2.4169,"61506f90721dcdeca6e77c2d","EC_0073.jpg"
"9285",10,3.8967,"61506f90721dcdeca6e77c2d","EC_0171.jpg"
"9286",9.981481481,1.8956,"61506f90721dcdeca6e77c2d","EC_0108.jpg"
"9287",7.814814815,3.3257,"61506f90721dcdeca6e77c2d","EC_0240.jpg"
"9288",2.666666667,4.3006,"61506f90721dcdeca6e77c2d","EC_0060.jpg"
"9289",9.592592593,4.9018,"61506f90721dcdeca6e77c2d","EC_0051.jpg"
"9290",9.407407407,3.2034,"61506f90721dcdeca6e77c2d","EC_0241.jpg"
"9291",9.268518519,2.3767,"61506f90721dcdeca6e77c2d","EC_0032.jpg"
"9292",4.259259259,3.7479,"61506f90721dcdeca6e77c2d","EC_0158.jpg"
"9293",0.768518519,3.5313,"61506f90721dcdeca6e77c2d","EC_0089.jpg"
"9294",3.925925926,3.6236,"61506f90721dcdeca6e77c2d","EC_0202.jpg"
"9295",4.203703704,3.8629,"61506f90721dcdeca6e77c2d","EC_0053.jpg"
"9296",6.953703704,2.7152,"61506f90721dcdeca6e77c2d","EC_0037.jpg"
"9297",8.824074074,2.9611,"61506f90721dcdeca6e77c2d","EC_0002.jpg"
"9298",9.481481481,3.6556,"61506f90721dcdeca6e77c2d","EC_0009.jpg"
"9299",9.777777778,2.7156,"61506f90721dcdeca6e77c2d","EC_0034.jpg"
"9300",5.425925926,4.5586,"61506f90721dcdeca6e77c2d","EC_0244.jpg"
"9301",5.185185185,2.2474,"61506f90721dcdeca6e77c2d","EC_0169.png"
"9302",9.768518519,2.9274,"61506f90721dcdeca6e77c2d","EC_0168.jpeg"
"9303",7.675925926,8.2043,"61506f90721dcdeca6e77c2d","EC_0065.jpg"
"9304",7.305555556,4.7349,"61506f90721dcdeca6e77c2d","EC_0027.jpg"
"9305",7.935185185,2.7826,"61506f90721dcdeca6e77c2d","EC_0238.jpg"
"9306",8.666666667,2.9689,"61506f90721dcdeca6e77c2d","EC_0066.jpg"
"9307",9.092592593,2.6881,"61506f90721dcdeca6e77c2d","EC_0075.jpg"
"9308",1.027777778,3.3552,"61506f90721dcdeca6e77c2d","EC_0136.jpg"
"9309",8.462962963,4.4988,"61506f90721dcdeca6e77c2d","EC_0101.jpg"
"9310",5.953703704,6.9584,"61506f90721dcdeca6e77c2d","EC_0123.jpeg"
"9311",9.212962963,3.266,"61506f90721dcdeca6e77c2d","EC_0054.jpg"
"9312",4.37962963,5.4692,"61506f90721dcdeca6e77c2d","EC_0236.jpg"
"9313",9.527777778,4.9992,"61506f90721dcdeca6e77c2d","EC_0245.jpg"
"9314",10,5.9942,"61506f90721dcdeca6e77c2d","EC_0014.jpg"
"9315",0.398148148,3.3311,"61506f90721dcdeca6e77c2d","EC_0204.jpg"
"9316",8.990740741,3.6722,"61506f90721dcdeca6e77c2d","EC_0044.jpg"
"9317",2.388888889,2.7949,"61506f90721dcdeca6e77c2d","EC_0024.jpg"
"9318",2.305555556,2.1228,"61506f90721dcdeca6e77c2d","EC_0072.jpg"
"9319",0.12037037,3.5421,"61506f90721dcdeca6e77c2d","EC_0111.jpg"
"9320",8.935185185,3.1489,"61506f90721dcdeca6e77c2d","EC_0200.png"
"9321",9.944444444,3.1745,"61506f90721dcdeca6e77c2d","EC_0082.jpg"
"9322",9.953703704,2.3307,"61506f90721dcdeca6e77c2d","EC_0232.jpg"
"9323",9.953703704,1.9079,"61506f90721dcdeca6e77c2d","EC_0182.jpg"
"9324",7.425925926,2.829,"61506f90721dcdeca6e77c2d","EC_0210.jpg"
"9325",8.509259259,2.9227,"61506f90721dcdeca6e77c2d","EC_0038.jpg"
"9326",10,6.4385,"61506f90721dcdeca6e77c2d","EC_0007.jpg"
"9327",9.824074074,2.5143,"61506f90721dcdeca6e77c2d","EC_0147.png"
"9328",5.092592593,3.9408,"61506f90721dcdeca6e77c2d","EC_0172.jpg"
"9329",8.398148148,3.4394,"61506f90721dcdeca6e77c2d","EC_0131.jpg"
"9330",7.138888889,4.8155,"61506f90721dcdeca6e77c2d","EC_0059.jpg"
"9331",9.990740741,3.5768,"61506f90721dcdeca6e77c2d","EC_0098.jpg"
"9332",2.62037037,3.4619,"61506f90721dcdeca6e77c2d","EC_0042.jpg"
"9333",8.509259259,4.6053,"61506f90721dcdeca6e77c2d","EC_0102.jpg"
"9334",10,3.5559,"61506f90721dcdeca6e77c2d","EC_0151.jpg"
"9335",1.518518519,4.1891,"61506f90721dcdeca6e77c2d","EC_0150.jpg"
"9336",7.740740741,3.0929,"61506f90721dcdeca6e77c2d","EC_0219.jpg"
"9337",7.722222222,2.4618,"61506f90721dcdeca6e77c2d","EC_0011.jpg"
"9338",6.277777778,3.9055,"61506f90721dcdeca6e77c2d","EC_0247.jpg"
"9339",8.675925926,3.6788,"61506f90721dcdeca6e77c2d","EC_0050.jpg"
"9340",10,4.4142,"61506f90721dcdeca6e77c2d","EC_0013.jpg"
"9341",10,3.8931,"61506f90721dcdeca6e77c2d","EC_0181.jpg"
"9342",2.12962963,3.4352,"61506f90721dcdeca6e77c2d","EC_0196.jpg"
"9343",2.777777778,3.7227,"61506f90721dcdeca6e77c2d","EC_0100.jpg"
"9344",7.157407407,5.5011,"61506f90721dcdeca6e77c2d","EC_0206.png"
"9345",3.777777778,2.9503,"61506f90721dcdeca6e77c2d","EC_0046.jpg"
"9346",2.62037037,4.7557,"61506f90721dcdeca6e77c2d","EC_0095.jpg"
"9347",6.351851852,3.1641,"61506f90721dcdeca6e77c2d","EC_0047.jpg"
"9348",9.046296296,3.7054,"61506f90721dcdeca6e77c2d","EC_0177.jpg"
"9349",9.046296296,3.1192,"61506f90721dcdeca6e77c2d","EC_0203.jpg"
"9350",10,3.4659,"61506f90721dcdeca6e77c2d","EC_0156.jpg"
"9351",8.231481481,3.1876,"61506f90721dcdeca6e77c2d","EC_0071.jpg"
"9352",10,3.3826,"61506f90721dcdeca6e77c2d","EC_0183.jpg"
"9353",10,3.5493,"61506f90721dcdeca6e77c2d","EC_0063.jpg"
"9354",8.324074074,6.0883,"61506f90721dcdeca6e77c2d","EC_0161.jpg"
"9355",10,3.0158,"61506f90721dcdeca6e77c2d","EC_0162.jpg"
"9356",10,3.5822,"61506f90721dcdeca6e77c2d","EC_0064.jpg"
"9357",0,2.7161,"61506f90721dcdeca6e77c2d","EC_0049.jpg"
"9358",10,3.0823,"61506f90721dcdeca6e77c2d","EC_0231.jpg"
"9359",0,4.5824,"61506f90721dcdeca6e77c2d","EC_0229.jpg"
"9360",10,2.8826,"61506f90721dcdeca6e77c2d","EC_0246.jpg"
"9361",10,3.1119,"61506f90721dcdeca6e77c2d","EC_0081.jpg"
"9362",7.435185185,3.8455,"61506f90721dcdeca6e77c2d","EC_0153.jpg"
"9363",6.953703704,3.4154,"61506f90721dcdeca6e77c2d","EC_0008.jpg"
"9364",10,2.8106,"61506f90721dcdeca6e77c2d","EC_0199.jpg"
"9365",5.842592593,3.2596,"61506f90721dcdeca6e77c2d","EC_0017.jpg"
"9366",5.490740741,2.1226,"61506f90721dcdeca6e77c2d","EC_0058.jpg"
"9367",10,3.3727,"61506f90721dcdeca6e77c2d","EC_0132.jpg"
"9368",9.12962963,3.8195,"61506f90721dcdeca6e77c2d","EC_0226.jpg"
"9369",9.148148148,2.1897,"61506f90721dcdeca6e77c2d","EC_0185.jpg"
"9370",6.962962963,4.2919,"61506f90721dcdeca6e77c2d","EC_0140.jpg"
"9371",7.5,3.6721,"61506f90721dcdeca6e77c2d","EC_0012.jpg"
"9372",9.842592593,9.3675,"61506f90721dcdeca6e77c2d","EC_0056.jpg"
"9373",9.842592593,3.4613,"61506f90721dcdeca6e77c2d","EC_0010.jpg"
"9374",8.611111111,2.792,"61506f90721dcdeca6e77c2d","EC_0138.png"
"9375",9.990740741,4.4306,"61506f90721dcdeca6e77c2d","EC_0197.jpg"
"9376",10,3.1223,"61506f90721dcdeca6e77c2d","EC_0070.jpg"
"9377",10,2.8932,"61506f90721dcdeca6e77c2d","EC_0104.jpg"
"9378",10,3.243,"61506f90721dcdeca6e77c2d","EC_0227.jpg"
"9379",10,3.1394,"61506f90721dcdeca6e77c2d","EC_0062.jpg"
"9380",1.740740741,9.2633,"61506f90721dcdeca6e77c2d","EC_0029.jpg"
"9381",1.888888889,7.0216,"61506f90721dcdeca6e77c2d","EC_0006.jpg"
"9382",4.638888889,2.8605,"61506f90721dcdeca6e77c2d","EC_0030.jpg"
"9383",5.037037037,2.9135,"61506f90721dcdeca6e77c2d","EC_0149.jpg"
"9384",10,3.2296,"61506f90721dcdeca6e77c2d","EC_0068.jpg"
"9385",10,2.4663,"61506f90721dcdeca6e77c2d","EC_0141.jpg"
"9386",10,3.2318,"61506f90721dcdeca6e77c2d","EC_0018.jpg"
"9387",10,3.9863,"61506f90721dcdeca6e77c2d","EC_0173.jpg"
"9388",10,2.9494,"61506f90721dcdeca6e77c2d","EC_0133.jpg"
"9389",6.851851852,4.453,"61506f90721dcdeca6e77c2d","EC_0015.jpg"
"9390",7,2.9161,"61506f90721dcdeca6e77c2d","EC_0152.jpg"
"9391",0,4.9063,"61506f90721dcdeca6e77c2d","EC_0230.jpg"
"9392",10,3.1267,"61506f90721dcdeca6e77c2d","EC_0116.jpg"
"9393",10,2.9573,"61506f90721dcdeca6e77c2d","EC_0033.jpeg"
"9394",10,3.2087,"61506f90721dcdeca6e77c2d","EC_0106.jpg"
"9395",7.398148148,3.361,"61506f90721dcdeca6e77c2d","EC_0128.jpeg"
"9396",7.574074074,3.7477,"61506f90721dcdeca6e77c2d","EC_0148.jpg"
"9397",7.768518519,5.0594,"61506f90721dcdeca6e77c2d","EC_0040.jpg"
"9398",10,3.7172,"61506f90721dcdeca6e77c2d","EC_0249.jpg"
"9399",7.37962963,3.0665,"61506f90721dcdeca6e77c2d","EC_0135.jpg"
"9400",7,3.0651,"61506f90721dcdeca6e77c2d","EC_0125.jpeg"
"9401",4.101851852,4.8787,"61506f90721dcdeca6e77c2d","EC_0129.jpeg"
"9402",10,2.7221,"61506f90721dcdeca6e77c2d","EC_0157.jpg"
"9403",10,4.3795,"61506f90721dcdeca6e77c2d","EC_0163.jpg"
"9404",10,2.9789,"61506f90721dcdeca6e77c2d","EC_0074.jpg"
"9405",10,2.8093,"61506f90721dcdeca6e77c2d","EC_0228.jpg"
"9406",6.805555556,4.3056,"61506f90721dcdeca6e77c2d","EC_0211.jpg"
"9407",7.722222222,4.1883,"61506f90721dcdeca6e77c2d","EC_0092.jpg"
"9408",10,2.9936,"61506f90721dcdeca6e77c2d","EC_0164.jpg"
"9409",7.907407407,2.6334,"61506f90721dcdeca6e77c2d","EC_0134.jpg"
"9410",7.296296296,2.8828,"61506f90721dcdeca6e77c2d","EC_0055.jpg"
"9411",7.166666667,2.9001,"61506f90721dcdeca6e77c2d","EC_0085.jpg"
"9412",3.462962963,3.2824,"61506f90721dcdeca6e77c2d","EC_0188.jpg"
"9413",2.490740741,2.7497,"61506f90721dcdeca6e77c2d","EC_0094.jpg"
"9414",5.240740741,3.1994,"61506f90721dcdeca6e77c2d","EC_0103.jpg"
"9415",9.148148148,3.8999,"61506f90721dcdeca6e77c2d","EC_0003.jpg"
"9416",4.657407407,4.1497,"61506f90721dcdeca6e77c2d","EC_0205.jpg"
"9417",9.305555556,3.9346,"61506f90721dcdeca6e77c2d","EC_0207.jpg"
"9418",10,3.399,"61506f90721dcdeca6e77c2d","EC_0201.jpg"
"9419",3.398148148,3.7158,"61506f90721dcdeca6e77c2d","EC_0159.jpg"
"9420",9.851851852,3.1366,"61506f90721dcdeca6e77c2d","EC_0235.jpg"
"9421",6.416666667,3.4362,"61506f90721dcdeca6e77c2d","EC_0005.jpg"
"9422",3.75,4.1494,"61506f90721dcdeca6e77c2d","EC_0119.jpg"
"9423",0.009259259,6.3625,"61506f90721dcdeca6e77c2d","EC_0115.jpg"
"9424",4.925925926,4.7415,"61506f90721dcdeca6e77c2d","EC_0001.jpg"
"9425",4.925925926,2.006,"61506f90721dcdeca6e77c2d","EC_0117.jpg"
"9426",6.972222222,3.2556,"61506f90721dcdeca6e77c2d","EC_0105.jpg"
"9427",6.972222222,2.1729,"61506f90721dcdeca6e77c2d","EC_0097.jpg"
"9428",7.046296296,4.3568,"61506f90721dcdeca6e77c2d","EC_0087.jpg"
"9429",10,2.4261,"61506f90721dcdeca6e77c2d","EC_0088.jpg"
"9430",10,6.1929,"61506f90721dcdeca6e77c2d","EC_0180.jpg"
"9431",4.435185185,2.5332,"61506f90721dcdeca6e77c2d","EC_0142.jpg"
"9432",1.268518519,3.3489,"61506f90721dcdeca6e77c2d","EC_0019.jpg"
"9433",8.027777778,3.8658,"61506f90721dcdeca6e77c2d","EC_0096.jpg"
"9434",7.527777778,2.1994,"61506f90721dcdeca6e77c2d","EC_0036.jpeg"
"9435",8.398148148,2.9489,"61506f90721dcdeca6e77c2d","EC_0239.jpg"
"9436",10,4.3095,"61506f90721dcdeca6e77c2d","EC_0067.jpg"
"9437",10,3.4116,"61506f90721dcdeca6e77c2d","EC_0137.jpg"
"9438",7.944444444,3.3296,"61506f90721dcdeca6e77c2d","EC_0224.jpg"
"9439",10,3.716,"61506f90721dcdeca6e77c2d","EC_0086.jpg"
"9440",8.638888889,2.6177,"61506f90721dcdeca6e77c2d","EC_0113.jpg"
"9441",7.592592593,2.7619,"61506f90721dcdeca6e77c2d","EC_0184.jpg"
"9442",0,3.0655,"61506f90721dcdeca6e77c2d","EC_0028.jpg"
"9443",0.055555556,3.7662,"61506f90721dcdeca6e77c2d","EC_0039.jpg"
"9444",0.055555556,1.8721,"61506f90721dcdeca6e77c2d","EC_0194.jpg"
"9445",6.898148148,4.2327,"61506f90721dcdeca6e77c2d","EC_0084.jpg"
"9446",5.425925926,2.1544,"61506f90721dcdeca6e77c2d","EC_0166.jpg"
"9447",6.740740741,4.667,"61506f90721dcdeca6e77c2d","EC_0209.jpg"
"9448",9.240740741,4.715,"61506f90721dcdeca6e77c2d","EC_0237.jpg"
"9449",10,6.0823,"61506f90721dcdeca6e77c2d","EC_0031.jpg"
"9450",9.018518519,3.0823,"61506f90721dcdeca6e77c2d","EC_0242.jpg"
"9451",8,4.5592,"61523eecd52ec29c4c08d938","EC_0109.jpg"
"9452",5.018518519,4.7582,"61523eecd52ec29c4c08d938","EC_0009.jpg"
"9453",9.009259259,4.2973,"61523eecd52ec29c4c08d938","EC_0063.jpg"
"9454",9.009259259,2.5714,"61523eecd52ec29c4c08d938","EC_0154.jpg"
"9455",5.972222222,4.8205,"61523eecd52ec29c4c08d938","EC_0108.jpg"
"9456",6,6.6286,"61523eecd52ec29c4c08d938","EC_0111.jpg"
"9457",4.990740741,3.904,"61523eecd52ec29c4c08d938","EC_0246.jpg"
"9458",7.009259259,4.5847,"61523eecd52ec29c4c08d938","EC_0157.jpg"
"9459",4.981481481,4.4925,"61523eecd52ec29c4c08d938","EC_0007.jpg"
"9460",5.046296296,2.4715,"61523eecd52ec29c4c08d938","EC_0176.jpg"
"9461",7.935185185,3.5994,"61523eecd52ec29c4c08d938","EC_0163.jpg"
"9462",5.981481481,4.2863,"61523eecd52ec29c4c08d938","EC_0037.jpg"
"9463",5.046296296,4.955,"61523eecd52ec29c4c08d938","EC_0202.jpg"
"9464",7.009259259,3.4498,"61523eecd52ec29c4c08d938","EC_0093.jpg"
"9465",1.990740741,4.3058,"61523eecd52ec29c4c08d938","EC_0041.jpg"
"9466",6.925925926,7.6129,"61523eecd52ec29c4c08d938","EC_0232.jpg"
"9467",6.064814815,4.0374,"61523eecd52ec29c4c08d938","EC_0040.jpg"
"9468",7.962962963,17.1406,"61523eecd52ec29c4c08d938","EC_0092.jpg"
"9469",8.944444444,3.7709,"61523eecd52ec29c4c08d938","EC_0238.jpg"
"9470",5.990740741,3.0596,"61523eecd52ec29c4c08d938","EC_0172.jpg"
"9471",2.990740741,5.1279,"61523eecd52ec29c4c08d938","EC_0249.jpg"
"9472",8.916666667,5.6948,"61523eecd52ec29c4c08d938","EC_0129.jpeg"
"9473",9.981481481,4.8842,"61523eecd52ec29c4c08d938","EC_0044.jpg"
"9474",2.972222222,5.1877,"61523eecd52ec29c4c08d938","EC_0131.jpg"
"9475",7.916666667,3.4779,"61523eecd52ec29c4c08d938","EC_0136.jpg"
"9476",9.981481481,3.7065,"61523eecd52ec29c4c08d938","EC_0067.jpg"
"9477",3.046296296,3.3765,"61523eecd52ec29c4c08d938","EC_0039.jpg"
"9478",3.009259259,8.0137,"61523eecd52ec29c4c08d938","EC_0050.jpg"
"9479",5.981481481,3.8275,"61523eecd52ec29c4c08d938","EC_0082.jpg"
"9480",5.009259259,5.9183,"61523eecd52ec29c4c08d938","EC_0098.jpg"
"9481",3.018518519,2.7806,"61523eecd52ec29c4c08d938","EC_0227.jpg"
"9482",9.018518519,3.6078,"61523eecd52ec29c4c08d938","EC_0071.jpg"
"9483",6.009259259,3.4584,"61523eecd52ec29c4c08d938","EC_0222.jpg"
"9484",6.935185185,3.7816,"61523eecd52ec29c4c08d938","EC_0036.jpeg"
"9485",4.018518519,3.8737,"61523eecd52ec29c4c08d938","EC_0118.jpg"
"9486",7.046296296,3.2616,"61523eecd52ec29c4c08d938","EC_0062.jpg"
"9487",7.046296296,2.2419,"61523eecd52ec29c4c08d938","EC_0248.jpg"
"9488",6.046296296,3.6921,"61523eecd52ec29c4c08d938","EC_0247.jpg"
"9489",2.009259259,3.2645,"61523eecd52ec29c4c08d938","EC_0204.jpg"
"9490",7.962962963,4.1815,"61523eecd52ec29c4c08d938","EC_0087.jpg"
"9491",8.018518519,3.0893,"61523eecd52ec29c4c08d938","EC_0072.jpg"
"9492",7.87962963,3.0648,"61523eecd52ec29c4c08d938","EC_0068.jpg"
"9493",5.962962963,4.2218,"61523eecd52ec29c4c08d938","EC_0226.jpg"
"9494",6.907407407,3.0893,"61523eecd52ec29c4c08d938","EC_0085.jpg"
"9495",6.981481481,2.8347,"61523eecd52ec29c4c08d938","EC_0001.jpg"
"9496",9.953703704,2.9287,"61523eecd52ec29c4c08d938","EC_0228.jpg"
"9497",8.009259259,3.3034,"61523eecd52ec29c4c08d938","EC_0124.jpeg"
"9498",9.990740741,2.7592,"61523eecd52ec29c4c08d938","EC_0159.jpg"
"9499",1.990740741,2.8968,"61523eecd52ec29c4c08d938","EC_0231.jpg"
"9500",8.111111111,2.5304,"61523eecd52ec29c4c08d938","EC_0096.jpg"
"9501",5.027777778,3.7057,"61523eecd52ec29c4c08d938","EC_0020.jpg"
"9502",9.990740741,5.4109,"61523eecd52ec29c4c08d938","EC_0205.jpg"
"9503",5.972222222,4.1905,"61523eecd52ec29c4c08d938","EC_0051.jpg"
"9504",6.962962963,2.9378,"61523eecd52ec29c4c08d938","EC_0162.jpg"
"9505",4.972222222,3.6753,"61523eecd52ec29c4c08d938","EC_0214.jpg"
"9506",8.953703704,3.4706,"61523eecd52ec29c4c08d938","EC_0008.jpg"
"9507",7.083333333,2.8424,"61523eecd52ec29c4c08d938","EC_0184.jpg"
"9508",4.953703704,3.3475,"61523eecd52ec29c4c08d938","EC_0195.jpg"
"9509",8.861111111,3.3817,"61523eecd52ec29c4c08d938","EC_0229.jpg"
"9510",6.046296296,3.2025,"61523eecd52ec29c4c08d938","EC_0003.jpg"
"9511",9.935185185,3.0755,"61523eecd52ec29c4c08d938","EC_0116.jpg"
"9512",8.009259259,3.0032,"61523eecd52ec29c4c08d938","EC_0236.jpg"
"9513",3.953703704,3.7038,"61523eecd52ec29c4c08d938","EC_0056.jpg"
"9514",9.962962963,18.3812,"61523eecd52ec29c4c08d938","EC_0104.jpg"
"9515",8.981481481,2.803,"61523eecd52ec29c4c08d938","EC_0038.jpg"
"9516",8.981481481,2.0968,"61523eecd52ec29c4c08d938","EC_0250.jpg"
"9517",6.037037037,3.6531,"61523eecd52ec29c4c08d938","EC_0233.jpg"
"9518",9.962962963,3.4597,"61523eecd52ec29c4c08d938","EC_0002.jpg"
"9519",4.953703704,3.5321,"61523eecd52ec29c4c08d938","EC_0237.jpg"
"9520",7.962962963,2.8694,"61523eecd52ec29c4c08d938","EC_0167.jpg"
"9521",6.074074074,3.3996,"61523eecd52ec29c4c08d938","EC_0170.jpg"
"9522",7.916666667,3.9225,"61523eecd52ec29c4c08d938","EC_0022.jpg"
"9523",6.018518519,3.6197,"61523eecd52ec29c4c08d938","EC_0042.jpg"
"9524",4.037037037,5.0266,"61523eecd52ec29c4c08d938","EC_0242.jpg"
"9525",5.944444444,2.9005,"61523eecd52ec29c4c08d938","EC_0168.jpeg"
"9526",3.027777778,2.9067,"61523eecd52ec29c4c08d938","EC_0165.jpg"
"9527",4.925925926,2.9569,"61523eecd52ec29c4c08d938","EC_0055.jpg"
"9528",4.962962963,2.4353,"61523eecd52ec29c4c08d938","EC_0011.jpg"
"9529",2.962962963,3.1102,"61523eecd52ec29c4c08d938","EC_0193.png"
"9530",9.009259259,3.4742,"61523eecd52ec29c4c08d938","EC_0075.jpg"
"9531",3.064814815,3.0572,"61523eecd52ec29c4c08d938","EC_0058.jpg"
"9532",7.037037037,3.0008,"61523eecd52ec29c4c08d938","EC_0201.jpg"
"9533",7.981481481,4.5087,"61523eecd52ec29c4c08d938","EC_0103.jpg"
"9534",9.027777778,3.2033,"61523eecd52ec29c4c08d938","EC_0081.jpg"
"9535",6.962962963,3.6147,"61523eecd52ec29c4c08d938","EC_0106.jpg"
"9536",8.925925926,3.3283,"61523eecd52ec29c4c08d938","EC_0012.jpg"
"9537",9.972222222,2.7777,"61523eecd52ec29c4c08d938","EC_0010.jpg"
"9538",7.981481481,2.7185,"61523eecd52ec29c4c08d938","EC_0032.jpg"
"9539",4.055555556,4.4479,"61523eecd52ec29c4c08d938","EC_0243.jpg"
"9540",2.990740741,7.5804,"61523eecd52ec29c4c08d938","EC_0142.jpg"
"9541",9.935185185,3.9814,"61523eecd52ec29c4c08d938","EC_0080.jpg"
"9542",7.064814815,2.8363,"61523eecd52ec29c4c08d938","EC_0053.jpg"
"9543",5.101851852,2.8128,"61523eecd52ec29c4c08d938","EC_0125.jpeg"
"9544",5.916666667,2.9083,"61523eecd52ec29c4c08d938","EC_0182.jpg"
"9545",7.027777778,3.8038,"61523eecd52ec29c4c08d938","EC_0077.jpg"
"9546",5.018518519,3.2865,"61523eecd52ec29c4c08d938","EC_0161.jpg"
"9547",5.064814815,2.6719,"61523eecd52ec29c4c08d938","EC_0221.jpg"
"9548",6.111111111,2.7215,"61523eecd52ec29c4c08d938","EC_0065.jpg"
"9549",5.083333333,2.8635,"61523eecd52ec29c4c08d938","EC_0005.jpg"
"9550",5.064814815,4.5624,"61523eecd52ec29c4c08d938","EC_0033.jpeg"
"9551",7.944444444,2.5908,"61523eecd52ec29c4c08d938","EC_0137.jpg"
"9552",8.925925926,3.5735,"61523eecd52ec29c4c08d938","EC_0074.jpg"
"9553",7.018518519,6.2284,"61523eecd52ec29c4c08d938","EC_0151.jpg"
"9554",4.953703704,4.7255,"61523eecd52ec29c4c08d938","EC_0101.jpg"
"9555",4.962962963,3.5336,"61523eecd52ec29c4c08d938","EC_0150.jpg"
"9556",5.925925926,5.0641,"61523eecd52ec29c4c08d938","EC_0069.jpg"
"9557",3.953703704,4.1182,"61523eecd52ec29c4c08d938","EC_0194.jpg"
"9558",6.898148148,32.6108,"61523eecd52ec29c4c08d938","EC_0018.jpg"
"9559",6.944444444,2.328,"61523eecd52ec29c4c08d938","EC_0197.jpg"
"9560",6.944444444,2.5977,"61523eecd52ec29c4c08d938","EC_0084.jpg"
"9561",3.962962963,3.6988,"61523eecd52ec29c4c08d938","EC_0213.jpg"
"9562",9.027777778,2.957,"61523eecd52ec29c4c08d938","EC_0099.jpg"
"9563",8.018518519,19.2671,"61523eecd52ec29c4c08d938","EC_0133.jpg"
"9564",9.944444444,2.7654,"61523eecd52ec29c4c08d938","EC_0057.jpeg"
"9565",4.981481481,4.4773,"61523eecd52ec29c4c08d938","EC_0173.jpg"
"9566",7.046296296,3.2282,"61523eecd52ec29c4c08d938","EC_0064.jpg"
"9567",2.055555556,4.2097,"61523eecd52ec29c4c08d938","EC_0234.jpg"
"9568",7.759259259,3.6618,"61523eecd52ec29c4c08d938","EC_0239.jpg"
"9569",7.074074074,4.2427,"61523eecd52ec29c4c08d938","EC_0147.png"
"9570",4.027777778,3.1465,"61523eecd52ec29c4c08d938","EC_0211.jpg"
"9571",3.055555556,3.5788,"61523eecd52ec29c4c08d938","EC_0119.jpg"
"9572",4.990740741,2.8752,"61523eecd52ec29c4c08d938","EC_0187.jpeg"
"9573",4.027777778,2.9744,"61523eecd52ec29c4c08d938","EC_0235.jpg"
"9574",7.916666667,3.0422,"61523eecd52ec29c4c08d938","EC_0014.jpg"
"9575",7.953703704,3.9133,"61523eecd52ec29c4c08d938","EC_0128.jpeg"
"9576",3.962962963,2.8094,"61523eecd52ec29c4c08d938","EC_0024.jpg"
"9577",6.962962963,2.7722,"61523eecd52ec29c4c08d938","EC_0115.jpg"
"9578",3.907407407,44.9743,"61523eecd52ec29c4c08d938","EC_0244.jpg"
"9579",2.018518519,2.8849,"61523eecd52ec29c4c08d938","EC_0095.jpg"
"9580",7.046296296,2.8522,"61523eecd52ec29c4c08d938","EC_0083.jpg"
"9581",7.037037037,2.506,"61523eecd52ec29c4c08d938","EC_0070.jpg"
"9582",4.898148148,3.5278,"61523eecd52ec29c4c08d938","EC_0141.jpg"
"9583",4.944444444,3.1396,"61523eecd52ec29c4c08d938","EC_0180.jpg"
"9584",6.12037037,2.5649,"61523eecd52ec29c4c08d938","EC_0158.jpg"
"9585",6.157407407,3.2275,"61523eecd52ec29c4c08d938","EC_0139.png"
"9586",9.083333333,3.4485,"61523eecd52ec29c4c08d938","EC_0073.jpg"
"9587",6.046296296,2.6693,"61523eecd52ec29c4c08d938","EC_0240.jpg"
"9588",0.972222222,3.5412,"61523eecd52ec29c4c08d938","EC_0013.jpg"
"9589",9.981481481,5.5831,"61523eecd52ec29c4c08d938","EC_0188.jpg"
"9590",3.018518519,3.2738,"61523eecd52ec29c4c08d938","EC_0164.jpg"
"9591",6.953703704,2.724,"61523eecd52ec29c4c08d938","EC_0117.jpg"
"9592",5.055555556,2.8893,"61523eecd52ec29c4c08d938","EC_0135.jpg"
"9593",8.027777778,2.9565,"61523eecd52ec29c4c08d938","EC_0134.jpg"
"9594",7.87962963,2.8224,"61523eecd52ec29c4c08d938","EC_0034.jpg"
"9595",7.981481481,10.3222,"61523eecd52ec29c4c08d938","EC_0199.jpg"
"9596",7.037037037,2.594,"61523eecd52ec29c4c08d938","EC_0047.jpg"
"9597",8,2.7352,"61523eecd52ec29c4c08d938","EC_0138.png"
"9598",6.888888889,3.3332,"61523eecd52ec29c4c08d938","EC_0029.jpg"
"9599",9.916666667,3.0737,"61523eecd52ec29c4c08d938","EC_0241.jpg"
"9600",9.916666667,2.1343,"61523eecd52ec29c4c08d938","EC_0049.jpg"
"9601",8.861111111,3.1693,"61523eecd52ec29c4c08d938","EC_0120.jpg"
"9602",8.944444444,2.6598,"61523eecd52ec29c4c08d938","EC_0079.jpg"
"9603",4.953703704,3.3499,"61523eecd52ec29c4c08d938","EC_0046.jpg"
"9604",3.944444444,4.681,"61523eecd52ec29c4c08d938","EC_0224.jpg"
"9605",6.898148148,3.4471,"61523eecd52ec29c4c08d938","EC_0094.jpg"
"9606",7.944444444,6.5391,"61523eecd52ec29c4c08d938","EC_0016.jpg"
"9607",5.046296296,3.527,"61523eecd52ec29c4c08d938","EC_0153.jpg"
"9608",6.037037037,2.764,"61523eecd52ec29c4c08d938","EC_0006.jpg"
"9609",6.037037037,2.0391,"61523eecd52ec29c4c08d938","EC_0100.jpg"
"9610",6.87962963,2.5817,"61523eecd52ec29c4c08d938","EC_0223.jpg"
"9611",2.101851852,3.6008,"61523eecd52ec29c4c08d938","EC_0076.jpg"
"9612",8.416666667,3.6402,"61523eecd52ec29c4c08d938","EC_0169.png"
"9613",7.148148148,2.8238,"61523eecd52ec29c4c08d938","EC_0171.jpg"
"9614",6.722222222,3.1304,"61523eecd52ec29c4c08d938","EC_0048.jpg"
"9615",8.638888889,2.6863,"61523eecd52ec29c4c08d938","EC_0156.jpg"
"9616",5.12962963,3.3229,"61523eecd52ec29c4c08d938","EC_0198.jpg"
"9617",6.925925926,3.2152,"61523eecd52ec29c4c08d938","EC_0160.jpg"
"9618",3.851851852,4.1613,"61523eecd52ec29c4c08d938","EC_0089.jpg"
"9619",7.972222222,3.1595,"61523eecd52ec29c4c08d938","EC_0140.jpg"
"9620",9.972222222,2.7633,"61523eecd52ec29c4c08d938","EC_0030.jpg"
"9621",5.074074074,4.4375,"61523eecd52ec29c4c08d938","EC_0123.jpeg"
"9622",8.888888889,10.3101,"61523eecd52ec29c4c08d938","EC_0183.jpg"
"9623",7.981481481,25.6702,"61523eecd52ec29c4c08d938","EC_0177.jpg"
"9624",3.935185185,3.6186,"61523eecd52ec29c4c08d938","EC_0090.jpg"
"9625",7.037037037,2.8825,"61523eecd52ec29c4c08d938","EC_0060.jpg"
"9626",7.083333333,2.9361,"61523eecd52ec29c4c08d938","EC_0121.jpg"
"9627",9.027777778,14.2736,"61523eecd52ec29c4c08d938","EC_0210.jpg"
"9628",8.055555556,3.1124,"61523eecd52ec29c4c08d938","EC_0181.jpg"
"9629",9.027777778,2.8558,"61523eecd52ec29c4c08d938","EC_0149.jpg"
"9630",7.055555556,2.782,"61523eecd52ec29c4c08d938","EC_0061.jpg"
"9631",8.842592593,2.4437,"61523eecd52ec29c4c08d938","EC_0059.jpg"
"9632",8.268518519,2.3433,"61523eecd52ec29c4c08d938","EC_0015.jpg"
"9633",9.055555556,2.9947,"61523eecd52ec29c4c08d938","EC_0028.jpg"
"9634",5.833333333,3.89,"61523eecd52ec29c4c08d938","EC_0019.jpg"
"9635",2.972222222,2.8591,"61523eecd52ec29c4c08d938","EC_0031.jpg"
"9636",8.935185185,2.8232,"61523eecd52ec29c4c08d938","EC_0196.jpg"
"9637",3.990740741,3.2984,"61523eecd52ec29c4c08d938","EC_0174.jpg"
"9638",9.962962963,3.4737,"61523eecd52ec29c4c08d938","EC_0086.jpg"
"9639",9.009259259,2.8858,"61523eecd52ec29c4c08d938","EC_0200.png"
"9640",3.944444444,3.2365,"61523eecd52ec29c4c08d938","EC_0097.jpg"
"9641",4.027777778,2.8549,"61523eecd52ec29c4c08d938","EC_0166.jpg"
"9642",8.981481481,4.3606,"61523eecd52ec29c4c08d938","EC_0245.jpg"
"9643",3.953703704,3.12,"61523eecd52ec29c4c08d938","EC_0152.jpg"
"9644",2.861111111,2.7269,"61523eecd52ec29c4c08d938","EC_0148.jpg"
"9645",6.064814815,2.6861,"61523eecd52ec29c4c08d938","EC_0209.jpg"
"9646",6.185185185,2.5573,"61523eecd52ec29c4c08d938","EC_0066.jpg"
"9647",4.064814815,3.4125,"61523eecd52ec29c4c08d938","EC_0219.jpg"
"9648",9.037037037,3.047,"61523eecd52ec29c4c08d938","EC_0206.png"
"9649",8.083333333,2.9306,"61523eecd52ec29c4c08d938","EC_0185.jpg"
"9650",7.851851852,2.4358,"61523eecd52ec29c4c08d938","EC_0017.jpg"
"9651",1.953703704,2.9966,"61523eecd52ec29c4c08d938","EC_0027.jpg"
"9652",3.990740741,2.5832,"61523eecd52ec29c4c08d938","EC_0203.jpg"
"9653",1.981481481,2.8102,"61523eecd52ec29c4c08d938","EC_0113.jpg"
"9654",7.962962963,2.7796,"61523eecd52ec29c4c08d938","EC_0102.jpg"
"9655",7.962962963,2.0804,"61523eecd52ec29c4c08d938","EC_0105.jpg"
"9656",6.018518519,4.0406,"61523eecd52ec29c4c08d938","EC_0054.jpg"
"9657",7.074074074,2.795,"61523eecd52ec29c4c08d938","EC_0088.jpg"
"9658",2.037037037,2.9846,"61523eecd52ec29c4c08d938","EC_0132.jpg"
"9659",4.925925926,4.6047,"61523eecd52ec29c4c08d938","EC_0207.jpg"
"9660",5.833333333,2.5731,"61523eecd52ec29c4c08d938","EC_0230.jpg"
"9661",4.999215359,9.4731,"6237e3dd84d00736f51ed0e4","EC_0113.jpg"
"9662",4.038227675,3.4178,"6237e3dd84d00736f51ed0e4","EC_0013.jpg"
"9663",8.972264269,2.9833,"6237e3dd84d00736f51ed0e4","EC_0031.jpg"
"9664",8.972264269,1.9093,"6237e3dd84d00736f51ed0e4","EC_0089.jpg"
"9665",5.935108778,3.4633,"6237e3dd84d00736f51ed0e4","EC_0221.jpg"
"9666",6.983148872,2.9837,"6237e3dd84d00736f51ed0e4","EC_0194.jpg"
"9667",0.082750787,3.6914,"6237e3dd84d00736f51ed0e4","EC_0235.jpg"
"9668",1.026887682,3.2311,"6237e3dd84d00736f51ed0e4","EC_0202.jpg"
"9669",2.904376899,2.9141,"6237e3dd84d00736f51ed0e4","EC_0163.jpg"
"9670",4.005448405,3.9799,"6237e3dd84d00736f51ed0e4","EC_0072.jpg"
"9671",5.032874891,4.3135,"6237e3dd84d00736f51ed0e4","EC_0076.jpg"
"9672",6.023388672,3.796,"6237e3dd84d00736f51ed0e4","EC_0116.jpg"
"9673",6.023388672,2.3112,"6237e3dd84d00736f51ed0e4","EC_0082.jpg"
"9674",1.976276313,3.5891,"6237e3dd84d00736f51ed0e4","EC_0134.jpg"
"9675",1.976276313,2.4961,"6237e3dd84d00736f51ed0e4","EC_0005.jpg"
"9676",7.024894884,3.3472,"6237e3dd84d00736f51ed0e4","EC_0239.jpg"
"9677",4.957740614,3.4286,"6237e3dd84d00736f51ed0e4","EC_0148.jpg"
"9678",0.09320204,3.6912,"6237e3dd84d00736f51ed0e4","EC_0033.jpeg"
"9679",0.09320204,1.9015,"6237e3dd84d00736f51ed0e4","EC_0152.jpg"
"9680",8.014048937,2.6393,"6237e3dd84d00736f51ed0e4","EC_0016.jpg"
"9681",8.014048937,3.137,"6237e3dd84d00736f51ed0e4","EC_0157.jpg"
"9682",2.010409207,2.9017,"6237e3dd84d00736f51ed0e4","EC_0238.jpg"
"9683",2.004853651,1.8739,"6237e3dd84d00736f51ed0e4","EC_0093.jpg"
"9684",2.004853651,1.8374,"6237e3dd84d00736f51ed0e4","EC_0047.jpg"
"9685",5.021436225,2.6195,"6237e3dd84d00736f51ed0e4","EC_0181.jpg"
"9686",5.021436225,2.2416,"6237e3dd84d00736f51ed0e4","EC_0170.jpg"
"9687",9.910687934,3.2433,"6237e3dd84d00736f51ed0e4","EC_0098.jpg"
"9688",5.903955078,2.9674,"6237e3dd84d00736f51ed0e4","EC_0236.jpg"
"9689",1.972019111,3.0768,"6237e3dd84d00736f51ed0e4","EC_0015.jpg"
"9690",1.972019111,2.4017,"6237e3dd84d00736f51ed0e4","EC_0059.jpg"
"9691",1.972019111,4.4463,"6237e3dd84d00736f51ed0e4","EC_0097.jpg"
"9692",0.769193522,4.1446,"6237e3dd84d00736f51ed0e4","EC_0171.jpg"
"9693",0.769193522,2.7124,"6237e3dd84d00736f51ed0e4","EC_0246.jpg"
"9694",0.064044868,3.0825,"6237e3dd84d00736f51ed0e4","EC_0123.jpeg"
"9695",9.128568522,3.5213,"6237e3dd84d00736f51ed0e4","EC_0250.jpg"
"9696",3.605982802,3.178,"6237e3dd84d00736f51ed0e4","EC_0214.jpg"
"9697",3.605982802,2.1296,"6237e3dd84d00736f51ed0e4","EC_0017.jpg"
"9698",0.132458496,3.2131,"6237e3dd84d00736f51ed0e4","EC_0201.jpg"
"9699",0.132458496,2.0294,"6237e3dd84d00736f51ed0e4","EC_0147.png"
"9700",8.945468479,2.6617,"6237e3dd84d00736f51ed0e4","EC_0172.jpg"
"9701",1.090323893,3.1286,"6237e3dd84d00736f51ed0e4","EC_0085.jpg"
"9702",1.982978651,3.1781,"6237e3dd84d00736f51ed0e4","EC_0083.jpg"
"9703",2.000792101,2.8296,"6237e3dd84d00736f51ed0e4","EC_0128.jpeg"
"9704",4.972616916,3.0469,"6237e3dd84d00736f51ed0e4","EC_0079.jpg"
"9705",0.982522583,3.0467,"6237e3dd84d00736f51ed0e4","EC_0184.jpg"
"9706",2.062717692,2.8969,"6237e3dd84d00736f51ed0e4","EC_0135.jpg"
"9707",0.054258898,3.1293,"6237e3dd84d00736f51ed0e4","EC_0053.jpg"
"9708",1.012342665,3.5136,"6237e3dd84d00736f51ed0e4","EC_0139.png"
"9709",0.065957981,3.9121,"6237e3dd84d00736f51ed0e4","EC_0038.jpg"
"9710",3.012472873,2.8198,"6237e3dd84d00736f51ed0e4","EC_0223.jpg"
"9711",1.710448541,3.2242,"6237e3dd84d00736f51ed0e4","EC_0055.jpg"
"9712",3.332183838,3.1194,"6237e3dd84d00736f51ed0e4","EC_0160.jpg"
"9713",0.101102024,3.2183,"6237e3dd84d00736f51ed0e4","EC_0200.png"
"9714",0.101102024,2.4338,"6237e3dd84d00736f51ed0e4","EC_0159.jpg"
"9715",3.113748508,3.1924,"6237e3dd84d00736f51ed0e4","EC_0075.jpg"
"9716",0.051469591,3.7881,"6237e3dd84d00736f51ed0e4","EC_0199.jpg"
"9717",0.051469591,1.8267,"6237e3dd84d00736f51ed0e4","EC_0161.jpg"
"9718",1.03107978,2.7682,"6237e3dd84d00736f51ed0e4","EC_0158.jpg"
"9719",6.862746853,2.969,"6237e3dd84d00736f51ed0e4","EC_0090.jpg"
"9720",0.118960232,3.0485,"6237e3dd84d00736f51ed0e4","EC_0174.jpg"
"9721",3.634969076,2.7689,"6237e3dd84d00736f51ed0e4","EC_0180.jpg"
"9722",6.88109809,2.8068,"6237e3dd84d00736f51ed0e4","EC_0182.jpg"
"9723",6.88109809,2.041,"6237e3dd84d00736f51ed0e4","EC_0133.jpg"
"9724",7.82163425,2.5273,"6237e3dd84d00736f51ed0e4","EC_0050.jpg"
"9725",7.989605035,2.4519,"6237e3dd84d00736f51ed0e4","EC_0030.jpg"
"9726",3.008481174,2.9267,"6237e3dd84d00736f51ed0e4","EC_0224.jpg"
"9727",3.562011719,2.5764,"6237e3dd84d00736f51ed0e4","EC_0104.jpg"
"9728",4.9503479,2.5354,"6237e3dd84d00736f51ed0e4","EC_0006.jpg"
"9729",0.537264676,3.3105,"6237e3dd84d00736f51ed0e4","EC_0024.jpg"
"9730",3.041840956,2.8173,"6237e3dd84d00736f51ed0e4","EC_0205.jpg"
"9731",1.051084052,2.6409,"6237e3dd84d00736f51ed0e4","EC_0040.jpg"
"9732",1.051084052,1.9104,"6237e3dd84d00736f51ed0e4","EC_0115.jpg"
"9733",1.80048116,3.7367,"6237e3dd84d00736f51ed0e4","EC_0165.jpg"
"9734",4.066741943,4.046,"6237e3dd84d00736f51ed0e4","EC_0051.jpg"
"9735",0.158248223,3.0132,"6237e3dd84d00736f51ed0e4","EC_0012.jpg"
"9736",1.152559408,2.7634,"6237e3dd84d00736f51ed0e4","EC_0222.jpg"
"9737",2.703808594,2.8135,"6237e3dd84d00736f51ed0e4","EC_0096.jpg"
"9738",1.697285292,3.8389,"6237e3dd84d00736f51ed0e4","EC_0125.jpeg"
"9739",0.075770399,4.2138,"6237e3dd84d00736f51ed0e4","EC_0247.jpg"
"9740",4.013119846,3.0289,"6237e3dd84d00736f51ed0e4","EC_0203.jpg"
"9741",4.013119846,2.7148,"6237e3dd84d00736f51ed0e4","EC_0067.jpg"
"9742",0.125315348,2.9468,"6237e3dd84d00736f51ed0e4","EC_0141.jpg"
"9743",6.068645562,2.9795,"6237e3dd84d00736f51ed0e4","EC_0241.jpg"
"9744",0.990443929,2.8813,"6237e3dd84d00736f51ed0e4","EC_0056.jpg"
"9745",0.02398546,2.7628,"6237e3dd84d00736f51ed0e4","EC_0204.jpg"
"9746",0.02398546,1.7468,"6237e3dd84d00736f51ed0e4","EC_0029.jpg"
"9747",0.02398546,1.8127,"6237e3dd84d00736f51ed0e4","EC_0009.jpg"
"9748",0.02398546,1.8964,"6237e3dd84d00736f51ed0e4","EC_0162.jpg"
"9749",1.93840705,3.2127,"6237e3dd84d00736f51ed0e4","EC_0063.jpg"
"9750",1.11526964,4.2738,"6237e3dd84d00736f51ed0e4","EC_0129.jpeg"
"9751",1.11526964,2.8126,"6237e3dd84d00736f51ed0e4","EC_0156.jpg"
"9752",2.943077257,3.4135,"6237e3dd84d00736f51ed0e4","EC_0022.jpg"
"9753",2.943077257,2.1139,"6237e3dd84d00736f51ed0e4","EC_0100.jpg"
"9754",0.057244195,2.9307,"6237e3dd84d00736f51ed0e4","EC_0219.jpg"
"9755",1.016707357,3.014,"6237e3dd84d00736f51ed0e4","EC_0032.jpg"
"9756",3.058612739,3.6798,"6237e3dd84d00736f51ed0e4","EC_0209.jpg"
"9757",0.019335598,2.6139,"6237e3dd84d00736f51ed0e4","EC_0054.jpg"
"9758",0.019335598,1.8972,"6237e3dd84d00736f51ed0e4","EC_0243.jpg"
"9759",6.974588352,2.9794,"6237e3dd84d00736f51ed0e4","EC_0167.jpg"
"9760",6.974588352,1.8969,"6237e3dd84d00736f51ed0e4","EC_0132.jpg"
"9761",0.983100722,3.7453,"6237e3dd84d00736f51ed0e4","EC_0206.png"
"9762",0.983100722,2.2127,"6237e3dd84d00736f51ed0e4","EC_0081.jpg"
"9763",7.966552056,2.8305,"6237e3dd84d00736f51ed0e4","EC_0119.jpg"
"9764",3.986488173,2.8104,"6237e3dd84d00736f51ed0e4","EC_0099.jpg"
"9765",0.091871813,2.9785,"6237e3dd84d00736f51ed0e4","EC_0177.jpg"
"9766",0.041156006,3.2294,"6237e3dd84d00736f51ed0e4","EC_0242.jpg"
"9767",1.002859836,2.6636,"6237e3dd84d00736f51ed0e4","EC_0183.jpg"
"9768",0.031030273,2.9449,"6237e3dd84d00736f51ed0e4","EC_0069.jpg"
"9769",4.026805284,3.0291,"6237e3dd84d00736f51ed0e4","EC_0007.jpg"
"9770",6.020647515,2.6783,"6237e3dd84d00736f51ed0e4","EC_0003.jpg"
"9771",1.963517931,3.5775,"6237e3dd84d00736f51ed0e4","EC_0062.jpg"
"9772",1.963517931,1.947,"6237e3dd84d00736f51ed0e4","EC_0245.jpg"
"9773",1.963517931,2.1287,"6237e3dd84d00736f51ed0e4","EC_0229.jpg"
"9774",1.963517931,3.0293,"6237e3dd84d00736f51ed0e4","EC_0108.jpg"
"9775",2.99827474,2.9802,"6237e3dd84d00736f51ed0e4","EC_0231.jpg"
"9776",2.99827474,2.1966,"6237e3dd84d00736f51ed0e4","EC_0061.jpg"
"9777",3.992800564,3.0465,"6237e3dd84d00736f51ed0e4","EC_0065.jpg"
"9778",9.867358398,3.5954,"6237e3dd84d00736f51ed0e4","EC_0230.jpg"
"9779",0.14380561,2.9296,"6237e3dd84d00736f51ed0e4","EC_0187.jpeg"
"9780",4.922583686,3.5626,"6237e3dd84d00736f51ed0e4","EC_0073.jpg"
"9781",4.922583686,2.0138,"6237e3dd84d00736f51ed0e4","EC_0248.jpg"
"9782",8.002387831,3.0453,"6237e3dd84d00736f51ed0e4","EC_0041.jpg"
"9783",4.862668864,3.3805,"6237e3dd84d00736f51ed0e4","EC_0124.jpeg"
"9784",0.914077759,3.331,"6237e3dd84d00736f51ed0e4","EC_0034.jpg"
"9785",2.028963894,3.5727,"6237e3dd84d00736f51ed0e4","EC_0101.jpg"
"9786",0.035159641,3.1979,"6237e3dd84d00736f51ed0e4","EC_0140.jpg"
"9787",5.03518948,3.2467,"6237e3dd84d00736f51ed0e4","EC_0210.jpg"
"9788",5.03518948,2.2306,"6237e3dd84d00736f51ed0e4","EC_0094.jpg"
"9789",2.893851725,3.0792,"6237e3dd84d00736f51ed0e4","EC_0020.jpg"
"9790",2.893851725,2.3122,"6237e3dd84d00736f51ed0e4","EC_0166.jpg"
"9791",8.114895291,2.7782,"6237e3dd84d00736f51ed0e4","EC_0001.jpg"
"9792",0.971551853,3.4958,"6237e3dd84d00736f51ed0e4","EC_0228.jpg"
"9793",0.971551853,2.3131,"6237e3dd84d00736f51ed0e4","EC_0154.jpg"
"9794",0.971551853,2.3308,"6237e3dd84d00736f51ed0e4","EC_0150.jpg"
"9795",0.124815538,4.5471,"6237e3dd84d00736f51ed0e4","EC_0048.jpg"
"9796",4.084077962,2.8794,"6237e3dd84d00736f51ed0e4","EC_0087.jpg"
"9797",8.163469781,3.0128,"6237e3dd84d00736f51ed0e4","EC_0068.jpg"
"9798",3.017949083,2.6136,"6237e3dd84d00736f51ed0e4","EC_0106.jpg"
"9799",3.017949083,2.0432,"6237e3dd84d00736f51ed0e4","EC_0027.jpg"
"9800",3.923918321,3.0352,"6237e3dd84d00736f51ed0e4","EC_0249.jpg"
"9801",4.990847439,2.9094,"6237e3dd84d00736f51ed0e4","EC_0195.jpg"
"9802",9.64376492,2.5865,"6237e3dd84d00736f51ed0e4","EC_0008.jpg"
"9803",5.998479546,2.8763,"6237e3dd84d00736f51ed0e4","EC_0084.jpg"
"9804",5.998479546,2.3363,"6237e3dd84d00736f51ed0e4","EC_0066.jpg"
"9805",3.941082086,2.7182,"6237e3dd84d00736f51ed0e4","EC_0131.jpg"
"9806",7.940724691,3.1479,"6237e3dd84d00736f51ed0e4","EC_0188.jpg"
"9807",0.010876465,2.9941,"6237e3dd84d00736f51ed0e4","EC_0244.jpg"
"9808",0.010876465,1.9729,"6237e3dd84d00736f51ed0e4","EC_0002.jpg"
"9809",5.947452121,2.5738,"6237e3dd84d00736f51ed0e4","EC_0213.jpg"
"9810",2.121759372,3.6886,"6237e3dd84d00736f51ed0e4","EC_0042.jpg"
"9811",2.121759372,2.2663,"6237e3dd84d00736f51ed0e4","EC_0227.jpg"
"9812",2.820938449,2.5946,"6237e3dd84d00736f51ed0e4","EC_0071.jpg"
"9813",2.826494005,2.2245,"6237e3dd84d00736f51ed0e4","EC_0198.jpg"
"9814",8.055004205,2.7521,"6237e3dd84d00736f51ed0e4","EC_0074.jpg"
"9815",4.073565674,3.2809,"6237e3dd84d00736f51ed0e4","EC_0011.jpg"
"9816",6.003740777,2.5367,"6237e3dd84d00736f51ed0e4","EC_0102.jpg"
"9817",4.908944363,3.002,"6237e3dd84d00736f51ed0e4","EC_0185.jpg"
"9818",3.111017524,3.0107,"6237e3dd84d00736f51ed0e4","EC_0149.jpg"
"9819",3.105461968,2.4758,"6237e3dd84d00736f51ed0e4","EC_0240.jpg"
"9820",5.008236355,3.0213,"6237e3dd84d00736f51ed0e4","EC_0036.jpeg"
"9821",5.008236355,2.2351,"6237e3dd84d00736f51ed0e4","EC_0121.jpg"
"9822",5.945743815,2.5718,"6237e3dd84d00736f51ed0e4","EC_0173.jpg"
"9823",0.149497477,3.4347,"6237e3dd84d00736f51ed0e4","EC_0111.jpg"
"9824",7.643628608,3.3506,"6237e3dd84d00736f51ed0e4","EC_0105.jpg"
"9825",3.03731486,2.6737,"6237e3dd84d00736f51ed0e4","EC_0120.jpg"
"9826",3.960630968,2.804,"6237e3dd84d00736f51ed0e4","EC_0080.jpg"
"9827",4.927300347,2.6702,"6237e3dd84d00736f51ed0e4","EC_0058.jpg"
"9828",4.927300347,2.5352,"6237e3dd84d00736f51ed0e4","EC_0086.jpg"
"9829",5.933510335,2.2896,"6237e3dd84d00736f51ed0e4","EC_0193.png"
"9830",2.072826809,2.9375,"6237e3dd84d00736f51ed0e4","EC_0010.jpg"
"9831",0.285159641,2.5556,"6237e3dd84d00736f51ed0e4","EC_0039.jpg"
"9832",1.051102702,2.6199,"6237e3dd84d00736f51ed0e4","EC_0044.jpg"
"9833",4.040511746,3.6254,"6237e3dd84d00736f51ed0e4","EC_0237.jpg"
"9834",9.016319444,2.7557,"6237e3dd84d00736f51ed0e4","EC_0234.jpg"
"9835",0.067722575,2.7387,"6237e3dd84d00736f51ed0e4","EC_0088.jpg"
"9836",5.983015951,2.9001,"6237e3dd84d00736f51ed0e4","EC_0018.jpg"
"9837",3.644896783,2.4805,"6237e3dd84d00736f51ed0e4","EC_0211.jpg"
"9838",0.507606676,2.6047,"6237e3dd84d00736f51ed0e4","EC_0049.jpg"
"9839",7.205400933,2.6299,"6237e3dd84d00736f51ed0e4","EC_0014.jpg"
"9840",0.14027337,3.3747,"6237e3dd84d00736f51ed0e4","EC_0142.jpg"
"9841",2.323902384,2.7972,"6237e3dd84d00736f51ed0e4","EC_0169.png"
"9842",2.624213325,2.5131,"6237e3dd84d00736f51ed0e4","EC_0046.jpg"
"9843",4.666315375,2.813,"6237e3dd84d00736f51ed0e4","EC_0207.jpg"
"9844",2.675905355,2.4303,"6237e3dd84d00736f51ed0e4","EC_0153.jpg"
"9845",1.212673611,2.5557,"6237e3dd84d00736f51ed0e4","EC_0197.jpg"
"9846",4.528658719,2.4724,"6237e3dd84d00736f51ed0e4","EC_0109.jpg"
"9847",8.2206604,2.7471,"6237e3dd84d00736f51ed0e4","EC_0019.jpg"
"9848",3.724285889,4.9723,"6237e3dd84d00736f51ed0e4","EC_0092.jpg"
"9849",0.034186469,2.7465,"6237e3dd84d00736f51ed0e4","EC_0226.jpg"
"9850",0.034186469,2.4505,"6237e3dd84d00736f51ed0e4","EC_0103.jpg"
"9851",0.661700439,2.5399,"6237e3dd84d00736f51ed0e4","EC_0164.jpg"
"9852",1.685498725,3.4603,"6237e3dd84d00736f51ed0e4","EC_0137.jpg"
"9853",4.272379557,3.1332,"6237e3dd84d00736f51ed0e4","EC_0070.jpg"
"9854",1.293403456,2.8302,"6237e3dd84d00736f51ed0e4","EC_0151.jpg"
"9855",2.671866184,2.9307,"6237e3dd84d00736f51ed0e4","EC_0064.jpg"
"9856",0.003507487,2.747,"6237e3dd84d00736f51ed0e4","EC_0168.jpeg"
"9857",0.295613946,2.3633,"6237e3dd84d00736f51ed0e4","EC_0176.jpg"
"9858",0.413846842,2.1641,"6237e3dd84d00736f51ed0e4","EC_0095.jpg"
"9859",1.771170722,2.4473,"6237e3dd84d00736f51ed0e4","EC_0037.jpg"
"9860",2.473033312,3.062,"6237e3dd84d00736f51ed0e4","EC_0196.jpg"
"9861",4.60958252,3.0457,"6237e3dd84d00736f51ed0e4","EC_0136.jpg"
"9862",0.135918511,2.8642,"6237e3dd84d00736f51ed0e4","EC_0060.jpg"
"9863",7.010081651,3.9813,"6237e3dd84d00736f51ed0e4","EC_0118.jpg"
"9864",3.61700236,2.9338,"6237e3dd84d00736f51ed0e4","EC_0232.jpg"
"9865",4.773554145,3.1168,"6237e3dd84d00736f51ed0e4","EC_0117.jpg"
"9866",6.340454102,2.6569,"6237e3dd84d00736f51ed0e4","EC_0057.jpeg"
"9867",8.813834635,2.7568,"6237e3dd84d00736f51ed0e4","EC_0233.jpg"
"9868",9.78116862,2.4829,"6237e3dd84d00736f51ed0e4","EC_0138.png"
"9869",9.63453776,2.3666,"6237e3dd84d00736f51ed0e4","EC_0077.jpg"
"9870",0.223638238,2.9236,"6237e3dd84d00736f51ed0e4","EC_0028.jpg"
"9871",8.020833333,4.4274,"6272923eedb5716b8b254954","EC_0214.jpg"
"9872",5.052083333,3.1947,"6272923eedb5716b8b254954","EC_0048.jpg"
"9873",6.979166667,3.4662,"6272923eedb5716b8b254954","EC_0133.jpg"
"9874",7.8515625,3.6483,"6272923eedb5716b8b254954","EC_0101.jpg"
"9875",8.90625,3.3113,"6272923eedb5716b8b254954","EC_0242.jpg"
"9876",3.9453125,3.4789,"6272923eedb5716b8b254954","EC_0150.jpg"
"9877",8.893229167,3.2994,"6272923eedb5716b8b254954","EC_0102.jpg"
"9878",9.947916667,3.1282,"6272923eedb5716b8b254954","EC_0123.jpeg"
"9879",8.997395833,2.4449,"6272923eedb5716b8b254954","EC_0152.jpg"
"9880",8.020833333,3.0451,"6272923eedb5716b8b254954","EC_0177.jpg"
"9881",3.919270833,4.0325,"6272923eedb5716b8b254954","EC_0137.jpg"
"9882",8.020833333,3.7283,"6272923eedb5716b8b254954","EC_0037.jpg"
"9883",8.958333333,5.1645,"6272923eedb5716b8b254954","EC_0031.jpg"
"9884",9.010416667,4.9483,"6272923eedb5716b8b254954","EC_0207.jpg"
"9885",3.020833333,3.8629,"6272923eedb5716b8b254954","EC_0236.jpg"
"9886",4.934895833,3.2285,"6272923eedb5716b8b254954","EC_0132.jpg"
"9887",9.934895833,4.8595,"6272923eedb5716b8b254954","EC_0229.jpg"
"9888",7.942708333,2.9292,"6272923eedb5716b8b254954","EC_0211.jpg"
"9889",6.015625,3.5624,"6272923eedb5716b8b254954","EC_0221.jpg"
"9890",5.9765625,2.9322,"6272923eedb5716b8b254954","EC_0156.jpg"
"9891",7.994791667,2.8529,"6272923eedb5716b8b254954","EC_0053.jpg"
"9892",8.997395833,3.2329,"6272923eedb5716b8b254954","EC_0171.jpg"
"9893",6.953125,2.2808,"6272923eedb5716b8b254954","EC_0246.jpg"
"9894",7.955729167,3.3616,"6272923eedb5716b8b254954","EC_0249.jpg"
"9895",9.010416667,2.9123,"6272923eedb5716b8b254954","EC_0001.jpg"
"9896",9.010416667,2.3794,"6272923eedb5716b8b254954","EC_0167.jpg"
"9897",7.955729167,3.346,"6272923eedb5716b8b254954","EC_0017.jpg"
"9898",6.927083333,2.5598,"6272923eedb5716b8b254954","EC_0073.jpg"
"9899",7.981770833,2.8121,"6272923eedb5716b8b254954","EC_0136.jpg"
"9900",3.958333333,3.9271,"6272923eedb5716b8b254954","EC_0090.jpg"
"9901",5.989583333,3.9631,"6272923eedb5716b8b254954","EC_0099.jpg"
"9902",2.018229167,3.1292,"6272923eedb5716b8b254954","EC_0176.jpg"
"9903",9.7265625,3.5117,"6272923eedb5716b8b254954","EC_0230.jpg"
"9904",8.450520833,1.9454,"6272923eedb5716b8b254954","EC_0061.jpg"
"9905",9.8046875,2.7617,"6272923eedb5716b8b254954","EC_0228.jpg"
"9906",3.763020833,3.7299,"6272923eedb5716b8b254954","EC_0062.jpg"
"9907",6.940104167,2.7295,"6272923eedb5716b8b254954","EC_0040.jpg"
"9908",7.799479167,2.7784,"6272923eedb5716b8b254954","EC_0118.jpg"
"9909",4.973958333,2.312,"6272923eedb5716b8b254954","EC_0226.jpg"
"9910",6.276041667,2.446,"6272923eedb5716b8b254954","EC_0239.jpg"
"9911",9.973958333,3.6852,"6272923eedb5716b8b254954","EC_0067.jpg"
"9912",8.893229167,3.4468,"6272923eedb5716b8b254954","EC_0138.png"
"9913",3.072916667,2.9613,"6272923eedb5716b8b254954","EC_0227.jpg"
"9914",5.716145833,2.3187,"6272923eedb5716b8b254954","EC_0161.jpg"
"9915",7.994791667,3.9639,"6272923eedb5716b8b254954","EC_0049.jpg"
"9916",7.0703125,3.3986,"6272923eedb5716b8b254954","EC_0074.jpg"
"9917",8.997395833,4.1956,"6272923eedb5716b8b254954","EC_0120.jpg"
"9918",3.9453125,3.3154,"6272923eedb5716b8b254954","EC_0079.jpg"
"9919",8.984375,4.0317,"6272923eedb5716b8b254954","EC_0142.jpg"
"9920",6.966145833,3.3969,"6272923eedb5716b8b254954","EC_0185.jpg"
"9921",7.981770833,3.0291,"6272923eedb5716b8b254954","EC_0248.jpg"
"9922",6.041666667,2.3639,"6272923eedb5716b8b254954","EC_0240.jpg"
"9923",9.856770833,3.2284,"6272923eedb5716b8b254954","EC_0105.jpg"
"9924",8.997395833,3.6448,"6272923eedb5716b8b254954","EC_0063.jpg"
"9925",7.03125,2.4644,"6272923eedb5716b8b254954","EC_0196.jpg"
"9926",8.0078125,2.5807,"6272923eedb5716b8b254954","EC_0121.jpg"
"9927",2.994791667,3.33,"6272923eedb5716b8b254954","EC_0075.jpg"
"9928",9.921875,5.146,"6272923eedb5716b8b254954","EC_0108.jpg"
"9929",7.942708333,3.2832,"6272923eedb5716b8b254954","EC_0084.jpg"
"9930",8.958333333,2.5113,"6272923eedb5716b8b254954","EC_0058.jpg"
"9931",7.044270833,2.5282,"6272923eedb5716b8b254954","EC_0054.jpg"
"9932",8.932291667,2.6805,"6272923eedb5716b8b254954","EC_0010.jpg"
"9933",6.979166667,2.6645,"6272923eedb5716b8b254954","EC_0006.jpg"
"9934",4.973958333,2.7772,"6272923eedb5716b8b254954","EC_0072.jpg"
"9935",8.0078125,2.7109,"6272923eedb5716b8b254954","EC_0050.jpg"
"9936",6.9921875,2.8005,"6272923eedb5716b8b254954","EC_0057.jpeg"
"9937",5.026041667,2.76,"6272923eedb5716b8b254954","EC_0181.jpg"
"9938",8.893229167,2.8976,"6272923eedb5716b8b254954","EC_0060.jpg"
"9939",8.072916667,3.011,"6272923eedb5716b8b254954","EC_0093.jpg"
"9940",8.971354167,2.7442,"6272923eedb5716b8b254954","EC_0231.jpg"
"9941",2.96875,3.6651,"6272923eedb5716b8b254954","EC_0036.jpeg"
"9942",7.838541667,2.4756,"6272923eedb5716b8b254954","EC_0173.jpg"
"9943",8.919270833,2.7764,"6272923eedb5716b8b254954","EC_0097.jpg"
"9944",7.018229167,2.8136,"6272923eedb5716b8b254954","EC_0109.jpg"
"9945",5,2.6142,"6272923eedb5716b8b254954","EC_0148.jpg"
"9946",8.033854167,3.395,"6272923eedb5716b8b254954","EC_0223.jpg"
"9947",5.963541667,2.4372,"6272923eedb5716b8b254954","EC_0243.jpg"
"9948",9.791666667,3.2799,"6272923eedb5716b8b254954","EC_0194.jpg"
"9949",8.098958333,2.749,"6272923eedb5716b8b254954","EC_0092.jpg"
"9950",7.03125,2.2463,"6272923eedb5716b8b254954","EC_0210.jpg"
"9951",8.854166667,3.0968,"6272923eedb5716b8b254954","EC_0193.png"
"9952",3.932291667,3.7645,"6272923eedb5716b8b254954","EC_0247.jpg"
"9953",3.033854167,3.1805,"6272923eedb5716b8b254954","EC_0140.jpg"
"9954",7.890625,2.3637,"6272923eedb5716b8b254954","EC_0104.jpg"
"9955",8.971354167,2.5102,"6272923eedb5716b8b254954","EC_0162.jpg"
"9956",9.791666667,3.3449,"6272923eedb5716b8b254954","EC_0085.jpg"
"9957",6.979166667,2.6761,"6272923eedb5716b8b254954","EC_0059.jpg"
"9958",7.239583333,1.6303,"6272923eedb5716b8b254954","EC_0066.jpg"
"9959",9.0625,2.778,"6272923eedb5716b8b254954","EC_0159.jpg"
"9960",4.973958333,3.0614,"6272923eedb5716b8b254954","EC_0199.jpg"
"9961",7.044270833,2.6467,"6272923eedb5716b8b254954","EC_0096.jpg"
"9962",2.005208333,3.1308,"6272923eedb5716b8b254954","EC_0184.jpg"
"9963",8.854166667,2.2999,"6272923eedb5716b8b254954","EC_0188.jpg"
"9964",5.052083333,2.6463,"6272923eedb5716b8b254954","EC_0234.jpg"
"9965",6.861979167,2.711,"6272923eedb5716b8b254954","EC_0237.jpg"
"9966",6.901041667,2.6281,"6272923eedb5716b8b254954","EC_0198.jpg"
"9967",7.981770833,2.4163,"6272923eedb5716b8b254954","EC_0245.jpg"
"9968",6.028645833,3.3667,"6272923eedb5716b8b254954","EC_0088.jpg"
"9969",4.0625,2.6447,"6272923eedb5716b8b254954","EC_0087.jpg"
"9970",9.908854167,2.843,"6272923eedb5716b8b254954","EC_0030.jpg"
"9971",7.955729167,5.8105,"6272923eedb5716b8b254954","EC_0080.jpg"
"9972",9.921875,3.4614,"6272923eedb5716b8b254954","EC_0019.jpg"
"9973",7.135416667,3.6781,"6272923eedb5716b8b254954","EC_0044.jpg"
"9974",5.065104167,2.8944,"6272923eedb5716b8b254954","EC_0002.jpg"
"9975",3.059895833,3.9927,"6272923eedb5716b8b254954","EC_0089.jpg"
"9976",8.098958333,3.1403,"6272923eedb5716b8b254954","EC_0077.jpg"
"9977",9.088541667,2.6947,"6272923eedb5716b8b254954","EC_0119.jpg"
"9978",7.03125,3.4141,"6272923eedb5716b8b254954","EC_0046.jpg"
"9979",6.9140625,4.144,"6272923eedb5716b8b254954","EC_0033.jpeg"
"9980",2.994791667,4.3948,"6272923eedb5716b8b254954","EC_0147.png"
"9981",5.208333333,2.5644,"6272923eedb5716b8b254954","EC_0197.jpg"
"9982",6.4453125,2.0461,"6272923eedb5716b8b254954","EC_0016.jpg"
"9983",7.981770833,2.6306,"6272923eedb5716b8b254954","EC_0163.jpg"
"9984",3.098958333,3.7283,"6272923eedb5716b8b254954","EC_0233.jpg"
"9985",4.088541667,2.6826,"6272923eedb5716b8b254954","EC_0100.jpg"
"9986",7.955729167,3.0833,"6272923eedb5716b8b254954","EC_0018.jpg"
"9987",6.119791667,2.478,"6272923eedb5716b8b254954","EC_0065.jpg"
"9988",5.104166667,2.2769,"6272923eedb5716b8b254954","EC_0200.png"
"9989",6.875,2.4968,"6272923eedb5716b8b254954","EC_0134.jpg"
"9990",9.778645833,2.9116,"6272923eedb5716b8b254954","EC_0020.jpg"
"9991",9.778645833,5.7623,"6272923eedb5716b8b254954","EC_0111.jpg"
"9992",7.057291667,2.8775,"6272923eedb5716b8b254954","EC_0003.jpg"
"9993",8.75,2.4991,"6272923eedb5716b8b254954","EC_0056.jpg"
"9994",7.057291667,2.5812,"6272923eedb5716b8b254954","EC_0086.jpg"
"9995",9.3359375,3.6816,"6272923eedb5716b8b254954","EC_0029.jpg"
"9996",7.96875,3.281,"6272923eedb5716b8b254954","EC_0141.jpg"
"9997",9.010416667,5.6949,"6272923eedb5716b8b254954","EC_0055.jpg"
"9998",9.010416667,2.7282,"6272923eedb5716b8b254954","EC_0047.jpg"
"9999",0.872395833,3.4774,"6272923eedb5716b8b254954","EC_0154.jpg"
"10000",9.8046875,2.9975,"6272923eedb5716b8b254954","EC_0106.jpg"
"10001",6.9140625,2.5611,"6272923eedb5716b8b254954","EC_0103.jpg"
"10002",2.955729167,3.4092,"6272923eedb5716b8b254954","EC_0195.jpg"
"10003",7.135416667,2.5618,"6272923eedb5716b8b254954","EC_0182.jpg"
"10004",7.994791667,3.4609,"6272923eedb5716b8b254954","EC_0235.jpg"
"10005",7.044270833,2.3314,"6272923eedb5716b8b254954","EC_0187.jpeg"
"10006",9.0234375,2.6807,"6272923eedb5716b8b254954","EC_0117.jpg"
"10007",7.005208333,2.395,"6272923eedb5716b8b254954","EC_0013.jpg"
"10008",9.0234375,2.5481,"6272923eedb5716b8b254954","EC_0022.jpg"
"10009",7.838541667,2.198,"6272923eedb5716b8b254954","EC_0008.jpg"
"10010",9.1796875,2.9963,"6272923eedb5716b8b254954","EC_0070.jpg"
"10011",8.0859375,3.3776,"6272923eedb5716b8b254954","EC_0241.jpg"
"10012",2.981770833,3.0473,"6272923eedb5716b8b254954","EC_0125.jpeg"
"10013",4.973958333,2.195,"6272923eedb5716b8b254954","EC_0015.jpg"
"10014",6.432291667,2.0278,"6272923eedb5716b8b254954","EC_0170.jpg"
"10015",7.317708333,1.7815,"6272923eedb5716b8b254954","EC_0135.jpg"
"10016",7.981770833,2.5603,"6272923eedb5716b8b254954","EC_0032.jpg"
"10017",1.119791667,3.2431,"6272923eedb5716b8b254954","EC_0224.jpg"
"10018",4.036458333,2.7274,"6272923eedb5716b8b254954","EC_0005.jpg"
"10019",6.966145833,2.4832,"6272923eedb5716b8b254954","EC_0164.jpg"
"10020",7.552083333,2.1767,"6272923eedb5716b8b254954","EC_0157.jpg"
"10021",7.916666667,3.082,"6272923eedb5716b8b254954","EC_0014.jpg"
"10022",6.041666667,2.8946,"6272923eedb5716b8b254954","EC_0222.jpg"
"10023",7.083333333,2.1783,"6272923eedb5716b8b254954","EC_0166.jpg"
"10024",7.955729167,2.7612,"6272923eedb5716b8b254954","EC_0094.jpg"
"10025",6.9921875,2.8984,"6272923eedb5716b8b254954","EC_0098.jpg"
"10026",7.890625,2.9638,"6272923eedb5716b8b254954","EC_0183.jpg"
"10027",8.932291667,4.4139,"6272923eedb5716b8b254954","EC_0115.jpg"
"10028",4.010416667,5.9251,"6272923eedb5716b8b254954","EC_0160.jpg"
"10029",2.03125,3.5979,"6272923eedb5716b8b254954","EC_0124.jpeg"
"10030",6.002604167,2.1802,"6272923eedb5716b8b254954","EC_0071.jpg"
"10031",6.8359375,2.0112,"6272923eedb5716b8b254954","EC_0024.jpg"
"10032",5.182291667,3.4441,"6272923eedb5716b8b254954","EC_0081.jpg"
"10033",1.080729167,3.5276,"6272923eedb5716b8b254954","EC_0201.jpg"
"10034",7.018229167,3.1143,"6272923eedb5716b8b254954","EC_0034.jpg"
"10035",5.065104167,3.9129,"6272923eedb5716b8b254954","EC_0172.jpg"
"10036",8.7109375,3.0672,"6272923eedb5716b8b254954","EC_0082.jpg"
"10037",9.557291667,3.115,"6272923eedb5716b8b254954","EC_0041.jpg"
"10038",7.005208333,2.5113,"6272923eedb5716b8b254954","EC_0205.jpg"
"10039",5.9375,2.179,"6272923eedb5716b8b254954","EC_0203.jpg"
"10040",7.291666667,2.1605,"6272923eedb5716b8b254954","EC_0169.png"
"10041",8.268229167,1.9284,"6272923eedb5716b8b254954","EC_0139.png"
"10042",7.122395833,2.6801,"6272923eedb5716b8b254954","EC_0180.jpg"
"10043",9.596354167,2.745,"6272923eedb5716b8b254954","EC_0149.jpg"
"10044",7.981770833,2.2974,"6272923eedb5716b8b254954","EC_0151.jpg"
"10045",5.885416667,2.4207,"6272923eedb5716b8b254954","EC_0011.jpg"
"10046",7.578125,3.1608,"6272923eedb5716b8b254954","EC_0116.jpg"
"10047",2.3046875,2.9944,"6272923eedb5716b8b254954","EC_0153.jpg"
"10048",8.359375,3.0927,"6272923eedb5716b8b254954","EC_0012.jpg"
"10049",6.510416667,2.2284,"6272923eedb5716b8b254954","EC_0244.jpg"
"10050",4.049479167,3.1948,"6272923eedb5716b8b254954","EC_0238.jpg"
"10051",9.192708333,2.3785,"6272923eedb5716b8b254954","EC_0213.jpg"
"10052",8.020833333,2.7275,"6272923eedb5716b8b254954","EC_0068.jpg"
"10053",8.919270833,2.9278,"6272923eedb5716b8b254954","EC_0158.jpg"
"10054",6.9140625,3.5298,"6272923eedb5716b8b254954","EC_0009.jpg"
"10055",6.901041667,4.4999,"6272923eedb5716b8b254954","EC_0202.jpg"
"10056",8.893229167,3.0321,"6272923eedb5716b8b254954","EC_0113.jpg"
"10057",6.015625,3.4948,"6272923eedb5716b8b254954","EC_0069.jpg"
"10058",4.0625,3.7111,"6272923eedb5716b8b254954","EC_0209.jpg"
"10059",9.791666667,3.0162,"6272923eedb5716b8b254954","EC_0028.jpg"
"10060",7.018229167,2.8114,"6272923eedb5716b8b254954","EC_0027.jpg"
"10061",5.9765625,2.0405,"6272923eedb5716b8b254954","EC_0204.jpg"
"10062",1.015625,3.3776,"6272923eedb5716b8b254954","EC_0129.jpeg"
"10063",9.8046875,3.1147,"6272923eedb5716b8b254954","EC_0038.jpg"
"10064",7.1484375,3.5446,"6272923eedb5716b8b254954","EC_0064.jpg"
"10065",9.466145833,4.2134,"6272923eedb5716b8b254954","EC_0083.jpg"
"10066",7.877604167,2.5308,"6272923eedb5716b8b254954","EC_0095.jpg"
"10067",6.223958333,2.1481,"6272923eedb5716b8b254954","EC_0174.jpg"
"10068",8.020833333,2.3948,"6272923eedb5716b8b254954","EC_0039.jpg"
"10069",8.111979167,1.5783,"6272923eedb5716b8b254954","EC_0206.png"
"10070",5.143229167,2.0838,"6272923eedb5716b8b254954","EC_0051.jpg"
"10071",9.791666667,2.5275,"6272923eedb5716b8b254954","EC_0007.jpg"
"10072",6.171875,3.4677,"6272923eedb5716b8b254954","EC_0076.jpg"
"10073",7.877604167,2.8761,"6272923eedb5716b8b254954","EC_0131.jpg"
"10074",7.877604167,1.5836,"6272923eedb5716b8b254954","EC_0165.jpg"
"10075",8.958333333,2.5661,"6272923eedb5716b8b254954","EC_0042.jpg"
"10076",8.619791667,1.7814,"6272923eedb5716b8b254954","EC_0128.jpeg"
"10077",7.057291667,3.2779,"6272923eedb5716b8b254954","EC_0232.jpg"
"10078",7.955729167,2.3982,"6272923eedb5716b8b254954","EC_0168.jpeg"
"10079",8.919270833,2.9258,"6272923eedb5716b8b254954","EC_0219.jpg"
"10080",7.890625,2.0803,"6272923eedb5716b8b254954","EC_0250.jpg"
"10081",0.981481481,3.0445,"62732854d22b38dbdae3ef9c","EC_0197.jpg"
"10082",2.925925926,4.0097,"62732854d22b38dbdae3ef9c","EC_0090.jpg"
"10083",2.962962963,2.3297,"62732854d22b38dbdae3ef9c","EC_0172.jpg"
"10084",2.055555556,2.8788,"62732854d22b38dbdae3ef9c","EC_0224.jpg"
"10085",5.138888889,2.8222,"62732854d22b38dbdae3ef9c","EC_0183.jpg"
"10086",0.925925926,2.5539,"62732854d22b38dbdae3ef9c","EC_0232.jpg"
"10087",4.944444444,2.8591,"62732854d22b38dbdae3ef9c","EC_0108.jpg"
"10088",6.064814815,3.9605,"62732854d22b38dbdae3ef9c","EC_0219.jpg"
"10089",5.703703704,4.2225,"62732854d22b38dbdae3ef9c","EC_0002.jpg"
"10090",3.75,2.4706,"62732854d22b38dbdae3ef9c","EC_0092.jpg"
"10091",5.37962963,2.6955,"62732854d22b38dbdae3ef9c","EC_0042.jpg"
"10092",2.009259259,2.3609,"62732854d22b38dbdae3ef9c","EC_0153.jpg"
"10093",1.740740741,2.9827,"62732854d22b38dbdae3ef9c","EC_0097.jpg"
"10094",4.87962963,2.5383,"62732854d22b38dbdae3ef9c","EC_0020.jpg"
"10095",1.611111111,3.1017,"62732854d22b38dbdae3ef9c","EC_0009.jpg"
"10096",7.157407407,2.2822,"62732854d22b38dbdae3ef9c","EC_0081.jpg"
"10097",4.685185185,2.1707,"62732854d22b38dbdae3ef9c","EC_0074.jpg"
"10098",5.768518519,1.9847,"62732854d22b38dbdae3ef9c","EC_0188.jpg"
"10099",0.324074074,2.5729,"62732854d22b38dbdae3ef9c","EC_0105.jpg"
"10100",1.231481481,2.1504,"62732854d22b38dbdae3ef9c","EC_0235.jpg"
"10101",0.805555556,2.7876,"62732854d22b38dbdae3ef9c","EC_0237.jpg"
"10102",5.305555556,2.1773,"62732854d22b38dbdae3ef9c","EC_0106.jpg"
"10103",2.009259259,2.1743,"62732854d22b38dbdae3ef9c","EC_0149.jpg"
"10104",3.972222222,2.9941,"62732854d22b38dbdae3ef9c","EC_0051.jpg"
"10105",3.981481481,2.2081,"62732854d22b38dbdae3ef9c","EC_0242.jpg"
"10106",1.824074074,2.455,"62732854d22b38dbdae3ef9c","EC_0136.jpg"
"10107",1.453703704,2.5249,"62732854d22b38dbdae3ef9c","EC_0111.jpg"
"10108",3.296296296,2.1869,"62732854d22b38dbdae3ef9c","EC_0187.jpeg"
"10109",1.435185185,2.3602,"62732854d22b38dbdae3ef9c","EC_0142.jpg"
"10110",1.324074074,2.0608,"62732854d22b38dbdae3ef9c","EC_0113.jpg"
"10111",0.203703704,3.2541,"62732854d22b38dbdae3ef9c","EC_0125.jpeg"
"10112",1.907407407,3.8735,"62732854d22b38dbdae3ef9c","EC_0024.jpg"
"10113",6.092592593,2.6227,"62732854d22b38dbdae3ef9c","EC_0160.jpg"
"10114",5,2.4763,"62732854d22b38dbdae3ef9c","EC_0193.png"
"10115",3.87962963,2.457,"62732854d22b38dbdae3ef9c","EC_0116.jpg"
"10116",2.925925926,2.4187,"62732854d22b38dbdae3ef9c","EC_0166.jpg"
"10117",0.064814815,2.4555,"62732854d22b38dbdae3ef9c","EC_0214.jpg"
"10118",2.018518519,2.2263,"62732854d22b38dbdae3ef9c","EC_0053.jpg"
"10119",4.490740741,2.4936,"62732854d22b38dbdae3ef9c","EC_0167.jpg"
"10120",4.490740741,2.6047,"62732854d22b38dbdae3ef9c","EC_0006.jpg"
"10121",2.611111111,2.181,"62732854d22b38dbdae3ef9c","EC_0213.jpg"
"10122",3.675925926,2.9551,"62732854d22b38dbdae3ef9c","EC_0201.jpg"
"10123",6.231481481,2.2414,"62732854d22b38dbdae3ef9c","EC_0109.jpg"
"10124",6.287037037,2.1682,"62732854d22b38dbdae3ef9c","EC_0068.jpg"
"10125",3.972222222,3.0547,"62732854d22b38dbdae3ef9c","EC_0207.jpg"
"10126",2.231481481,2.2259,"62732854d22b38dbdae3ef9c","EC_0141.jpg"
"10127",2.564814815,2.352,"62732854d22b38dbdae3ef9c","EC_0120.jpg"
"10128",2.916666667,2.4394,"62732854d22b38dbdae3ef9c","EC_0241.jpg"
"10129",2.25,2.7638,"62732854d22b38dbdae3ef9c","EC_0165.jpg"
"10130",2.685185185,1.9882,"62732854d22b38dbdae3ef9c","EC_0134.jpg"
"10131",2.12962963,2.4527,"62732854d22b38dbdae3ef9c","EC_0161.jpg"
"10132",3.833333333,2.0526,"62732854d22b38dbdae3ef9c","EC_0102.jpg"
"10133",4.518518519,2.0756,"62732854d22b38dbdae3ef9c","EC_0115.jpg"
"10134",3.712962963,2.4553,"62732854d22b38dbdae3ef9c","EC_0200.png"
"10135",5.037037037,1.9183,"62732854d22b38dbdae3ef9c","EC_0070.jpg"
"10136",6.416666667,2.8586,"62732854d22b38dbdae3ef9c","EC_0104.jpg"
"10137",7.175925926,2.1978,"62732854d22b38dbdae3ef9c","EC_0018.jpg"
"10138",0.638888889,2.8504,"62732854d22b38dbdae3ef9c","EC_0196.jpg"
"10139",4.203703704,2.1672,"62732854d22b38dbdae3ef9c","EC_0007.jpg"
"10140",5.194444444,2.034,"62732854d22b38dbdae3ef9c","EC_0209.jpg"
"10141",4.527777778,2.0579,"62732854d22b38dbdae3ef9c","EC_0182.jpg"
"10142",3.240740741,2.3475,"62732854d22b38dbdae3ef9c","EC_0030.jpg"
"10143",0.907407407,2.5744,"62732854d22b38dbdae3ef9c","EC_0150.jpg"
"10144",1.796296296,2.8384,"62732854d22b38dbdae3ef9c","EC_0139.png"
"10145",2.583333333,2.1576,"62732854d22b38dbdae3ef9c","EC_0244.jpg"
"10146",4.518518519,2.1,"62732854d22b38dbdae3ef9c","EC_0088.jpg"
"10147",7.740740741,2.424,"62732854d22b38dbdae3ef9c","EC_0080.jpg"
"10148",0.694444444,2.2419,"62732854d22b38dbdae3ef9c","EC_0226.jpg"
"10149",4.453703704,2.1545,"62732854d22b38dbdae3ef9c","EC_0119.jpg"
"10150",6.87962963,2.4796,"62732854d22b38dbdae3ef9c","EC_0041.jpg"
"10151",6.407407407,2.2421,"62732854d22b38dbdae3ef9c","EC_0046.jpg"
"10152",2.666666667,2.4608,"62732854d22b38dbdae3ef9c","EC_0054.jpg"
"10153",0.555555556,2.3537,"62732854d22b38dbdae3ef9c","EC_0019.jpg"
"10154",1.703703704,2.2601,"62732854d22b38dbdae3ef9c","EC_0177.jpg"
"10155",2.898148148,2.3044,"62732854d22b38dbdae3ef9c","EC_0071.jpg"
"10156",0.083333333,2.5489,"62732854d22b38dbdae3ef9c","EC_0194.jpg"
"10157",0.898148148,3.7565,"62732854d22b38dbdae3ef9c","EC_0199.jpg"
"10158",1.453703704,2.5418,"62732854d22b38dbdae3ef9c","EC_0206.png"
"10159",6.990740741,3.2972,"62732854d22b38dbdae3ef9c","EC_0221.jpg"
"10160",5.314814815,2.8823,"62732854d22b38dbdae3ef9c","EC_0095.jpg"
"10161",1.509259259,2.6618,"62732854d22b38dbdae3ef9c","EC_0005.jpg"
"10162",6.12037037,3.9284,"62732854d22b38dbdae3ef9c","EC_0016.jpg"
"10163",4.990740741,2.1899,"62732854d22b38dbdae3ef9c","EC_0101.jpg"
"10164",0.435185185,2.8071,"62732854d22b38dbdae3ef9c","EC_0036.jpeg"
"10165",4.888888889,2.3977,"62732854d22b38dbdae3ef9c","EC_0233.jpg"
"10166",0.166666667,3.0754,"62732854d22b38dbdae3ef9c","EC_0247.jpg"
"10167",3.712962963,2.9009,"62732854d22b38dbdae3ef9c","EC_0151.jpg"
"10168",5.537037037,2.3336,"62732854d22b38dbdae3ef9c","EC_0132.jpg"
"10169",7.138888889,3.5796,"62732854d22b38dbdae3ef9c","EC_0008.jpg"
"10170",0.175925926,3.311,"62732854d22b38dbdae3ef9c","EC_0033.jpeg"
"10171",5.064814815,2.7514,"62732854d22b38dbdae3ef9c","EC_0049.jpg"
"10172",4.685185185,2.124,"62732854d22b38dbdae3ef9c","EC_0240.jpg"
"10173",0.175925926,2.5307,"62732854d22b38dbdae3ef9c","EC_0162.jpg"
"10174",6.638888889,2.6076,"62732854d22b38dbdae3ef9c","EC_0173.jpg"
"10175",4.824074074,2.9035,"62732854d22b38dbdae3ef9c","EC_0061.jpg"
"10176",3.351851852,2.6805,"62732854d22b38dbdae3ef9c","EC_0076.jpg"
"10177",0.12962963,2.5111,"62732854d22b38dbdae3ef9c","EC_0195.jpg"
"10178",6.074074074,2.5386,"62732854d22b38dbdae3ef9c","EC_0228.jpg"
"10179",7.592592593,2.1598,"62732854d22b38dbdae3ef9c","EC_0058.jpg"
"10180",7.268518519,2.1156,"62732854d22b38dbdae3ef9c","EC_0118.jpg"
"10181",5.425925926,2.0888,"62732854d22b38dbdae3ef9c","EC_0060.jpg"
"10182",4.768518519,2.2951,"62732854d22b38dbdae3ef9c","EC_0089.jpg"
"10183",5.12962963,2.1976,"62732854d22b38dbdae3ef9c","EC_0069.jpg"
"10184",5.083333333,2.1404,"62732854d22b38dbdae3ef9c","EC_0022.jpg"
"10185",5.12962963,2.1902,"62732854d22b38dbdae3ef9c","EC_0083.jpg"
"10186",1.138888889,2.2838,"62732854d22b38dbdae3ef9c","EC_0243.jpg"
"10187",6.611111111,3.1956,"62732854d22b38dbdae3ef9c","EC_0124.jpeg"
"10188",5.898148148,2.6615,"62732854d22b38dbdae3ef9c","EC_0138.png"
"10189",5.277777778,2.3683,"62732854d22b38dbdae3ef9c","EC_0038.jpg"
"10190",0.12962963,2.7536,"62732854d22b38dbdae3ef9c","EC_0087.jpg"
"10191",4.805555556,2.2068,"62732854d22b38dbdae3ef9c","EC_0096.jpg"
"10192",5.101851852,2.1704,"62732854d22b38dbdae3ef9c","EC_0086.jpg"
"10193",0.62962963,2.4887,"62732854d22b38dbdae3ef9c","EC_0205.jpg"
"10194",5.074074074,2.3382,"62732854d22b38dbdae3ef9c","EC_0100.jpg"
"10195",7.055555556,2.576,"62732854d22b38dbdae3ef9c","EC_0077.jpg"
"10196",4.666666667,2.8235,"62732854d22b38dbdae3ef9c","EC_0047.jpg"
"10197",4.916666667,2.1704,"62732854d22b38dbdae3ef9c","EC_0003.jpg"
"10198",4.953703704,1.9767,"62732854d22b38dbdae3ef9c","EC_0012.jpg"
"10199",4.953703704,2.2123,"62732854d22b38dbdae3ef9c","EC_0133.jpg"
"10200",6.324074074,2.3844,"62732854d22b38dbdae3ef9c","EC_0057.jpeg"
"10201",4.796296296,2.2504,"62732854d22b38dbdae3ef9c","EC_0084.jpg"
"10202",6.592592593,2.2424,"62732854d22b38dbdae3ef9c","EC_0029.jpg"
"10203",5.638888889,2.0578,"62732854d22b38dbdae3ef9c","EC_0044.jpg"
"10204",0.240740741,2.609,"62732854d22b38dbdae3ef9c","EC_0176.jpg"
"10205",1.648148148,2.4522,"62732854d22b38dbdae3ef9c","EC_0230.jpg"
"10206",1.046296296,2.1403,"62732854d22b38dbdae3ef9c","EC_0198.jpg"
"10207",2.296296296,2.3056,"62732854d22b38dbdae3ef9c","EC_0028.jpg"
"10208",6.666666667,2.1008,"62732854d22b38dbdae3ef9c","EC_0017.jpg"
"10209",5.527777778,2.0683,"62732854d22b38dbdae3ef9c","EC_0229.jpg"
"10210",4.916666667,2.4194,"62732854d22b38dbdae3ef9c","EC_0156.jpg"
"10211",5.046296296,2.3076,"62732854d22b38dbdae3ef9c","EC_0234.jpg"
"10212",5.148148148,1.8763,"62732854d22b38dbdae3ef9c","EC_0249.jpg"
"10213",3.925925926,2.1213,"62732854d22b38dbdae3ef9c","EC_0055.jpg"
"10214",5.537037037,2.098,"62732854d22b38dbdae3ef9c","EC_0050.jpg"
"10215",0.064814815,4.4524,"62732854d22b38dbdae3ef9c","EC_0129.jpeg"
"10216",0.305555556,2.5928,"62732854d22b38dbdae3ef9c","EC_0140.jpg"
"10217",0.990740741,2.1447,"62732854d22b38dbdae3ef9c","EC_0238.jpg"
"10218",3.268518519,2.3682,"62732854d22b38dbdae3ef9c","EC_0181.jpg"
"10219",0.259259259,3.0822,"62732854d22b38dbdae3ef9c","EC_0123.jpeg"
"10220",0.574074074,2.6202,"62732854d22b38dbdae3ef9c","EC_0027.jpg"
"10221",5.972222222,2.8211,"62732854d22b38dbdae3ef9c","EC_0072.jpg"
"10222",5.157407407,1.9927,"62732854d22b38dbdae3ef9c","EC_0099.jpg"
"10223",5.805555556,2.7152,"62732854d22b38dbdae3ef9c","EC_0039.jpg"
"10224",3.574074074,2.816,"62732854d22b38dbdae3ef9c","EC_0056.jpg"
"10225",6.12037037,2.5497,"62732854d22b38dbdae3ef9c","EC_0037.jpg"
"10226",5.435185185,2.6487,"62732854d22b38dbdae3ef9c","EC_0065.jpg"
"10227",3.166666667,7.4287,"62732854d22b38dbdae3ef9c","EC_0245.jpg"
"10228",4.555555556,2.5902,"62732854d22b38dbdae3ef9c","EC_0231.jpg"
"10229",4.87962963,1.9697,"62732854d22b38dbdae3ef9c","EC_0073.jpg"
"10230",6.157407407,2.5957,"62732854d22b38dbdae3ef9c","EC_0011.jpg"
"10231",0.175925926,3.0056,"62732854d22b38dbdae3ef9c","EC_0059.jpg"
"10232",0.537037037,2.5247,"62732854d22b38dbdae3ef9c","EC_0121.jpg"
"10233",5.62962963,2.0515,"62732854d22b38dbdae3ef9c","EC_0094.jpg"
"10234",4.564814815,2.0035,"62732854d22b38dbdae3ef9c","EC_0001.jpg"
"10235",4.564814815,1.952,"62732854d22b38dbdae3ef9c","EC_0015.jpg"
"10236",7.435185185,3.2705,"62732854d22b38dbdae3ef9c","EC_0034.jpg"
"10237",1.925925926,2.9403,"62732854d22b38dbdae3ef9c","EC_0137.jpg"
"10238",1.407407407,2.461,"62732854d22b38dbdae3ef9c","EC_0147.png"
"10239",5.333333333,2.2241,"62732854d22b38dbdae3ef9c","EC_0159.jpg"
"10240",5.87962963,1.9823,"62732854d22b38dbdae3ef9c","EC_0168.jpeg"
"10241",5.537037037,2.0045,"62732854d22b38dbdae3ef9c","EC_0117.jpg"
"10242",6.453703704,2.7557,"62732854d22b38dbdae3ef9c","EC_0067.jpg"
"10243",7.481481481,2.5902,"62732854d22b38dbdae3ef9c","EC_0063.jpg"
"10244",1.537037037,2.4509,"62732854d22b38dbdae3ef9c","EC_0211.jpg"
"10245",5.898148148,2.0988,"62732854d22b38dbdae3ef9c","EC_0031.jpg"
"10246",3.740740741,2.9095,"62732854d22b38dbdae3ef9c","EC_0048.jpg"
"10247",4.990740741,1.9661,"62732854d22b38dbdae3ef9c","EC_0248.jpg"
"10248",3.87962963,2.6924,"62732854d22b38dbdae3ef9c","EC_0164.jpg"
"10249",3.083333333,2.5568,"62732854d22b38dbdae3ef9c","EC_0170.jpg"
"10250",6.287037037,2.2231,"62732854d22b38dbdae3ef9c","EC_0158.jpg"
"10251",4.916666667,2.0452,"62732854d22b38dbdae3ef9c","EC_0239.jpg"
"10252",4.277777778,2.2714,"62732854d22b38dbdae3ef9c","EC_0210.jpg"
"10253",5.398148148,2.1457,"62732854d22b38dbdae3ef9c","EC_0157.jpg"
"10254",5.25,2.0111,"62732854d22b38dbdae3ef9c","EC_0203.jpg"
"10255",1.916666667,2.5747,"62732854d22b38dbdae3ef9c","EC_0204.jpg"
"10256",4,1.9867,"62732854d22b38dbdae3ef9c","EC_0236.jpg"
"10257",8.083333333,2.2043,"62732854d22b38dbdae3ef9c","EC_0082.jpg"
"10258",6.314814815,1.8875,"62732854d22b38dbdae3ef9c","EC_0223.jpg"
"10259",0.037037037,2.9075,"62732854d22b38dbdae3ef9c","EC_0184.jpg"
"10260",0.527777778,2.1499,"62732854d22b38dbdae3ef9c","EC_0075.jpg"
"10261",0.064814815,3.1034,"62732854d22b38dbdae3ef9c","EC_0171.jpg"
"10262",0.009259259,3.9424,"62732854d22b38dbdae3ef9c","EC_0185.jpg"
"10263",0.509259259,2.3495,"62732854d22b38dbdae3ef9c","EC_0154.jpg"
"10264",0.453703704,2.6195,"62732854d22b38dbdae3ef9c","EC_0131.jpg"
"10265",2.231481481,2.0913,"62732854d22b38dbdae3ef9c","EC_0202.jpg"
"10266",2.75,2.0682,"62732854d22b38dbdae3ef9c","EC_0093.jpg"
"10267",3.648148148,2.0028,"62732854d22b38dbdae3ef9c","EC_0246.jpg"
"10268",3.898148148,2.1,"62732854d22b38dbdae3ef9c","EC_0010.jpg"
"10269",0.083333333,2.5947,"62732854d22b38dbdae3ef9c","EC_0128.jpeg"
"10270",0.092592593,2.4498,"62732854d22b38dbdae3ef9c","EC_0064.jpg"
"10271",0.185185185,2.6019,"62732854d22b38dbdae3ef9c","EC_0032.jpg"
"10272",4.027777778,2.5938,"62732854d22b38dbdae3ef9c","EC_0135.jpg"
"10273",5.101851852,2.2242,"62732854d22b38dbdae3ef9c","EC_0014.jpg"
"10274",1.111111111,2.4896,"62732854d22b38dbdae3ef9c","EC_0062.jpg"
"10275",2.638888889,1.9877,"62732854d22b38dbdae3ef9c","EC_0222.jpg"
"10276",1.194444444,2.3021,"62732854d22b38dbdae3ef9c","EC_0163.jpg"
"10277",1.055555556,2.5694,"62732854d22b38dbdae3ef9c","EC_0148.jpg"
"10278",6.212962963,3.0401,"62732854d22b38dbdae3ef9c","EC_0174.jpg"
"10279",5.87962963,2.3237,"62732854d22b38dbdae3ef9c","EC_0013.jpg"
"10280",3.75,2.5056,"62732854d22b38dbdae3ef9c","EC_0169.png"
"10281",2.527777778,2.8569,"62732854d22b38dbdae3ef9c","EC_0152.jpg"
"10282",5.37037037,2.4714,"62732854d22b38dbdae3ef9c","EC_0066.jpg"
"10283",6.87037037,2.5241,"62732854d22b38dbdae3ef9c","EC_0079.jpg"
"10284",2.842592593,2.3427,"62732854d22b38dbdae3ef9c","EC_0040.jpg"
"10285",4.842592593,2.2931,"62732854d22b38dbdae3ef9c","EC_0085.jpg"
"10286",4.972222222,2.0054,"62732854d22b38dbdae3ef9c","EC_0098.jpg"
"10287",5.009259259,2.1006,"62732854d22b38dbdae3ef9c","EC_0227.jpg"
"10288",5.009259259,2.4519,"62732854d22b38dbdae3ef9c","EC_0103.jpg"
"10289",5.277777778,2.4032,"62732854d22b38dbdae3ef9c","EC_0250.jpg"
"10290",5.324074074,1.9476,"62732854d22b38dbdae3ef9c","EC_0180.jpg"
"10291",1.991981506,3.2364,"6273e8b5fdcdaed810eca006","EC_0213.jpg"
"10292",3.540605273,3.1003,"6273e8b5fdcdaed810eca006","EC_0089.jpg"
"10293",5.400026594,3.2693,"6273e8b5fdcdaed810eca006","EC_0181.jpg"
"10294",2.264951433,2.8225,"6273e8b5fdcdaed810eca006","EC_0153.jpg"
"10295",2.84910747,3.0393,"6273e8b5fdcdaed810eca006","EC_0148.jpg"
"10296",5.608365195,2.9991,"6273e8b5fdcdaed810eca006","EC_0017.jpg"
"10297",4.477850778,3.1395,"6273e8b5fdcdaed810eca006","EC_0224.jpg"
"10298",0.113673346,3.0566,"6273e8b5fdcdaed810eca006","EC_0095.jpg"
"10299",7.793988909,3.3989,"6273e8b5fdcdaed810eca006","EC_0229.jpg"
"10300",5.378668649,3.5731,"6273e8b5fdcdaed810eca006","EC_0165.jpg"
"10301",3.400841304,3.549,"6273e8b5fdcdaed810eca006","EC_0242.jpg"
"10302",8.533473424,3.165,"6273e8b5fdcdaed810eca006","EC_0020.jpg"
"10303",7.762166704,2.6901,"6273e8b5fdcdaed810eca006","EC_0158.jpg"
"10304",7.986497062,3.7683,"6273e8b5fdcdaed810eca006","EC_0015.jpg"
"10305",8.722135271,3.499,"6273e8b5fdcdaed810eca006","EC_0207.jpg"
"10306",3.624729701,3.507,"6273e8b5fdcdaed810eca006","EC_0053.jpg"
"10307",3.900527409,3.0073,"6273e8b5fdcdaed810eca006","EC_0171.jpg"
"10308",5.339255197,3.2497,"6273e8b5fdcdaed810eca006","EC_0068.jpg"
"10309",0.876283101,4.0153,"6273e8b5fdcdaed810eca006","EC_0202.jpg"
"10310",7.831945147,3.0841,"6273e8b5fdcdaed810eca006","EC_0102.jpg"
"10311",4.526014056,4.0924,"6273e8b5fdcdaed810eca006","EC_0249.jpg"
"10312",5.36157935,2.8482,"6273e8b5fdcdaed810eca006","EC_0200.png"
"10313",1.356529508,4.3426,"6273e8b5fdcdaed810eca006","EC_0027.jpg"
"10314",2.408791678,3.1658,"6273e8b5fdcdaed810eca006","EC_0219.jpg"
"10315",0.156542914,3.1322,"6273e8b5fdcdaed810eca006","EC_0164.jpg"
"10316",0.156542914,2.9932,"6273e8b5fdcdaed810eca006","EC_0060.jpg"
"10317",0.156542914,2.7846,"6273e8b5fdcdaed810eca006","EC_0071.jpg"
"10318",0.357689176,3.1625,"6273e8b5fdcdaed810eca006","EC_0019.jpg"
"10319",5.462898799,3.4059,"6273e8b5fdcdaed810eca006","EC_0058.jpg"
"10320",1.519632067,3.1407,"6273e8b5fdcdaed810eca006","EC_0010.jpg"
"10321",0.02026013,3.5339,"6273e8b5fdcdaed810eca006","EC_0161.jpg"
"10322",4.901644026,3.774,"6273e8b5fdcdaed810eca006","EC_0120.jpg"
"10323",6.81035723,3.5157,"6273e8b5fdcdaed810eca006","EC_0076.jpg"
"10324",1.529818944,3.466,"6273e8b5fdcdaed810eca006","EC_0194.jpg"
"10325",0.033125469,2.9001,"6273e8b5fdcdaed810eca006","EC_0059.jpg"
"10326",7.427568708,3.0329,"6273e8b5fdcdaed810eca006","EC_0100.jpg"
"10327",4.016011919,2.6163,"6273e8b5fdcdaed810eca006","EC_0172.jpg"
"10328",6.305218288,3.3823,"6273e8b5fdcdaed810eca006","EC_0101.jpg"
"10329",0.093323571,2.774,"6273e8b5fdcdaed810eca006","EC_0226.jpg"
"10330",0.384892872,2.9067,"6273e8b5fdcdaed810eca006","EC_0001.jpg"
"10331",8.965670994,3.9089,"6273e8b5fdcdaed810eca006","EC_0074.jpg"
"10332",9.602373396,2.9509,"6273e8b5fdcdaed810eca006","EC_0012.jpg"
"10333",5.874728612,3.6164,"6273e8b5fdcdaed810eca006","EC_0243.jpg"
"10334",0.492802211,3.4066,"6273e8b5fdcdaed810eca006","EC_0084.jpg"
"10335",6.492043631,3.6663,"6273e8b5fdcdaed810eca006","EC_0081.jpg"
"10336",4.611481803,2.9568,"6273e8b5fdcdaed810eca006","EC_0141.jpg"
"10337",4.960671016,2.5663,"6273e8b5fdcdaed810eca006","EC_0009.jpg"
"10338",6.402696882,2.9658,"6273e8b5fdcdaed810eca006","EC_0197.jpg"
"10339",3.878195626,2.673,"6273e8b5fdcdaed810eca006","EC_0250.jpg"
"10340",4.923420497,2.4552,"6273e8b5fdcdaed810eca006","EC_0056.jpg"
"10341",6.777458191,3.1227,"6273e8b5fdcdaed810eca006","EC_0086.jpg"
"10342",7.778384617,2.8398,"6273e8b5fdcdaed810eca006","EC_0221.jpg"
"10343",4.717271532,2.6984,"6273e8b5fdcdaed810eca006","EC_0245.jpg"
"10344",0.191831044,3.4992,"6273e8b5fdcdaed810eca006","EC_0049.jpg"
"10345",0.066735949,2.9401,"6273e8b5fdcdaed810eca006","EC_0123.jpeg"
"10346",3.982973371,2.9235,"6273e8b5fdcdaed810eca006","EC_0159.jpg"
"10347",1.166676113,2.84,"6273e8b5fdcdaed810eca006","EC_0085.jpg"
"10348",0.238016673,3.5739,"6273e8b5fdcdaed810eca006","EC_0067.jpg"
"10349",0.238016673,1.9902,"6273e8b5fdcdaed810eca006","EC_0147.png"
"10350",2.967145647,3.3666,"6273e8b5fdcdaed810eca006","EC_0062.jpg"
"10351",3.086016519,4.3152,"6273e8b5fdcdaed810eca006","EC_0185.jpg"
"10352",9.840327672,3.4987,"6273e8b5fdcdaed810eca006","EC_0168.jpeg"
"10353",9.947285243,2.532,"6273e8b5fdcdaed810eca006","EC_0247.jpg"
"10354",9.947285243,2.3324,"6273e8b5fdcdaed810eca006","EC_0134.jpg"
"10355",9.677629743,2.5342,"6273e8b5fdcdaed810eca006","EC_0230.jpg"
"10356",5.516268049,2.933,"6273e8b5fdcdaed810eca006","EC_0183.jpg"
"10357",1.112518583,3.1334,"6273e8b5fdcdaed810eca006","EC_0097.jpg"
"10358",2.783442361,4.0996,"6273e8b5fdcdaed810eca006","EC_0129.jpeg"
"10359",4.90536281,3.233,"6273e8b5fdcdaed810eca006","EC_0206.png"
"10360",6.047492436,2.4405,"6273e8b5fdcdaed810eca006","EC_0104.jpg"
"10361",6.745856149,2.5839,"6273e8b5fdcdaed810eca006","EC_0002.jpg"
"10362",1.515964781,3.307,"6273e8b5fdcdaed810eca006","EC_0154.jpg"
"10363",8.903502328,2.9325,"6273e8b5fdcdaed810eca006","EC_0169.png"
"10364",6.608148847,3.2489,"6273e8b5fdcdaed810eca006","EC_0042.jpg"
"10365",6.608148847,2.3832,"6273e8b5fdcdaed810eca006","EC_0188.jpg"
"10366",1.178387506,3.1404,"6273e8b5fdcdaed810eca006","EC_0201.jpg"
"10367",5.472334181,2.6902,"6273e8b5fdcdaed810eca006","EC_0046.jpg"
"10368",9.4269104,2.7401,"6273e8b5fdcdaed810eca006","EC_0106.jpg"
"10369",8.137386867,2.4072,"6273e8b5fdcdaed810eca006","EC_0240.jpg"
"10370",4.522800446,2.6228,"6273e8b5fdcdaed810eca006","EC_0210.jpg"
"10371",6.646338327,2.7405,"6273e8b5fdcdaed810eca006","EC_0237.jpg"
"10372",8.341165815,3.3915,"6273e8b5fdcdaed810eca006","EC_0241.jpg"
"10373",5.378746578,3.6265,"6273e8b5fdcdaed810eca006","EC_0137.jpg"
"10374",5.982348851,2.7994,"6273e8b5fdcdaed810eca006","EC_0092.jpg"
"10375",7.613994053,2.9495,"6273e8b5fdcdaed810eca006","EC_0163.jpg"
"10376",1.062380654,2.8826,"6273e8b5fdcdaed810eca006","EC_0195.jpg"
"10377",9.722454616,3.8589,"6273e8b5fdcdaed810eca006","EC_0248.jpg"
"10378",8.568400792,2.5072,"6273e8b5fdcdaed810eca006","EC_0236.jpg"
"10379",4.501672472,2.9816,"6273e8b5fdcdaed810eca006","EC_0115.jpg"
"10380",9.615441459,3.6831,"6273e8b5fdcdaed810eca006","EC_0006.jpg"
"10381",5.522830418,3.1402,"6273e8b5fdcdaed810eca006","EC_0007.jpg"
"10382",8.497692653,2.9501,"6273e8b5fdcdaed810eca006","EC_0014.jpg"
"10383",5.134352548,2.7479,"6273e8b5fdcdaed810eca006","EC_0203.jpg"
"10384",7.573404585,2.5821,"6273e8b5fdcdaed810eca006","EC_0167.jpg"
"10385",9.132225037,2.5908,"6273e8b5fdcdaed810eca006","EC_0098.jpg"
"10386",9.971252441,2.5722,"6273e8b5fdcdaed810eca006","EC_0073.jpg"
"10387",0.939543588,2.8334,"6273e8b5fdcdaed810eca006","EC_0051.jpg"
"10388",9.166488647,2.8335,"6273e8b5fdcdaed810eca006","EC_0231.jpg"
"10389",8.570644924,2.3064,"6273e8b5fdcdaed810eca006","EC_0064.jpg"
"10390",5.825708117,2.6325,"6273e8b5fdcdaed810eca006","EC_0032.jpg"
"10391",2.833237239,3.0225,"6273e8b5fdcdaed810eca006","EC_0038.jpg"
"10392",4.175306593,2.4061,"6273e8b5fdcdaed810eca006","EC_0116.jpg"
"10393",7.119899205,2.6661,"6273e8b5fdcdaed810eca006","EC_0232.jpg"
"10394",5.36970411,2.7815,"6273e8b5fdcdaed810eca006","EC_0111.jpg"
"10395",8.596030099,2.9235,"6273e8b5fdcdaed810eca006","EC_0223.jpg"
"10396",3.674116952,2.4841,"6273e8b5fdcdaed810eca006","EC_0029.jpg"
"10397",2.488103594,3.2936,"6273e8b5fdcdaed810eca006","EC_0119.jpg"
"10398",6.864510672,2.6161,"6273e8b5fdcdaed810eca006","EC_0070.jpg"
"10399",7.764965602,2.5903,"6273e8b5fdcdaed810eca006","EC_0050.jpg"
"10400",7.39856611,2.9331,"6273e8b5fdcdaed810eca006","EC_0170.jpg"
"10401",0.873406819,2.8164,"6273e8b5fdcdaed810eca006","EC_0193.png"
"10402",8.604762486,2.5891,"6273e8b5fdcdaed810eca006","EC_0016.jpg"
"10403",8.268172128,2.4401,"6273e8b5fdcdaed810eca006","EC_0160.jpg"
"10404",7.111080715,2.6907,"6273e8b5fdcdaed810eca006","EC_0244.jpg"
"10405",6.490285601,2.3565,"6273e8b5fdcdaed810eca006","EC_0099.jpg"
"10406",7.389042446,2.2409,"6273e8b5fdcdaed810eca006","EC_0055.jpg"
"10407",6.989649091,2.2996,"6273e8b5fdcdaed810eca006","EC_0166.jpg"
"10408",0.062814985,2.8331,"6273e8b5fdcdaed810eca006","EC_0204.jpg"
"10409",0.216416495,2.4659,"6273e8b5fdcdaed810eca006","EC_0150.jpg"
"10410",3.985330854,2.8404,"6273e8b5fdcdaed810eca006","EC_0040.jpg"
"10411",7.997679574,2.6493,"6273e8b5fdcdaed810eca006","EC_0088.jpg"
"10412",3.056866237,2.6247,"6273e8b5fdcdaed810eca006","EC_0214.jpg"
"10413",5.572721754,2.7172,"6273e8b5fdcdaed810eca006","EC_0128.jpeg"
"10414",4.465825762,3.1168,"6273e8b5fdcdaed810eca006","EC_0198.jpg"
"10415",0.920770373,3.0398,"6273e8b5fdcdaed810eca006","EC_0228.jpg"
"10416",9.010040283,3.5505,"6273e8b5fdcdaed810eca006","EC_0079.jpg"
"10417",5.901694707,3.0158,"6273e8b5fdcdaed810eca006","EC_0094.jpg"
"10418",2.216599056,3.2258,"6273e8b5fdcdaed810eca006","EC_0105.jpg"
"10419",3.984897614,2.4738,"6273e8b5fdcdaed810eca006","EC_0139.png"
"10420",4.721064431,2.4992,"6273e8b5fdcdaed810eca006","EC_0142.jpg"
"10421",5.428376879,2.0743,"6273e8b5fdcdaed810eca006","EC_0234.jpg"
"10422",3.867147718,2.8237,"6273e8b5fdcdaed810eca006","EC_0093.jpg"
"10423",9.95842198,2.6911,"6273e8b5fdcdaed810eca006","EC_0133.jpg"
"10424",9.339960371,2.5664,"6273e8b5fdcdaed810eca006","EC_0083.jpg"
"10425",9.429962158,2.3061,"6273e8b5fdcdaed810eca006","EC_0077.jpg"
"10426",9.938109262,3.1895,"6273e8b5fdcdaed810eca006","EC_0209.jpg"
"10427",9.938109262,2.7746,"6273e8b5fdcdaed810eca006","EC_0138.png"
"10428",9.938109262,2.0396,"6273e8b5fdcdaed810eca006","EC_0041.jpg"
"10429",9.328461783,2.3061,"6273e8b5fdcdaed810eca006","EC_0211.jpg"
"10430",9.930550711,2.4747,"6273e8b5fdcdaed810eca006","EC_0054.jpg"
"10431",5.155160086,2.7077,"6273e8b5fdcdaed810eca006","EC_0135.jpg"
"10432",6.732013157,1.9335,"6273e8b5fdcdaed810eca006","EC_0108.jpg"
"10433",5.87689536,3.2903,"6273e8b5fdcdaed810eca006","EC_0233.jpg"
"10434",9.93309239,3.0492,"6273e8b5fdcdaed810eca006","EC_0199.jpg"
"10435",0.056384768,3.6174,"6273e8b5fdcdaed810eca006","EC_0124.jpeg"
"10436",9.95274571,4.184,"6273e8b5fdcdaed810eca006","EC_0028.jpg"
"10437",8.008240836,3.8483,"6273e8b5fdcdaed810eca006","EC_0031.jpg"
"10438",8.008240836,2.0494,"6273e8b5fdcdaed810eca006","EC_0057.jpeg"
"10439",8.366604396,2.533,"6273e8b5fdcdaed810eca006","EC_0239.jpg"
"10440",8.705698286,2.3168,"6273e8b5fdcdaed810eca006","EC_0011.jpg"
"10441",9.957689558,2.9834,"6273e8b5fdcdaed810eca006","EC_0117.jpg"
"10442",9.247799465,2.566,"6273e8b5fdcdaed810eca006","EC_0044.jpg"
"10443",0.022203173,3.4066,"6273e8b5fdcdaed810eca006","EC_0005.jpg"
"10444",9.745676313,2.9672,"6273e8b5fdcdaed810eca006","EC_0037.jpg"
"10445",2.718553816,2.5571,"6273e8b5fdcdaed810eca006","EC_0176.jpg"
"10446",1.006211962,3.1072,"6273e8b5fdcdaed810eca006","EC_0008.jpg"
"10447",0.183021818,3.208,"6273e8b5fdcdaed810eca006","EC_0033.jpeg"
"10448",9.034929548,3.033,"6273e8b5fdcdaed810eca006","EC_0096.jpg"
"10449",9.96459743,2.7497,"6273e8b5fdcdaed810eca006","EC_0103.jpg"
"10450",9.96459743,2.2072,"6273e8b5fdcdaed810eca006","EC_0066.jpg"
"10451",9.230928693,3.0655,"6273e8b5fdcdaed810eca006","EC_0177.jpg"
"10452",9.082512992,2.7998,"6273e8b5fdcdaed810eca006","EC_0156.jpg"
"10453",7.133680071,3.3067,"6273e8b5fdcdaed810eca006","EC_0061.jpg"
"10454",9.725887844,2.9503,"6273e8b5fdcdaed810eca006","EC_0072.jpg"
"10455",8.346856253,2.4989,"6273e8b5fdcdaed810eca006","EC_0080.jpg"
"10456",6.889763968,2.656,"6273e8b5fdcdaed810eca006","EC_0063.jpg"
"10457",5.901756832,2.4904,"6273e8b5fdcdaed810eca006","EC_0018.jpg"
"10458",8.127053397,2.8572,"6273e8b5fdcdaed810eca006","EC_0151.jpg"
"10459",4.563859122,2.8563,"6273e8b5fdcdaed810eca006","EC_0227.jpg"
"10460",5.609358106,2.3901,"6273e8b5fdcdaed810eca006","EC_0109.jpg"
"10461",1.301588058,2.9899,"6273e8b5fdcdaed810eca006","EC_0131.jpg"
"10462",1.568034853,3.8999,"6273e8b5fdcdaed810eca006","EC_0125.jpeg"
"10463",2.653400421,2.4508,"6273e8b5fdcdaed810eca006","EC_0022.jpg"
"10464",1.166407449,2.699,"6273e8b5fdcdaed810eca006","EC_0113.jpg"
"10465",4.180639539,3.6396,"6273e8b5fdcdaed810eca006","EC_0082.jpg"
"10466",4.180639539,2.2746,"6273e8b5fdcdaed810eca006","EC_0013.jpg"
"10467",3.246824537,2.3324,"6273e8b5fdcdaed810eca006","EC_0136.jpg"
"10468",0.036104475,3.3341,"6273e8b5fdcdaed810eca006","EC_0047.jpg"
"10469",0.032283783,2.4235,"6273e8b5fdcdaed810eca006","EC_0173.jpg"
"10470",8.36466762,2.7822,"6273e8b5fdcdaed810eca006","EC_0132.jpg"
"10471",0.014871597,3.0583,"6273e8b5fdcdaed810eca006","EC_0222.jpg"
"10472",9.079930987,2.9737,"6273e8b5fdcdaed810eca006","EC_0238.jpg"
"10473",4.417787824,2.7996,"6273e8b5fdcdaed810eca006","EC_0069.jpg"
"10474",9.785509382,3.067,"6273e8b5fdcdaed810eca006","EC_0003.jpg"
"10475",9.405466352,2.2657,"6273e8b5fdcdaed810eca006","EC_0075.jpg"
"10476",6.714646476,3.5567,"6273e8b5fdcdaed810eca006","EC_0034.jpg"
"10477",5.402827672,2.3064,"6273e8b5fdcdaed810eca006","EC_0030.jpg"
"10478",0.034529005,3.033,"6273e8b5fdcdaed810eca006","EC_0184.jpg"
"10479",4.949568612,2.4329,"6273e8b5fdcdaed810eca006","EC_0246.jpg"
"10480",9.381573268,3.4499,"6273e8b5fdcdaed810eca006","EC_0157.jpg"
"10481",0.198652267,3.3005,"6273e8b5fdcdaed810eca006","EC_0036.jpeg"
"10482",1.155514308,2.9492,"6273e8b5fdcdaed810eca006","EC_0121.jpg"
"10483",1.650811332,2.691,"6273e8b5fdcdaed810eca006","EC_0090.jpg"
"10484",3.350787571,3.124,"6273e8b5fdcdaed810eca006","EC_0174.jpg"
"10485",7.891314915,3.0332,"6273e8b5fdcdaed810eca006","EC_0196.jpg"
"10486",6.719588143,2.1653,"6273e8b5fdcdaed810eca006","EC_0024.jpg"
"10487",1.577400208,2.5832,"6273e8b5fdcdaed810eca006","EC_0235.jpg"
"10488",6.695572989,3.707,"6273e8b5fdcdaed810eca006","EC_0149.jpg"
"10489",1.501867294,2.4745,"6273e8b5fdcdaed810eca006","EC_0048.jpg"
"10490",9.825768607,3.0238,"6273e8b5fdcdaed810eca006","EC_0140.jpg"
"10491",7.713353838,2.591,"6273e8b5fdcdaed810eca006","EC_0065.jpg"
"10492",7.929850987,2.5328,"6273e8b5fdcdaed810eca006","EC_0152.jpg"
"10493",5.464505332,2.3394,"6273e8b5fdcdaed810eca006","EC_0118.jpg"
"10494",5.915192195,2.4743,"6273e8b5fdcdaed810eca006","EC_0087.jpg"
"10495",9.838377816,3.2074,"6273e8b5fdcdaed810eca006","EC_0180.jpg"
"10496",9.454181126,2.233,"6273e8b5fdcdaed810eca006","EC_0205.jpg"
"10497",9.23828234,2.2913,"6273e8b5fdcdaed810eca006","EC_0187.jpeg"
"10498",0.061329705,3.1893,"6273e8b5fdcdaed810eca006","EC_0162.jpg"
"10499",7.167803083,3.7094,"6273e8b5fdcdaed810eca006","EC_0182.jpg"
"10500",6.250614711,2.367,"6273e8b5fdcdaed810eca006","EC_0039.jpg"
"10501",8.033333333,2.5557,"627e807715abf2361938fd68","EC_0089.jpg"
"10502",9.688888889,2.473,"627e807715abf2361938fd68","EC_0196.jpg"
"10503",9.977777778,3.0807,"627e807715abf2361938fd68","EC_0079.jpg"
"10504",2.866666667,2.8748,"627e807715abf2361938fd68","EC_0183.jpg"
"10505",6.288888889,2.6863,"627e807715abf2361938fd68","EC_0097.jpg"
"10506",8.533333333,2.5904,"627e807715abf2361938fd68","EC_0237.jpg"
"10507",7.022222222,2.8764,"627e807715abf2361938fd68","EC_0202.jpg"
"10508",8.833333333,2.4393,"627e807715abf2361938fd68","EC_0022.jpg"
"10509",9.155555556,2.6558,"627e807715abf2361938fd68","EC_0232.jpg"
"10510",9.922222222,3.2631,"627e807715abf2361938fd68","EC_0242.jpg"
"10511",9.955555556,2.3992,"627e807715abf2361938fd68","EC_0223.jpg"
"10512",6.033333333,2.7051,"627e807715abf2361938fd68","EC_0119.jpg"
"10513",8.877777778,3.8581,"627e807715abf2361938fd68","EC_0247.jpg"
"10514",4.888888889,3.7461,"627e807715abf2361938fd68","EC_0033.jpeg"
"10515",9.933333333,2.7752,"627e807715abf2361938fd68","EC_0081.jpg"
"10516",6.133333333,3.0172,"627e807715abf2361938fd68","EC_0193.png"
"10517",8.066666667,2.2794,"627e807715abf2361938fd68","EC_0076.jpg"
"10518",8.988888889,2.6572,"627e807715abf2361938fd68","EC_0124.jpeg"
"10519",8.988888889,2.0684,"627e807715abf2361938fd68","EC_0069.jpg"
"10520",3.955555556,2.9762,"627e807715abf2361938fd68","EC_0169.png"
"10521",6.311111111,2.3084,"627e807715abf2361938fd68","EC_0234.jpg"
"10522",8.255555556,2.2059,"627e807715abf2361938fd68","EC_0198.jpg"
"10523",8.855555556,2.2664,"627e807715abf2361938fd68","EC_0120.jpg"
"10524",9.888888889,2.2711,"627e807715abf2361938fd68","EC_0064.jpg"
"10525",5.944444444,3.3686,"627e807715abf2361938fd68","EC_0090.jpg"
"10526",8.122222222,2.5481,"627e807715abf2361938fd68","EC_0233.jpg"
"10527",9.955555556,2.7737,"627e807715abf2361938fd68","EC_0197.jpg"
"10528",9.888888889,2.3338,"627e807715abf2361938fd68","EC_0003.jpg"
"10529",9.9,2.1828,"627e807715abf2361938fd68","EC_0164.jpg"
"10530",9.9,1.8098,"627e807715abf2361938fd68","EC_0007.jpg"
"10531",8.022222222,3.45,"627e807715abf2361938fd68","EC_0140.jpg"
"10532",9.511111111,2.2899,"627e807715abf2361938fd68","EC_0149.jpg"
"10533",9.955555556,2.5412,"627e807715abf2361938fd68","EC_0092.jpg"
"10534",7.088888889,3.4734,"627e807715abf2361938fd68","EC_0060.jpg"
"10535",8.811111111,2.5588,"627e807715abf2361938fd68","EC_0115.jpg"
"10536",4.033333333,2.8964,"627e807715abf2361938fd68","EC_0020.jpg"
"10537",9.933333333,3.2753,"627e807715abf2361938fd68","EC_0099.jpg"
"10538",7.1,2.3968,"627e807715abf2361938fd68","EC_0250.jpg"
"10539",9.488888889,2.4256,"627e807715abf2361938fd68","EC_0137.jpg"
"10540",8.033333333,2.8822,"627e807715abf2361938fd68","EC_0024.jpg"
"10541",7.211111111,2.7301,"627e807715abf2361938fd68","EC_0229.jpg"
"10542",9.911111111,2.5321,"627e807715abf2361938fd68","EC_0029.jpg"
"10543",9,2.8796,"627e807715abf2361938fd68","EC_0138.png"
"10544",9.022222222,2.1174,"627e807715abf2361938fd68","EC_0041.jpg"
"10545",7.988888889,2.2651,"627e807715abf2361938fd68","EC_0104.jpg"
"10546",9.133333333,2.1923,"627e807715abf2361938fd68","EC_0165.jpg"
"10547",9.911111111,2.5105,"627e807715abf2361938fd68","EC_0205.jpg"
"10548",7.011111111,2.7686,"627e807715abf2361938fd68","EC_0153.jpg"
"10549",9.833333333,2.3178,"627e807715abf2361938fd68","EC_0088.jpg"
"10550",8.066666667,2.8423,"627e807715abf2361938fd68","EC_0073.jpg"
"10551",8.011111111,2.4065,"627e807715abf2361938fd68","EC_0221.jpg"
"10552",5.055555556,2.9279,"627e807715abf2361938fd68","EC_0180.jpg"
"10553",6.044444444,2.3124,"627e807715abf2361938fd68","EC_0082.jpg"
"10554",9.977777778,2.7089,"627e807715abf2361938fd68","EC_0028.jpg"
"10555",8.611111111,2.3074,"627e807715abf2361938fd68","EC_0050.jpg"
"10556",7.822222222,2.6159,"627e807715abf2361938fd68","EC_0236.jpg"
"10557",5.955555556,2.8331,"627e807715abf2361938fd68","EC_0176.jpg"
"10558",4.933333333,2.7357,"627e807715abf2361938fd68","EC_0249.jpg"
"10559",8,2.4784,"627e807715abf2361938fd68","EC_0224.jpg"
"10560",7.055555556,2.6713,"627e807715abf2361938fd68","EC_0173.jpg"
"10561",9.655555556,2.4748,"627e807715abf2361938fd68","EC_0080.jpg"
"10562",4.677777778,2.908,"627e807715abf2361938fd68","EC_0204.jpg"
"10563",7.388888889,2.2422,"627e807715abf2361938fd68","EC_0102.jpg"
"10564",8.9,2.6144,"627e807715abf2361938fd68","EC_0185.jpg"
"10565",8.911111111,2.5994,"627e807715abf2361938fd68","EC_0040.jpg"
"10566",7.044444444,2.2576,"627e807715abf2361938fd68","EC_0049.jpg"
"10567",9.444444444,2.2006,"627e807715abf2361938fd68","EC_0116.jpg"
"10568",7.977777778,2.301,"627e807715abf2361938fd68","EC_0194.jpg"
"10569",7.977777778,1.9552,"627e807715abf2361938fd68","EC_0071.jpg"
"10570",8.6,2.0084,"627e807715abf2361938fd68","EC_0063.jpg"
"10571",9.755555556,2.6755,"627e807715abf2361938fd68","EC_0032.jpg"
"10572",9.9,2.432,"627e807715abf2361938fd68","EC_0044.jpg"
"10573",8.111111111,2.392,"627e807715abf2361938fd68","EC_0134.jpg"
"10574",8.922222222,3.0565,"627e807715abf2361938fd68","EC_0059.jpg"
"10575",9.411111111,2.3733,"627e807715abf2361938fd68","EC_0061.jpg"
"10576",4.455555556,3.9362,"627e807715abf2361938fd68","EC_0077.jpg"
"10577",4.388888889,2.4409,"627e807715abf2361938fd68","EC_0047.jpg"
"10578",7.988888889,3.004,"627e807715abf2361938fd68","EC_0121.jpg"
"10579",8.944444444,2.9748,"627e807715abf2361938fd68","EC_0209.jpg"
"10580",9.777777778,2.5964,"627e807715abf2361938fd68","EC_0243.jpg"
"10581",7.788888889,2.2608,"627e807715abf2361938fd68","EC_0094.jpg"
"10582",8.788888889,2.6926,"627e807715abf2361938fd68","EC_0158.jpg"
"10583",6,3.026,"627e807715abf2361938fd68","EC_0002.jpg"
"10584",2.588888889,2.6592,"627e807715abf2361938fd68","EC_0227.jpg"
"10585",2.4,2.6741,"627e807715abf2361938fd68","EC_0214.jpg"
"10586",5.277777778,2.4109,"627e807715abf2361938fd68","EC_0162.jpg"
"10587",1.222222222,2.7216,"627e807715abf2361938fd68","EC_0067.jpg"
"10588",6.755555556,2.6428,"627e807715abf2361938fd68","EC_0011.jpg"
"10589",9.955555556,2.7332,"627e807715abf2361938fd68","EC_0188.jpg"
"10590",3.411111111,2.7916,"627e807715abf2361938fd68","EC_0106.jpg"
"10591",7.877777778,2.3386,"627e807715abf2361938fd68","EC_0168.jpeg"
"10592",7.477777778,3.1645,"627e807715abf2361938fd68","EC_0199.jpg"
"10593",9.588888889,2.7011,"627e807715abf2361938fd68","EC_0086.jpg"
"10594",6.466666667,2.7259,"627e807715abf2361938fd68","EC_0108.jpg"
"10595",9.355555556,2.2249,"627e807715abf2361938fd68","EC_0133.jpg"
"10596",7.488888889,2.4206,"627e807715abf2361938fd68","EC_0187.jpeg"
"10597",9.455555556,2.3086,"627e807715abf2361938fd68","EC_0167.jpg"
"10598",5.688888889,2.6606,"627e807715abf2361938fd68","EC_0005.jpg"
"10599",8.733333333,2.228,"627e807715abf2361938fd68","EC_0019.jpg"
"10600",9,2.4066,"627e807715abf2361938fd68","EC_0100.jpg"
"10601",9.955555556,2.3827,"627e807715abf2361938fd68","EC_0030.jpg"
"10602",8.888888889,2.3417,"627e807715abf2361938fd68","EC_0053.jpg"
"10603",8.955555556,2.0123,"627e807715abf2361938fd68","EC_0075.jpg"
"10604",7.155555556,2.2954,"627e807715abf2361938fd68","EC_0141.jpg"
"10605",5.211111111,2.2918,"627e807715abf2361938fd68","EC_0159.jpg"
"10606",7.022222222,2.9842,"627e807715abf2361938fd68","EC_0161.jpg"
"10607",8.788888889,2.0835,"627e807715abf2361938fd68","EC_0017.jpg"
"10608",7.388888889,2.4398,"627e807715abf2361938fd68","EC_0206.png"
"10609",9.566666667,2.2497,"627e807715abf2361938fd68","EC_0038.jpg"
"10610",9.955555556,2.4019,"627e807715abf2361938fd68","EC_0118.jpg"
"10611",9.611111111,2.2755,"627e807715abf2361938fd68","EC_0136.jpg"
"10612",9.977777778,2.6117,"627e807715abf2361938fd68","EC_0177.jpg"
"10613",9.044444444,2.4928,"627e807715abf2361938fd68","EC_0087.jpg"
"10614",7.9,2.2421,"627e807715abf2361938fd68","EC_0015.jpg"
"10615",8.955555556,2.3085,"627e807715abf2361938fd68","EC_0006.jpg"
"10616",9.966666667,2.935,"627e807715abf2361938fd68","EC_0128.jpeg"
"10617",9.055555556,2.1511,"627e807715abf2361938fd68","EC_0245.jpg"
"10618",9.944444444,2.4857,"627e807715abf2361938fd68","EC_0008.jpg"
"10619",9.933333333,2.2406,"627e807715abf2361938fd68","EC_0117.jpg"
"10620",8.055555556,2.5993,"627e807715abf2361938fd68","EC_0235.jpg"
"10621",8.888888889,2.3037,"627e807715abf2361938fd68","EC_0056.jpg"
"10622",9.888888889,2.6168,"627e807715abf2361938fd68","EC_0163.jpg"
"10623",9.022222222,3.383,"627e807715abf2361938fd68","EC_0027.jpg"
"10624",9.322222222,2.6066,"627e807715abf2361938fd68","EC_0105.jpg"
"10625",9.955555556,3.1515,"627e807715abf2361938fd68","EC_0010.jpg"
"10626",9.033333333,3.2258,"627e807715abf2361938fd68","EC_0142.jpg"
"10627",8.011111111,2.4416,"627e807715abf2361938fd68","EC_0048.jpg"
"10628",9.033333333,1.9754,"627e807715abf2361938fd68","EC_0054.jpg"
"10629",9.966666667,2.8258,"627e807715abf2361938fd68","EC_0016.jpg"
"10630",9.977777778,3.0859,"627e807715abf2361938fd68","EC_0018.jpg"
"10631",9.955555556,2.5422,"627e807715abf2361938fd68","EC_0012.jpg"
"10632",9.166666667,2.458,"627e807715abf2361938fd68","EC_0210.jpg"
"10633",8.022222222,2.4768,"627e807715abf2361938fd68","EC_0132.jpg"
"10634",8.977777778,2.149,"627e807715abf2361938fd68","EC_0156.jpg"
"10635",9.788888889,2.665,"627e807715abf2361938fd68","EC_0058.jpg"
"10636",7.288888889,2.8414,"627e807715abf2361938fd68","EC_0211.jpg"
"10637",5.977777778,2.5736,"627e807715abf2361938fd68","EC_0182.jpg"
"10638",6.888888889,2.6021,"627e807715abf2361938fd68","EC_0151.jpg"
"10639",8.688888889,2.3357,"627e807715abf2361938fd68","EC_0103.jpg"
"10640",9.011111111,2.3829,"627e807715abf2361938fd68","EC_0131.jpg"
"10641",9.711111111,2.1829,"627e807715abf2361938fd68","EC_0231.jpg"
"10642",4.777777778,2.3563,"627e807715abf2361938fd68","EC_0181.jpg"
"10643",4.7,2.7078,"627e807715abf2361938fd68","EC_0139.png"
"10644",6.033333333,2.6493,"627e807715abf2361938fd68","EC_0201.jpg"
"10645",7.177777778,2.268,"627e807715abf2361938fd68","EC_0244.jpg"
"10646",8.777777778,2.1426,"627e807715abf2361938fd68","EC_0147.png"
"10647",9.944444444,2.74,"627e807715abf2361938fd68","EC_0013.jpg"
"10648",9.011111111,2.4244,"627e807715abf2361938fd68","EC_0055.jpg"
"10649",6.944444444,4.2757,"627e807715abf2361938fd68","EC_0125.jpeg"
"10650",9.911111111,2.5176,"627e807715abf2361938fd68","EC_0083.jpg"
"10651",8.022222222,2.1416,"627e807715abf2361938fd68","EC_0200.png"
"10652",9.055555556,2.1884,"627e807715abf2361938fd68","EC_0240.jpg"
"10653",9.022222222,1.8971,"627e807715abf2361938fd68","EC_0172.jpg"
"10654",9.788888889,2.1149,"627e807715abf2361938fd68","EC_0157.jpg"
"10655",8.066666667,1.7391,"627e807715abf2361938fd68","EC_0009.jpg"
"10656",8.822222222,1.9082,"627e807715abf2361938fd68","EC_0031.jpg"
"10657",8,2.1274,"627e807715abf2361938fd68","EC_0034.jpg"
"10658",5.955555556,2.1737,"627e807715abf2361938fd68","EC_0222.jpg"
"10659",7.4,2.2086,"627e807715abf2361938fd68","EC_0066.jpg"
"10660",9.144444444,2.275,"627e807715abf2361938fd68","EC_0101.jpg"
"10661",8.766666667,2.1508,"627e807715abf2361938fd68","EC_0093.jpg"
"10662",9.855555556,2.2756,"627e807715abf2361938fd68","EC_0219.jpg"
"10663",9.744444444,1.9413,"627e807715abf2361938fd68","EC_0160.jpg"
"10664",9.366666667,2.0182,"627e807715abf2361938fd68","EC_0051.jpg"
"10665",7.922222222,2.1499,"627e807715abf2361938fd68","EC_0184.jpg"
"10666",8.777777778,2.2525,"627e807715abf2361938fd68","EC_0174.jpg"
"10667",9.6,2.2113,"627e807715abf2361938fd68","EC_0109.jpg"
"10668",8.966666667,2.4982,"627e807715abf2361938fd68","EC_0166.jpg"
"10669",8,2.1944,"627e807715abf2361938fd68","EC_0246.jpg"
"10670",8.088888889,2.5,"627e807715abf2361938fd68","EC_0065.jpg"
"10671",6.877777778,2.2423,"627e807715abf2361938fd68","EC_0046.jpg"
"10672",9.011111111,1.9918,"627e807715abf2361938fd68","EC_0111.jpg"
"10673",7.988888889,2.9452,"627e807715abf2361938fd68","EC_0129.jpeg"
"10674",7.988888889,2.8623,"627e807715abf2361938fd68","EC_0150.jpg"
"10675",9.477777778,2.2612,"627e807715abf2361938fd68","EC_0068.jpg"
"10676",9.922222222,2.1395,"627e807715abf2361938fd68","EC_0042.jpg"
"10677",8.911111111,1.9592,"627e807715abf2361938fd68","EC_0098.jpg"
"10678",8.011111111,1.9608,"627e807715abf2361938fd68","EC_0070.jpg"
"10679",7.122222222,2.1093,"627e807715abf2361938fd68","EC_0072.jpg"
"10680",6.344444444,2.1894,"627e807715abf2361938fd68","EC_0135.jpg"
"10681",8.433333333,2.2406,"627e807715abf2361938fd68","EC_0123.jpeg"
"10682",9.177777778,2.2496,"627e807715abf2361938fd68","EC_0241.jpg"
"10683",8.955555556,2.3482,"627e807715abf2361938fd68","EC_0238.jpg"
"10684",9.411111111,2.1583,"627e807715abf2361938fd68","EC_0239.jpg"
"10685",8.055555556,3.2924,"627e807715abf2361938fd68","EC_0226.jpg"
"10686",6.955555556,2.3683,"627e807715abf2361938fd68","EC_0062.jpg"
"10687",7.9,2.6758,"627e807715abf2361938fd68","EC_0171.jpg"
"10688",9.555555556,2.3904,"627e807715abf2361938fd68","EC_0014.jpg"
"10689",9.011111111,2.3462,"627e807715abf2361938fd68","EC_0230.jpg"
"10690",9.9,2.3244,"627e807715abf2361938fd68","EC_0085.jpg"
"10691",9.966666667,2.2551,"627e807715abf2361938fd68","EC_0170.jpg"
"10692",7.977777778,2.4212,"627e807715abf2361938fd68","EC_0195.jpg"
"10693",6.977777778,2.1493,"627e807715abf2361938fd68","EC_0057.jpeg"
"10694",6.1,2.1929,"627e807715abf2361938fd68","EC_0154.jpg"
"10695",8.077777778,2.3328,"627e807715abf2361938fd68","EC_0037.jpg"
"10696",8.2,2.3753,"627e807715abf2361938fd68","EC_0203.jpg"
"10697",9.666666667,2.4088,"627e807715abf2361938fd68","EC_0207.jpg"
"10698",9.055555556,2.0602,"627e807715abf2361938fd68","EC_0213.jpg"
"10699",9.822222222,2.9422,"627e807715abf2361938fd68","EC_0036.jpeg"
"10700",8.2,2.358,"627e807715abf2361938fd68","EC_0113.jpg"
"10701",5.977777778,2.0232,"627e807715abf2361938fd68","EC_0248.jpg"
"10702",7.3,1.9211,"627e807715abf2361938fd68","EC_0096.jpg"
"10703",8.266666667,1.8882,"627e807715abf2361938fd68","EC_0228.jpg"
"10704",8.755555556,2.0305,"627e807715abf2361938fd68","EC_0095.jpg"
"10705",8.988888889,2.3644,"627e807715abf2361938fd68","EC_0152.jpg"
"10706",7.533333333,2.7942,"627e807715abf2361938fd68","EC_0084.jpg"
"10707",8.933333333,2.5294,"627e807715abf2361938fd68","EC_0001.jpg"
"10708",8.044444444,2.2252,"627e807715abf2361938fd68","EC_0148.jpg"
"10709",8.944444444,2.1207,"627e807715abf2361938fd68","EC_0039.jpg"
"10710",9.655555556,2.1744,"627e807715abf2361938fd68","EC_0074.jpg"
"10711",3.907407407,3.763,"628b9957f7c502d5128e0ce6","EC_0198.jpg"
"10712",7.990740741,2.987,"628b9957f7c502d5128e0ce6","EC_0108.jpg"
"10713",6.009259259,2.512,"628b9957f7c502d5128e0ce6","EC_0222.jpg"
"10714",4.861111111,2.578,"628b9957f7c502d5128e0ce6","EC_0176.jpg"
"10715",6.009259259,7.058,"628b9957f7c502d5128e0ce6","EC_0003.jpg"
"10716",0.037037037,4.524,"628b9957f7c502d5128e0ce6","EC_0048.jpg"
"10717",6.009259259,4.263,"628b9957f7c502d5128e0ce6","EC_0101.jpg"
"10718",5,3.66,"628b9957f7c502d5128e0ce6","EC_0182.jpg"
"10719",2.972222222,3.689,"628b9957f7c502d5128e0ce6","EC_0089.jpg"
"10720",8.962962963,2.917,"628b9957f7c502d5128e0ce6","EC_0050.jpg"
"10721",8.962962963,2.119,"628b9957f7c502d5128e0ce6","EC_0177.jpg"
"10722",7.046296296,2.874,"628b9957f7c502d5128e0ce6","EC_0031.jpg"
"10723",6.027777778,3.411,"628b9957f7c502d5128e0ce6","EC_0046.jpg"
"10724",0,4.16,"628b9957f7c502d5128e0ce6","EC_0228.jpg"
"10725",9,3.011,"628b9957f7c502d5128e0ce6","EC_0085.jpg"
"10726",4.037037037,4.668,"628b9957f7c502d5128e0ce6","EC_0183.jpg"
"10727",8.907407407,3.457,"628b9957f7c502d5128e0ce6","EC_0096.jpg"
"10728",8.083333333,2.801,"628b9957f7c502d5128e0ce6","EC_0020.jpg"
"10729",9.981481481,2.746,"628b9957f7c502d5128e0ce6","EC_0138.png"
"10730",5.981481481,3.026,"628b9957f7c502d5128e0ce6","EC_0248.jpg"
"10731",2.972222222,3.597,"628b9957f7c502d5128e0ce6","EC_0072.jpg"
"10732",8,2.851,"628b9957f7c502d5128e0ce6","EC_0057.jpeg"
"10733",8,2.405,"628b9957f7c502d5128e0ce6","EC_0022.jpg"
"10734",8,2.221,"628b9957f7c502d5128e0ce6","EC_0105.jpg"
"10735",6.981481481,2.708,"628b9957f7c502d5128e0ce6","EC_0070.jpg"
"10736",6.981481481,2.071,"628b9957f7c502d5128e0ce6","EC_0008.jpg"
"10737",3.944444444,3.108,"628b9957f7c502d5128e0ce6","EC_0164.jpg"
"10738",3.944444444,2.164,"628b9957f7c502d5128e0ce6","EC_0245.jpg"
"10739",8.083333333,3.84,"628b9957f7c502d5128e0ce6","EC_0207.jpg"
"10740",5.916666667,4.728,"628b9957f7c502d5128e0ce6","EC_0055.jpg"
"10741",3.157407407,2.896,"628b9957f7c502d5128e0ce6","EC_0005.jpg"
"10742",6.037037037,3.061,"628b9957f7c502d5128e0ce6","EC_0019.jpg"
"10743",7.064814815,2.929,"628b9957f7c502d5128e0ce6","EC_0168.jpeg"
"10744",4.990740741,3.313,"628b9957f7c502d5128e0ce6","EC_0009.jpg"
"10745",6.861111111,2.73,"628b9957f7c502d5128e0ce6","EC_0060.jpg"
"10746",3.962962963,3.185,"628b9957f7c502d5128e0ce6","EC_0074.jpg"
"10747",4.935185185,3.526,"628b9957f7c502d5128e0ce6","EC_0181.jpg"
"10748",7.055555556,3.784,"628b9957f7c502d5128e0ce6","EC_0141.jpg"
"10749",5.990740741,2.733,"628b9957f7c502d5128e0ce6","EC_0054.jpg"
"10750",4.101851852,3.215,"628b9957f7c502d5128e0ce6","EC_0201.jpg"
"10751",1.916666667,2.879,"628b9957f7c502d5128e0ce6","EC_0244.jpg"
"10752",8.12037037,2.801,"628b9957f7c502d5128e0ce6","EC_0044.jpg"
"10753",4.018518519,3.58,"628b9957f7c502d5128e0ce6","EC_0113.jpg"
"10754",7.953703704,2.763,"628b9957f7c502d5128e0ce6","EC_0118.jpg"
"10755",2.842592593,5.501,"628b9957f7c502d5128e0ce6","EC_0033.jpeg"
"10756",5.12962963,2.741,"628b9957f7c502d5128e0ce6","EC_0092.jpg"
"10757",4.009259259,3.705,"628b9957f7c502d5128e0ce6","EC_0024.jpg"
"10758",6.898148148,2.501,"628b9957f7c502d5128e0ce6","EC_0188.jpg"
"10759",8.009259259,2.623,"628b9957f7c502d5128e0ce6","EC_0159.jpg"
"10760",9.018518519,3.782,"628b9957f7c502d5128e0ce6","EC_0030.jpg"
"10761",6.916666667,2.808,"628b9957f7c502d5128e0ce6","EC_0187.jpeg"
"10762",6.981481481,2.609,"628b9957f7c502d5128e0ce6","EC_0006.jpg"
"10763",6.981481481,2.484,"628b9957f7c502d5128e0ce6","EC_0250.jpg"
"10764",3,2.863,"628b9957f7c502d5128e0ce6","EC_0058.jpg"
"10765",6.074074074,2.956,"628b9957f7c502d5128e0ce6","EC_0210.jpg"
"10766",2.944444444,10.867,"628b9957f7c502d5128e0ce6","EC_0242.jpg"
"10767",6.953703704,2.57,"628b9957f7c502d5128e0ce6","EC_0153.jpg"
"10768",5.962962963,3.166,"628b9957f7c502d5128e0ce6","EC_0121.jpg"
"10769",3.944444444,3.76,"628b9957f7c502d5128e0ce6","EC_0226.jpg"
"10770",8,3.228,"628b9957f7c502d5128e0ce6","EC_0079.jpg"
"10771",6.981481481,3.884,"628b9957f7c502d5128e0ce6","EC_0083.jpg"
"10772",0,2.775,"628b9957f7c502d5128e0ce6","EC_0227.jpg"
"10773",2.944444444,2.572,"628b9957f7c502d5128e0ce6","EC_0139.png"
"10774",2.944444444,2.212,"628b9957f7c502d5128e0ce6","EC_0017.jpg"
"10775",4.962962963,2.658,"628b9957f7c502d5128e0ce6","EC_0243.jpg"
"10776",8.009259259,5.123,"628b9957f7c502d5128e0ce6","EC_0214.jpg"
"10777",5.953703704,2.925,"628b9957f7c502d5128e0ce6","EC_0128.jpeg"
"10778",2.962962963,3.327,"628b9957f7c502d5128e0ce6","EC_0069.jpg"
"10779",2.962962963,2.215,"628b9957f7c502d5128e0ce6","EC_0077.jpg"
"10780",5.009259259,4.062,"628b9957f7c502d5128e0ce6","EC_0084.jpg"
"10781",5.87962963,3.012,"628b9957f7c502d5128e0ce6","EC_0236.jpg"
"10782",7.064814815,2.892,"628b9957f7c502d5128e0ce6","EC_0132.jpg"
"10783",5.962962963,3.059,"628b9957f7c502d5128e0ce6","EC_0241.jpg"
"10784",5.101851852,3.921,"628b9957f7c502d5128e0ce6","EC_0165.jpg"
"10785",2.972222222,2.75,"628b9957f7c502d5128e0ce6","EC_0148.jpg"
"10786",7,2.861,"628b9957f7c502d5128e0ce6","EC_0063.jpg"
"10787",7,2.277,"628b9957f7c502d5128e0ce6","EC_0202.jpg"
"10788",8.12962963,2.977,"628b9957f7c502d5128e0ce6","EC_0099.jpg"
"10789",9.990740741,3.397,"628b9957f7c502d5128e0ce6","EC_0211.jpg"
"10790",7.981481481,3.581,"628b9957f7c502d5128e0ce6","EC_0199.jpg"
"10791",0.046296296,4.926,"628b9957f7c502d5128e0ce6","EC_0204.jpg"
"10792",4.898148148,2.746,"628b9957f7c502d5128e0ce6","EC_0115.jpg"
"10793",5.962962963,3.146,"628b9957f7c502d5128e0ce6","EC_0015.jpg"
"10794",8.12037037,2.892,"628b9957f7c502d5128e0ce6","EC_0237.jpg"
"10795",6.972222222,2.735,"628b9957f7c502d5128e0ce6","EC_0012.jpg"
"10796",6.981481481,2.668,"628b9957f7c502d5128e0ce6","EC_0171.jpg"
"10797",4.962962963,2.989,"628b9957f7c502d5128e0ce6","EC_0160.jpg"
"10798",6.111111111,2.625,"628b9957f7c502d5128e0ce6","EC_0223.jpg"
"10799",7.185185185,3.194,"628b9957f7c502d5128e0ce6","EC_0056.jpg"
"10800",6.962962963,3.146,"628b9957f7c502d5128e0ce6","EC_0120.jpg"
"10801",6.972222222,2.357,"628b9957f7c502d5128e0ce6","EC_0040.jpg"
"10802",1.962962963,3.101,"628b9957f7c502d5128e0ce6","EC_0174.jpg"
"10803",3.092592593,2.801,"628b9957f7c502d5128e0ce6","EC_0203.jpg"
"10804",9.898148148,2.85,"628b9957f7c502d5128e0ce6","EC_0068.jpg"
"10805",7.027777778,2.762,"628b9957f7c502d5128e0ce6","EC_0039.jpg"
"10806",8.037037037,3.374,"628b9957f7c502d5128e0ce6","EC_0238.jpg"
"10807",6.972222222,3.596,"628b9957f7c502d5128e0ce6","EC_0086.jpg"
"10808",7.87962963,2.6,"628b9957f7c502d5128e0ce6","EC_0195.jpg"
"10809",9.935185185,2.509,"628b9957f7c502d5128e0ce6","EC_0041.jpg"
"10810",6.981481481,3.046,"628b9957f7c502d5128e0ce6","EC_0075.jpg"
"10811",7.990740741,2.667,"628b9957f7c502d5128e0ce6","EC_0073.jpg"
"10812",5.175925926,2.869,"628b9957f7c502d5128e0ce6","EC_0249.jpg"
"10813",7.083333333,2.641,"628b9957f7c502d5128e0ce6","EC_0109.jpg"
"10814",3.925925926,3.176,"628b9957f7c502d5128e0ce6","EC_0233.jpg"
"10815",7.027777778,2.658,"628b9957f7c502d5128e0ce6","EC_0200.png"
"10816",5.953703704,2.8,"628b9957f7c502d5128e0ce6","EC_0230.jpg"
"10817",4,3.351,"628b9957f7c502d5128e0ce6","EC_0154.jpg"
"10818",5,4.124,"628b9957f7c502d5128e0ce6","EC_0234.jpg"
"10819",4.037037037,2.929,"628b9957f7c502d5128e0ce6","EC_0102.jpg"
"10820",5.972222222,4.168,"628b9957f7c502d5128e0ce6","EC_0137.jpg"
"10821",1.990740741,3.338,"628b9957f7c502d5128e0ce6","EC_0049.jpg"
"10822",5.027777778,3.918,"628b9957f7c502d5128e0ce6","EC_0125.jpeg"
"10823",2.972222222,3.522,"628b9957f7c502d5128e0ce6","EC_0011.jpg"
"10824",2.888888889,3.125,"628b9957f7c502d5128e0ce6","EC_0142.jpg"
"10825",4.944444444,2.426,"628b9957f7c502d5128e0ce6","EC_0095.jpg"
"10826",5.12962963,3.529,"628b9957f7c502d5128e0ce6","EC_0140.jpg"
"10827",1.972222222,2.851,"628b9957f7c502d5128e0ce6","EC_0161.jpg"
"10828",2.046296296,4.997,"628b9957f7c502d5128e0ce6","EC_0071.jpg"
"10829",9.916666667,2.876,"628b9957f7c502d5128e0ce6","EC_0136.jpg"
"10830",3.064814815,3.941,"628b9957f7c502d5128e0ce6","EC_0111.jpg"
"10831",4.972222222,2.873,"628b9957f7c502d5128e0ce6","EC_0067.jpg"
"10832",6.944444444,3.144,"628b9957f7c502d5128e0ce6","EC_0007.jpg"
"10833",7.981481481,3.776,"628b9957f7c502d5128e0ce6","EC_0185.jpg"
"10834",6.935185185,2.496,"628b9957f7c502d5128e0ce6","EC_0240.jpg"
"10835",5.981481481,2.892,"628b9957f7c502d5128e0ce6","EC_0013.jpg"
"10836",5.055555556,3.36,"628b9957f7c502d5128e0ce6","EC_0010.jpg"
"10837",5.916666667,2.78,"628b9957f7c502d5128e0ce6","EC_0088.jpg"
"10838",8.018518519,2.706,"628b9957f7c502d5128e0ce6","EC_0209.jpg"
"10839",6,2.836,"628b9957f7c502d5128e0ce6","EC_0133.jpg"
"10840",7.018518519,3.729,"628b9957f7c502d5128e0ce6","EC_0157.jpg"
"10841",6.027777778,3.211,"628b9957f7c502d5128e0ce6","EC_0163.jpg"
"10842",6.018518519,2.503,"628b9957f7c502d5128e0ce6","EC_0169.png"
"10843",9.944444444,5.305,"628b9957f7c502d5128e0ce6","EC_0196.jpg"
"10844",7,3.047,"628b9957f7c502d5128e0ce6","EC_0018.jpg"
"10845",4.018518519,3.862,"628b9957f7c502d5128e0ce6","EC_0097.jpg"
"10846",5.027777778,2.578,"628b9957f7c502d5128e0ce6","EC_0213.jpg"
"10847",7.990740741,2.879,"628b9957f7c502d5128e0ce6","EC_0042.jpg"
"10848",5.962962963,2.401,"628b9957f7c502d5128e0ce6","EC_0167.jpg"
"10849",6,3.141,"628b9957f7c502d5128e0ce6","EC_0129.jpeg"
"10850",3.981481481,4.012,"628b9957f7c502d5128e0ce6","EC_0239.jpg"
"10851",7.064814815,2.917,"628b9957f7c502d5128e0ce6","EC_0173.jpg"
"10852",5,3.009,"628b9957f7c502d5128e0ce6","EC_0232.jpg"
"10853",9.018518519,3.178,"628b9957f7c502d5128e0ce6","EC_0014.jpg"
"10854",5.925925926,4.996,"628b9957f7c502d5128e0ce6","EC_0219.jpg"
"10855",5.981481481,6.426,"628b9957f7c502d5128e0ce6","EC_0246.jpg"
"10856",7.083333333,3.208,"628b9957f7c502d5128e0ce6","EC_0034.jpg"
"10857",6.935185185,3.626,"628b9957f7c502d5128e0ce6","EC_0038.jpg"
"10858",8.037037037,2.651,"628b9957f7c502d5128e0ce6","EC_0028.jpg"
"10859",8.037037037,2.202,"628b9957f7c502d5128e0ce6","EC_0221.jpg"
"10860",8.037037037,2.17,"628b9957f7c502d5128e0ce6","EC_0098.jpg"
"10861",6.925925926,2.641,"628b9957f7c502d5128e0ce6","EC_0172.jpg"
"10862",6.925925926,2.548,"628b9957f7c502d5128e0ce6","EC_0170.jpg"
"10863",5.037037037,4.667,"628b9957f7c502d5128e0ce6","EC_0032.jpg"
"10864",0.018518519,3.638,"628b9957f7c502d5128e0ce6","EC_0162.jpg"
"10865",5.064814815,3.089,"628b9957f7c502d5128e0ce6","EC_0001.jpg"
"10866",5,2.658,"628b9957f7c502d5128e0ce6","EC_0197.jpg"
"10867",1.935185185,2.807,"628b9957f7c502d5128e0ce6","EC_0053.jpg"
"10868",0.953703704,2.58,"628b9957f7c502d5128e0ce6","EC_0235.jpg"
"10869",6.935185185,2.892,"628b9957f7c502d5128e0ce6","EC_0062.jpg"
"10870",6.12962963,3.373,"628b9957f7c502d5128e0ce6","EC_0051.jpg"
"10871",9.037037037,2.923,"628b9957f7c502d5128e0ce6","EC_0151.jpg"
"10872",6.055555556,3.476,"628b9957f7c502d5128e0ce6","EC_0080.jpg"
"10873",6.055555556,2.444,"628b9957f7c502d5128e0ce6","EC_0124.jpeg"
"10874",6.962962963,3.044,"628b9957f7c502d5128e0ce6","EC_0029.jpg"
"10875",2.925925926,2.927,"628b9957f7c502d5128e0ce6","EC_0037.jpg"
"10876",9.027777778,2.868,"628b9957f7c502d5128e0ce6","EC_0116.jpg"
"10877",8.092592593,3.112,"628b9957f7c502d5128e0ce6","EC_0224.jpg"
"10878",7.944444444,2.545,"628b9957f7c502d5128e0ce6","EC_0066.jpg"
"10879",5.046296296,4.783,"628b9957f7c502d5128e0ce6","EC_0081.jpg"
"10880",7.083333333,2.501,"628b9957f7c502d5128e0ce6","EC_0106.jpg"
"10881",3.981481481,3.634,"628b9957f7c502d5128e0ce6","EC_0150.jpg"
"10882",6.935185185,2.828,"628b9957f7c502d5128e0ce6","EC_0093.jpg"
"10883",6.935185185,2.453,"628b9957f7c502d5128e0ce6","EC_0152.jpg"
"10884",6.018518519,4.247,"628b9957f7c502d5128e0ce6","EC_0100.jpg"
"10885",7.064814815,3.185,"628b9957f7c502d5128e0ce6","EC_0087.jpg"
"10886",4.944444444,6.02,"628b9957f7c502d5128e0ce6","EC_0061.jpg"
"10887",8.092592593,2.66,"628b9957f7c502d5128e0ce6","EC_0103.jpg"
"10888",5.907407407,2.75,"628b9957f7c502d5128e0ce6","EC_0205.jpg"
"10889",6.046296296,2.809,"628b9957f7c502d5128e0ce6","EC_0156.jpg"
"10890",8.055555556,2.553,"628b9957f7c502d5128e0ce6","EC_0134.jpg"
"10891",6.046296296,3.135,"628b9957f7c502d5128e0ce6","EC_0065.jpg"
"10892",7.037037037,2.706,"628b9957f7c502d5128e0ce6","EC_0193.png"
"10893",7.037037037,2.658,"628b9957f7c502d5128e0ce6","EC_0117.jpg"
"10894",3,3.662,"628b9957f7c502d5128e0ce6","EC_0194.jpg"
"10895",8.916666667,2.975,"628b9957f7c502d5128e0ce6","EC_0247.jpg"
"10896",8.916666667,2.257,"628b9957f7c502d5128e0ce6","EC_0082.jpg"
"10897",8.027777778,3.598,"628b9957f7c502d5128e0ce6","EC_0059.jpg"
"10898",6.944444444,3.525,"628b9957f7c502d5128e0ce6","EC_0036.jpeg"
"10899",6.046296296,2.743,"628b9957f7c502d5128e0ce6","EC_0135.jpg"
"10900",3.953703704,6.685,"628b9957f7c502d5128e0ce6","EC_0231.jpg"
"10901",6.953703704,2.79,"628b9957f7c502d5128e0ce6","EC_0064.jpg"
"10902",5.935185185,2.711,"628b9957f7c502d5128e0ce6","EC_0094.jpg"
"10903",4.953703704,3.019,"628b9957f7c502d5128e0ce6","EC_0076.jpg"
"10904",2.842592593,4.489,"628b9957f7c502d5128e0ce6","EC_0147.png"
"10905",7.055555556,3.043,"628b9957f7c502d5128e0ce6","EC_0016.jpg"
"10906",1.027777778,2.856,"628b9957f7c502d5128e0ce6","EC_0047.jpg"
"10907",7,2.751,"628b9957f7c502d5128e0ce6","EC_0131.jpg"
"10908",5.018518519,2.896,"628b9957f7c502d5128e0ce6","EC_0158.jpg"
"10909",8.944444444,2.958,"628b9957f7c502d5128e0ce6","EC_0104.jpg"
"10910",7.083333333,3.25,"628b9957f7c502d5128e0ce6","EC_0123.jpeg"
"10911",3.953703704,2.534,"628b9957f7c502d5128e0ce6","EC_0027.jpg"
"10912",8.990740741,2.373,"628b9957f7c502d5128e0ce6","EC_0149.jpg"
"10913",8.064814815,2.735,"628b9957f7c502d5128e0ce6","EC_0090.jpg"
"10914",8.064814815,2.359,"628b9957f7c502d5128e0ce6","EC_0184.jpg"
"10915",4.037037037,2.812,"628b9957f7c502d5128e0ce6","EC_0180.jpg"
"10916",6.953703704,2.761,"628b9957f7c502d5128e0ce6","EC_0119.jpg"
"10917",6.101851852,2.922,"628b9957f7c502d5128e0ce6","EC_0229.jpg"
"10918",5.944444444,2.708,"628b9957f7c502d5128e0ce6","EC_0206.png"
"10919",7.018518519,3.541,"628b9957f7c502d5128e0ce6","EC_0166.jpg"
"10920",9.157407407,3.209,"628b9957f7c502d5128e0ce6","EC_0002.jpg"
"10921",6.984317833,3.0722,"62961bfdbe5f238d3225db72","EC_0028.jpg"
"10922",8.853535171,2.5711,"62961bfdbe5f238d3225db72","EC_0243.jpg"
"10923",4.963175827,2.2096,"62961bfdbe5f238d3225db72","EC_0013.jpg"
"10924",8.035190128,2.8716,"62961bfdbe5f238d3225db72","EC_0154.jpg"
"10925",8.037547173,2.6379,"62961bfdbe5f238d3225db72","EC_0076.jpg"
"10926",2.922862496,2.3069,"62961bfdbe5f238d3225db72","EC_0147.png"
"10927",7.962297792,2.5613,"62961bfdbe5f238d3225db72","EC_0024.jpg"
"10928",7.946141398,4.3404,"62961bfdbe5f238d3225db72","EC_0239.jpg"
"10929",4.908776071,2.573,"62961bfdbe5f238d3225db72","EC_0047.jpg"
"10930",7.983697254,2.7198,"62961bfdbe5f238d3225db72","EC_0015.jpg"
"10931",5.109699735,2.2607,"62961bfdbe5f238d3225db72","EC_0234.jpg"
"10932",0.035295909,3.256,"62961bfdbe5f238d3225db72","EC_0134.jpg"
"10933",6.032058446,2.8378,"62961bfdbe5f238d3225db72","EC_0230.jpg"
"10934",3.970761577,2.5751,"62961bfdbe5f238d3225db72","EC_0032.jpg"
"10935",9.037918638,2.5291,"62961bfdbe5f238d3225db72","EC_0083.jpg"
"10936",9.991655663,3.17,"62961bfdbe5f238d3225db72","EC_0132.jpg"
"10937",7.088740334,2.3037,"62961bfdbe5f238d3225db72","EC_0118.jpg"
"10938",9.004998442,3.0876,"62961bfdbe5f238d3225db72","EC_0079.jpg"
"10939",9.954769792,4.0218,"62961bfdbe5f238d3225db72","EC_0136.jpg"
"10940",4.964910445,2.6232,"62961bfdbe5f238d3225db72","EC_0120.jpg"
"10941",2.998948315,2.243,"62961bfdbe5f238d3225db72","EC_0135.jpg"
"10942",6.94351885,2.5075,"62961bfdbe5f238d3225db72","EC_0193.png"
"10943",9.026895179,2.3138,"62961bfdbe5f238d3225db72","EC_0064.jpg"
"10944",0.012024577,2.6729,"62961bfdbe5f238d3225db72","EC_0184.jpg"
"10945",5.010292524,2.8395,"62961bfdbe5f238d3225db72","EC_0063.jpg"
"10946",7.082410939,2.937,"62961bfdbe5f238d3225db72","EC_0226.jpg"
"10947",2.998425176,2.8586,"62961bfdbe5f238d3225db72","EC_0020.jpg"
"10948",7.917462214,2.3782,"62961bfdbe5f238d3225db72","EC_0152.jpg"
"10949",9.991497136,2.4048,"62961bfdbe5f238d3225db72","EC_0092.jpg"
"10950",0.973706303,2.509,"62961bfdbe5f238d3225db72","EC_0229.jpg"
"10951",4.017873268,2.1965,"62961bfdbe5f238d3225db72","EC_0151.jpg"
"10952",7.01528648,2.4875,"62961bfdbe5f238d3225db72","EC_0181.jpg"
"10953",7.045197168,2.3265,"62961bfdbe5f238d3225db72","EC_0250.jpg"
"10954",9.987641595,3.0097,"62961bfdbe5f238d3225db72","EC_0002.jpg"
"10955",5.131526385,2.1593,"62961bfdbe5f238d3225db72","EC_0109.jpg"
"10956",0.020208737,2.4925,"62961bfdbe5f238d3225db72","EC_0053.jpg"
"10957",4.005500661,3.12,"62961bfdbe5f238d3225db72","EC_0207.jpg"
"10958",5.019371109,2.3439,"62961bfdbe5f238d3225db72","EC_0221.jpg"
"10959",3.893690806,2.2371,"62961bfdbe5f238d3225db72","EC_0009.jpg"
"10960",8.95394861,2.4575,"62961bfdbe5f238d3225db72","EC_0171.jpg"
"10961",6.879319629,2.4578,"62961bfdbe5f238d3225db72","EC_0121.jpg"
"10962",5.023116516,2.2102,"62961bfdbe5f238d3225db72","EC_0059.jpg"
"10963",0.043693662,3.2916,"62961bfdbe5f238d3225db72","EC_0219.jpg"
"10964",0.061200038,3.1533,"62961bfdbe5f238d3225db72","EC_0012.jpg"
"10965",6.975306831,2.4701,"62961bfdbe5f238d3225db72","EC_0188.jpg"
"10966",0.009111854,4.3149,"62961bfdbe5f238d3225db72","EC_0199.jpg"
"10967",5.069726761,2.656,"62961bfdbe5f238d3225db72","EC_0138.png"
"10968",7.956201181,2.3374,"62961bfdbe5f238d3225db72","EC_0017.jpg"
"10969",5.979295689,2.4206,"62961bfdbe5f238d3225db72","EC_0177.jpg"
"10970",2.193249964,2.8707,"62961bfdbe5f238d3225db72","EC_0005.jpg"
"10971",7.936986053,2.5118,"62961bfdbe5f238d3225db72","EC_0058.jpg"
"10972",1.062840553,2.5723,"62961bfdbe5f238d3225db72","EC_0222.jpg"
"10973",4.940611609,3.1225,"62961bfdbe5f238d3225db72","EC_0249.jpg"
"10974",7.957798966,2.6051,"62961bfdbe5f238d3225db72","EC_0123.jpeg"
"10975",4.016444857,2.0627,"62961bfdbe5f238d3225db72","EC_0141.jpg"
"10976",7.988322068,2.7044,"62961bfdbe5f238d3225db72","EC_0102.jpg"
"10977",9.115618511,2.4445,"62961bfdbe5f238d3225db72","EC_0159.jpg"
"10978",7.134101554,2.3047,"62961bfdbe5f238d3225db72","EC_0030.jpg"
"10979",9.926839856,3.5525,"62961bfdbe5f238d3225db72","EC_0072.jpg"
"10980",1.977301705,2.4234,"62961bfdbe5f238d3225db72","EC_0168.jpeg"
"10981",2.987423826,2.655,"62961bfdbe5f238d3225db72","EC_0001.jpg"
"10982",1.002269929,2.9064,"62961bfdbe5f238d3225db72","EC_0049.jpg"
"10983",6.109954391,2.0233,"62961bfdbe5f238d3225db72","EC_0094.jpg"
"10984",3.950609471,2.326,"62961bfdbe5f238d3225db72","EC_0117.jpg"
"10985",5.109102339,2.0934,"62961bfdbe5f238d3225db72","EC_0104.jpg"
"10986",6.001706386,2.0551,"62961bfdbe5f238d3225db72","EC_0211.jpg"
"10987",7.017931376,2.1067,"62961bfdbe5f238d3225db72","EC_0204.jpg"
"10988",2.932742894,1.9771,"62961bfdbe5f238d3225db72","EC_0247.jpg"
"10989",5.047054911,2.2116,"62961bfdbe5f238d3225db72","EC_0103.jpg"
"10990",6.395676595,3.0386,"62961bfdbe5f238d3225db72","EC_0105.jpg"
"10991",7.69177498,1.9246,"62961bfdbe5f238d3225db72","EC_0040.jpg"
"10992",1.484356479,1.8386,"62961bfdbe5f238d3225db72","EC_0245.jpg"
"10993",1.200850732,2.0244,"62961bfdbe5f238d3225db72","EC_0224.jpg"
"10994",2.392614223,1.9047,"62961bfdbe5f238d3225db72","EC_0163.jpg"
"10995",6.640329486,2.6056,"62961bfdbe5f238d3225db72","EC_0119.jpg"
"10996",4.781080153,1.9955,"62961bfdbe5f238d3225db72","EC_0173.jpg"
"10997",1.551137186,2.6758,"62961bfdbe5f238d3225db72","EC_0170.jpg"
"10998",3.605939458,1.7077,"62961bfdbe5f238d3225db72","EC_0077.jpg"
"10999",6.460153656,1.7941,"62961bfdbe5f238d3225db72","EC_0185.jpg"
"11000",6.948783612,1.6934,"62961bfdbe5f238d3225db72","EC_0070.jpg"
"11001",3.960799413,1.8385,"62961bfdbe5f238d3225db72","EC_0084.jpg"
"11002",0.16961992,2.8276,"62961bfdbe5f238d3225db72","EC_0055.jpg"
"11003",0.164833242,1.6986,"62961bfdbe5f238d3225db72","EC_0161.jpg"
"11004",5.591927708,2.5704,"62961bfdbe5f238d3225db72","EC_0164.jpg"
"11005",9.894568785,2.4419,"62961bfdbe5f238d3225db72","EC_0037.jpg"
"11006",0.003538799,3.9688,"62961bfdbe5f238d3225db72","EC_0056.jpg"
"11007",0.744224436,2.076,"62961bfdbe5f238d3225db72","EC_0180.jpg"
"11008",2.85170019,1.6396,"62961bfdbe5f238d3225db72","EC_0011.jpg"
"11009",4.057863763,1.9583,"62961bfdbe5f238d3225db72","EC_0019.jpg"
"11010",2.166314992,1.7137,"62961bfdbe5f238d3225db72","EC_0162.jpg"
"11011",5.015165975,1.7107,"62961bfdbe5f238d3225db72","EC_0096.jpg"
"11012",4.927944476,2.3076,"62961bfdbe5f238d3225db72","EC_0227.jpg"
"11013",3.520967373,2.1246,"62961bfdbe5f238d3225db72","EC_0016.jpg"
"11014",2.60646951,1.6226,"62961bfdbe5f238d3225db72","EC_0236.jpg"
"11015",0.01612208,2.9041,"62961bfdbe5f238d3225db72","EC_0054.jpg"
"11016",8.956993995,2.7599,"62961bfdbe5f238d3225db72","EC_0003.jpg"
"11017",1.16728141,2.4239,"62961bfdbe5f238d3225db72","EC_0246.jpg"
"11018",2.668472717,1.9933,"62961bfdbe5f238d3225db72","EC_0042.jpg"
"11019",8.605120186,2.4031,"62961bfdbe5f238d3225db72","EC_0093.jpg"
"11020",6.240240139,2.2083,"62961bfdbe5f238d3225db72","EC_0014.jpg"
"11021",7.225252017,2.4276,"62961bfdbe5f238d3225db72","EC_0036.jpeg"
"11022",3.651377439,1.7074,"62961bfdbe5f238d3225db72","EC_0198.jpg"
"11023",2.654055947,1.6222,"62961bfdbe5f238d3225db72","EC_0073.jpg"
"11024",6.201401049,1.755,"62961bfdbe5f238d3225db72","EC_0148.jpg"
"11025",0.030754947,3.2208,"62961bfdbe5f238d3225db72","EC_0090.jpg"
"11026",1.749154801,1.7224,"62961bfdbe5f238d3225db72","EC_0089.jpg"
"11027",3.010767329,1.79,"62961bfdbe5f238d3225db72","EC_0050.jpg"
"11028",5.889032977,2.3551,"62961bfdbe5f238d3225db72","EC_0244.jpg"
"11029",9.014087874,2.1909,"62961bfdbe5f238d3225db72","EC_0166.jpg"
"11030",2.078657128,2.5053,"62961bfdbe5f238d3225db72","EC_0071.jpg"
"11031",9.267565707,2.4905,"62961bfdbe5f238d3225db72","EC_0098.jpg"
"11032",8.770442046,1.7613,"62961bfdbe5f238d3225db72","EC_0214.jpg"
"11033",4.167071274,2.462,"62961bfdbe5f238d3225db72","EC_0033.jpeg"
"11034",2.373720737,2.1888,"62961bfdbe5f238d3225db72","EC_0233.jpg"
"11035",1.131243658,1.6388,"62961bfdbe5f238d3225db72","EC_0197.jpg"
"11036",1.232503547,1.71,"62961bfdbe5f238d3225db72","EC_0137.jpg"
"11037",0.154107646,2.2442,"62961bfdbe5f238d3225db72","EC_0160.jpg"
"11038",5.051429419,1.8086,"62961bfdbe5f238d3225db72","EC_0031.jpg"
"11039",6.635392625,1.8246,"62961bfdbe5f238d3225db72","EC_0007.jpg"
"11040",5.202412104,1.9418,"62961bfdbe5f238d3225db72","EC_0238.jpg"
"11041",6.850618752,1.5739,"62961bfdbe5f238d3225db72","EC_0133.jpg"
"11042",7.954901261,1.5148,"62961bfdbe5f238d3225db72","EC_0210.jpg"
"11043",5.889783894,1.9225,"62961bfdbe5f238d3225db72","EC_0038.jpg"
"11044",4.819976813,1.713,"62961bfdbe5f238d3225db72","EC_0167.jpg"
"11045",4.160041857,1.7562,"62961bfdbe5f238d3225db72","EC_0060.jpg"
"11046",5.55346658,1.6469,"62961bfdbe5f238d3225db72","EC_0156.jpg"
"11047",7.745696653,1.5569,"62961bfdbe5f238d3225db72","EC_0080.jpg"
"11048",6.22421891,1.6226,"62961bfdbe5f238d3225db72","EC_0027.jpg"
"11049",3.01026338,1.6284,"62961bfdbe5f238d3225db72","EC_0039.jpg"
"11050",4.235135214,1.7087,"62961bfdbe5f238d3225db72","EC_0149.jpg"
"11051",5.718025007,1.8616,"62961bfdbe5f238d3225db72","EC_0108.jpg"
"11052",4.833499157,1.9892,"62961bfdbe5f238d3225db72","EC_0008.jpg"
"11053",2.262417335,1.7929,"62961bfdbe5f238d3225db72","EC_0165.jpg"
"11054",3.174309099,2.1391,"62961bfdbe5f238d3225db72","EC_0237.jpg"
"11055",8.992772681,2.3432,"62961bfdbe5f238d3225db72","EC_0095.jpg"
"11056",5.077586357,2.1624,"62961bfdbe5f238d3225db72","EC_0183.jpg"
"11057",6.567516414,1.7905,"62961bfdbe5f238d3225db72","EC_0010.jpg"
"11058",2.73084721,1.7393,"62961bfdbe5f238d3225db72","EC_0157.jpg"
"11059",8.786113681,1.6431,"62961bfdbe5f238d3225db72","EC_0206.png"
"11060",1.986277247,2.454,"62961bfdbe5f238d3225db72","EC_0124.jpeg"
"11061",7.432223064,2.0542,"62961bfdbe5f238d3225db72","EC_0065.jpg"
"11062",3.21578641,2.021,"62961bfdbe5f238d3225db72","EC_0176.jpg"
"11063",4.35750296,2.08,"62961bfdbe5f238d3225db72","EC_0129.jpeg"
"11064",1.839203085,2.3368,"62961bfdbe5f238d3225db72","EC_0111.jpg"
"11065",6.518768558,2.0918,"62961bfdbe5f238d3225db72","EC_0205.jpg"
"11066",3.847127285,1.9202,"62961bfdbe5f238d3225db72","EC_0086.jpg"
"11067",7.536611357,1.8717,"62961bfdbe5f238d3225db72","EC_0202.jpg"
"11068",0.056660328,3.7685,"62961bfdbe5f238d3225db72","EC_0115.jpg"
"11069",1.091017458,2.0705,"62961bfdbe5f238d3225db72","EC_0196.jpg"
"11070",1.856736577,2.1915,"62961bfdbe5f238d3225db72","EC_0018.jpg"
"11071",4.840715468,1.974,"62961bfdbe5f238d3225db72","EC_0169.png"
"11072",2.963693184,1.7092,"62961bfdbe5f238d3225db72","EC_0116.jpg"
"11073",2.637624217,1.7881,"62961bfdbe5f238d3225db72","EC_0158.jpg"
"11074",3.290264849,1.5262,"62961bfdbe5f238d3225db72","EC_0187.jpeg"
"11075",0.124621226,1.8071,"62961bfdbe5f238d3225db72","EC_0029.jpg"
"11076",0.980357757,1.6774,"62961bfdbe5f238d3225db72","EC_0128.jpeg"
"11077",2.279758091,1.5247,"62961bfdbe5f238d3225db72","EC_0075.jpg"
"11078",5.036215009,1.5385,"62961bfdbe5f238d3225db72","EC_0057.jpeg"
"11079",6.161068469,1.7587,"62961bfdbe5f238d3225db72","EC_0201.jpg"
"11080",4.306350502,2.1003,"62961bfdbe5f238d3225db72","EC_0209.jpg"
"11081",4.306350502,1.6149,"62961bfdbe5f238d3225db72","EC_0200.png"
"11082",8.358921241,1.8475,"62961bfdbe5f238d3225db72","EC_0085.jpg"
"11083",6.696554804,2.0039,"62961bfdbe5f238d3225db72","EC_0174.jpg"
"11084",2.992792048,2.0085,"62961bfdbe5f238d3225db72","EC_0061.jpg"
"11085",4.044472412,1.7294,"62961bfdbe5f238d3225db72","EC_0069.jpg"
"11086",7.349797422,2.3226,"62961bfdbe5f238d3225db72","EC_0150.jpg"
"11087",4.786406657,1.5744,"62961bfdbe5f238d3225db72","EC_0041.jpg"
"11088",1.156119448,1.7721,"62961bfdbe5f238d3225db72","EC_0006.jpg"
"11089",1.471948829,1.8106,"62961bfdbe5f238d3225db72","EC_0067.jpg"
"11090",4.043494552,1.9478,"62961bfdbe5f238d3225db72","EC_0228.jpg"
"11091",2.063438546,2.09,"62961bfdbe5f238d3225db72","EC_0242.jpg"
"11092",5.538749443,1.7274,"62961bfdbe5f238d3225db72","EC_0099.jpg"
"11093",7.439395989,1.7547,"62961bfdbe5f238d3225db72","EC_0241.jpg"
"11094",5.348777485,1.754,"62961bfdbe5f238d3225db72","EC_0223.jpg"
"11095",8.788097771,2.1408,"62961bfdbe5f238d3225db72","EC_0022.jpg"
"11096",3.202978271,2.163,"62961bfdbe5f238d3225db72","EC_0066.jpg"
"11097",2.048834047,1.7221,"62961bfdbe5f238d3225db72","EC_0131.jpg"
"11098",2.729673276,1.8387,"62961bfdbe5f238d3225db72","EC_0074.jpg"
"11099",4.475511216,1.6905,"62961bfdbe5f238d3225db72","EC_0172.jpg"
"11100",8.192650723,1.6266,"62961bfdbe5f238d3225db72","EC_0087.jpg"
"11101",6.987193011,2.1036,"62961bfdbe5f238d3225db72","EC_0182.jpg"
"11102",7.105739424,2.3959,"62961bfdbe5f238d3225db72","EC_0097.jpg"
"11103",5.054498166,1.6419,"62961bfdbe5f238d3225db72","EC_0194.jpg"
"11104",3.848302887,1.9457,"62961bfdbe5f238d3225db72","EC_0235.jpg"
"11105",2.052338326,1.8543,"62961bfdbe5f238d3225db72","EC_0142.jpg"
"11106",1.088404684,1.7981,"62961bfdbe5f238d3225db72","EC_0101.jpg"
"11107",2.797015085,2.3771,"62961bfdbe5f238d3225db72","EC_0140.jpg"
"11108",2.180524008,1.68,"62961bfdbe5f238d3225db72","EC_0248.jpg"
"11109",3.59228028,1.5619,"62961bfdbe5f238d3225db72","EC_0213.jpg"
"11110",5.359605706,1.5632,"62961bfdbe5f238d3225db72","EC_0195.jpg"
"11111",2.906612238,1.726,"62961bfdbe5f238d3225db72","EC_0232.jpg"
"11112",0.991762516,1.8905,"62961bfdbe5f238d3225db72","EC_0034.jpg"
"11113",2.14315463,1.7711,"62961bfdbe5f238d3225db72","EC_0044.jpg"
"11114",7.92460844,2.076,"62961bfdbe5f238d3225db72","EC_0100.jpg"
"11115",4.865400609,2.137,"62961bfdbe5f238d3225db72","EC_0139.png"
"11116",5.091479154,1.5576,"62961bfdbe5f238d3225db72","EC_0088.jpg"
"11117",2.701128006,1.7911,"62961bfdbe5f238d3225db72","EC_0046.jpg"
"11118",2.120933748,1.6049,"62961bfdbe5f238d3225db72","EC_0153.jpg"
"11119",2.236310041,1.506,"62961bfdbe5f238d3225db72","EC_0062.jpg"
"11120",5.010160696,1.6046,"62961bfdbe5f238d3225db72","EC_0113.jpg"
"11121",6.337046674,1.7197,"62961bfdbe5f238d3225db72","EC_0081.jpg"
"11122",2.947899317,1.5476,"62961bfdbe5f238d3225db72","EC_0051.jpg"
"11123",9.783266217,1.7401,"62961bfdbe5f238d3225db72","EC_0231.jpg"
"11124",8.354326464,1.6585,"62961bfdbe5f238d3225db72","EC_0240.jpg"
"11125",1.229182826,1.8255,"62961bfdbe5f238d3225db72","EC_0068.jpg"
"11126",0.067511077,1.7809,"62961bfdbe5f238d3225db72","EC_0048.jpg"
"11127",0.106667638,1.6384,"62961bfdbe5f238d3225db72","EC_0125.jpeg"
"11128",3.576436768,1.7235,"62961bfdbe5f238d3225db72","EC_0203.jpg"
"11129",5.603694575,1.9542,"62961bfdbe5f238d3225db72","EC_0106.jpg"
"11130",2.683836476,1.725,"62961bfdbe5f238d3225db72","EC_0082.jpg"
"11131",10,5.3341,"62c7830513530edb0d70a548","EC_0041.jpg"
"11132",1.023193359,5.2695,"62c7830513530edb0d70a548","EC_0081.jpg"
"11133",0.750973172,6.3379,"62c7830513530edb0d70a548","EC_0188.jpg"
"11134",0,6.3544,"62c7830513530edb0d70a548","EC_0101.jpg"
"11135",7.029138184,4.5329,"62c7830513530edb0d70a548","EC_0001.jpg"
"11136",2.001845296,4.132,"62c7830513530edb0d70a548","EC_0056.jpg"
"11137",0,5.3213,"62c7830513530edb0d70a548","EC_0161.jpg"
"11138",9.557170953,8.807,"62c7830513530edb0d70a548","EC_0074.jpg"
"11139",0.968933784,4.4508,"62c7830513530edb0d70a548","EC_0168.jpeg"
"11140",0,9.3507,"62c7830513530edb0d70a548","EC_0065.jpg"
"11141",7.007398139,4.0837,"62c7830513530edb0d70a548","EC_0116.jpg"
"11142",0,4.5052,"62c7830513530edb0d70a548","EC_0176.jpg"
"11143",7.308894857,4.4342,"62c7830513530edb0d70a548","EC_0230.jpg"
"11144",9.902838813,3.7217,"62c7830513530edb0d70a548","EC_0103.jpg"
"11145",9.901117622,4.8386,"62c7830513530edb0d70a548","EC_0152.jpg"
"11146",1.032371351,4.0495,"62c7830513530edb0d70a548","EC_0017.jpg"
"11147",9.046412489,4.2188,"62c7830513530edb0d70a548","EC_0034.jpg"
"11148",0.040334066,4.0508,"62c7830513530edb0d70a548","EC_0210.jpg"
"11149",2.574505276,6.8383,"62c7830513530edb0d70a548","EC_0088.jpg"
"11150",9.950709364,5.5495,"62c7830513530edb0d70a548","EC_0032.jpg"
"11151",9.975397407,4.4715,"62c7830513530edb0d70a548","EC_0108.jpg"
"11152",0.953611247,5.8206,"62c7830513530edb0d70a548","EC_0224.jpg"
"11153",6.371541341,4.2705,"62c7830513530edb0d70a548","EC_0071.jpg"
"11154",6.573192003,5.2795,"62c7830513530edb0d70a548","EC_0136.jpg"
"11155",0.010818142,3.469,"62c7830513530edb0d70a548","EC_0005.jpg"
"11156",0.004237535,3.1842,"62c7830513530edb0d70a548","EC_0066.jpg"
"11157",2.249894545,4.9346,"62c7830513530edb0d70a548","EC_0180.jpg"
"11158",3.283140055,6.3764,"62c7830513530edb0d70a548","EC_0077.jpg"
"11159",0.328192817,4.0899,"62c7830513530edb0d70a548","EC_0033.jpeg"
"11160",0.000767348,5.0825,"62c7830513530edb0d70a548","EC_0150.jpg"
"11161",3.858690728,4.1006,"62c7830513530edb0d70a548","EC_0238.jpg"
"11162",0.067500475,4.4202,"62c7830513530edb0d70a548","EC_0156.jpg"
"11163",0.366197374,3.038,"62c7830513530edb0d70a548","EC_0219.jpg"
"11164",2.989992947,3.1386,"62c7830513530edb0d70a548","EC_0073.jpg"
"11165",7.111512587,4.135,"62c7830513530edb0d70a548","EC_0121.jpg"
"11166",4.788971625,4.3348,"62c7830513530edb0d70a548","EC_0226.jpg"
"11167",9.933873155,2.9713,"62c7830513530edb0d70a548","EC_0039.jpg"
"11168",7.253398302,3.7346,"62c7830513530edb0d70a548","EC_0236.jpg"
"11169",8.97918023,3.1348,"62c7830513530edb0d70a548","EC_0018.jpg"
"11170",1.306563653,2.7885,"62c7830513530edb0d70a548","EC_0137.jpg"
"11171",6.99414266,3.3398,"62c7830513530edb0d70a548","EC_0105.jpg"
"11172",1.080681695,4.8228,"62c7830513530edb0d70a548","EC_0063.jpg"
"11173",0.936347453,6.9442,"62c7830513530edb0d70a548","EC_0084.jpg"
"11174",8.001776123,5.1059,"62c7830513530edb0d70a548","EC_0031.jpg"
"11175",8.985294596,2.7828,"62c7830513530edb0d70a548","EC_0047.jpg"
"11176",9.736223687,2.8885,"62c7830513530edb0d70a548","EC_0104.jpg"
"11177",0,4.9197,"62c7830513530edb0d70a548","EC_0223.jpg"
"11178",0.969081624,3.8447,"62c7830513530edb0d70a548","EC_0051.jpg"
"11179",0.986009386,3.8171,"62c7830513530edb0d70a548","EC_0142.jpg"
"11180",0,5.239,"62c7830513530edb0d70a548","EC_0062.jpg"
"11181",0.00642022,5.5337,"62c7830513530edb0d70a548","EC_0097.jpg"
"11182",9.003814019,3.8298,"62c7830513530edb0d70a548","EC_0140.jpg"
"11183",8.841148546,3.6683,"62c7830513530edb0d70a548","EC_0153.jpg"
"11184",1.982169257,3.0048,"62c7830513530edb0d70a548","EC_0060.jpg"
"11185",9.689846463,2.9585,"62c7830513530edb0d70a548","EC_0068.jpg"
"11186",9.959240723,3.5508,"62c7830513530edb0d70a548","EC_0069.jpg"
"11187",0.365027534,2.9739,"62c7830513530edb0d70a548","EC_0201.jpg"
"11188",8.83307156,3.6969,"62c7830513530edb0d70a548","EC_0070.jpg"
"11189",9.931959364,2.9551,"62c7830513530edb0d70a548","EC_0134.jpg"
"11190",9.523895942,2.4533,"62c7830513530edb0d70a548","EC_0211.jpg"
"11191",1.035151164,2.9383,"62c7830513530edb0d70a548","EC_0198.jpg"
"11192",0.163980781,4.6886,"62c7830513530edb0d70a548","EC_0228.jpg"
"11193",0.020967272,5.3178,"62c7830513530edb0d70a548","EC_0022.jpg"
"11194",5.281029595,5.8509,"62c7830513530edb0d70a548","EC_0046.jpg"
"11195",8.516341146,3.5006,"62c7830513530edb0d70a548","EC_0118.jpg"
"11196",1.023617554,4.4006,"62c7830513530edb0d70a548","EC_0239.jpg"
"11197",0.031608751,3.8886,"62c7830513530edb0d70a548","EC_0061.jpg"
"11198",0.912845527,3.9675,"62c7830513530edb0d70a548","EC_0113.jpg"
"11199",0.370194838,5.6515,"62c7830513530edb0d70a548","EC_0129.jpeg"
"11200",0.152384779,2.7511,"62c7830513530edb0d70a548","EC_0053.jpg"
"11201",9.93625217,3.1004,"62c7830513530edb0d70a548","EC_0234.jpg"
"11202",1.183603244,2.7557,"62c7830513530edb0d70a548","EC_0222.jpg"
"11203",1.172492133,2.3857,"62c7830513530edb0d70a548","EC_0135.jpg"
"11204",0.299943373,2.7001,"62c7830513530edb0d70a548","EC_0197.jpg"
"11205",9.93869222,3.2216,"62c7830513530edb0d70a548","EC_0014.jpg"
"11206",5.152119954,3.5059,"62c7830513530edb0d70a548","EC_0048.jpg"
"11207",9.995784505,2.6676,"62c7830513530edb0d70a548","EC_0029.jpg"
"11208",2.13603753,3.9812,"62c7830513530edb0d70a548","EC_0042.jpg"
"11209",5.227467855,3.1345,"62c7830513530edb0d70a548","EC_0115.jpg"
"11210",8.169266086,3.7638,"62c7830513530edb0d70a548","EC_0227.jpg"
"11211",0.968425836,5.119,"62c7830513530edb0d70a548","EC_0055.jpg"
"11212",0.112321303,2.8657,"62c7830513530edb0d70a548","EC_0010.jpg"
"11213",0.112321303,2.3868,"62c7830513530edb0d70a548","EC_0242.jpg"
"11214",0.112321303,2.343,"62c7830513530edb0d70a548","EC_0024.jpg"
"11215",8.960188802,4.5053,"62c7830513530edb0d70a548","EC_0184.jpg"
"11216",5.682766385,4.7538,"62c7830513530edb0d70a548","EC_0172.jpg"
"11217",0.007193671,4.2975,"62c7830513530edb0d70a548","EC_0160.jpg"
"11218",7.723384603,3.038,"62c7830513530edb0d70a548","EC_0199.jpg"
"11219",0.158758545,3.1709,"62c7830513530edb0d70a548","EC_0013.jpg"
"11220",9.93527832,2.6887,"62c7830513530edb0d70a548","EC_0119.jpg"
"11221",8.439480252,2.4878,"62c7830513530edb0d70a548","EC_0030.jpg"
"11222",7.744950358,2.6212,"62c7830513530edb0d70a548","EC_0246.jpg"
"11223",5.349394396,3.3469,"62c7830513530edb0d70a548","EC_0054.jpg"
"11224",8.357406277,2.5387,"62c7830513530edb0d70a548","EC_0006.jpg"
"11225",0.187323676,4.0508,"62c7830513530edb0d70a548","EC_0099.jpg"
"11226",9.930008952,2.6888,"62c7830513530edb0d70a548","EC_0050.jpg"
"11227",5.664296468,2.8892,"62c7830513530edb0d70a548","EC_0245.jpg"
"11228",8.251534017,2.4884,"62c7830513530edb0d70a548","EC_0098.jpg"
"11229",8.527822537,2.9234,"62c7830513530edb0d70a548","EC_0040.jpg"
"11230",5.849356418,4.106,"62c7830513530edb0d70a548","EC_0148.jpg"
"11231",2.235000271,3.3802,"62c7830513530edb0d70a548","EC_0231.jpg"
"11232",2.229444716,2.0679,"62c7830513530edb0d70a548","EC_0085.jpg"
"11233",5.566373698,3.6877,"62c7830513530edb0d70a548","EC_0232.jpg"
"11234",7.400002713,2.9721,"62c7830513530edb0d70a548","EC_0075.jpg"
"11235",8.237282308,5.0546,"62c7830513530edb0d70a548","EC_0076.jpg"
"11236",9.262988281,3.5724,"62c7830513530edb0d70a548","EC_0028.jpg"
"11237",9.829435221,4.2963,"62c7830513530edb0d70a548","EC_0202.jpg"
"11238",8.287380642,3.3389,"62c7830513530edb0d70a548","EC_0164.jpg"
"11239",9.017869737,4.5638,"62c7830513530edb0d70a548","EC_0170.jpg"
"11240",8.438293457,2.7566,"62c7830513530edb0d70a548","EC_0093.jpg"
"11241",9.989864095,2.7533,"62c7830513530edb0d70a548","EC_0002.jpg"
"11242",0.189370049,2.6552,"62c7830513530edb0d70a548","EC_0158.jpg"
"11243",9.771055773,3.5679,"62c7830513530edb0d70a548","EC_0096.jpg"
"11244",0.028259956,5.552,"62c7830513530edb0d70a548","EC_0147.png"
"11245",0.099706692,3.1691,"62c7830513530edb0d70a548","EC_0036.jpeg"
"11246",8.876306152,2.7508,"62c7830513530edb0d70a548","EC_0082.jpg"
"11247",5.113876682,3.155,"62c7830513530edb0d70a548","EC_0149.jpg"
"11248",0.074336073,2.8155,"62c7830513530edb0d70a548","EC_0067.jpg"
"11249",1.660020955,4.5384,"62c7830513530edb0d70a548","EC_0132.jpg"
"11250",8.150171577,3.6323,"62c7830513530edb0d70a548","EC_0141.jpg"
"11251",9.965882704,3.0002,"62c7830513530edb0d70a548","EC_0058.jpg"
"11252",0.078394911,4.6838,"62c7830513530edb0d70a548","EC_0173.jpg"
"11253",9.925528971,3.15,"62c7830513530edb0d70a548","EC_0008.jpg"
"11254",10,4.2843,"62c7830513530edb0d70a548","EC_0016.jpg"
"11255",9.731948513,4.5944,"62c7830513530edb0d70a548","EC_0167.jpg"
"11256",0,5.3007,"62c7830513530edb0d70a548","EC_0080.jpg"
"11257",0,3.4227,"62c7830513530edb0d70a548","EC_0128.jpeg"
"11258",5.015930854,3.5554,"62c7830513530edb0d70a548","EC_0057.jpeg"
"11259",3.236508518,2.9053,"62c7830513530edb0d70a548","EC_0125.jpeg"
"11260",7.394061279,2.4379,"62c7830513530edb0d70a548","EC_0009.jpg"
"11261",0.326798842,3.1221,"62c7830513530edb0d70a548","EC_0087.jpg"
"11262",2.967469618,2.9563,"62c7830513530edb0d70a548","EC_0213.jpg"
"11263",9.930820041,3.1174,"62c7830513530edb0d70a548","EC_0244.jpg"
"11264",9.728918457,3.072,"62c7830513530edb0d70a548","EC_0229.jpg"
"11265",5.056841363,3.2714,"62c7830513530edb0d70a548","EC_0007.jpg"
"11266",0.042676459,2.8711,"62c7830513530edb0d70a548","EC_0038.jpg"
"11267",7.263374159,2.7885,"62c7830513530edb0d70a548","EC_0159.jpg"
"11268",2.653642103,3.1559,"62c7830513530edb0d70a548","EC_0123.jpeg"
"11269",9.661013455,2.6711,"62c7830513530edb0d70a548","EC_0177.jpg"
"11270",0.049975247,3.1384,"62c7830513530edb0d70a548","EC_0019.jpg"
"11271",5.611674669,5.4835,"62c7830513530edb0d70a548","EC_0187.jpeg"
"11272",0.060917494,2.9904,"62c7830513530edb0d70a548","EC_0157.jpg"
"11273",0,2.8215,"62c7830513530edb0d70a548","EC_0248.jpg"
"11274",6.78805542,4.0045,"62c7830513530edb0d70a548","EC_0185.jpg"
"11275",0.023127238,7.3423,"62c7830513530edb0d70a548","EC_0249.jpg"
"11276",0,2.9516,"62c7830513530edb0d70a548","EC_0027.jpg"
"11277",2.903609212,3.5048,"62c7830513530edb0d70a548","EC_0138.png"
"11278",0.590161811,3.0223,"62c7830513530edb0d70a548","EC_0235.jpg"
"11279",0.317224799,2.606,"62c7830513530edb0d70a548","EC_0015.jpg"
"11280",9.115926107,2.7549,"62c7830513530edb0d70a548","EC_0133.jpg"
"11281",0.480867174,3.3391,"62c7830513530edb0d70a548","EC_0011.jpg"
"11282",0.071240573,4.817,"62c7830513530edb0d70a548","EC_0162.jpg"
"11283",9.35413954,2.8669,"62c7830513530edb0d70a548","EC_0120.jpg"
"11284",8.553321669,2.5381,"62c7830513530edb0d70a548","EC_0089.jpg"
"11285",4.961825901,5.3389,"62c7830513530edb0d70a548","EC_0131.jpg"
"11286",2.364311388,2.5667,"62c7830513530edb0d70a548","EC_0240.jpg"
"11287",0.046071031,3.3222,"62c7830513530edb0d70a548","EC_0243.jpg"
"11288",8.827129449,3.1516,"62c7830513530edb0d70a548","EC_0037.jpg"
"11289",9.930570475,2.9774,"62c7830513530edb0d70a548","EC_0092.jpg"
"11290",0.139323934,3.0183,"62c7830513530edb0d70a548","EC_0174.jpg"
"11291",3.58294203,3.1567,"62c7830513530edb0d70a548","EC_0207.jpg"
"11292",10,3.8381,"62c7830513530edb0d70a548","EC_0106.jpg"
"11293",8.930856662,3.7857,"62c7830513530edb0d70a548","EC_0214.jpg"
"11294",0.179437934,3.4898,"62c7830513530edb0d70a548","EC_0166.jpg"
"11295",0.03132053,3.0674,"62c7830513530edb0d70a548","EC_0200.png"
"11296",0.118847995,6.0837,"62c7830513530edb0d70a548","EC_0204.jpg"
"11297",9.934583876,5.8033,"62c7830513530edb0d70a548","EC_0094.jpg"
"11298",7.600242784,3.5935,"62c7830513530edb0d70a548","EC_0241.jpg"
"11299",4.459422472,7.9011,"62c7830513530edb0d70a548","EC_0205.jpg"
"11300",9.834661187,2.6369,"62c7830513530edb0d70a548","EC_0221.jpg"
"11301",3.161998834,4.5791,"62c7830513530edb0d70a548","EC_0072.jpg"
"11302",0.079906209,4.0729,"62c7830513530edb0d70a548","EC_0193.png"
"11303",8.686002604,2.7559,"62c7830513530edb0d70a548","EC_0020.jpg"
"11304",8.919406467,3.2557,"62c7830513530edb0d70a548","EC_0139.png"
"11305",9.687483724,2.3888,"62c7830513530edb0d70a548","EC_0169.png"
"11306",9.975398763,2.9227,"62c7830513530edb0d70a548","EC_0117.jpg"
"11307",0.04149136,3.4504,"62c7830513530edb0d70a548","EC_0194.jpg"
"11308",8.016771783,3.0697,"62c7830513530edb0d70a548","EC_0206.png"
"11309",2.056177436,4.1377,"62c7830513530edb0d70a548","EC_0044.jpg"
"11310",0,4.6382,"62c7830513530edb0d70a548","EC_0049.jpg"
"11311",0,6.0047,"62c7830513530edb0d70a548","EC_0183.jpg"
"11312",2.971080865,4.4223,"62c7830513530edb0d70a548","EC_0090.jpg"
"11313",0.066236708,4.2172,"62c7830513530edb0d70a548","EC_0083.jpg"
"11314",0,7.8513,"62c7830513530edb0d70a548","EC_0181.jpg"
"11315",6.093882243,3.4189,"62c7830513530edb0d70a548","EC_0003.jpg"
"11316",4.706515842,3.5299,"62c7830513530edb0d70a548","EC_0250.jpg"
"11317",7.168937174,2.966,"62c7830513530edb0d70a548","EC_0196.jpg"
"11318",0.057798598,2.9772,"62c7830513530edb0d70a548","EC_0086.jpg"
"11319",4.70604994,3.1491,"62c7830513530edb0d70a548","EC_0079.jpg"
"11320",8.18302002,2.747,"62c7830513530edb0d70a548","EC_0154.jpg"
"11321",0.057766045,3.0335,"62c7830513530edb0d70a548","EC_0233.jpg"
"11322",6.811277262,3.1376,"62c7830513530edb0d70a548","EC_0124.jpeg"
"11323",8.166074626,5.5194,"62c7830513530edb0d70a548","EC_0100.jpg"
"11324",9.919467502,3.1385,"62c7830513530edb0d70a548","EC_0111.jpg"
"11325",7.031024848,3.721,"62c7830513530edb0d70a548","EC_0171.jpg"
"11326",0.14626024,4.0731,"62c7830513530edb0d70a548","EC_0182.jpg"
"11327",0.010631646,3.0637,"62c7830513530edb0d70a548","EC_0203.jpg"
"11328",8.962627496,3.2714,"62c7830513530edb0d70a548","EC_0095.jpg"
"11329",0.914139472,3.079,"62c7830513530edb0d70a548","EC_0012.jpg"
"11330",0.081080458,2.4022,"62c7830513530edb0d70a548","EC_0102.jpg"
"11331",0.68380466,2.8713,"62c7830513530edb0d70a548","EC_0209.jpg"
"11332",0.152229479,2.8177,"62c7830513530edb0d70a548","EC_0151.jpg"
"11333",6.120946587,2.9188,"62c7830513530edb0d70a548","EC_0237.jpg"
"11334",9.957130263,2.4886,"62c7830513530edb0d70a548","EC_0195.jpg"
"11335",9.792519803,2.6048,"62c7830513530edb0d70a548","EC_0247.jpg"
"11336",6.324872504,2.705,"62c7830513530edb0d70a548","EC_0163.jpg"
"11337",0.290527005,3.2336,"62c7830513530edb0d70a548","EC_0165.jpg"
"11338",0.044754028,3.6839,"62c7830513530edb0d70a548","EC_0109.jpg"
"11339",0.044754028,2.122,"62c7830513530edb0d70a548","EC_0064.jpg"
"11340",9.940345595,3.264,"62c7830513530edb0d70a548","EC_0059.jpg"
"11341",9.379629912,6.7893,"62c84b75835be6f44f99acd1","EC_0055.jpg"
"11342",6.444444303,4.8374,"62c84b75835be6f44f99acd1","EC_0012.jpg"
"11343",4.425926208,10.7648,"62c84b75835be6f44f99acd1","EC_0024.jpg"
"11344",6.287037178,5.6493,"62c84b75835be6f44f99acd1","EC_0206.png"
"11345",8.546296579,3.7243,"62c84b75835be6f44f99acd1","EC_0090.jpg"
"11346",7.296296579,7.9855,"62c84b75835be6f44f99acd1","EC_0076.jpg"
"11347",9.453704269,3.2533,"62c84b75835be6f44f99acd1","EC_0060.jpg"
"11348",7.481481764,5.7903,"62c84b75835be6f44f99acd1","EC_0105.jpg"
"11349",9.388889737,2.787,"62c84b75835be6f44f99acd1","EC_0085.jpg"
"11350",8.40740769,4.6724,"62c84b75835be6f44f99acd1","EC_0234.jpg"
"11351",6.370370653,4.9305,"62c84b75835be6f44f99acd1","EC_0001.jpg"
"11352",8.546296579,3.3048,"62c84b75835be6f44f99acd1","EC_0151.jpg"
"11353",6.62037037,3.4748,"62c84b75835be6f44f99acd1","EC_0165.jpg"
"11354",4.370370794,4.1745,"62c84b75835be6f44f99acd1","EC_0154.jpg"
"11355",7.472222646,4.201,"62c84b75835be6f44f99acd1","EC_0245.jpg"
"11356",9.425926208,3.4247,"62c84b75835be6f44f99acd1","EC_0157.jpg"
"11357",9.425926208,3.1187,"62c84b75835be6f44f99acd1","EC_0181.jpg"
"11358",8.6018527,4.0222,"62c84b75835be6f44f99acd1","EC_0138.png"
"11359",5.564814674,6.4489,"62c84b75835be6f44f99acd1","EC_0013.jpg"
"11360",8.37962963,3.5755,"62c84b75835be6f44f99acd1","EC_0233.jpg"
"11361",9.444444444,2.7249,"62c84b75835be6f44f99acd1","EC_0149.jpg"
"11362",9.444444444,4.188,"62c84b75835be6f44f99acd1","EC_0187.jpeg"
"11363",8.06481538,8.7009,"62c84b75835be6f44f99acd1","EC_0124.jpeg"
"11364",8.444444162,3.3411,"62c84b75835be6f44f99acd1","EC_0061.jpg"
"11365",7.444444586,5.7806,"62c84b75835be6f44f99acd1","EC_0086.jpg"
"11366",6.444444303,3.5984,"62c84b75835be6f44f99acd1","EC_0048.jpg"
"11367",9.46296268,3.1579,"62c84b75835be6f44f99acd1","EC_0188.jpg"
"11368",9.46296268,3.256,"62c84b75835be6f44f99acd1","EC_0087.jpg"
"11369",9.453704269,2.4566,"62c84b75835be6f44f99acd1","EC_0193.png"
"11370",7.583333475,4.881,"62c84b75835be6f44f99acd1","EC_0074.jpg"
"11371",3.444444868,3.4991,"62c84b75835be6f44f99acd1","EC_0244.jpg"
"11372",8.462963811,7.0237,"62c84b75835be6f44f99acd1","EC_0247.jpg"
"11373",8.472222222,3.1106,"62c84b75835be6f44f99acd1","EC_0069.jpg"
"11374",6.416666949,4.6473,"62c84b75835be6f44f99acd1","EC_0097.jpg"
"11375",7.444444586,3.1731,"62c84b75835be6f44f99acd1","EC_0029.jpg"
"11376",7.907407549,3.357,"62c84b75835be6f44f99acd1","EC_0246.jpg"
"11377",9.453704269,3.3119,"62c84b75835be6f44f99acd1","EC_0207.jpg"
"11378",8.962963246,5.6799,"62c84b75835be6f44f99acd1","EC_0030.jpg"
"11379",7.490740882,3.5909,"62c84b75835be6f44f99acd1","EC_0077.jpg"
"11380",6.425926067,2.9747,"62c84b75835be6f44f99acd1","EC_0047.jpg"
"11381",6.472222364,3.5307,"62c84b75835be6f44f99acd1","EC_0027.jpg"
"11382",8.962963246,3.0269,"62c84b75835be6f44f99acd1","EC_0100.jpg"
"11383",9.518518801,3.258,"62c84b75835be6f44f99acd1","EC_0065.jpg"
"11384",7.370370229,3.8034,"62c84b75835be6f44f99acd1","EC_0113.jpg"
"11385",8.500000283,2.6097,"62c84b75835be6f44f99acd1","EC_0180.jpg"
"11386",9.97222194,3.4743,"62c84b75835be6f44f99acd1","EC_0083.jpg"
"11387",7.944444727,3.9308,"62c84b75835be6f44f99acd1","EC_0084.jpg"
"11388",8.000000848,3.0934,"62c84b75835be6f44f99acd1","EC_0020.jpg"
"11389",2.462962822,3.9928,"62c84b75835be6f44f99acd1","EC_0128.jpeg"
"11390",6.564814956,3.6958,"62c84b75835be6f44f99acd1","EC_0092.jpg"
"11391",7.981481199,5.0207,"62c84b75835be6f44f99acd1","EC_0046.jpg"
"11392",9.425926208,3.0421,"62c84b75835be6f44f99acd1","EC_0119.jpg"
"11393",7.972222787,4.3324,"62c84b75835be6f44f99acd1","EC_0079.jpg"
"11394",4.527777919,5.4199,"62c84b75835be6f44f99acd1","EC_0185.jpg"
"11395",2.379630053,3.81,"62c84b75835be6f44f99acd1","EC_0173.jpg"
"11396",8.500000283,3.4096,"62c84b75835be6f44f99acd1","EC_0019.jpg"
"11397",9.472222505,3.0397,"62c84b75835be6f44f99acd1","EC_0167.jpg"
"11398",0.555555556,3.7455,"62c84b75835be6f44f99acd1","EC_0005.jpg"
"11399",7.555555414,3.0225,"62c84b75835be6f44f99acd1","EC_0174.jpg"
"11400",9.555555273,5.1564,"62c84b75835be6f44f99acd1","EC_0199.jpg"
"11401",8.500000283,4.3315,"62c84b75835be6f44f99acd1","EC_0202.jpg"
"11402",6.592593016,3.3245,"62c84b75835be6f44f99acd1","EC_0162.jpg"
"11403",9.861111111,4.109,"62c84b75835be6f44f99acd1","EC_0123.jpeg"
"11404",4.444444444,6.7892,"62c84b75835be6f44f99acd1","EC_0237.jpg"
"11405",7.490740882,4.9967,"62c84b75835be6f44f99acd1","EC_0121.jpg"
"11406",8.388889454,2.8087,"62c84b75835be6f44f99acd1","EC_0235.jpg"
"11407",6.472222364,3.9143,"62c84b75835be6f44f99acd1","EC_0160.jpg"
"11408",5.972222222,4.5412,"62c84b75835be6f44f99acd1","EC_0198.jpg"
"11409",5.490741023,4.5254,"62c84b75835be6f44f99acd1","EC_0116.jpg"
"11410",7.972222787,4.5839,"62c84b75835be6f44f99acd1","EC_0170.jpg"
"11411",8.925926774,5.7315,"62c84b75835be6f44f99acd1","EC_0102.jpg"
"11412",9.46296268,5.6894,"62c84b75835be6f44f99acd1","EC_0200.png"
"11413",2.490740882,4.3696,"62c84b75835be6f44f99acd1","EC_0059.jpg"
"11414",7.962962963,3.6568,"62c84b75835be6f44f99acd1","EC_0223.jpg"
"11415",8.083333616,4.0895,"62c84b75835be6f44f99acd1","EC_0040.jpg"
"11416",6.490740599,5.6482,"62c84b75835be6f44f99acd1","EC_0073.jpg"
"11417",7.981481199,4.58,"62c84b75835be6f44f99acd1","EC_0081.jpg"
"11418",0.953703633,4.3963,"62c84b75835be6f44f99acd1","EC_0147.png"
"11419",7.52777806,3.5618,"62c84b75835be6f44f99acd1","EC_0034.jpg"
"11420",9.518518801,3.4754,"62c84b75835be6f44f99acd1","EC_0054.jpg"
"11421",8.388889454,5.1813,"62c84b75835be6f44f99acd1","EC_0183.jpg"
"11422",6.435185185,5.9412,"62c84b75835be6f44f99acd1","EC_0250.jpg"
"11423",8.583333051,4.4537,"62c84b75835be6f44f99acd1","EC_0088.jpg"
"11424",6.055555697,4.458,"62c84b75835be6f44f99acd1","EC_0132.jpg"
"11425",3.861111535,3.8488,"62c84b75835be6f44f99acd1","EC_0210.jpg"
"11426",6.027777636,4.9789,"62c84b75835be6f44f99acd1","EC_0015.jpg"
"11427",8.018519084,7.9342,"62c84b75835be6f44f99acd1","EC_0156.jpg"
"11428",8.009259259,3.4049,"62c84b75835be6f44f99acd1","EC_0238.jpg"
"11429",9.398148148,6.133,"62c84b75835be6f44f99acd1","EC_0002.jpg"
"11430",6.027777636,4.0173,"62c84b75835be6f44f99acd1","EC_0071.jpg"
"11431",8.962963246,3.4348,"62c84b75835be6f44f99acd1","EC_0117.jpg"
"11432",6.51851866,4.2089,"62c84b75835be6f44f99acd1","EC_0028.jpg"
"11433",8.935185185,3.7242,"62c84b75835be6f44f99acd1","EC_0120.jpg"
"11434",9.925925643,5.6373,"62c84b75835be6f44f99acd1","EC_0050.jpg"
"11435",2.879629488,3.7585,"62c84b75835be6f44f99acd1","EC_0214.jpg"
"11436",4.462963387,5.1855,"62c84b75835be6f44f99acd1","EC_0111.jpg"
"11437",8.490740458,4.242,"62c84b75835be6f44f99acd1","EC_0236.jpg"
"11438",6.009259401,2.7257,"62c84b75835be6f44f99acd1","EC_0153.jpg"
"11439",4.962962822,2.6312,"62c84b75835be6f44f99acd1","EC_0203.jpg"
"11440",4.981481764,4.3222,"62c84b75835be6f44f99acd1","EC_0003.jpg"
"11441",7.370370229,3.5326,"62c84b75835be6f44f99acd1","EC_0057.jpeg"
"11442",3.314815097,4.7997,"62c84b75835be6f44f99acd1","EC_0164.jpg"
"11443",7.42592635,4.0095,"62c84b75835be6f44f99acd1","EC_0008.jpg"
"11444",8.009259259,4.362,"62c84b75835be6f44f99acd1","EC_0248.jpg"
"11445",7.916666667,6.2992,"62c84b75835be6f44f99acd1","EC_0007.jpg"
"11446",7.361111111,3.1764,"62c84b75835be6f44f99acd1","EC_0070.jpg"
"11447",1.490740953,4.4892,"62c84b75835be6f44f99acd1","EC_0148.jpg"
"11448",8.564814815,4.2081,"62c84b75835be6f44f99acd1","EC_0109.jpg"
"11449",9.472222505,5.9994,"62c84b75835be6f44f99acd1","EC_0134.jpg"
"11450",7.481481764,5.0748,"62c84b75835be6f44f99acd1","EC_0242.jpg"
"11451",4.490740741,3.073,"62c84b75835be6f44f99acd1","EC_0211.jpg"
"11452",1.39814836,3.7651,"62c84b75835be6f44f99acd1","EC_0204.jpg"
"11453",8.444444162,3.9572,"62c84b75835be6f44f99acd1","EC_0137.jpg"
"11454",6.490740599,7.9579,"62c84b75835be6f44f99acd1","EC_0062.jpg"
"11455",7.453703704,5.8055,"62c84b75835be6f44f99acd1","EC_0140.jpg"
"11456",0.472222434,4.5665,"62c84b75835be6f44f99acd1","EC_0033.jpeg"
"11457",2.42592635,4.6567,"62c84b75835be6f44f99acd1","EC_0241.jpg"
"11458",3.555555697,4.1065,"62c84b75835be6f44f99acd1","EC_0152.jpg"
"11459",3.462963104,4.7149,"62c84b75835be6f44f99acd1","EC_0226.jpg"
"11460",5.527778202,4.7689,"62c84b75835be6f44f99acd1","EC_0158.jpg"
"11461",0.38888896,3.9949,"62c84b75835be6f44f99acd1","EC_0094.jpg"
"11462",9.472222505,4.6281,"62c84b75835be6f44f99acd1","EC_0031.jpg"
"11463",5.416666667,3.3066,"62c84b75835be6f44f99acd1","EC_0172.jpg"
"11464",9.435186033,3.6486,"62c84b75835be6f44f99acd1","EC_0099.jpg"
"11465",7.962962963,3.4947,"62c84b75835be6f44f99acd1","EC_0197.jpg"
"11466",8.416667514,5.7224,"62c84b75835be6f44f99acd1","EC_0098.jpg"
"11467",2.52777806,3.8635,"62c84b75835be6f44f99acd1","EC_0161.jpg"
"11468",6.481481481,6.7787,"62c84b75835be6f44f99acd1","EC_0219.jpg"
"11469",7.018518801,6.1048,"62c84b75835be6f44f99acd1","EC_0142.jpg"
"11470",3.444444868,4.0791,"62c84b75835be6f44f99acd1","EC_0222.jpg"
"11471",9.018519366,4.4638,"62c84b75835be6f44f99acd1","EC_0133.jpg"
"11472",9.981481764,3.3597,"62c84b75835be6f44f99acd1","EC_0075.jpg"
"11473",5.944444868,5.0427,"62c84b75835be6f44f99acd1","EC_0044.jpg"
"11474",8.462963811,3.4092,"62c84b75835be6f44f99acd1","EC_0159.jpg"
"11475",6.444444303,6.6231,"62c84b75835be6f44f99acd1","EC_0168.jpeg"
"11476",8.94444501,4.9272,"62c84b75835be6f44f99acd1","EC_0230.jpg"
"11477",0.425926138,17.3284,"62c84b75835be6f44f99acd1","EC_0249.jpg"
"11478",1.453703774,3.7551,"62c84b75835be6f44f99acd1","EC_0195.jpg"
"11479",7.546296296,5.8782,"62c84b75835be6f44f99acd1","EC_0125.jpeg"
"11480",5.629629912,4.6787,"62c84b75835be6f44f99acd1","EC_0150.jpg"
"11481",7.620370653,3.8469,"62c84b75835be6f44f99acd1","EC_0093.jpg"
"11482",8.97222307,3.44,"62c84b75835be6f44f99acd1","EC_0063.jpg"
"11483",7.962962963,5.5284,"62c84b75835be6f44f99acd1","EC_0239.jpg"
"11484",6.953703562,5.7365,"62c84b75835be6f44f99acd1","EC_0201.jpg"
"11485",7.972222787,3.2727,"62c84b75835be6f44f99acd1","EC_0022.jpg"
"11486",6.962963387,4.2743,"62c84b75835be6f44f99acd1","EC_0169.png"
"11487",3.981481481,3.6032,"62c84b75835be6f44f99acd1","EC_0240.jpg"
"11488",8.953703421,4.4651,"62c84b75835be6f44f99acd1","EC_0032.jpg"
"11489",1.018518519,3.7591,"62c84b75835be6f44f99acd1","EC_0038.jpg"
"11490",5.953703986,4.4815,"62c84b75835be6f44f99acd1","EC_0037.jpg"
"11491",8.009259259,3.2815,"62c84b75835be6f44f99acd1","EC_0014.jpg"
"11492",5,3.0063,"62c84b75835be6f44f99acd1","EC_0171.jpg"
"11493",3.972222364,3.1874,"62c84b75835be6f44f99acd1","EC_0041.jpg"
"11494",4.462963387,4.0327,"62c84b75835be6f44f99acd1","EC_0131.jpg"
"11495",6.509259542,3.4421,"62c84b75835be6f44f99acd1","EC_0166.jpg"
"11496",0.527777848,4.9183,"62c84b75835be6f44f99acd1","EC_0058.jpg"
"11497",7.953703845,3.6735,"62c84b75835be6f44f99acd1","EC_0036.jpeg"
"11498",7.037037037,3.2334,"62c84b75835be6f44f99acd1","EC_0205.jpg"
"11499",7.435185468,4.1083,"62c84b75835be6f44f99acd1","EC_0039.jpg"
"11500",7.416666525,4.7277,"62c84b75835be6f44f99acd1","EC_0135.jpg"
"11501",5.472222081,4.4711,"62c84b75835be6f44f99acd1","EC_0243.jpg"
"11502",9.407407973,3.4587,"62c84b75835be6f44f99acd1","EC_0163.jpg"
"11503",8.537036754,4.1217,"62c84b75835be6f44f99acd1","EC_0018.jpg"
"11504",4.972222646,3.8591,"62c84b75835be6f44f99acd1","EC_0231.jpg"
"11505",4.953703704,2.5423,"62c84b75835be6f44f99acd1","EC_0176.jpg"
"11506",4.462963387,5.9401,"62c84b75835be6f44f99acd1","EC_0011.jpg"
"11507",6.453704128,4.171,"62c84b75835be6f44f99acd1","EC_0232.jpg"
"11508",9.398148148,3.823,"62c84b75835be6f44f99acd1","EC_0009.jpg"
"11509",7.42592635,3.7058,"62c84b75835be6f44f99acd1","EC_0082.jpg"
"11510",0.37037037,6.037,"62c84b75835be6f44f99acd1","EC_0095.jpg"
"11511",6.944444444,5.3666,"62c84b75835be6f44f99acd1","EC_0101.jpg"
"11512",7.981481199,3.3784,"62c84b75835be6f44f99acd1","EC_0108.jpg"
"11513",8.03703732,2.5646,"62c84b75835be6f44f99acd1","EC_0106.jpg"
"11514",5.944444868,3.9061,"62c84b75835be6f44f99acd1","EC_0224.jpg"
"11515",7.953703845,3.9324,"62c84b75835be6f44f99acd1","EC_0089.jpg"
"11516",1.666666667,4.9963,"62c84b75835be6f44f99acd1","EC_0056.jpg"
"11517",3.425925926,4.9839,"62c84b75835be6f44f99acd1","EC_0053.jpg"
"11518",7.407407407,4.6469,"62c84b75835be6f44f99acd1","EC_0213.jpg"
"11519",8.500000283,10.7021,"62c84b75835be6f44f99acd1","EC_0080.jpg"
"11520",9.527778625,3.569,"62c84b75835be6f44f99acd1","EC_0103.jpg"
"11521",8.000000848,4.372,"62c84b75835be6f44f99acd1","EC_0096.jpg"
"11522",6.990740741,3.5063,"62c84b75835be6f44f99acd1","EC_0136.jpg"
"11523",4.990740882,2.8699,"62c84b75835be6f44f99acd1","EC_0049.jpg"
"11524",8.981481481,3.6591,"62c84b75835be6f44f99acd1","EC_0104.jpg"
"11525",4.953703704,3.6449,"62c84b75835be6f44f99acd1","EC_0139.png"
"11526",4.972222646,9.4793,"62c84b75835be6f44f99acd1","EC_0042.jpg"
"11527",4.36111097,5.2729,"62c84b75835be6f44f99acd1","EC_0196.jpg"
"11528",8.537036754,4.911,"62c84b75835be6f44f99acd1","EC_0072.jpg"
"11529",2.972222081,3.1059,"62c84b75835be6f44f99acd1","EC_0017.jpg"
"11530",7.453703704,3.1634,"62c84b75835be6f44f99acd1","EC_0194.jpg"
"11531",7.444444586,3.1583,"62c84b75835be6f44f99acd1","EC_0182.jpg"
"11532",7.925925785,3.6776,"62c84b75835be6f44f99acd1","EC_0118.jpg"
"11533",4.499999859,4.1121,"62c84b75835be6f44f99acd1","EC_0221.jpg"
"11534",7.481481764,3.8107,"62c84b75835be6f44f99acd1","EC_0228.jpg"
"11535",8.94444501,2.7073,"62c84b75835be6f44f99acd1","EC_0010.jpg"
"11536",8.018519084,3.2231,"62c84b75835be6f44f99acd1","EC_0209.jpg"
"11537",3.453703986,8.3183,"62c84b75835be6f44f99acd1","EC_0129.jpeg"
"11538",3.592592875,4.0841,"62c84b75835be6f44f99acd1","EC_0006.jpg"
"11539",0.555555556,3.6559,"62c84b75835be6f44f99acd1","EC_0067.jpg"
"11540",8.537036754,4.7288,"62c84b75835be6f44f99acd1","EC_0066.jpg"
"11541",9.018519366,3.6515,"62c84b75835be6f44f99acd1","EC_0177.jpg"
"11542",6.944444444,2.9548,"62c84b75835be6f44f99acd1","EC_0068.jpg"
"11543",7.981481199,3.5673,"62c84b75835be6f44f99acd1","EC_0051.jpg"
"11544",4.962962822,4.019,"62c84b75835be6f44f99acd1","EC_0064.jpg"
"11545",8.999999717,4.1642,"62c84b75835be6f44f99acd1","EC_0016.jpg"
"11546",7.546296296,3.1024,"62c84b75835be6f44f99acd1","EC_0141.jpg"
"11547",0.462962963,4.7064,"62c84b75835be6f44f99acd1","EC_0184.jpg"
"11548",8.009259259,4.1719,"62c84b75835be6f44f99acd1","EC_0227.jpg"
"11549",8.009259259,3.3012,"62c84b75835be6f44f99acd1","EC_0229.jpg"
"11550",5.953703986,3.5297,"62c84b75835be6f44f99acd1","EC_0115.jpg"
"11551",7.933333333,5.48,"62c8d159937c939dd4d139e3","EC_0086.jpg"
"11552",4.966666667,5.378,"62c8d159937c939dd4d139e3","EC_0109.jpg"
"11553",7.944444444,5.779,"62c8d159937c939dd4d139e3","EC_0042.jpg"
"11554",7.922222222,5.639,"62c8d159937c939dd4d139e3","EC_0087.jpg"
"11555",0.922222222,6.025,"62c8d159937c939dd4d139e3","EC_0054.jpg"
"11556",8.944444444,5.776,"62c8d159937c939dd4d139e3","EC_0116.jpg"
"11557",6.988888889,5.809,"62c8d159937c939dd4d139e3","EC_0183.jpg"
"11558",8.944444444,10.863,"62c8d159937c939dd4d139e3","EC_0105.jpg"
"11559",7.933333333,5.504,"62c8d159937c939dd4d139e3","EC_0022.jpg"
"11560",8.977777778,4.741,"62c8d159937c939dd4d139e3","EC_0213.jpg"
"11561",8.988888889,4.948,"62c8d159937c939dd4d139e3","EC_0234.jpg"
"11562",8.966666667,5.702,"62c8d159937c939dd4d139e3","EC_0141.jpg"
"11563",9.944444444,9.998,"62c8d159937c939dd4d139e3","EC_0096.jpg"
"11564",9.922222222,7.205,"62c8d159937c939dd4d139e3","EC_0068.jpg"
"11565",8.955555556,7.207,"62c8d159937c939dd4d139e3","EC_0221.jpg"
"11566",9.977777778,5.41,"62c8d159937c939dd4d139e3","EC_0188.jpg"
"11567",9.977777778,4.939,"62c8d159937c939dd4d139e3","EC_0048.jpg"
"11568",8.922222222,6.179,"62c8d159937c939dd4d139e3","EC_0196.jpg"
"11569",6.944444444,5.246,"62c8d159937c939dd4d139e3","EC_0161.jpg"
"11570",9.933333333,5.974,"62c8d159937c939dd4d139e3","EC_0083.jpg"
"11571",9.933333333,4.245,"62c8d159937c939dd4d139e3","EC_0209.jpg"
"11572",8.944444444,17.279,"62c8d159937c939dd4d139e3","EC_0131.jpg"
"11573",9.988888889,7.672,"62c8d159937c939dd4d139e3","EC_0201.jpg"
"11574",9.911111111,7.173,"62c8d159937c939dd4d139e3","EC_0072.jpg"
"11575",9.933333333,5.71,"62c8d159937c939dd4d139e3","EC_0108.jpg"
"11576",9.933333333,3.543,"62c8d159937c939dd4d139e3","EC_0168.jpeg"
"11577",8.944444444,5.376,"62c8d159937c939dd4d139e3","EC_0046.jpg"
"11578",9.933333333,4.074,"62c8d159937c939dd4d139e3","EC_0061.jpg"
"11579",9.933333333,39.164,"62c8d159937c939dd4d139e3","EC_0117.jpg"
"11580",9.955555556,8.802,"62c8d159937c939dd4d139e3","EC_0244.jpg"
"11581",9.955555556,3.578,"62c8d159937c939dd4d139e3","EC_0032.jpg"
"11582",9.955555556,4.979,"62c8d159937c939dd4d139e3","EC_0250.jpg"
"11583",9.944444444,4.011,"62c8d159937c939dd4d139e3","EC_0226.jpg"
"11584",9.944444444,3.249,"62c8d159937c939dd4d139e3","EC_0160.jpg"
"11585",8.9,7.469,"62c8d159937c939dd4d139e3","EC_0069.jpg"
"11586",8.922222222,5.344,"62c8d159937c939dd4d139e3","EC_0151.jpg"
"11587",7.9,4.409,"62c8d159937c939dd4d139e3","EC_0198.jpg"
"11588",8.944444444,5.611,"62c8d159937c939dd4d139e3","EC_0165.jpg"
"11589",8.977777778,42.09,"62c8d159937c939dd4d139e3","EC_0067.jpg"
"11590",8.977777778,3.388,"62c8d159937c939dd4d139e3","EC_0101.jpg"
"11591",9.944444444,9.037,"62c8d159937c939dd4d139e3","EC_0159.jpg"
"11592",9.455555556,7.833,"62c8d159937c939dd4d139e3","EC_0176.jpg"
"11593",9.644444444,4.176,"62c8d159937c939dd4d139e3","EC_0240.jpg"
"11594",9.966666667,4.872,"62c8d159937c939dd4d139e3","EC_0167.jpg"
"11595",9.766666667,4.346,"62c8d159937c939dd4d139e3","EC_0075.jpg"
"11596",9.933333333,17.481,"62c8d159937c939dd4d139e3","EC_0132.jpg"
"11597",9.566666667,14.855,"62c8d159937c939dd4d139e3","EC_0180.jpg"
"11598",9.8,4.015,"62c8d159937c939dd4d139e3","EC_0049.jpg"
"11599",9.933333333,5.838,"62c8d159937c939dd4d139e3","EC_0008.jpg"
"11600",8.966666667,4.074,"62c8d159937c939dd4d139e3","EC_0248.jpg"
"11601",1.966666667,5.311,"62c8d159937c939dd4d139e3","EC_0187.jpeg"
"11602",1.955555556,4.207,"62c8d159937c939dd4d139e3","EC_0233.jpg"
"11603",6.944444444,15.955,"62c8d159937c939dd4d139e3","EC_0242.jpg"
"11604",9.944444444,8.869,"62c8d159937c939dd4d139e3","EC_0102.jpg"
"11605",5.966666667,5.244,"62c8d159937c939dd4d139e3","EC_0202.jpg"
"11606",8.955555556,4.706,"62c8d159937c939dd4d139e3","EC_0031.jpg"
"11607",6.988888889,5.112,"62c8d159937c939dd4d139e3","EC_0003.jpg"
"11608",8.955555556,5.212,"62c8d159937c939dd4d139e3","EC_0121.jpg"
"11609",8.966666667,3.947,"62c8d159937c939dd4d139e3","EC_0062.jpg"
"11610",6.977777778,4.81,"62c8d159937c939dd4d139e3","EC_0227.jpg"
"11611",7.955555556,5.378,"62c8d159937c939dd4d139e3","EC_0182.jpg"
"11612",2,4.581,"62c8d159937c939dd4d139e3","EC_0053.jpg"
"11613",8.944444444,4.681,"62c8d159937c939dd4d139e3","EC_0095.jpg"
"11614",7.966666667,5.805,"62c8d159937c939dd4d139e3","EC_0060.jpg"
"11615",8.966666667,6.41,"62c8d159937c939dd4d139e3","EC_0124.jpeg"
"11616",3.922222222,4.281,"62c8d159937c939dd4d139e3","EC_0210.jpg"
"11617",3.022222222,4.107,"62c8d159937c939dd4d139e3","EC_0090.jpg"
"11618",1.955555556,4.844,"62c8d159937c939dd4d139e3","EC_0147.png"
"11619",8.911111111,4.847,"62c8d159937c939dd4d139e3","EC_0203.jpg"
"11620",9.977777778,4.046,"62c8d159937c939dd4d139e3","EC_0098.jpg"
"11621",9.922222222,4.913,"62c8d159937c939dd4d139e3","EC_0135.jpg"
"11622",8.9,5.543,"62c8d159937c939dd4d139e3","EC_0200.png"
"11623",9.944444444,5.538,"62c8d159937c939dd4d139e3","EC_0074.jpg"
"11624",9.955555556,4.207,"62c8d159937c939dd4d139e3","EC_0081.jpg"
"11625",9.955555556,4.215,"62c8d159937c939dd4d139e3","EC_0030.jpg"
"11626",6.977777778,5.539,"62c8d159937c939dd4d139e3","EC_0232.jpg"
"11627",5.988888889,4.379,"62c8d159937c939dd4d139e3","EC_0245.jpg"
"11628",4.933333333,5.242,"62c8d159937c939dd4d139e3","EC_0097.jpg"
"11629",5.877777778,4.075,"62c8d159937c939dd4d139e3","EC_0019.jpg"
"11630",6.966666667,4.18,"62c8d159937c939dd4d139e3","EC_0197.jpg"
"11631",4.977777778,3.746,"62c8d159937c939dd4d139e3","EC_0011.jpg"
"11632",6.977777778,6.267,"62c8d159937c939dd4d139e3","EC_0111.jpg"
"11633",9.977777778,3.92,"62c8d159937c939dd4d139e3","EC_0073.jpg"
"11634",7.944444444,4.741,"62c8d159937c939dd4d139e3","EC_0156.jpg"
"11635",5.888888889,4.608,"62c8d159937c939dd4d139e3","EC_0184.jpg"
"11636",6.888888889,9.223,"62c8d159937c939dd4d139e3","EC_0015.jpg"
"11637",4.988888889,4.409,"62c8d159937c939dd4d139e3","EC_0148.jpg"
"11638",9.888888889,4.453,"62c8d159937c939dd4d139e3","EC_0093.jpg"
"11639",9.888888889,3.648,"62c8d159937c939dd4d139e3","EC_0170.jpg"
"11640",9.888888889,3.849,"62c8d159937c939dd4d139e3","EC_0229.jpg"
"11641",5.988888889,8.741,"62c8d159937c939dd4d139e3","EC_0106.jpg"
"11642",5.988888889,3.316,"62c8d159937c939dd4d139e3","EC_0020.jpg"
"11643",7.988888889,6.203,"62c8d159937c939dd4d139e3","EC_0246.jpg"
"11644",7.055555556,3.776,"62c8d159937c939dd4d139e3","EC_0006.jpg"
"11645",9.944444444,4.252,"62c8d159937c939dd4d139e3","EC_0057.jpeg"
"11646",9.944444444,2.889,"62c8d159937c939dd4d139e3","EC_0162.jpg"
"11647",9.944444444,2.987,"62c8d159937c939dd4d139e3","EC_0100.jpg"
"11648",9.944444444,3.642,"62c8d159937c939dd4d139e3","EC_0133.jpg"
"11649",9.944444444,3.11,"62c8d159937c939dd4d139e3","EC_0079.jpg"
"11650",9.944444444,3.048,"62c8d159937c939dd4d139e3","EC_0024.jpg"
"11651",7,5.039,"62c8d159937c939dd4d139e3","EC_0070.jpg"
"11652",8.955555556,4.015,"62c8d159937c939dd4d139e3","EC_0099.jpg"
"11653",8.955555556,3.018,"62c8d159937c939dd4d139e3","EC_0163.jpg"
"11654",2.933333333,4.481,"62c8d159937c939dd4d139e3","EC_0088.jpg"
"11655",8.966666667,4.578,"62c8d159937c939dd4d139e3","EC_0009.jpg"
"11656",7.922222222,10.563,"62c8d159937c939dd4d139e3","EC_0071.jpg"
"11657",5.022222222,4.48,"62c8d159937c939dd4d139e3","EC_0059.jpg"
"11658",3.944444444,8.008,"62c8d159937c939dd4d139e3","EC_0028.jpg"
"11659",8,4.573,"62c8d159937c939dd4d139e3","EC_0005.jpg"
"11660",7.922222222,5.844,"62c8d159937c939dd4d139e3","EC_0158.jpg"
"11661",8.977777778,5.903,"62c8d159937c939dd4d139e3","EC_0223.jpg"
"11662",8.922222222,3.248,"62c8d159937c939dd4d139e3","EC_0050.jpg"
"11663",8.922222222,4.577,"62c8d159937c939dd4d139e3","EC_0239.jpg"
"11664",9.944444444,6.909,"62c8d159937c939dd4d139e3","EC_0206.png"
"11665",9.944444444,2.784,"62c8d159937c939dd4d139e3","EC_0041.jpg"
"11666",7.944444444,4.773,"62c8d159937c939dd4d139e3","EC_0140.jpg"
"11667",6.966666667,17.548,"62c8d159937c939dd4d139e3","EC_0236.jpg"
"11668",7.911111111,3.348,"62c8d159937c939dd4d139e3","EC_0001.jpg"
"11669",8.9,4.446,"62c8d159937c939dd4d139e3","EC_0125.jpeg"
"11670",8.9,3.484,"62c8d159937c939dd4d139e3","EC_0010.jpg"
"11671",9.866666667,3.385,"62c8d159937c939dd4d139e3","EC_0016.jpg"
"11672",9.866666667,2.8,"62c8d159937c939dd4d139e3","EC_0085.jpg"
"11673",8,4.148,"62c8d159937c939dd4d139e3","EC_0237.jpg"
"11674",8.533333333,5.043,"62c8d159937c939dd4d139e3","EC_0154.jpg"
"11675",8.533333333,2.984,"62c8d159937c939dd4d139e3","EC_0249.jpg"
"11676",7.355555556,4.241,"62c8d159937c939dd4d139e3","EC_0065.jpg"
"11677",9.933333333,8.863,"62c8d159937c939dd4d139e3","EC_0056.jpg"
"11678",9.933333333,2.666,"62c8d159937c939dd4d139e3","EC_0123.jpeg"
"11679",9.933333333,2.52,"62c8d159937c939dd4d139e3","EC_0014.jpg"
"11680",9.933333333,2.817,"62c8d159937c939dd4d139e3","EC_0120.jpg"
"11681",9.933333333,2.98,"62c8d159937c939dd4d139e3","EC_0044.jpg"
"11682",8.044444444,3.315,"62c8d159937c939dd4d139e3","EC_0193.png"
"11683",7.022222222,5.031,"62c8d159937c939dd4d139e3","EC_0150.jpg"
"11684",7.9,4.082,"62c8d159937c939dd4d139e3","EC_0118.jpg"
"11685",7.9,2.479,"62c8d159937c939dd4d139e3","EC_0166.jpg"
"11686",7.9,2.879,"62c8d159937c939dd4d139e3","EC_0002.jpg"
"11687",9.266666667,4.276,"62c8d159937c939dd4d139e3","EC_0051.jpg"
"11688",9.266666667,2.952,"62c8d159937c939dd4d139e3","EC_0007.jpg"
"11689",9.266666667,3.083,"62c8d159937c939dd4d139e3","EC_0247.jpg"
"11690",6.533333333,3.481,"62c8d159937c939dd4d139e3","EC_0222.jpg"
"11691",7.533333333,3.775,"62c8d159937c939dd4d139e3","EC_0228.jpg"
"11692",8.4,7.836,"62c8d159937c939dd4d139e3","EC_0195.jpg"
"11693",8.944444444,3.581,"62c8d159937c939dd4d139e3","EC_0034.jpg"
"11694",9.9,3.321,"62c8d159937c939dd4d139e3","EC_0231.jpg"
"11695",9.488888889,4.112,"62c8d159937c939dd4d139e3","EC_0128.jpeg"
"11696",8.411111111,4.114,"62c8d159937c939dd4d139e3","EC_0199.jpg"
"11697",3.266666667,4.642,"62c8d159937c939dd4d139e3","EC_0012.jpg"
"11698",5.2,4.275,"62c8d159937c939dd4d139e3","EC_0169.png"
"11699",7.233333333,3.415,"62c8d159937c939dd4d139e3","EC_0138.png"
"11700",8.933333333,3.846,"62c8d159937c939dd4d139e3","EC_0207.jpg"
"11701",3.066666667,3.78,"62c8d159937c939dd4d139e3","EC_0055.jpg"
"11702",3.488888889,6.472,"62c8d159937c939dd4d139e3","EC_0134.jpg"
"11703",2.666666667,3.942,"62c8d159937c939dd4d139e3","EC_0036.jpeg"
"11704",4.5,4.284,"62c8d159937c939dd4d139e3","EC_0092.jpg"
"11705",6.522222222,6.146,"62c8d159937c939dd4d139e3","EC_0219.jpg"
"11706",7.877777778,4.844,"62c8d159937c939dd4d139e3","EC_0152.jpg"
"11707",9.911111111,3.811,"62c8d159937c939dd4d139e3","EC_0063.jpg"
"11708",9.911111111,2.986,"62c8d159937c939dd4d139e3","EC_0037.jpg"
"11709",8.988888889,37.195,"62c8d159937c939dd4d139e3","EC_0119.jpg"
"11710",8.977777778,9.067,"62c8d159937c939dd4d139e3","EC_0241.jpg"
"11711",9.922222222,4.217,"62c8d159937c939dd4d139e3","EC_0066.jpg"
"11712",9.922222222,2.916,"62c8d159937c939dd4d139e3","EC_0230.jpg"
"11713",9.922222222,3.279,"62c8d159937c939dd4d139e3","EC_0235.jpg"
"11714",7.955555556,4.799,"62c8d159937c939dd4d139e3","EC_0129.jpeg"
"11715",8.455555556,5.345,"62c8d159937c939dd4d139e3","EC_0224.jpg"
"11716",7.177777778,20.238,"62c8d159937c939dd4d139e3","EC_0080.jpg"
"11717",6.022222222,3.915,"62c8d159937c939dd4d139e3","EC_0157.jpg"
"11718",7.977777778,3.716,"62c8d159937c939dd4d139e3","EC_0094.jpg"
"11719",6.977777778,3.849,"62c8d159937c939dd4d139e3","EC_0064.jpg"
"11720",3.9,4.41,"62c8d159937c939dd4d139e3","EC_0194.jpg"
"11721",3.155555556,3.749,"62c8d159937c939dd4d139e3","EC_0204.jpg"
"11722",5.966666667,3.516,"62c8d159937c939dd4d139e3","EC_0174.jpg"
"11723",8.044444444,3.716,"62c8d159937c939dd4d139e3","EC_0139.png"
"11724",8.933333333,2.949,"62c8d159937c939dd4d139e3","EC_0017.jpg"
"11725",9.711111111,4.45,"62c8d159937c939dd4d139e3","EC_0243.jpg"
"11726",7.877777778,4.001,"62c8d159937c939dd4d139e3","EC_0027.jpg"
"11727",7.311111111,4.382,"62c8d159937c939dd4d139e3","EC_0171.jpg"
"11728",7.311111111,6.301,"62c8d159937c939dd4d139e3","EC_0238.jpg"
"11729",6.988888889,3.237,"62c8d159937c939dd4d139e3","EC_0018.jpg"
"11730",6.988888889,2.285,"62c8d159937c939dd4d139e3","EC_0214.jpg"
"11731",5.911111111,3.482,"62c8d159937c939dd4d139e3","EC_0029.jpg"
"11732",5.377777778,3.445,"62c8d159937c939dd4d139e3","EC_0013.jpg"
"11733",6.911111111,4.212,"62c8d159937c939dd4d139e3","EC_0113.jpg"
"11734",6.111111111,3.48,"62c8d159937c939dd4d139e3","EC_0205.jpg"
"11735",6.433333333,3.075,"62c8d159937c939dd4d139e3","EC_0181.jpg"
"11736",9.866666667,5.132,"62c8d159937c939dd4d139e3","EC_0137.jpg"
"11737",9.066666667,7.346,"62c8d159937c939dd4d139e3","EC_0082.jpg"
"11738",9.955555556,3.681,"62c8d159937c939dd4d139e3","EC_0077.jpg"
"11739",7.788888889,3.381,"62c8d159937c939dd4d139e3","EC_0185.jpg"
"11740",7.788888889,2.486,"62c8d159937c939dd4d139e3","EC_0115.jpg"
"11741",7.788888889,10.764,"62c8d159937c939dd4d139e3","EC_0173.jpg"
"11742",6.233333333,8.311,"62c8d159937c939dd4d139e3","EC_0172.jpg"
"11743",5.644444444,3.48,"62c8d159937c939dd4d139e3","EC_0164.jpg"
"11744",7.822222222,3.573,"62c8d159937c939dd4d139e3","EC_0149.jpg"
"11745",9.022222222,3.483,"62c8d159937c939dd4d139e3","EC_0038.jpg"
"11746",4.822222222,3.948,"62c8d159937c939dd4d139e3","EC_0040.jpg"
"11747",6.944444444,4.103,"62c8d159937c939dd4d139e3","EC_0033.jpeg"
"11748",7.944444444,2.852,"62c8d159937c939dd4d139e3","EC_0089.jpg"
"11749",9.022222222,3.15,"62c8d159937c939dd4d139e3","EC_0136.jpg"
"11750",3.9,3.55,"62c8d159937c939dd4d139e3","EC_0103.jpg"
"11751",4.988888889,3.448,"62c8d159937c939dd4d139e3","EC_0039.jpg"
"11752",7.966666667,5.576,"62c8d159937c939dd4d139e3","EC_0047.jpg"
"11753",8.155555556,4.248,"62c8d159937c939dd4d139e3","EC_0104.jpg"
"11754",7.388888889,3.652,"62c8d159937c939dd4d139e3","EC_0177.jpg"
"11755",6.344444444,3.351,"62c8d159937c939dd4d139e3","EC_0211.jpg"
"11756",7.011111111,3.45,"62c8d159937c939dd4d139e3","EC_0142.jpg"
"11757",8.988888889,5.444,"62c8d159937c939dd4d139e3","EC_0076.jpg"
"11758",7.744444444,31.581,"62c8d159937c939dd4d139e3","EC_0058.jpg"
"11759",7.744444444,3.483,"62c8d159937c939dd4d139e3","EC_0084.jpg"
"11760",7.744444444,2.512,"62c8d159937c939dd4d139e3","EC_0153.jpg"
"11761",3.388888889,3.3627,"62cc33816f8fd34523778d5e","EC_0151.jpg"
"11762",5.208333333,2.8087,"62cc33816f8fd34523778d5e","EC_0230.jpg"
"11763",4.770833333,2.9097,"62cc33816f8fd34523778d5e","EC_0167.jpg"
"11764",1.208333333,2.6403,"62cc33816f8fd34523778d5e","EC_0036.jpeg"
"11765",3.076388889,2.4094,"62cc33816f8fd34523778d5e","EC_0169.png"
"11766",2.743055556,2.6091,"62cc33816f8fd34523778d5e","EC_0049.jpg"
"11767",2.395833333,2.3726,"62cc33816f8fd34523778d5e","EC_0165.jpg"
"11768",3.409722222,3.1357,"62cc33816f8fd34523778d5e","EC_0109.jpg"
"11769",4.611111111,3.0622,"62cc33816f8fd34523778d5e","EC_0001.jpg"
"11770",2.652777778,2.7309,"62cc33816f8fd34523778d5e","EC_0120.jpg"
"11771",1.604166667,2.6914,"62cc33816f8fd34523778d5e","EC_0226.jpg"
"11772",2.090277778,3.0677,"62cc33816f8fd34523778d5e","EC_0187.jpeg"
"11773",5.513888889,2.4167,"62cc33816f8fd34523778d5e","EC_0235.jpg"
"11774",6.145833333,2.5914,"62cc33816f8fd34523778d5e","EC_0196.jpg"
"11775",6.770833333,3.9681,"62cc33816f8fd34523778d5e","EC_0095.jpg"
"11776",3.75,2.3051,"62cc33816f8fd34523778d5e","EC_0158.jpg"
"11777",3.458333333,2.1407,"62cc33816f8fd34523778d5e","EC_0141.jpg"
"11778",6.368055556,3.3964,"62cc33816f8fd34523778d5e","EC_0073.jpg"
"11779",5.284722222,3.6466,"62cc33816f8fd34523778d5e","EC_0034.jpg"
"11780",3.736111111,2.4793,"62cc33816f8fd34523778d5e","EC_0149.jpg"
"11781",1.354166667,2.5957,"62cc33816f8fd34523778d5e","EC_0054.jpg"
"11782",0.756944444,2.7791,"62cc33816f8fd34523778d5e","EC_0124.jpeg"
"11783",6.368055556,2.78,"62cc33816f8fd34523778d5e","EC_0200.png"
"11784",2.701388889,3.3051,"62cc33816f8fd34523778d5e","EC_0204.jpg"
"11785",7.4375,3.1137,"62cc33816f8fd34523778d5e","EC_0188.jpg"
"11786",5.527777778,2.5896,"62cc33816f8fd34523778d5e","EC_0089.jpg"
"11787",6.1875,3.0104,"62cc33816f8fd34523778d5e","EC_0039.jpg"
"11788",2.055555556,4.3676,"62cc33816f8fd34523778d5e","EC_0214.jpg"
"11789",8.631944444,2.3314,"62cc33816f8fd34523778d5e","EC_0082.jpg"
"11790",3.791666667,2.3366,"62cc33816f8fd34523778d5e","EC_0048.jpg"
"11791",6.736111111,4.6298,"62cc33816f8fd34523778d5e","EC_0084.jpg"
"11792",5.25,2.1661,"62cc33816f8fd34523778d5e","EC_0057.jpeg"
"11793",6.027777778,2.6011,"62cc33816f8fd34523778d5e","EC_0221.jpg"
"11794",7.270833333,2.4916,"62cc33816f8fd34523778d5e","EC_0058.jpg"
"11795",5.583333333,3.0285,"62cc33816f8fd34523778d5e","EC_0209.jpg"
"11796",2.604166667,2.591,"62cc33816f8fd34523778d5e","EC_0195.jpg"
"11797",6.520833333,4.3536,"62cc33816f8fd34523778d5e","EC_0037.jpg"
"11798",1.361111111,2.5425,"62cc33816f8fd34523778d5e","EC_0075.jpg"
"11799",1.486111111,5.8164,"62cc33816f8fd34523778d5e","EC_0103.jpg"
"11800",1.486111111,2.6281,"62cc33816f8fd34523778d5e","EC_0067.jpg"
"11801",2.541666667,2.376,"62cc33816f8fd34523778d5e","EC_0224.jpg"
"11802",5.111111111,2.3455,"62cc33816f8fd34523778d5e","EC_0147.png"
"11803",3.458333333,3.5319,"62cc33816f8fd34523778d5e","EC_0170.jpg"
"11804",5.5625,3.8528,"62cc33816f8fd34523778d5e","EC_0092.jpg"
"11805",7.625,2.6363,"62cc33816f8fd34523778d5e","EC_0137.jpg"
"11806",5.631944444,2.7219,"62cc33816f8fd34523778d5e","EC_0202.jpg"
"11807",6.090277778,3.8908,"62cc33816f8fd34523778d5e","EC_0069.jpg"
"11808",4.0625,2.512,"62cc33816f8fd34523778d5e","EC_0180.jpg"
"11809",2.25,2.4759,"62cc33816f8fd34523778d5e","EC_0148.jpg"
"11810",8.833333333,2.9533,"62cc33816f8fd34523778d5e","EC_0009.jpg"
"11811",6.569444444,2.5183,"62cc33816f8fd34523778d5e","EC_0227.jpg"
"11812",4.4375,3.6038,"62cc33816f8fd34523778d5e","EC_0068.jpg"
"11813",8.222222222,2.5143,"62cc33816f8fd34523778d5e","EC_0062.jpg"
"11814",6.541666667,2.5414,"62cc33816f8fd34523778d5e","EC_0136.jpg"
"11815",3.041666667,3.1164,"62cc33816f8fd34523778d5e","EC_0105.jpg"
"11816",1.131944444,2.8345,"62cc33816f8fd34523778d5e","EC_0134.jpg"
"11817",9.361111111,2.8732,"62cc33816f8fd34523778d5e","EC_0010.jpg"
"11818",4.5,2.5744,"62cc33816f8fd34523778d5e","EC_0164.jpg"
"11819",9.368055556,2.8436,"62cc33816f8fd34523778d5e","EC_0079.jpg"
"11820",1.618055556,3.116,"62cc33816f8fd34523778d5e","EC_0233.jpg"
"11821",3.083333333,5.7707,"62cc33816f8fd34523778d5e","EC_0047.jpg"
"11822",5.791666667,3.203,"62cc33816f8fd34523778d5e","EC_0213.jpg"
"11823",6.208333333,2.5526,"62cc33816f8fd34523778d5e","EC_0177.jpg"
"11824",3.277777778,2.2187,"62cc33816f8fd34523778d5e","EC_0046.jpg"
"11825",7.298611111,3.3842,"62cc33816f8fd34523778d5e","EC_0018.jpg"
"11826",5.340277778,3.3448,"62cc33816f8fd34523778d5e","EC_0071.jpg"
"11827",6.347222222,2.665,"62cc33816f8fd34523778d5e","EC_0002.jpg"
"11828",2.375,2.3425,"62cc33816f8fd34523778d5e","EC_0100.jpg"
"11829",4.284722222,2.872,"62cc33816f8fd34523778d5e","EC_0132.jpg"
"11830",2.625,3.2725,"62cc33816f8fd34523778d5e","EC_0249.jpg"
"11831",1.291666667,2.6341,"62cc33816f8fd34523778d5e","EC_0097.jpg"
"11832",3.256944444,2.3614,"62cc33816f8fd34523778d5e","EC_0140.jpg"
"11833",4.631944444,2.6027,"62cc33816f8fd34523778d5e","EC_0142.jpg"
"11834",7.631944444,2.8342,"62cc33816f8fd34523778d5e","EC_0086.jpg"
"11835",1.145833333,2.553,"62cc33816f8fd34523778d5e","EC_0159.jpg"
"11836",1.375,2.3356,"62cc33816f8fd34523778d5e","EC_0019.jpg"
"11837",4.326388889,2.7796,"62cc33816f8fd34523778d5e","EC_0211.jpg"
"11838",5.270833333,4.059,"62cc33816f8fd34523778d5e","EC_0061.jpg"
"11839",1.25,2.172,"62cc33816f8fd34523778d5e","EC_0007.jpg"
"11840",1.520833333,2.0248,"62cc33816f8fd34523778d5e","EC_0070.jpg"
"11841",8.472222222,3.3613,"62cc33816f8fd34523778d5e","EC_0080.jpg"
"11842",0.916666667,2.7534,"62cc33816f8fd34523778d5e","EC_0040.jpg"
"11843",2.25,2.4533,"62cc33816f8fd34523778d5e","EC_0232.jpg"
"11844",8.604166667,2.399,"62cc33816f8fd34523778d5e","EC_0031.jpg"
"11845",5.0625,2.0707,"62cc33816f8fd34523778d5e","EC_0153.jpg"
"11846",1.909722222,3.9595,"62cc33816f8fd34523778d5e","EC_0228.jpg"
"11847",0.756944444,3.3095,"62cc33816f8fd34523778d5e","EC_0182.jpg"
"11848",0.479166667,3.2438,"62cc33816f8fd34523778d5e","EC_0076.jpg"
"11849",4.229166667,2.3463,"62cc33816f8fd34523778d5e","EC_0193.png"
"11850",1.979166667,3.0891,"62cc33816f8fd34523778d5e","EC_0053.jpg"
"11851",0.833333333,2.6182,"62cc33816f8fd34523778d5e","EC_0181.jpg"
"11852",6.840277778,2.4213,"62cc33816f8fd34523778d5e","EC_0085.jpg"
"11853",5.854166667,2.3169,"62cc33816f8fd34523778d5e","EC_0168.jpeg"
"11854",5.277777778,2.4103,"62cc33816f8fd34523778d5e","EC_0152.jpg"
"11855",7.597222222,2.6901,"62cc33816f8fd34523778d5e","EC_0030.jpg"
"11856",2.6875,2.5979,"62cc33816f8fd34523778d5e","EC_0005.jpg"
"11857",8.902777778,2.3105,"62cc33816f8fd34523778d5e","EC_0008.jpg"
"11858",1.548611111,1.9964,"62cc33816f8fd34523778d5e","EC_0247.jpg"
"11859",3.9375,2.3036,"62cc33816f8fd34523778d5e","EC_0199.jpg"
"11860",0.340277778,3.1436,"62cc33816f8fd34523778d5e","EC_0033.jpeg"
"11861",3.25,3.4697,"62cc33816f8fd34523778d5e","EC_0133.jpg"
"11862",5.395833333,6.3609,"62cc33816f8fd34523778d5e","EC_0088.jpg"
"11863",5.770833333,2.9553,"62cc33816f8fd34523778d5e","EC_0101.jpg"
"11864",1.131944444,2.7171,"62cc33816f8fd34523778d5e","EC_0206.png"
"11865",3.965277778,2.6844,"62cc33816f8fd34523778d5e","EC_0118.jpg"
"11866",2.708333333,2.6611,"62cc33816f8fd34523778d5e","EC_0106.jpg"
"11867",4.256944444,2.5478,"62cc33816f8fd34523778d5e","EC_0237.jpg"
"11868",5.388888889,3.0885,"62cc33816f8fd34523778d5e","EC_0099.jpg"
"11869",8.756944444,2.7488,"62cc33816f8fd34523778d5e","EC_0172.jpg"
"11870",0.041666667,2.3703,"62cc33816f8fd34523778d5e","EC_0162.jpg"
"11871",5.138888889,2.5277,"62cc33816f8fd34523778d5e","EC_0050.jpg"
"11872",3.75,2.247,"62cc33816f8fd34523778d5e","EC_0166.jpg"
"11873",7.805555556,2.7203,"62cc33816f8fd34523778d5e","EC_0051.jpg"
"11874",0.361111111,2.145,"62cc33816f8fd34523778d5e","EC_0183.jpg"
"11875",0.416666667,2.1311,"62cc33816f8fd34523778d5e","EC_0161.jpg"
"11876",1.611111111,2.6799,"62cc33816f8fd34523778d5e","EC_0027.jpg"
"11877",4.083333333,2.7558,"62cc33816f8fd34523778d5e","EC_0131.jpg"
"11878",8.333333333,2.6785,"62cc33816f8fd34523778d5e","EC_0063.jpg"
"11879",1.979166667,2.0231,"62cc33816f8fd34523778d5e","EC_0066.jpg"
"11880",4.020833333,2.853,"62cc33816f8fd34523778d5e","EC_0160.jpg"
"11881",5.6875,2.976,"62cc33816f8fd34523778d5e","EC_0198.jpg"
"11882",3.013888889,2.5641,"62cc33816f8fd34523778d5e","EC_0154.jpg"
"11883",4.4375,3.6848,"62cc33816f8fd34523778d5e","EC_0093.jpg"
"11884",6.631944444,4.9835,"62cc33816f8fd34523778d5e","EC_0029.jpg"
"11885",2.416666667,3.0144,"62cc33816f8fd34523778d5e","EC_0129.jpeg"
"11886",7.305555556,4.5956,"62cc33816f8fd34523778d5e","EC_0024.jpg"
"11887",0.770833333,4.4465,"62cc33816f8fd34523778d5e","EC_0056.jpg"
"11888",3.083333333,1.9025,"62cc33816f8fd34523778d5e","EC_0014.jpg"
"11889",0.729166667,3.9975,"62cc33816f8fd34523778d5e","EC_0055.jpg"
"11890",7.590277778,2.4573,"62cc33816f8fd34523778d5e","EC_0038.jpg"
"11891",2.472222222,3.4974,"62cc33816f8fd34523778d5e","EC_0197.jpg"
"11892",1.541666667,2.0483,"62cc33816f8fd34523778d5e","EC_0020.jpg"
"11893",5.868055556,2.0845,"62cc33816f8fd34523778d5e","EC_0116.jpg"
"11894",3.909722222,2.1323,"62cc33816f8fd34523778d5e","EC_0250.jpg"
"11895",7.479166667,2.4556,"62cc33816f8fd34523778d5e","EC_0087.jpg"
"11896",2.8125,2.6749,"62cc33816f8fd34523778d5e","EC_0072.jpg"
"11897",2.875,2.0698,"62cc33816f8fd34523778d5e","EC_0222.jpg"
"11898",7.604166667,10.779,"62cc33816f8fd34523778d5e","EC_0219.jpg"
"11899",0.625,2.2848,"62cc33816f8fd34523778d5e","EC_0248.jpg"
"11900",5.493055556,2.8517,"62cc33816f8fd34523778d5e","EC_0229.jpg"
"11901",7.375,4.8264,"62cc33816f8fd34523778d5e","EC_0081.jpg"
"11902",8.375,6.2111,"62cc33816f8fd34523778d5e","EC_0205.jpg"
"11903",2.798611111,2.2856,"62cc33816f8fd34523778d5e","EC_0139.png"
"11904",1.263888889,3.64,"62cc33816f8fd34523778d5e","EC_0077.jpg"
"11905",4.868055556,2.5178,"62cc33816f8fd34523778d5e","EC_0102.jpg"
"11906",5.847222222,2.5911,"62cc33816f8fd34523778d5e","EC_0003.jpg"
"11907",8.541666667,3.8597,"62cc33816f8fd34523778d5e","EC_0117.jpg"
"11908",6.229166667,3.9987,"62cc33816f8fd34523778d5e","EC_0123.jpeg"
"11909",3.506944444,4.0792,"62cc33816f8fd34523778d5e","EC_0241.jpg"
"11910",4.916666667,2.7384,"62cc33816f8fd34523778d5e","EC_0094.jpg"
"11911",7.527777778,2.5465,"62cc33816f8fd34523778d5e","EC_0044.jpg"
"11912",8.402777778,3.039,"62cc33816f8fd34523778d5e","EC_0243.jpg"
"11913",8.479166667,3.7822,"62cc33816f8fd34523778d5e","EC_0028.jpg"
"11914",4.638888889,2.4246,"62cc33816f8fd34523778d5e","EC_0015.jpg"
"11915",7.611111111,2.7332,"62cc33816f8fd34523778d5e","EC_0207.jpg"
"11916",6.583333333,7.0479,"62cc33816f8fd34523778d5e","EC_0223.jpg"
"11917",5.215277778,2.7051,"62cc33816f8fd34523778d5e","EC_0135.jpg"
"11918",7.3125,3.0166,"62cc33816f8fd34523778d5e","EC_0042.jpg"
"11919",1.486111111,2.6674,"62cc33816f8fd34523778d5e","EC_0108.jpg"
"11920",3.895833333,3.2557,"62cc33816f8fd34523778d5e","EC_0098.jpg"
"11921",5.284722222,2.7558,"62cc33816f8fd34523778d5e","EC_0176.jpg"
"11922",7.854166667,2.7541,"62cc33816f8fd34523778d5e","EC_0115.jpg"
"11923",3.451388889,3.2271,"62cc33816f8fd34523778d5e","EC_0125.jpeg"
"11924",1.298611111,2.5111,"62cc33816f8fd34523778d5e","EC_0074.jpg"
"11925",6.604166667,3.1157,"62cc33816f8fd34523778d5e","EC_0245.jpg"
"11926",0.715277778,3.031,"62cc33816f8fd34523778d5e","EC_0242.jpg"
"11927",1.458333333,2.2468,"62cc33816f8fd34523778d5e","EC_0236.jpg"
"11928",0.777777778,2.4612,"62cc33816f8fd34523778d5e","EC_0240.jpg"
"11929",2.583333333,2.6681,"62cc33816f8fd34523778d5e","EC_0032.jpg"
"11930",2.034722222,2.2462,"62cc33816f8fd34523778d5e","EC_0239.jpg"
"11931",5.826388889,2.4432,"62cc33816f8fd34523778d5e","EC_0203.jpg"
"11932",6.652777778,3.7961,"62cc33816f8fd34523778d5e","EC_0059.jpg"
"11933",7.270833333,3.1056,"62cc33816f8fd34523778d5e","EC_0173.jpg"
"11934",4.256944444,2.4532,"62cc33816f8fd34523778d5e","EC_0210.jpg"
"11935",5.625,2.3841,"62cc33816f8fd34523778d5e","EC_0011.jpg"
"11936",8.291666667,2.259,"62cc33816f8fd34523778d5e","EC_0041.jpg"
"11937",6.173611111,2.6854,"62cc33816f8fd34523778d5e","EC_0119.jpg"
"11938",5.416666667,2.2403,"62cc33816f8fd34523778d5e","EC_0104.jpg"
"11939",7.291666667,2.8052,"62cc33816f8fd34523778d5e","EC_0174.jpg"
"11940",4.625,2.4847,"62cc33816f8fd34523778d5e","EC_0060.jpg"
"11941",3.270833333,2.2904,"62cc33816f8fd34523778d5e","EC_0138.png"
"11942",2.145833333,2.1073,"62cc33816f8fd34523778d5e","EC_0238.jpg"
"11943",4.5625,2.5885,"62cc33816f8fd34523778d5e","EC_0184.jpg"
"11944",8.694444444,6.7577,"62cc33816f8fd34523778d5e","EC_0185.jpg"
"11945",1.416666667,6.3694,"62cc33816f8fd34523778d5e","EC_0090.jpg"
"11946",2.055555556,2.6342,"62cc33816f8fd34523778d5e","EC_0064.jpg"
"11947",1.284722222,2.1528,"62cc33816f8fd34523778d5e","EC_0022.jpg"
"11948",2.701388889,2.1198,"62cc33816f8fd34523778d5e","EC_0171.jpg"
"11949",3.652777778,3.2741,"62cc33816f8fd34523778d5e","EC_0201.jpg"
"11950",6.583333333,2.8142,"62cc33816f8fd34523778d5e","EC_0096.jpg"
"11951",7.833333333,2.3853,"62cc33816f8fd34523778d5e","EC_0006.jpg"
"11952",9.541666667,3.0619,"62cc33816f8fd34523778d5e","EC_0157.jpg"
"11953",5.395833333,2.8793,"62cc33816f8fd34523778d5e","EC_0016.jpg"
"11954",0.861111111,2.2412,"62cc33816f8fd34523778d5e","EC_0194.jpg"
"11955",6.3125,2.759,"62cc33816f8fd34523778d5e","EC_0150.jpg"
"11956",2.770833333,2.5335,"62cc33816f8fd34523778d5e","EC_0234.jpg"
"11957",6.5625,2.6471,"62cc33816f8fd34523778d5e","EC_0156.jpg"
"11958",5.881944444,2.6084,"62cc33816f8fd34523778d5e","EC_0163.jpg"
"11959",7.8125,3.3135,"62cc33816f8fd34523778d5e","EC_0111.jpg"
"11960",1.819444444,2.0215,"62cc33816f8fd34523778d5e","EC_0113.jpg"
"11961",7.375,2.3929,"62cc33816f8fd34523778d5e","EC_0065.jpg"
"11962",2.652777778,2.8559,"62cc33816f8fd34523778d5e","EC_0246.jpg"
"11963",1.055555556,2.1186,"62cc33816f8fd34523778d5e","EC_0121.jpg"
"11964",4.166666667,2.195,"62cc33816f8fd34523778d5e","EC_0012.jpg"
"11965",6.791666667,2.1715,"62cc33816f8fd34523778d5e","EC_0244.jpg"
"11966",5.673611111,2.3512,"62cc33816f8fd34523778d5e","EC_0083.jpg"
"11967",1.506944444,3.1917,"62cc33816f8fd34523778d5e","EC_0231.jpg"
"11968",2.5,2.9091,"62cc33816f8fd34523778d5e","EC_0013.jpg"
"11969",3.861111111,2.304,"62cc33816f8fd34523778d5e","EC_0017.jpg"
"11970",2.486111111,2.5819,"62cc33816f8fd34523778d5e","EC_0128.jpeg"
"11971",6.967592593,3.967,"62e8aea9ed8f939c6f6ce84d","EC_0087.jpg"
"11972",6.967592593,3.589,"62e8aea9ed8f939c6f6ce84d","EC_0066.jpg"
"11973",9.016203704,3.69,"62e8aea9ed8f939c6f6ce84d","EC_0197.jpg"
"11974",7.87037037,3.638,"62e8aea9ed8f939c6f6ce84d","EC_0153.jpg"
"11975",7.87037037,2.621,"62e8aea9ed8f939c6f6ce84d","EC_0169.png"
"11976",6.053240741,3.381,"62e8aea9ed8f939c6f6ce84d","EC_0072.jpg"
"11977",2.025462963,3.361,"62e8aea9ed8f939c6f6ce84d","EC_0134.jpg"
"11978",4.953703704,3.229,"62e8aea9ed8f939c6f6ce84d","EC_0010.jpg"
"11979",9.085648148,3.895,"62e8aea9ed8f939c6f6ce84d","EC_0016.jpg"
"11980",6.956018519,3.624,"62e8aea9ed8f939c6f6ce84d","EC_0085.jpg"
"11981",4.0625,3.848,"62e8aea9ed8f939c6f6ce84d","EC_0232.jpg"
"11982",8.020833333,5.333,"62e8aea9ed8f939c6f6ce84d","EC_0156.jpg"
"11983",6.006944444,27.536,"62e8aea9ed8f939c6f6ce84d","EC_0090.jpg"
"11984",5.428240741,7.221,"62e8aea9ed8f939c6f6ce84d","EC_0236.jpg"
"11985",7.280092593,3.527,"62e8aea9ed8f939c6f6ce84d","EC_0100.jpg"
"11986",8.865740741,3.084,"62e8aea9ed8f939c6f6ce84d","EC_0177.jpg"
"11987",9.965277778,3.208,"62e8aea9ed8f939c6f6ce84d","EC_0006.jpg"
"11988",5.601851852,4.437,"62e8aea9ed8f939c6f6ce84d","EC_0181.jpg"
"11989",5.520833333,3.339,"62e8aea9ed8f939c6f6ce84d","EC_0228.jpg"
"11990",5.520833333,1.999,"62e8aea9ed8f939c6f6ce84d","EC_0065.jpg"
"11991",8.391203704,5.248,"62e8aea9ed8f939c6f6ce84d","EC_0084.jpg"
"11992",0.115740741,3.347,"62e8aea9ed8f939c6f6ce84d","EC_0124.jpeg"
"11993",6.944444444,3.309,"62e8aea9ed8f939c6f6ce84d","EC_0211.jpg"
"11994",8.576388889,3.033,"62e8aea9ed8f939c6f6ce84d","EC_0231.jpg"
"11995",8.576388889,1.961,"62e8aea9ed8f939c6f6ce84d","EC_0095.jpg"
"11996",8.634259259,12.901,"62e8aea9ed8f939c6f6ce84d","EC_0165.jpg"
"11997",8.599537037,43.811,"62e8aea9ed8f939c6f6ce84d","EC_0113.jpg"
"11998",4.212962963,2.444,"62e8aea9ed8f939c6f6ce84d","EC_0183.jpg"
"11999",4.270833333,3.167,"62e8aea9ed8f939c6f6ce84d","EC_0042.jpg"
"12000",5.335648148,2.513,"62e8aea9ed8f939c6f6ce84d","EC_0198.jpg"
"12001",2.569444444,2.951,"62e8aea9ed8f939c6f6ce84d","EC_0117.jpg"
"12002",9.328703704,2.749,"62e8aea9ed8f939c6f6ce84d","EC_0050.jpg"
"12003",6.701388889,2.43,"62e8aea9ed8f939c6f6ce84d","EC_0239.jpg"
"12004",9.351851852,5.936,"62e8aea9ed8f939c6f6ce84d","EC_0082.jpg"
"12005",6.412037037,2.381,"62e8aea9ed8f939c6f6ce84d","EC_0159.jpg"
"12006",5.659722222,2.625,"62e8aea9ed8f939c6f6ce84d","EC_0056.jpg"
"12007",5.856481481,2.555,"62e8aea9ed8f939c6f6ce84d","EC_0002.jpg"
"12008",4.166666667,15.375,"62e8aea9ed8f939c6f6ce84d","EC_0053.jpg"
"12009",8.321759259,4.841,"62e8aea9ed8f939c6f6ce84d","EC_0092.jpg"
"12010",8.321759259,3.671,"62e8aea9ed8f939c6f6ce84d","EC_0106.jpg"
"12011",4.050925926,3.236,"62e8aea9ed8f939c6f6ce84d","EC_0136.jpg"
"12012",8.576388889,2.958,"62e8aea9ed8f939c6f6ce84d","EC_0001.jpg"
"12013",5.787037037,3.895,"62e8aea9ed8f939c6f6ce84d","EC_0040.jpg"
"12014",5.99537037,4.299,"62e8aea9ed8f939c6f6ce84d","EC_0088.jpg"
"12015",5.99537037,1.786,"62e8aea9ed8f939c6f6ce84d","EC_0030.jpg"
"12016",5.99537037,3.096,"62e8aea9ed8f939c6f6ce84d","EC_0005.jpg"
"12017",3.101851852,3.31,"62e8aea9ed8f939c6f6ce84d","EC_0024.jpg"
"12018",3.483796296,5.646,"62e8aea9ed8f939c6f6ce84d","EC_0166.jpg"
"12019",3.865740741,23.354,"62e8aea9ed8f939c6f6ce84d","EC_0027.jpg"
"12020",6.967592593,4.631,"62e8aea9ed8f939c6f6ce84d","EC_0008.jpg"
"12021",7.488425926,4.653,"62e8aea9ed8f939c6f6ce84d","EC_0202.jpg"
"12022",7.175925926,2.207,"62e8aea9ed8f939c6f6ce84d","EC_0049.jpg"
"12023",6.273148148,1.827,"62e8aea9ed8f939c6f6ce84d","EC_0096.jpg"
"12024",4.108796296,2.52,"62e8aea9ed8f939c6f6ce84d","EC_0164.jpg"
"12025",5.347222222,3.812,"62e8aea9ed8f939c6f6ce84d","EC_0075.jpg"
"12026",7.152777778,4.749,"62e8aea9ed8f939c6f6ce84d","EC_0147.png"
"12027",5.87962963,1.999,"62e8aea9ed8f939c6f6ce84d","EC_0119.jpg"
"12028",2.974537037,2.951,"62e8aea9ed8f939c6f6ce84d","EC_0120.jpg"
"12029",5.439814815,2.201,"62e8aea9ed8f939c6f6ce84d","EC_0067.jpg"
"12030",4.467592593,1.679,"62e8aea9ed8f939c6f6ce84d","EC_0103.jpg"
"12031",6.400462963,1.771,"62e8aea9ed8f939c6f6ce84d","EC_0206.png"
"12032",7.615740741,1.79,"62e8aea9ed8f939c6f6ce84d","EC_0235.jpg"
"12033",3.842592593,1.714,"62e8aea9ed8f939c6f6ce84d","EC_0203.jpg"
"12034",3.622685185,2.798,"62e8aea9ed8f939c6f6ce84d","EC_0194.jpg"
"12035",2.766203704,3.388,"62e8aea9ed8f939c6f6ce84d","EC_0195.jpg"
"12036",3.125,2.659,"62e8aea9ed8f939c6f6ce84d","EC_0009.jpg"
"12037",6.689814815,2.853,"62e8aea9ed8f939c6f6ce84d","EC_0125.jpeg"
"12038",6.944444444,2.042,"62e8aea9ed8f939c6f6ce84d","EC_0224.jpg"
"12039",6.782407407,2.479,"62e8aea9ed8f939c6f6ce84d","EC_0108.jpg"
"12040",6.435185185,2.095,"62e8aea9ed8f939c6f6ce84d","EC_0248.jpg"
"12041",6.736111111,2.062,"62e8aea9ed8f939c6f6ce84d","EC_0094.jpg"
"12042",7.060185185,2.333,"62e8aea9ed8f939c6f6ce84d","EC_0185.jpg"
"12043",2.986111111,2.812,"62e8aea9ed8f939c6f6ce84d","EC_0240.jpg"
"12044",5.532407407,2.069,"62e8aea9ed8f939c6f6ce84d","EC_0223.jpg"
"12045",3.726851852,2.507,"62e8aea9ed8f939c6f6ce84d","EC_0115.jpg"
"12046",6.087962963,2.194,"62e8aea9ed8f939c6f6ce84d","EC_0020.jpg"
"12047",7.905092593,2.11,"62e8aea9ed8f939c6f6ce84d","EC_0237.jpg"
"12048",2.44212963,14.57,"62e8aea9ed8f939c6f6ce84d","EC_0133.jpg"
"12049",7.708333333,3.326,"62e8aea9ed8f939c6f6ce84d","EC_0247.jpg"
"12050",2.638888889,2.782,"62e8aea9ed8f939c6f6ce84d","EC_0039.jpg"
"12051",4.340277778,4.007,"62e8aea9ed8f939c6f6ce84d","EC_0105.jpg"
"12052",4.94212963,1.665,"62e8aea9ed8f939c6f6ce84d","EC_0250.jpg"
"12053",5.752314815,1.507,"62e8aea9ed8f939c6f6ce84d","EC_0099.jpg"
"12054",6.134259259,2.088,"62e8aea9ed8f939c6f6ce84d","EC_0038.jpg"
"12055",7.523148148,2.389,"62e8aea9ed8f939c6f6ce84d","EC_0063.jpg"
"12056",6.828703704,1.979,"62e8aea9ed8f939c6f6ce84d","EC_0139.png"
"12057",7.777777778,1.879,"62e8aea9ed8f939c6f6ce84d","EC_0132.jpg"
"12058",7.268518519,2.117,"62e8aea9ed8f939c6f6ce84d","EC_0064.jpg"
"12059",9.849537037,2.709,"62e8aea9ed8f939c6f6ce84d","EC_0137.jpg"
"12060",9.62962963,2.526,"62e8aea9ed8f939c6f6ce84d","EC_0062.jpg"
"12061",4.351851852,7.048,"62e8aea9ed8f939c6f6ce84d","EC_0068.jpg"
"12062",7.523148148,2.79,"62e8aea9ed8f939c6f6ce84d","EC_0244.jpg"
"12063",7.8125,2.146,"62e8aea9ed8f939c6f6ce84d","EC_0034.jpg"
"12064",7.962962963,1.813,"62e8aea9ed8f939c6f6ce84d","EC_0241.jpg"
"12065",0.046296296,4.193,"62e8aea9ed8f939c6f6ce84d","EC_0074.jpg"
"12066",0.243055556,13.714,"62e8aea9ed8f939c6f6ce84d","EC_0246.jpg"
"12067",4.930555556,3.012,"62e8aea9ed8f939c6f6ce84d","EC_0123.jpeg"
"12068",1.747685185,3.034,"62e8aea9ed8f939c6f6ce84d","EC_0057.jpeg"
"12069",7.511574074,6.068,"62e8aea9ed8f939c6f6ce84d","EC_0098.jpg"
"12070",7.337962963,3.067,"62e8aea9ed8f939c6f6ce84d","EC_0022.jpg"
"12071",9.965277778,3.846,"62e8aea9ed8f939c6f6ce84d","EC_0093.jpg"
"12072",2.708333333,3.915,"62e8aea9ed8f939c6f6ce84d","EC_0205.jpg"
"12073",6.388888889,2.424,"62e8aea9ed8f939c6f6ce84d","EC_0059.jpg"
"12074",8.252314815,2.811,"62e8aea9ed8f939c6f6ce84d","EC_0031.jpg"
"12075",7.719907407,5.207,"62e8aea9ed8f939c6f6ce84d","EC_0102.jpg"
"12076",5.347222222,3.222,"62e8aea9ed8f939c6f6ce84d","EC_0012.jpg"
"12077",3.553240741,6.055,"62e8aea9ed8f939c6f6ce84d","EC_0149.jpg"
"12078",7.615740741,3.055,"62e8aea9ed8f939c6f6ce84d","EC_0051.jpg"
"12079",7.395833333,2.618,"62e8aea9ed8f939c6f6ce84d","EC_0163.jpg"
"12080",4.74537037,3.728,"62e8aea9ed8f939c6f6ce84d","EC_0201.jpg"
"12081",7.893518519,3,"62e8aea9ed8f939c6f6ce84d","EC_0176.jpg"
"12082",8.06712963,2.431,"62e8aea9ed8f939c6f6ce84d","EC_0104.jpg"
"12083",7.326388889,2.944,"62e8aea9ed8f939c6f6ce84d","EC_0011.jpg"
"12084",5.509259259,3.007,"62e8aea9ed8f939c6f6ce84d","EC_0121.jpg"
"12085",6.446759259,3.644,"62e8aea9ed8f939c6f6ce84d","EC_0097.jpg"
"12086",2.800925926,4.499,"62e8aea9ed8f939c6f6ce84d","EC_0204.jpg"
"12087",4.594907407,2.847,"62e8aea9ed8f939c6f6ce84d","EC_0207.jpg"
"12088",5.543981481,20.347,"62e8aea9ed8f939c6f6ce84d","EC_0089.jpg"
"12089",9.976851852,5.013,"62e8aea9ed8f939c6f6ce84d","EC_0058.jpg"
"12090",6.331018519,4.199,"62e8aea9ed8f939c6f6ce84d","EC_0101.jpg"
"12091",6.550925926,4.188,"62e8aea9ed8f939c6f6ce84d","EC_0046.jpg"
"12092",6.886574074,2.158,"62e8aea9ed8f939c6f6ce84d","EC_0080.jpg"
"12093",2.060185185,6.382,"62e8aea9ed8f939c6f6ce84d","EC_0073.jpg"
"12094",5.752314815,3.244,"62e8aea9ed8f939c6f6ce84d","EC_0003.jpg"
"12095",8.553240741,2.659,"62e8aea9ed8f939c6f6ce84d","EC_0180.jpg"
"12096",8.06712963,2.201,"62e8aea9ed8f939c6f6ce84d","EC_0222.jpg"
"12097",6.180555556,3.019,"62e8aea9ed8f939c6f6ce84d","EC_0047.jpg"
"12098",3.958333333,5.723,"62e8aea9ed8f939c6f6ce84d","EC_0118.jpg"
"12099",6.689814815,5.645,"62e8aea9ed8f939c6f6ce84d","EC_0069.jpg"
"12100",8.356481481,12.208,"62e8aea9ed8f939c6f6ce84d","EC_0007.jpg"
"12101",7.268518519,2.875,"62e8aea9ed8f939c6f6ce84d","EC_0055.jpg"
"12102",8.090277778,4.417,"62e8aea9ed8f939c6f6ce84d","EC_0167.jpg"
"12103",3.449074074,22.251,"62e8aea9ed8f939c6f6ce84d","EC_0037.jpg"
"12104",3.356481481,11.305,"62e8aea9ed8f939c6f6ce84d","EC_0029.jpg"
"12105",6.50462963,31.013,"62e8aea9ed8f939c6f6ce84d","EC_0158.jpg"
"12106",7.013888889,7.942,"62e8aea9ed8f939c6f6ce84d","EC_0182.jpg"
"12107",3.773148148,2.721,"62e8aea9ed8f939c6f6ce84d","EC_0054.jpg"
"12108",4.143518519,3.361,"62e8aea9ed8f939c6f6ce84d","EC_0188.jpg"
"12109",4.861111111,4.241,"62e8aea9ed8f939c6f6ce84d","EC_0171.jpg"
"12110",7.858796296,6.222,"62e8aea9ed8f939c6f6ce84d","EC_0142.jpg"
"12111",9.872685185,6.922,"62e8aea9ed8f939c6f6ce84d","EC_0172.jpg"
"12112",3.576388889,5.298,"62e8aea9ed8f939c6f6ce84d","EC_0187.jpeg"
"12113",7.766203704,6.723,"62e8aea9ed8f939c6f6ce84d","EC_0214.jpg"
"12114",7.986111111,10.812,"62e8aea9ed8f939c6f6ce84d","EC_0170.jpg"
"12115",8.368055556,27.248,"62e8aea9ed8f939c6f6ce84d","EC_0135.jpg"
"12116",3.541666667,7.179,"62e8aea9ed8f939c6f6ce84d","EC_0111.jpg"
"12117",9.814814815,30.11,"62e8aea9ed8f939c6f6ce84d","EC_0168.jpeg"
"12118",4.537037037,2.81,"62e8aea9ed8f939c6f6ce84d","EC_0018.jpg"
"12119",5.393518519,10.527,"62e8aea9ed8f939c6f6ce84d","EC_0079.jpg"
"12120",2.893518519,16.343,"62e8aea9ed8f939c6f6ce84d","EC_0196.jpg"
"12121",8.483796296,3.18,"62e8aea9ed8f939c6f6ce84d","EC_0060.jpg"
"12122",8.020833333,2.958,"62e8aea9ed8f939c6f6ce84d","EC_0174.jpg"
"12123",8.020833333,2.534,"62e8aea9ed8f939c6f6ce84d","EC_0150.jpg"
"12124",7.8125,2.555,"62e8aea9ed8f939c6f6ce84d","EC_0229.jpg"
"12125",5.532407407,2.645,"62e8aea9ed8f939c6f6ce84d","EC_0081.jpg"
"12126",0.277777778,3.178,"62e8aea9ed8f939c6f6ce84d","EC_0184.jpg"
"12127",0,4.381,"62e8aea9ed8f939c6f6ce84d","EC_0161.jpg"
"12128",0,1.959,"62e8aea9ed8f939c6f6ce84d","EC_0048.jpg"
"12129",5.023148148,2.791,"62e8aea9ed8f939c6f6ce84d","EC_0036.jpeg"
"12130",9.074074074,34.929,"62e8aea9ed8f939c6f6ce84d","EC_0041.jpg"
"12131",5.520833333,4.666,"62e8aea9ed8f939c6f6ce84d","EC_0243.jpg"
"12132",5.613425926,2.514,"62e8aea9ed8f939c6f6ce84d","EC_0071.jpg"
"12133",5.208333333,3.883,"62e8aea9ed8f939c6f6ce84d","EC_0199.jpg"
"12134",5.208333333,2.02,"62e8aea9ed8f939c6f6ce84d","EC_0109.jpg"
"12135",9.907407407,23.247,"62e8aea9ed8f939c6f6ce84d","EC_0245.jpg"
"12136",9.270833333,6.125,"62e8aea9ed8f939c6f6ce84d","EC_0219.jpg"
"12137",5.358796296,5.457,"62e8aea9ed8f939c6f6ce84d","EC_0154.jpg"
"12138",4.976851852,17.533,"62e8aea9ed8f939c6f6ce84d","EC_0151.jpg"
"12139",9.791666667,4.68,"62e8aea9ed8f939c6f6ce84d","EC_0141.jpg"
"12140",7.314814815,2.095,"62e8aea9ed8f939c6f6ce84d","EC_0213.jpg"
"12141",5.05787037,2.388,"62e8aea9ed8f939c6f6ce84d","EC_0061.jpg"
"12142",5.891203704,10.929,"62e8aea9ed8f939c6f6ce84d","EC_0233.jpg"
"12143",6.643518519,2.841,"62e8aea9ed8f939c6f6ce84d","EC_0238.jpg"
"12144",2.24537037,12.507,"62e8aea9ed8f939c6f6ce84d","EC_0076.jpg"
"12145",3.703703704,11.381,"62e8aea9ed8f939c6f6ce84d","EC_0032.jpg"
"12146",4.606481481,17.207,"62e8aea9ed8f939c6f6ce84d","EC_0160.jpg"
"12147",7.476851852,50.145,"62e8aea9ed8f939c6f6ce84d","EC_0152.jpg"
"12148",6.273148148,2.339,"62e8aea9ed8f939c6f6ce84d","EC_0128.jpeg"
"12149",3.854166667,3.445,"62e8aea9ed8f939c6f6ce84d","EC_0230.jpg"
"12150",2.986111111,3.304,"62e8aea9ed8f939c6f6ce84d","EC_0044.jpg"
"12151",5.520833333,7.804,"62e8aea9ed8f939c6f6ce84d","EC_0129.jpeg"
"12152",8.391203704,4.09,"62e8aea9ed8f939c6f6ce84d","EC_0116.jpg"
"12153",9.976851852,4.841,"62e8aea9ed8f939c6f6ce84d","EC_0249.jpg"
"12154",8.206018519,14.027,"62e8aea9ed8f939c6f6ce84d","EC_0015.jpg"
"12155",7.476851852,3.914,"62e8aea9ed8f939c6f6ce84d","EC_0227.jpg"
"12156",6.354166667,3.026,"62e8aea9ed8f939c6f6ce84d","EC_0131.jpg"
"12157",6.180555556,21.001,"62e8aea9ed8f939c6f6ce84d","EC_0070.jpg"
"12158",7.974537037,3.985,"62e8aea9ed8f939c6f6ce84d","EC_0173.jpg"
"12159",7.280092593,3.498,"62e8aea9ed8f939c6f6ce84d","EC_0234.jpg"
"12160",9.918981481,13.221,"62e8aea9ed8f939c6f6ce84d","EC_0193.png"
"12161",5.335648148,37.95,"62e8aea9ed8f939c6f6ce84d","EC_0148.jpg"
"12162",5.671296296,14.319,"62e8aea9ed8f939c6f6ce84d","EC_0014.jpg"
"12163",8.587962963,2.861,"62e8aea9ed8f939c6f6ce84d","EC_0157.jpg"
"12164",5.115740741,5.45,"62e8aea9ed8f939c6f6ce84d","EC_0083.jpg"
"12165",0.300925926,5.694,"62e8aea9ed8f939c6f6ce84d","EC_0077.jpg"
"12166",5.717592593,13.297,"62e8aea9ed8f939c6f6ce84d","EC_0162.jpg"
"12167",6.273148148,35.089,"62e8aea9ed8f939c6f6ce84d","EC_0200.png"
"12168",6.93287037,16.569,"62e8aea9ed8f939c6f6ce84d","EC_0013.jpg"
"12169",6.585648148,3.883,"62e8aea9ed8f939c6f6ce84d","EC_0017.jpg"
"12170",8.483796296,10.805,"62e8aea9ed8f939c6f6ce84d","EC_0140.jpg"
"12171",8.969907407,3.276,"62e8aea9ed8f939c6f6ce84d","EC_0226.jpg"
"12172",2.361111111,2.797,"62e8aea9ed8f939c6f6ce84d","EC_0028.jpg"
"12173",7.291666667,4.297,"62e8aea9ed8f939c6f6ce84d","EC_0138.png"
"12174",5.300925926,3.097,"62e8aea9ed8f939c6f6ce84d","EC_0033.jpeg"
"12175",7.627314815,2.729,"62e8aea9ed8f939c6f6ce84d","EC_0209.jpg"
"12176",6.81712963,4.756,"62e8aea9ed8f939c6f6ce84d","EC_0242.jpg"
"12177",8.148148148,4.15,"62e8aea9ed8f939c6f6ce84d","EC_0221.jpg"
"12178",8.113425926,3.444,"62e8aea9ed8f939c6f6ce84d","EC_0210.jpg"
"12179",8.113425926,2.527,"62e8aea9ed8f939c6f6ce84d","EC_0019.jpg"
"12180",8.113425926,2.389,"62e8aea9ed8f939c6f6ce84d","EC_0086.jpg"
"12181",7.927221457,3.7377,"63614cab87b22b72231c66e0","EC_0172.jpg"
"12182",7.629875342,2.5695,"63614cab87b22b72231c66e0","EC_0245.jpg"
"12183",7.761390209,2.2572,"63614cab87b22b72231c66e0","EC_0039.jpg"
"12184",4.64116176,2.2102,"63614cab87b22b72231c66e0","EC_0050.jpg"
"12185",2.286940813,2.4845,"63614cab87b22b72231c66e0","EC_0121.jpg"
"12186",9.058293502,3.7627,"63614cab87b22b72231c66e0","EC_0207.jpg"
"12187",6.774566968,2.2262,"63614cab87b22b72231c66e0","EC_0049.jpg"
"12188",5.529514154,2.7909,"63614cab87b22b72231c66e0","EC_0165.jpg"
"12189",6.678759257,1.5943,"63614cab87b22b72231c66e0","EC_0007.jpg"
"12190",4.274783929,1.4311,"63614cab87b22b72231c66e0","EC_0248.jpg"
"12191",7.589826584,1.6443,"63614cab87b22b72231c66e0","EC_0003.jpg"
"12192",5.087819099,1.5944,"63614cab87b22b72231c66e0","EC_0141.jpg"
"12193",8.66945823,1.9751,"63614cab87b22b72231c66e0","EC_0012.jpg"
"12194",2.061100403,2.8464,"63614cab87b22b72231c66e0","EC_0131.jpg"
"12195",9.557813009,5.5566,"63614cab87b22b72231c66e0","EC_0010.jpg"
"12196",4.812686443,2.4723,"63614cab87b22b72231c66e0","EC_0108.jpg"
"12197",5.981990496,4.1252,"63614cab87b22b72231c66e0","EC_0063.jpg"
"12198",6.989462376,1.5602,"63614cab87b22b72231c66e0","EC_0067.jpg"
"12199",4.824589888,1.4755,"63614cab87b22b72231c66e0","EC_0099.jpg"
"12200",7.641775608,1.613,"63614cab87b22b72231c66e0","EC_0154.jpg"
"12201",4.261088371,1.4091,"63614cab87b22b72231c66e0","EC_0180.jpg"
"12202",7.947432995,1.442,"63614cab87b22b72231c66e0","EC_0156.jpg"
"12203",7.926001549,2.1237,"63614cab87b22b72231c66e0","EC_0079.jpg"
"12204",7.950710456,1.375,"63614cab87b22b72231c66e0","EC_0066.jpg"
"12205",8.097848892,1.5467,"63614cab87b22b72231c66e0","EC_0163.jpg"
"12206",8.514389992,1.6305,"63614cab87b22b72231c66e0","EC_0176.jpg"
"12207",8.195474148,1.5598,"63614cab87b22b72231c66e0","EC_0081.jpg"
"12208",5.088240306,2.1925,"63614cab87b22b72231c66e0","EC_0133.jpg"
"12209",7.005023162,1.7419,"63614cab87b22b72231c66e0","EC_0128.jpeg"
"12210",8.075226148,1.776,"63614cab87b22b72231c66e0","EC_0009.jpg"
"12211",6.957586606,1.6443,"63614cab87b22b72231c66e0","EC_0054.jpg"
"12212",7.108955383,1.6253,"63614cab87b22b72231c66e0","EC_0182.jpg"
"12213",7.562420368,1.6112,"63614cab87b22b72231c66e0","EC_0183.jpg"
"12214",7.658438683,1.649,"63614cab87b22b72231c66e0","EC_0119.jpg"
"12215",7.932295799,1.4773,"63614cab87b22b72231c66e0","EC_0042.jpg"
"12216",4.387236436,1.5587,"63614cab87b22b72231c66e0","EC_0134.jpg"
"12217",7.011741002,1.5558,"63614cab87b22b72231c66e0","EC_0247.jpg"
"12218",4.364647071,1.4783,"63614cab87b22b72231c66e0","EC_0199.jpg"
"12219",7.403314114,1.5939,"63614cab87b22b72231c66e0","EC_0250.jpg"
"12220",7.39578406,1.4947,"63614cab87b22b72231c66e0","EC_0022.jpg"
"12221",7.39578406,1.5211,"63614cab87b22b72231c66e0","EC_0151.jpg"
"12222",7.374138832,1.4923,"63614cab87b22b72231c66e0","EC_0094.jpg"
"12223",8.152940273,1.759,"63614cab87b22b72231c66e0","EC_0238.jpg"
"12224",8.009835879,1.9767,"63614cab87b22b72231c66e0","EC_0118.jpg"
"12225",8.002689679,1.7755,"63614cab87b22b72231c66e0","EC_0048.jpg"
"12226",8.002689679,1.8611,"63614cab87b22b72231c66e0","EC_0116.jpg"
"12227",5.518343449,3.8299,"63614cab87b22b72231c66e0","EC_0239.jpg"
"12228",7.679807345,2.3977,"63614cab87b22b72231c66e0","EC_0123.jpeg"
"12229",6.371788979,1.9409,"63614cab87b22b72231c66e0","EC_0224.jpg"
"12230",6.717511018,1.7275,"63614cab87b22b72231c66e0","EC_0152.jpg"
"12231",6.510926088,1.5778,"63614cab87b22b72231c66e0","EC_0098.jpg"
"12232",7.390742302,1.5921,"63614cab87b22b72231c66e0","EC_0028.jpg"
"12233",4.421384335,1.9452,"63614cab87b22b72231c66e0","EC_0090.jpg"
"12234",6.085496744,2.2405,"63614cab87b22b72231c66e0","EC_0070.jpg"
"12235",7.836833795,1.5574,"63614cab87b22b72231c66e0","EC_0095.jpg"
"12236",4.925578435,1.7597,"63614cab87b22b72231c66e0","EC_0161.jpg"
"12237",7.502861023,2.276,"63614cab87b22b72231c66e0","EC_0249.jpg"
"12238",4.424623648,1.7254,"63614cab87b22b72231c66e0","EC_0246.jpg"
"12239",7.848096689,1.5757,"63614cab87b22b72231c66e0","EC_0223.jpg"
"12240",4.882133802,1.6589,"63614cab87b22b72231c66e0","EC_0211.jpg"
"12241",7.795063655,1.9262,"63614cab87b22b72231c66e0","EC_0011.jpg"
"12242",9.408284028,1.678,"63614cab87b22b72231c66e0","EC_0201.jpg"
"12243",3.327449958,1.708,"63614cab87b22b72231c66e0","EC_0209.jpg"
"12244",5.655569235,2.776,"63614cab87b22b72231c66e0","EC_0031.jpg"
"12245",7.423535983,1.7263,"63614cab87b22b72231c66e0","EC_0233.jpg"
"12246",5.428422292,1.7086,"63614cab87b22b72231c66e0","EC_0088.jpg"
"12247",7.19912529,1.4632,"63614cab87b22b72231c66e0","EC_0219.jpg"
"12248",5.81647555,3.2225,"63614cab87b22b72231c66e0","EC_0197.jpg"
"12249",5.743981997,1.727,"63614cab87b22b72231c66e0","EC_0041.jpg"
"12250",7.171602249,1.5092,"63614cab87b22b72231c66e0","EC_0046.jpg"
"12251",7.969636122,1.5635,"63614cab87b22b72231c66e0","EC_0062.jpg"
"12252",6.451233228,1.425,"63614cab87b22b72231c66e0","EC_0243.jpg"
"12253",6.926534971,1.6434,"63614cab87b22b72231c66e0","EC_0024.jpg"
"12254",4.414547284,1.5157,"63614cab87b22b72231c66e0","EC_0061.jpg"
"12255",6.068425179,1.492,"63614cab87b22b72231c66e0","EC_0168.jpeg"
"12256",5.268599192,1.5693,"63614cab87b22b72231c66e0","EC_0068.jpg"
"12257",6.407909393,1.4753,"63614cab87b22b72231c66e0","EC_0064.jpg"
"12258",5.507433414,2.2073,"63614cab87b22b72231c66e0","EC_0115.jpg"
"12259",6.786080201,3.7748,"63614cab87b22b72231c66e0","EC_0055.jpg"
"12260",6.551549435,1.7931,"63614cab87b22b72231c66e0","EC_0102.jpg"
"12261",5.508511861,1.9585,"63614cab87b22b72231c66e0","EC_0162.jpg"
"12262",7.875730197,1.5328,"63614cab87b22b72231c66e0","EC_0194.jpg"
"12263",5.01970609,1.7072,"63614cab87b22b72231c66e0","EC_0171.jpg"
"12264",7.475658258,1.7763,"63614cab87b22b72231c66e0","EC_0137.jpg"
"12265",5.378371874,1.6756,"63614cab87b22b72231c66e0","EC_0005.jpg"
"12266",8.038651943,1.7427,"63614cab87b22b72231c66e0","EC_0148.jpg"
"12267",7.673215866,7.1554,"63614cab87b22b72231c66e0","EC_0036.jpeg"
"12268",5.153494676,2.3426,"63614cab87b22b72231c66e0","EC_0006.jpg"
"12269",7.364054521,1.4091,"63614cab87b22b72231c66e0","EC_0111.jpg"
"12270",4.171578089,1.499,"63614cab87b22b72231c66e0","EC_0181.jpg"
"12271",6.502458254,1.4778,"63614cab87b22b72231c66e0","EC_0044.jpg"
"12272",4.732235273,1.4574,"63614cab87b22b72231c66e0","EC_0170.jpg"
"12273",7.572593689,1.4141,"63614cab87b22b72231c66e0","EC_0085.jpg"
"12274",4.007252852,1.5462,"63614cab87b22b72231c66e0","EC_0018.jpg"
"12275",7.031213442,1.5102,"63614cab87b22b72231c66e0","EC_0222.jpg"
"12276",5.317430496,1.5256,"63614cab87b22b72231c66e0","EC_0047.jpg"
"12277",6.260823409,1.56,"63614cab87b22b72231c66e0","EC_0184.jpg"
"12278",4.34010903,1.5584,"63614cab87b22b72231c66e0","EC_0240.jpg"
"12279",7.703903516,1.5267,"63614cab87b22b72231c66e0","EC_0034.jpg"
"12280",4.858574073,1.401,"63614cab87b22b72231c66e0","EC_0037.jpg"
"12281",7.051970959,1.4928,"63614cab87b22b72231c66e0","EC_0027.jpg"
"12282",3.98475647,1.4799,"63614cab87b22b72231c66e0","EC_0033.jpeg"
"12283",7.127614021,1.4425,"63614cab87b22b72231c66e0","EC_0084.jpg"
"12284",4.361604849,1.4408,"63614cab87b22b72231c66e0","EC_0138.png"
"12285",5.329455535,1.5973,"63614cab87b22b72231c66e0","EC_0117.jpg"
"12286",6.062322458,1.5595,"63614cab87b22b72231c66e0","EC_0013.jpg"
"12287",7.097829183,1.5919,"63614cab87b22b72231c66e0","EC_0038.jpg"
"12288",7.54960537,1.5129,"63614cab87b22b72231c66e0","EC_0147.png"
"12289",7.965603669,1.409,"63614cab87b22b72231c66e0","EC_0230.jpg"
"12290",4.562074343,1.4154,"63614cab87b22b72231c66e0","EC_0185.jpg"
"12291",4.17479833,1.5307,"63614cab87b22b72231c66e0","EC_0231.jpg"
"12292",6.375044187,1.6782,"63614cab87b22b72231c66e0","EC_0132.jpg"
"12293",6.613265673,1.5587,"63614cab87b22b72231c66e0","EC_0100.jpg"
"12294",6.839110851,1.496,"63614cab87b22b72231c66e0","EC_0167.jpg"
"12295",6.357969443,1.4599,"63614cab87b22b72231c66e0","EC_0174.jpg"
"12296",7.471663952,1.6084,"63614cab87b22b72231c66e0","EC_0136.jpg"
"12297",5.814634959,1.5271,"63614cab87b22b72231c66e0","EC_0214.jpg"
"12298",7.046755155,1.5253,"63614cab87b22b72231c66e0","EC_0150.jpg"
"12299",7.859602769,1.6769,"63614cab87b22b72231c66e0","EC_0040.jpg"
"12300",8.31451416,1.6266,"63614cab87b22b72231c66e0","EC_0020.jpg"
"12301",6.899160544,2.0942,"63614cab87b22b72231c66e0","EC_0029.jpg"
"12302",6.725463867,3.0094,"63614cab87b22b72231c66e0","EC_0083.jpg"
"12303",7.126414776,2.4569,"63614cab87b22b72231c66e0","EC_0053.jpg"
"12304",7.792128722,1.7912,"63614cab87b22b72231c66e0","EC_0235.jpg"
"12305",7.089740435,1.5767,"63614cab87b22b72231c66e0","EC_0204.jpg"
"12306",8.416885535,1.6092,"63614cab87b22b72231c66e0","EC_0077.jpg"
"12307",4.500125249,1.443,"63614cab87b22b72231c66e0","EC_0080.jpg"
"12308",7.336850961,1.4126,"63614cab87b22b72231c66e0","EC_0125.jpeg"
"12309",4.816958904,1.2268,"63614cab87b22b72231c66e0","EC_0076.jpg"
"12310",7.169795036,1.2962,"63614cab87b22b72231c66e0","EC_0120.jpg"
"12311",7.176977793,1.3268,"63614cab87b22b72231c66e0","EC_0210.jpg"
"12312",7.176977793,1.292,"63614cab87b22b72231c66e0","EC_0001.jpg"
"12313",5.527164141,1.4596,"63614cab87b22b72231c66e0","EC_0072.jpg"
"12314",7.984999021,1.4656,"63614cab87b22b72231c66e0","EC_0059.jpg"
"12315",7.612645626,1.2281,"63614cab87b22b72231c66e0","EC_0032.jpg"
"12316",7.575802008,1.3934,"63614cab87b22b72231c66e0","EC_0051.jpg"
"12317",4.67771848,1.4288,"63614cab87b22b72231c66e0","EC_0002.jpg"
"12318",6.944332123,1.21,"63614cab87b22b72231c66e0","EC_0105.jpg"
"12319",8.050494194,1.6454,"63614cab87b22b72231c66e0","EC_0198.jpg"
"12320",6.933577855,1.3921,"63614cab87b22b72231c66e0","EC_0057.jpeg"
"12321",7.71579504,1.4597,"63614cab87b22b72231c66e0","EC_0236.jpg"
"12322",8.113079866,1.4963,"63614cab87b22b72231c66e0","EC_0092.jpg"
"12323",9.592930476,1.876,"63614cab87b22b72231c66e0","EC_0242.jpg"
"12324",7.65027523,1.8597,"63614cab87b22b72231c66e0","EC_0158.jpg"
"12325",6.738828818,2.1946,"63614cab87b22b72231c66e0","EC_0015.jpg"
"12326",5.469187101,1.8937,"63614cab87b22b72231c66e0","EC_0196.jpg"
"12327",5.74530681,2.0271,"63614cab87b22b72231c66e0","EC_0113.jpg"
"12328",4.955883821,1.6118,"63614cab87b22b72231c66e0","EC_0082.jpg"
"12329",7.140260537,1.4429,"63614cab87b22b72231c66e0","EC_0093.jpg"
"12330",4.506781101,1.2467,"63614cab87b22b72231c66e0","EC_0075.jpg"
"12331",5.279575189,1.8909,"63614cab87b22b72231c66e0","EC_0188.jpg"
"12332",7.830972672,1.3471,"63614cab87b22b72231c66e0","EC_0074.jpg"
"12333",2.5973773,1.3439,"63614cab87b22b72231c66e0","EC_0193.png"
"12334",8.167016506,1.2104,"63614cab87b22b72231c66e0","EC_0157.jpg"
"12335",3.772394657,1.3262,"63614cab87b22b72231c66e0","EC_0109.jpg"
"12336",8.643435637,1.3939,"63614cab87b22b72231c66e0","EC_0221.jpg"
"12337",3.97274971,1.3444,"63614cab87b22b72231c66e0","EC_0129.jpeg"
"12338",3.674151103,1.4932,"63614cab87b22b72231c66e0","EC_0159.jpg"
"12339",3.210909367,1.4434,"63614cab87b22b72231c66e0","EC_0008.jpg"
"12340",3.295372327,1.3907,"63614cab87b22b72231c66e0","EC_0097.jpg"
"12341",7.92668581,1.5096,"63614cab87b22b72231c66e0","EC_0087.jpg"
"12342",5.099913279,1.3421,"63614cab87b22b72231c66e0","EC_0241.jpg"
"12343",7.364006837,1.3439,"63614cab87b22b72231c66e0","EC_0058.jpg"
"12344",4.64897871,1.4136,"63614cab87b22b72231c66e0","EC_0202.jpg"
"12345",8.417140643,1.3929,"63614cab87b22b72231c66e0","EC_0169.png"
"12346",8.787500064,1.3747,"63614cab87b22b72231c66e0","EC_0213.jpg"
"12347",8.802115122,1.4415,"63614cab87b22b72231c66e0","EC_0103.jpg"
"12348",8.802115122,1.4284,"63614cab87b22b72231c66e0","EC_0104.jpg"
"12349",5.502889156,2.1074,"63614cab87b22b72231c66e0","EC_0229.jpg"
"12350",5.487991174,1.4593,"63614cab87b22b72231c66e0","EC_0153.jpg"
"12351",5.480746428,1.3913,"63614cab87b22b72231c66e0","EC_0030.jpg"
"12352",3.445991675,1.3974,"63614cab87b22b72231c66e0","EC_0203.jpg"
"12353",3.379480044,1.3925,"63614cab87b22b72231c66e0","EC_0166.jpg"
"12354",7.375188669,1.3742,"63614cab87b22b72231c66e0","EC_0101.jpg"
"12355",4.154076576,1.4442,"63614cab87b22b72231c66e0","EC_0160.jpg"
"12356",6.320551236,1.398,"63614cab87b22b72231c66e0","EC_0019.jpg"
"12357",7.258808613,8.3138,"63614cab87b22b72231c66e0","EC_0139.png"
"12358",4.470925331,2.1408,"63614cab87b22b72231c66e0","EC_0017.jpg"
"12359",6.907515526,1.5769,"63614cab87b22b72231c66e0","EC_0086.jpg"
"12360",2.868022124,1.3915,"63614cab87b22b72231c66e0","EC_0071.jpg"
"12361",6.585279306,2.8246,"63614cab87b22b72231c66e0","EC_0089.jpg"
"12362",4.156510035,1.4758,"63614cab87b22b72231c66e0","EC_0073.jpg"
"12363",9.135068258,1.7624,"63614cab87b22b72231c66e0","EC_0065.jpg"
"12364",5.542150338,1.4447,"63614cab87b22b72231c66e0","EC_0237.jpg"
"12365",2.519602776,1.4484,"63614cab87b22b72231c66e0","EC_0173.jpg"
"12366",4.617167314,1.4499,"63614cab87b22b72231c66e0","EC_0228.jpg"
"12367",5.915853977,1.4471,"63614cab87b22b72231c66e0","EC_0164.jpg"
"12368",6.697642008,1.4987,"63614cab87b22b72231c66e0","EC_0140.jpg"
"12369",5.652728875,1.9906,"63614cab87b22b72231c66e0","EC_0106.jpg"
"12370",4.452485243,3.3921,"63614cab87b22b72231c66e0","EC_0187.jpeg"
"12371",6.264210542,1.7296,"63614cab87b22b72231c66e0","EC_0177.jpg"
"12372",6.973978678,1.6251,"63614cab87b22b72231c66e0","EC_0206.png"
"12373",7.17703263,2.6065,"63614cab87b22b72231c66e0","EC_0200.png"
"12374",6.30573988,1.8609,"63614cab87b22b72231c66e0","EC_0195.jpg"
"12375",3.138093154,9.2191,"63614cab87b22b72231c66e0","EC_0124.jpeg"
"12376",5.704948107,2.79,"63614cab87b22b72231c66e0","EC_0232.jpg"
"12377",6.442344983,3.8808,"63614cab87b22b72231c66e0","EC_0060.jpg"
"12378",3.289714654,2.4916,"63614cab87b22b72231c66e0","EC_0226.jpg"
"12379",4.574302832,1.5317,"63614cab87b22b72231c66e0","EC_0244.jpg"
"12380",7.375503381,2.3253,"63614cab87b22b72231c66e0","EC_0149.jpg"
"12381",6.907734076,1.6728,"63614cab87b22b72231c66e0","EC_0142.jpg"
"12382",3.599317074,1.562,"63614cab87b22b72231c66e0","EC_0205.jpg"
"12383",7.622136275,1.7598,"63614cab87b22b72231c66e0","EC_0056.jpg"
"12384",4.700075785,1.8484,"63614cab87b22b72231c66e0","EC_0069.jpg"
"12385",7.368230025,1.8089,"63614cab87b22b72231c66e0","EC_0135.jpg"
"12386",7.316332658,1.7764,"63614cab87b22b72231c66e0","EC_0016.jpg"
"12387",7.316332658,1.9648,"63614cab87b22b72231c66e0","EC_0227.jpg"
"12388",3.504227002,3.4906,"63614cab87b22b72231c66e0","EC_0096.jpg"
"12389",6.884536743,1.7307,"63614cab87b22b72231c66e0","EC_0234.jpg"
"12390",3.776446978,1.5792,"63614cab87b22b72231c66e0","EC_0014.jpg"
"12391",5.972222222,3.9515,"63b6ce65bf24c8201da439e4","EC_0135.jpg"
"12392",2.925925926,5.0641,"63b6ce65bf24c8201da439e4","EC_0084.jpg"
"12393",0,3.6129,"63b6ce65bf24c8201da439e4","EC_0150.jpg"
"12394",0,5.0986,"63b6ce65bf24c8201da439e4","EC_0059.jpg"
"12395",6.074074074,4.0942,"63b6ce65bf24c8201da439e4","EC_0239.jpg"
"12396",0.009259259,3.0841,"63b6ce65bf24c8201da439e4","EC_0211.jpg"
"12397",10,5.0368,"63b6ce65bf24c8201da439e4","EC_0180.jpg"
"12398",0.074074074,6.3912,"63b6ce65bf24c8201da439e4","EC_0240.jpg"
"12399",4.944444444,4.0324,"63b6ce65bf24c8201da439e4","EC_0089.jpg"
"12400",6.009259259,4.1783,"63b6ce65bf24c8201da439e4","EC_0061.jpg"
"12401",9.953703704,3.5234,"63b6ce65bf24c8201da439e4","EC_0098.jpg"
"12402",9.981481481,4.9862,"63b6ce65bf24c8201da439e4","EC_0008.jpg"
"12403",9.990740741,5.0252,"63b6ce65bf24c8201da439e4","EC_0171.jpg"
"12404",0.907407407,6.0159,"63b6ce65bf24c8201da439e4","EC_0214.jpg"
"12405",5.944444444,4.2022,"63b6ce65bf24c8201da439e4","EC_0168.jpeg"
"12406",2.953703704,3.6672,"63b6ce65bf24c8201da439e4","EC_0193.png"
"12407",0.009259259,4.9735,"63b6ce65bf24c8201da439e4","EC_0149.jpg"
"12408",0.981481481,4.2144,"63b6ce65bf24c8201da439e4","EC_0165.jpg"
"12409",5.018518519,5.823,"63b6ce65bf24c8201da439e4","EC_0119.jpg"
"12410",6.972222222,4.3579,"63b6ce65bf24c8201da439e4","EC_0203.jpg"
"12411",6.981481481,3.515,"63b6ce65bf24c8201da439e4","EC_0224.jpg"
"12412",7.972222222,4.5216,"63b6ce65bf24c8201da439e4","EC_0092.jpg"
"12413",0,5.4535,"63b6ce65bf24c8201da439e4","EC_0080.jpg"
"12414",6.981481481,4.0112,"63b6ce65bf24c8201da439e4","EC_0105.jpg"
"12415",0,3.9778,"63b6ce65bf24c8201da439e4","EC_0194.jpg"
"12416",0.046296296,5.339,"63b6ce65bf24c8201da439e4","EC_0111.jpg"
"12417",4.962962963,4.1011,"63b6ce65bf24c8201da439e4","EC_0034.jpg"
"12418",7.962962963,5.7467,"63b6ce65bf24c8201da439e4","EC_0074.jpg"
"12419",8.962962963,4.2464,"63b6ce65bf24c8201da439e4","EC_0209.jpg"
"12420",0.981481481,3.9371,"63b6ce65bf24c8201da439e4","EC_0082.jpg"
"12421",2.009259259,4.6181,"63b6ce65bf24c8201da439e4","EC_0018.jpg"
"12422",0,4.6141,"63b6ce65bf24c8201da439e4","EC_0235.jpg"
"12423",1.953703704,5.0564,"63b6ce65bf24c8201da439e4","EC_0041.jpg"
"12424",0.037037037,3.0813,"63b6ce65bf24c8201da439e4","EC_0134.jpg"
"12425",3.962962963,4.0127,"63b6ce65bf24c8201da439e4","EC_0244.jpg"
"12426",9.037037037,3.9132,"63b6ce65bf24c8201da439e4","EC_0073.jpg"
"12427",9.962962963,3.6656,"63b6ce65bf24c8201da439e4","EC_0033.jpeg"
"12428",0.944444444,4.1479,"63b6ce65bf24c8201da439e4","EC_0247.jpg"
"12429",0.027777778,4.3879,"63b6ce65bf24c8201da439e4","EC_0056.jpg"
"12430",3.990740741,3.3097,"63b6ce65bf24c8201da439e4","EC_0154.jpg"
"12431",0.037037037,3.0053,"63b6ce65bf24c8201da439e4","EC_0005.jpg"
"12432",0,4.2166,"63b6ce65bf24c8201da439e4","EC_0204.jpg"
"12433",6.944444444,4.0045,"63b6ce65bf24c8201da439e4","EC_0200.png"
"12434",0,4.0319,"63b6ce65bf24c8201da439e4","EC_0049.jpg"
"12435",0,3.6917,"63b6ce65bf24c8201da439e4","EC_0139.png"
"12436",0.046296296,4.1892,"63b6ce65bf24c8201da439e4","EC_0230.jpg"
"12437",1.009259259,3.2602,"63b6ce65bf24c8201da439e4","EC_0094.jpg"
"12438",0.962962963,2.8275,"63b6ce65bf24c8201da439e4","EC_0007.jpg"
"12439",1.018518519,2.8383,"63b6ce65bf24c8201da439e4","EC_0038.jpg"
"12440",9.953703704,5.5649,"63b6ce65bf24c8201da439e4","EC_0087.jpg"
"12441",5.981481481,5.425,"63b6ce65bf24c8201da439e4","EC_0236.jpg"
"12442",9.953703704,2.8272,"63b6ce65bf24c8201da439e4","EC_0057.jpeg"
"12443",9.972222222,2.6865,"63b6ce65bf24c8201da439e4","EC_0238.jpg"
"12444",9.981481481,2.5792,"63b6ce65bf24c8201da439e4","EC_0070.jpg"
"12445",0,5.4204,"63b6ce65bf24c8201da439e4","EC_0131.jpg"
"12446",0,5.6723,"63b6ce65bf24c8201da439e4","EC_0002.jpg"
"12447",1.944444444,3.682,"63b6ce65bf24c8201da439e4","EC_0182.jpg"
"12448",8.944444444,3.792,"63b6ce65bf24c8201da439e4","EC_0090.jpg"
"12449",8.009259259,3.435,"63b6ce65bf24c8201da439e4","EC_0183.jpg"
"12450",9.981481481,2.7947,"63b6ce65bf24c8201da439e4","EC_0248.jpg"
"12451",1.953703704,3.48,"63b6ce65bf24c8201da439e4","EC_0103.jpg"
"12452",7.962962963,3.1729,"63b6ce65bf24c8201da439e4","EC_0237.jpg"
"12453",2.055555556,2.8453,"63b6ce65bf24c8201da439e4","EC_0039.jpg"
"12454",4.018518519,3.6347,"63b6ce65bf24c8201da439e4","EC_0152.jpg"
"12455",8.055555556,3.6785,"63b6ce65bf24c8201da439e4","EC_0250.jpg"
"12456",9.990740741,3.2362,"63b6ce65bf24c8201da439e4","EC_0157.jpg"
"12457",2.944444444,4.2078,"63b6ce65bf24c8201da439e4","EC_0169.png"
"12458",0,3.666,"63b6ce65bf24c8201da439e4","EC_0060.jpg"
"12459",5.981481481,3.3761,"63b6ce65bf24c8201da439e4","EC_0116.jpg"
"12460",0.990740741,3.7806,"63b6ce65bf24c8201da439e4","EC_0063.jpg"
"12461",0,4.7617,"63b6ce65bf24c8201da439e4","EC_0015.jpg"
"12462",0,4.2602,"63b6ce65bf24c8201da439e4","EC_0054.jpg"
"12463",6.972222222,3.698,"63b6ce65bf24c8201da439e4","EC_0132.jpg"
"12464",0,4.9394,"63b6ce65bf24c8201da439e4","EC_0012.jpg"
"12465",3.018518519,4.3932,"63b6ce65bf24c8201da439e4","EC_0232.jpg"
"12466",0,4.0009,"63b6ce65bf24c8201da439e4","EC_0044.jpg"
"12467",0,4.6399,"63b6ce65bf24c8201da439e4","EC_0221.jpg"
"12468",6.083333333,3.1771,"63b6ce65bf24c8201da439e4","EC_0093.jpg"
"12469",0.972222222,3.7802,"63b6ce65bf24c8201da439e4","EC_0196.jpg"
"12470",0,4.9383,"63b6ce65bf24c8201da439e4","EC_0042.jpg"
"12471",9.018518519,4.2633,"63b6ce65bf24c8201da439e4","EC_0019.jpg"
"12472",0.981481481,4.6242,"63b6ce65bf24c8201da439e4","EC_0185.jpg"
"12473",8.972222222,3.1801,"63b6ce65bf24c8201da439e4","EC_0079.jpg"
"12474",0,6.477,"63b6ce65bf24c8201da439e4","EC_0125.jpeg"
"12475",0,6.8368,"63b6ce65bf24c8201da439e4","EC_0187.jpeg"
"12476",0.009259259,4.0684,"63b6ce65bf24c8201da439e4","EC_0010.jpg"
"12477",0,4.177,"63b6ce65bf24c8201da439e4","EC_0162.jpg"
"12478",6.398148148,4.8422,"63b6ce65bf24c8201da439e4","EC_0104.jpg"
"12479",1.027777778,5.516,"63b6ce65bf24c8201da439e4","EC_0029.jpg"
"12480",4,4.8413,"63b6ce65bf24c8201da439e4","EC_0031.jpg"
"12481",0.972222222,3.077,"63b6ce65bf24c8201da439e4","EC_0101.jpg"
"12482",2.009259259,3.6996,"63b6ce65bf24c8201da439e4","EC_0065.jpg"
"12483",10,5.3324,"63b6ce65bf24c8201da439e4","EC_0096.jpg"
"12484",0,2.7966,"63b6ce65bf24c8201da439e4","EC_0210.jpg"
"12485",2.944444444,3.0765,"63b6ce65bf24c8201da439e4","EC_0051.jpg"
"12486",0,4.4198,"63b6ce65bf24c8201da439e4","EC_0129.jpeg"
"12487",0,3.9198,"63b6ce65bf24c8201da439e4","EC_0219.jpg"
"12488",0,4.0454,"63b6ce65bf24c8201da439e4","EC_0226.jpg"
"12489",2.981481481,3.3928,"63b6ce65bf24c8201da439e4","EC_0095.jpg"
"12490",6.944444444,3.7674,"63b6ce65bf24c8201da439e4","EC_0050.jpg"
"12491",1.009259259,3.7773,"63b6ce65bf24c8201da439e4","EC_0040.jpg"
"12492",6.990740741,3.4023,"63b6ce65bf24c8201da439e4","EC_0158.jpg"
"12493",0.037037037,2.799,"63b6ce65bf24c8201da439e4","EC_0113.jpg"
"12494",0,3.2481,"63b6ce65bf24c8201da439e4","EC_0184.jpg"
"12495",2.990740741,2.7102,"63b6ce65bf24c8201da439e4","EC_0017.jpg"
"12496",3.953703704,6.3151,"63b6ce65bf24c8201da439e4","EC_0233.jpg"
"12497",1.018518519,2.8129,"63b6ce65bf24c8201da439e4","EC_0024.jpg"
"12498",0,3.975,"63b6ce65bf24c8201da439e4","EC_0128.jpeg"
"12499",6.944444444,3.2411,"63b6ce65bf24c8201da439e4","EC_0153.jpg"
"12500",10,3.6986,"63b6ce65bf24c8201da439e4","EC_0020.jpg"
"12501",9.981481481,2.8662,"63b6ce65bf24c8201da439e4","EC_0138.png"
"12502",7.990740741,3.9489,"63b6ce65bf24c8201da439e4","EC_0229.jpg"
"12503",9.944444444,3.1296,"63b6ce65bf24c8201da439e4","EC_0030.jpg"
"12504",4,4.7894,"63b6ce65bf24c8201da439e4","EC_0097.jpg"
"12505",0,4.8153,"63b6ce65bf24c8201da439e4","EC_0088.jpg"
"12506",0,3.8218,"63b6ce65bf24c8201da439e4","EC_0173.jpg"
"12507",9.953703704,3.5265,"63b6ce65bf24c8201da439e4","EC_0106.jpg"
"12508",5,2.8116,"63b6ce65bf24c8201da439e4","EC_0100.jpg"
"12509",0,4.0758,"63b6ce65bf24c8201da439e4","EC_0227.jpg"
"12510",0.009259259,2.952,"63b6ce65bf24c8201da439e4","EC_0036.jpeg"
"12511",2.953703704,2.9133,"63b6ce65bf24c8201da439e4","EC_0174.jpg"
"12512",3.972222222,3.3663,"63b6ce65bf24c8201da439e4","EC_0032.jpg"
"12513",0.953703704,3.5194,"63b6ce65bf24c8201da439e4","EC_0228.jpg"
"12514",1.009259259,2.3676,"63b6ce65bf24c8201da439e4","EC_0176.jpg"
"12515",0.981481481,2.5777,"63b6ce65bf24c8201da439e4","EC_0028.jpg"
"12516",0,4.8447,"63b6ce65bf24c8201da439e4","EC_0077.jpg"
"12517",0,5.2716,"63b6ce65bf24c8201da439e4","EC_0115.jpg"
"12518",6.962962963,4.5734,"63b6ce65bf24c8201da439e4","EC_0011.jpg"
"12519",0,4.6258,"63b6ce65bf24c8201da439e4","EC_0053.jpg"
"12520",2.962962963,2.8937,"63b6ce65bf24c8201da439e4","EC_0066.jpg"
"12521",3.009259259,2.5939,"63b6ce65bf24c8201da439e4","EC_0242.jpg"
"12522",8,2.9924,"63b6ce65bf24c8201da439e4","EC_0181.jpg"
"12523",5.981481481,3.7844,"63b6ce65bf24c8201da439e4","EC_0037.jpg"
"12524",6.018518519,2.8061,"63b6ce65bf24c8201da439e4","EC_0164.jpg"
"12525",5.990740741,2.8357,"63b6ce65bf24c8201da439e4","EC_0167.jpg"
"12526",6.055555556,2.2214,"63b6ce65bf24c8201da439e4","EC_0003.jpg"
"12527",0,4.64,"63b6ce65bf24c8201da439e4","EC_0067.jpg"
"12528",10,4.5998,"63b6ce65bf24c8201da439e4","EC_0249.jpg"
"12529",6.925925926,3.045,"63b6ce65bf24c8201da439e4","EC_0177.jpg"
"12530",0,5.9038,"63b6ce65bf24c8201da439e4","EC_0108.jpg"
"12531",1.009259259,4.3162,"63b6ce65bf24c8201da439e4","EC_0234.jpg"
"12532",0,4.8427,"63b6ce65bf24c8201da439e4","EC_0206.png"
"12533",0,5.9618,"63b6ce65bf24c8201da439e4","EC_0064.jpg"
"12534",7.055555556,3.1521,"63b6ce65bf24c8201da439e4","EC_0245.jpg"
"12535",0,4.1177,"63b6ce65bf24c8201da439e4","EC_0001.jpg"
"12536",2.981481481,2.8901,"63b6ce65bf24c8201da439e4","EC_0160.jpg"
"12537",1.916666667,3.6091,"63b6ce65bf24c8201da439e4","EC_0148.jpg"
"12538",0.990740741,3.1496,"63b6ce65bf24c8201da439e4","EC_0199.jpg"
"12539",3.037037037,2.7119,"63b6ce65bf24c8201da439e4","EC_0120.jpg"
"12540",0,4.9177,"63b6ce65bf24c8201da439e4","EC_0009.jpg"
"12541",10,4.8416,"63b6ce65bf24c8201da439e4","EC_0205.jpg"
"12542",5.083333333,2.8936,"63b6ce65bf24c8201da439e4","EC_0046.jpg"
"12543",3.462962963,3.6362,"63b6ce65bf24c8201da439e4","EC_0207.jpg"
"12544",6.351851852,2.4341,"63b6ce65bf24c8201da439e4","EC_0016.jpg"
"12545",0,3.7946,"63b6ce65bf24c8201da439e4","EC_0069.jpg"
"12546",6.37962963,3.5443,"63b6ce65bf24c8201da439e4","EC_0109.jpg"
"12547",0,3.3472,"63b6ce65bf24c8201da439e4","EC_0136.jpg"
"12548",10,4.3321,"63b6ce65bf24c8201da439e4","EC_0006.jpg"
"12549",1.009259259,3.6461,"63b6ce65bf24c8201da439e4","EC_0147.png"
"12550",7.453703704,2.8806,"63b6ce65bf24c8201da439e4","EC_0202.jpg"
"12551",1.018518519,5.2631,"63b6ce65bf24c8201da439e4","EC_0013.jpg"
"12552",0,3.3732,"63b6ce65bf24c8201da439e4","EC_0099.jpg"
"12553",0,3.2877,"63b6ce65bf24c8201da439e4","EC_0058.jpg"
"12554",1.648148148,3.0676,"63b6ce65bf24c8201da439e4","EC_0195.jpg"
"12555",0,3.2802,"63b6ce65bf24c8201da439e4","EC_0027.jpg"
"12556",5.157407407,4.9955,"63b6ce65bf24c8201da439e4","EC_0014.jpg"
"12557",7.055555556,3.8613,"63b6ce65bf24c8201da439e4","EC_0081.jpg"
"12558",0.046296296,3.7348,"63b6ce65bf24c8201da439e4","EC_0121.jpg"
"12559",1.018518519,3.2249,"63b6ce65bf24c8201da439e4","EC_0140.jpg"
"12560",1.009259259,2.9197,"63b6ce65bf24c8201da439e4","EC_0156.jpg"
"12561",2.722222222,3.3953,"63b6ce65bf24c8201da439e4","EC_0163.jpg"
"12562",0.018518519,2.4311,"63b6ce65bf24c8201da439e4","EC_0161.jpg"
"12563",0.018518519,2.4996,"63b6ce65bf24c8201da439e4","EC_0201.jpg"
"12564",1.055555556,3.8339,"63b6ce65bf24c8201da439e4","EC_0072.jpg"
"12565",9.981481481,3.7331,"63b6ce65bf24c8201da439e4","EC_0071.jpg"
"12566",3.268518519,2.8884,"63b6ce65bf24c8201da439e4","EC_0124.jpeg"
"12567",0.027777778,3.1208,"63b6ce65bf24c8201da439e4","EC_0075.jpg"
"12568",5.305555556,3.0045,"63b6ce65bf24c8201da439e4","EC_0102.jpg"
"12569",0,2.9244,"63b6ce65bf24c8201da439e4","EC_0223.jpg"
"12570",0.027777778,2.7041,"63b6ce65bf24c8201da439e4","EC_0170.jpg"
"12571",1.342592593,4.6216,"63b6ce65bf24c8201da439e4","EC_0241.jpg"
"12572",9.972222222,3.5612,"63b6ce65bf24c8201da439e4","EC_0213.jpg"
"12573",0.694444444,2.975,"63b6ce65bf24c8201da439e4","EC_0141.jpg"
"12574",9.935185185,3.6085,"63b6ce65bf24c8201da439e4","EC_0166.jpg"
"12575",8.657407407,3.5537,"63b6ce65bf24c8201da439e4","EC_0118.jpg"
"12576",8.712962963,2.6984,"63b6ce65bf24c8201da439e4","EC_0231.jpg"
"12577",0.333333333,3.6858,"63b6ce65bf24c8201da439e4","EC_0159.jpg"
"12578",4.231481481,3.1341,"63b6ce65bf24c8201da439e4","EC_0123.jpeg"
"12579",0,4.8252,"63b6ce65bf24c8201da439e4","EC_0151.jpg"
"12580",2.138888889,3.6511,"63b6ce65bf24c8201da439e4","EC_0068.jpg"
"12581",0,4.5521,"63b6ce65bf24c8201da439e4","EC_0133.jpg"
"12582",9.962962963,6.6491,"63b6ce65bf24c8201da439e4","EC_0048.jpg"
"12583",0,3.1716,"63b6ce65bf24c8201da439e4","EC_0222.jpg"
"12584",2.638888889,2.5658,"63b6ce65bf24c8201da439e4","EC_0198.jpg"
"12585",5.777777778,2.6825,"63b6ce65bf24c8201da439e4","EC_0246.jpg"
"12586",6.518518519,2.9398,"63b6ce65bf24c8201da439e4","EC_0086.jpg"
"12587",0.037037037,3.3454,"63b6ce65bf24c8201da439e4","EC_0022.jpg"
"12588",0,3.5629,"63b6ce65bf24c8201da439e4","EC_0055.jpg"
"12589",8.157407407,3.1215,"63b6ce65bf24c8201da439e4","EC_0137.jpg"
"12590",0,4.216,"63b6ce65bf24c8201da439e4","EC_0085.jpg"
"12591",9.972222222,4.1437,"63b6ce65bf24c8201da439e4","EC_0172.jpg"
"12592",1.388888889,2.9481,"63b6ce65bf24c8201da439e4","EC_0142.jpg"
"12593",8.546296296,2.8515,"63b6ce65bf24c8201da439e4","EC_0197.jpg"
"12594",0,3.4535,"63b6ce65bf24c8201da439e4","EC_0188.jpg"
"12595",6.425925926,3.5806,"63b6ce65bf24c8201da439e4","EC_0062.jpg"
"12596",0,5.4521,"63b6ce65bf24c8201da439e4","EC_0076.jpg"
"12597",7.453703704,3.5873,"63b6ce65bf24c8201da439e4","EC_0047.jpg"
"12598",0,3.6831,"63b6ce65bf24c8201da439e4","EC_0083.jpg"
"12599",0,4.2816,"63b6ce65bf24c8201da439e4","EC_0117.jpg"
"12600",2.611111111,2.6662,"63b6ce65bf24c8201da439e4","EC_0243.jpg"
"12601",6.9921875,3.8986,"64146bc4813ad1681f11ba15","EC_0069.jpg"
"12602",7.981770833,4.6139,"64146bc4813ad1681f11ba15","EC_0123.jpeg"
"12603",2.916666667,6.1242,"64146bc4813ad1681f11ba15","EC_0129.jpeg"
"12604",6.002604167,3.3703,"64146bc4813ad1681f11ba15","EC_0181.jpg"
"12605",6.067708333,4.3657,"64146bc4813ad1681f11ba15","EC_0062.jpg"
"12606",3.997395833,3.974,"64146bc4813ad1681f11ba15","EC_0152.jpg"
"12607",3.958333333,5.3702,"64146bc4813ad1681f11ba15","EC_0164.jpg"
"12608",8.0078125,3.9538,"64146bc4813ad1681f11ba15","EC_0084.jpg"
"12609",5.013020833,3.8857,"64146bc4813ad1681f11ba15","EC_0224.jpg"
"12610",4.388020833,4.3285,"64146bc4813ad1681f11ba15","EC_0147.png"
"12611",0.4296875,3.5298,"64146bc4813ad1681f11ba15","EC_0101.jpg"
"12612",9.895833333,4.1965,"64146bc4813ad1681f11ba15","EC_0093.jpg"
"12613",5.963541667,4.3627,"64146bc4813ad1681f11ba15","EC_0151.jpg"
"12614",5.989583333,3.4243,"64146bc4813ad1681f11ba15","EC_0161.jpg"
"12615",1.979166667,3.9471,"64146bc4813ad1681f11ba15","EC_0166.jpg"
"12616",5.9375,4.1575,"64146bc4813ad1681f11ba15","EC_0068.jpg"
"12617",8.841145833,3.4369,"64146bc4813ad1681f11ba15","EC_0177.jpg"
"12618",1.106770833,3.7713,"64146bc4813ad1681f11ba15","EC_0206.png"
"12619",9.0625,4.3007,"64146bc4813ad1681f11ba15","EC_0207.jpg"
"12620",6.028645833,3.9004,"64146bc4813ad1681f11ba15","EC_0174.jpg"
"12621",4.947916667,3.7166,"64146bc4813ad1681f11ba15","EC_0193.png"
"12622",8.020833333,3.768,"64146bc4813ad1681f11ba15","EC_0061.jpg"
"12623",9.921875,4.3891,"64146bc4813ad1681f11ba15","EC_0104.jpg"
"12624",9.049479167,4.3647,"64146bc4813ad1681f11ba15","EC_0087.jpg"
"12625",4.192708333,3.2324,"64146bc4813ad1681f11ba15","EC_0195.jpg"
"12626",5.104166667,3.3038,"64146bc4813ad1681f11ba15","EC_0139.png"
"12627",9.791666667,3.93,"64146bc4813ad1681f11ba15","EC_0080.jpg"
"12628",8.984375,3.8064,"64146bc4813ad1681f11ba15","EC_0088.jpg"
"12629",5.013020833,4.5235,"64146bc4813ad1681f11ba15","EC_0048.jpg"
"12630",6.979166667,3.1656,"64146bc4813ad1681f11ba15","EC_0066.jpg"
"12631",4.0234375,2.8873,"64146bc4813ad1681f11ba15","EC_0214.jpg"
"12632",4.075520833,2.837,"64146bc4813ad1681f11ba15","EC_0235.jpg"
"12633",6.966145833,3.7843,"64146bc4813ad1681f11ba15","EC_0117.jpg"
"12634",3.255208333,4.2092,"64146bc4813ad1681f11ba15","EC_0131.jpg"
"12635",5.950520833,7.8284,"64146bc4813ad1681f11ba15","EC_0031.jpg"
"12636",7.955729167,4.0396,"64146bc4813ad1681f11ba15","EC_0210.jpg"
"12637",5.924479167,3.013,"64146bc4813ad1681f11ba15","EC_0213.jpg"
"12638",7.903645833,2.8094,"64146bc4813ad1681f11ba15","EC_0032.jpg"
"12639",8.893229167,3.3469,"64146bc4813ad1681f11ba15","EC_0205.jpg"
"12640",8.997395833,3.4139,"64146bc4813ad1681f11ba15","EC_0116.jpg"
"12641",5.989583333,4.7773,"64146bc4813ad1681f11ba15","EC_0211.jpg"
"12642",4.9609375,4.2619,"64146bc4813ad1681f11ba15","EC_0054.jpg"
"12643",5.989583333,3.7149,"64146bc4813ad1681f11ba15","EC_0242.jpg"
"12644",4.0234375,3.6194,"64146bc4813ad1681f11ba15","EC_0072.jpg"
"12645",6.041666667,7.4695,"64146bc4813ad1681f11ba15","EC_0140.jpg"
"12646",3.971354167,4.4842,"64146bc4813ad1681f11ba15","EC_0027.jpg"
"12647",10,5.0931,"64146bc4813ad1681f11ba15","EC_0226.jpg"
"12648",6.0546875,3.6722,"64146bc4813ad1681f11ba15","EC_0125.jpeg"
"12649",8.932291667,4.4842,"64146bc4813ad1681f11ba15","EC_0136.jpg"
"12650",7.057291667,4.349,"64146bc4813ad1681f11ba15","EC_0185.jpg"
"12651",3.020833333,4.4659,"64146bc4813ad1681f11ba15","EC_0077.jpg"
"12652",6.015625,3.218,"64146bc4813ad1681f11ba15","EC_0236.jpg"
"12653",4.934895833,5.1504,"64146bc4813ad1681f11ba15","EC_0009.jpg"
"12654",7.955729167,2.9333,"64146bc4813ad1681f11ba15","EC_0197.jpg"
"12655",7.9296875,2.634,"64146bc4813ad1681f11ba15","EC_0071.jpg"
"12656",8.0078125,3.6397,"64146bc4813ad1681f11ba15","EC_0142.jpg"
"12657",7.981770833,2.6256,"64146bc4813ad1681f11ba15","EC_0040.jpg"
"12658",5,3.5914,"64146bc4813ad1681f11ba15","EC_0168.jpeg"
"12659",4.036458333,3.6905,"64146bc4813ad1681f11ba15","EC_0219.jpg"
"12660",6.028645833,3.6598,"64146bc4813ad1681f11ba15","EC_0030.jpg"
"12661",0,7.5635,"64146bc4813ad1681f11ba15","EC_0076.jpg"
"12662",5.9765625,5.9051,"64146bc4813ad1681f11ba15","EC_0002.jpg"
"12663",6.015625,2.4947,"64146bc4813ad1681f11ba15","EC_0039.jpg"
"12664",4.895833333,3.0662,"64146bc4813ad1681f11ba15","EC_0160.jpg"
"12665",8.0078125,4.7596,"64146bc4813ad1681f11ba15","EC_0086.jpg"
"12666",6.067708333,3.3894,"64146bc4813ad1681f11ba15","EC_0182.jpg"
"12667",6.966145833,3.1835,"64146bc4813ad1681f11ba15","EC_0070.jpg"
"12668",5.989583333,4.3037,"64146bc4813ad1681f11ba15","EC_0133.jpg"
"12669",9.986979167,4.4367,"64146bc4813ad1681f11ba15","EC_0156.jpg"
"12670",4.9609375,3.0446,"64146bc4813ad1681f11ba15","EC_0183.jpg"
"12671",6.940104167,3.3373,"64146bc4813ad1681f11ba15","EC_0199.jpg"
"12672",2.955729167,4.7159,"64146bc4813ad1681f11ba15","EC_0249.jpg"
"12673",6.015625,2.9708,"64146bc4813ad1681f11ba15","EC_0105.jpg"
"12674",4.9609375,2.858,"64146bc4813ad1681f11ba15","EC_0092.jpg"
"12675",7.057291667,2.6721,"64146bc4813ad1681f11ba15","EC_0003.jpg"
"12676",5.0390625,3.1378,"64146bc4813ad1681f11ba15","EC_0159.jpg"
"12677",7.942708333,3.5855,"64146bc4813ad1681f11ba15","EC_0038.jpg"
"12678",7.03125,3.8005,"64146bc4813ad1681f11ba15","EC_0167.jpg"
"12679",4.9609375,3.8713,"64146bc4813ad1681f11ba15","EC_0176.jpg"
"12680",9.986979167,3.639,"64146bc4813ad1681f11ba15","EC_0056.jpg"
"12681",7.981770833,4.038,"64146bc4813ad1681f11ba15","EC_0010.jpg"
"12682",7.96875,2.9828,"64146bc4813ad1681f11ba15","EC_0081.jpg"
"12683",5.9765625,3.5452,"64146bc4813ad1681f11ba15","EC_0115.jpg"
"12684",4.9609375,5.4931,"64146bc4813ad1681f11ba15","EC_0158.jpg"
"12685",6.953125,8.054,"64146bc4813ad1681f11ba15","EC_0148.jpg"
"12686",7.981770833,3.9911,"64146bc4813ad1681f11ba15","EC_0058.jpg"
"12687",6.940104167,4.9731,"64146bc4813ad1681f11ba15","EC_0134.jpg"
"12688",4.010416667,2.8473,"64146bc4813ad1681f11ba15","EC_0240.jpg"
"12689",7.981770833,3.1347,"64146bc4813ad1681f11ba15","EC_0153.jpg"
"12690",3.984375,4.1339,"64146bc4813ad1681f11ba15","EC_0121.jpg"
"12691",8.0078125,4.6478,"64146bc4813ad1681f11ba15","EC_0103.jpg"
"12692",3.020833333,3.2023,"64146bc4813ad1681f11ba15","EC_0036.jpeg"
"12693",3.046875,3.5161,"64146bc4813ad1681f11ba15","EC_0090.jpg"
"12694",3.958333333,3.7321,"64146bc4813ad1681f11ba15","EC_0073.jpg"
"12695",6.002604167,3.2492,"64146bc4813ad1681f11ba15","EC_0232.jpg"
"12696",6.940104167,4.9378,"64146bc4813ad1681f11ba15","EC_0162.jpg"
"12697",3.984375,4.2366,"64146bc4813ad1681f11ba15","EC_0111.jpg"
"12698",9.986979167,4.2393,"64146bc4813ad1681f11ba15","EC_0016.jpg"
"12699",5,56.9143,"64146bc4813ad1681f11ba15","EC_0244.jpg"
"12700",4.986979167,3.0335,"64146bc4813ad1681f11ba15","EC_0237.jpg"
"12701",3.9453125,3.2698,"64146bc4813ad1681f11ba15","EC_0005.jpg"
"12702",5.9765625,3.0838,"64146bc4813ad1681f11ba15","EC_0200.png"
"12703",7.018229167,4.352,"64146bc4813ad1681f11ba15","EC_0157.jpg"
"12704",7.018229167,3.7574,"64146bc4813ad1681f11ba15","EC_0075.jpg"
"12705",7.955729167,2.9558,"64146bc4813ad1681f11ba15","EC_0102.jpg"
"12706",8.971354167,3.437,"64146bc4813ad1681f11ba15","EC_0230.jpg"
"12707",6.0546875,2.8572,"64146bc4813ad1681f11ba15","EC_0013.jpg"
"12708",5,3.8397,"64146bc4813ad1681f11ba15","EC_0020.jpg"
"12709",2.981770833,3.6164,"64146bc4813ad1681f11ba15","EC_0248.jpg"
"12710",5.989583333,3.3914,"64146bc4813ad1681f11ba15","EC_0118.jpg"
"12711",3.893229167,58.8615,"64146bc4813ad1681f11ba15","EC_0209.jpg"
"12712",7.018229167,2.8057,"64146bc4813ad1681f11ba15","EC_0188.jpg"
"12713",7.005208333,3.5167,"64146bc4813ad1681f11ba15","EC_0098.jpg"
"12714",6.028645833,2.9268,"64146bc4813ad1681f11ba15","EC_0029.jpg"
"12715",4.973958333,4.9529,"64146bc4813ad1681f11ba15","EC_0041.jpg"
"12716",5.911458333,9.1346,"64146bc4813ad1681f11ba15","EC_0074.jpg"
"12717",6.927083333,3.0669,"64146bc4813ad1681f11ba15","EC_0034.jpg"
"12718",3.932291667,4.0078,"64146bc4813ad1681f11ba15","EC_0067.jpg"
"12719",2.018229167,3.3328,"64146bc4813ad1681f11ba15","EC_0057.jpeg"
"12720",3.033854167,4.2345,"64146bc4813ad1681f11ba15","EC_0238.jpg"
"12721",4.049479167,5.1908,"64146bc4813ad1681f11ba15","EC_0024.jpg"
"12722",2.942708333,3.0896,"64146bc4813ad1681f11ba15","EC_0250.jpg"
"12723",6.041666667,2.6591,"64146bc4813ad1681f11ba15","EC_0228.jpg"
"12724",4.986979167,4.4631,"64146bc4813ad1681f11ba15","EC_0201.jpg"
"12725",4.153645833,3.2173,"64146bc4813ad1681f11ba15","EC_0138.png"
"12726",4.921875,3.1334,"64146bc4813ad1681f11ba15","EC_0060.jpg"
"12727",4.908854167,2.9617,"64146bc4813ad1681f11ba15","EC_0150.jpg"
"12728",5.950520833,2.967,"64146bc4813ad1681f11ba15","EC_0196.jpg"
"12729",7.890625,3.2223,"64146bc4813ad1681f11ba15","EC_0083.jpg"
"12730",7.005208333,3.9576,"64146bc4813ad1681f11ba15","EC_0243.jpg"
"12731",3.984375,3.7227,"64146bc4813ad1681f11ba15","EC_0079.jpg"
"12732",3.997395833,3.855,"64146bc4813ad1681f11ba15","EC_0006.jpg"
"12733",5.989583333,2.7861,"64146bc4813ad1681f11ba15","EC_0099.jpg"
"12734",3.072916667,2.8836,"64146bc4813ad1681f11ba15","EC_0222.jpg"
"12735",4.973958333,2.4786,"64146bc4813ad1681f11ba15","EC_0022.jpg"
"12736",6.979166667,5.0955,"64146bc4813ad1681f11ba15","EC_0028.jpg"
"12737",5.0390625,2.6611,"64146bc4813ad1681f11ba15","EC_0059.jpg"
"12738",6.979166667,3.9661,"64146bc4813ad1681f11ba15","EC_0051.jpg"
"12739",5.052083333,2.491,"64146bc4813ad1681f11ba15","EC_0008.jpg"
"12740",6.028645833,3.0021,"64146bc4813ad1681f11ba15","EC_0082.jpg"
"12741",5.9765625,2.7543,"64146bc4813ad1681f11ba15","EC_0169.png"
"12742",3.984375,3.1245,"64146bc4813ad1681f11ba15","EC_0049.jpg"
"12743",5.052083333,2.929,"64146bc4813ad1681f11ba15","EC_0046.jpg"
"12744",1.979166667,3.9016,"64146bc4813ad1681f11ba15","EC_0097.jpg"
"12745",3.971354167,4.0296,"64146bc4813ad1681f11ba15","EC_0113.jpg"
"12746",4.856770833,3.349,"64146bc4813ad1681f11ba15","EC_0106.jpg"
"12747",5.989583333,2.9838,"64146bc4813ad1681f11ba15","EC_0245.jpg"
"12748",7.03125,3.7441,"64146bc4813ad1681f11ba15","EC_0247.jpg"
"12749",3.958333333,3.6919,"64146bc4813ad1681f11ba15","EC_0163.jpg"
"12750",5.026041667,3.0997,"64146bc4813ad1681f11ba15","EC_0015.jpg"
"12751",5.013020833,2.7497,"64146bc4813ad1681f11ba15","EC_0100.jpg"
"12752",6.901041667,2.8686,"64146bc4813ad1681f11ba15","EC_0065.jpg"
"12753",4.973958333,3.1995,"64146bc4813ad1681f11ba15","EC_0149.jpg"
"12754",6.028645833,2.8198,"64146bc4813ad1681f11ba15","EC_0221.jpg"
"12755",3.984375,2.7506,"64146bc4813ad1681f11ba15","EC_0165.jpg"
"12756",5,3.0093,"64146bc4813ad1681f11ba15","EC_0171.jpg"
"12757",4.0625,3.847,"64146bc4813ad1681f11ba15","EC_0170.jpg"
"12758",4.153645833,2.807,"64146bc4813ad1681f11ba15","EC_0053.jpg"
"12759",6.106770833,2.7355,"64146bc4813ad1681f11ba15","EC_0223.jpg"
"12760",6.979166667,3.5401,"64146bc4813ad1681f11ba15","EC_0229.jpg"
"12761",5,2.918,"64146bc4813ad1681f11ba15","EC_0001.jpg"
"12762",4.036458333,3.0336,"64146bc4813ad1681f11ba15","EC_0047.jpg"
"12763",6.966145833,3.5929,"64146bc4813ad1681f11ba15","EC_0064.jpg"
"12764",6.979166667,4.2559,"64146bc4813ad1681f11ba15","EC_0012.jpg"
"12765",6.015625,5.4304,"64146bc4813ad1681f11ba15","EC_0019.jpg"
"12766",4.986979167,2.9145,"64146bc4813ad1681f11ba15","EC_0141.jpg"
"12767",5.9375,4.5328,"64146bc4813ad1681f11ba15","EC_0231.jpg"
"12768",7.005208333,3.2867,"64146bc4813ad1681f11ba15","EC_0063.jpg"
"12769",4.973958333,3.519,"64146bc4813ad1681f11ba15","EC_0011.jpg"
"12770",5.091145833,2.3564,"64146bc4813ad1681f11ba15","EC_0246.jpg"
"12771",6.002604167,2.5323,"64146bc4813ad1681f11ba15","EC_0050.jpg"
"12772",6.979166667,3.1481,"64146bc4813ad1681f11ba15","EC_0042.jpg"
"12773",0.026041667,3.2747,"64146bc4813ad1681f11ba15","EC_0124.jpeg"
"12774",0.065104167,6.1154,"64146bc4813ad1681f11ba15","EC_0033.jpeg"
"12775",3.984375,3.2196,"64146bc4813ad1681f11ba15","EC_0241.jpg"
"12776",3.984375,2.6767,"64146bc4813ad1681f11ba15","EC_0227.jpg"
"12777",1.875,3.125,"64146bc4813ad1681f11ba15","EC_0204.jpg"
"12778",6.979166667,2.8287,"64146bc4813ad1681f11ba15","EC_0037.jpg"
"12779",5.9765625,3.2014,"64146bc4813ad1681f11ba15","EC_0194.jpg"
"12780",5.078125,2.6664,"64146bc4813ad1681f11ba15","EC_0233.jpg"
"12781",4.010416667,2.3271,"64146bc4813ad1681f11ba15","EC_0017.jpg"
"12782",6.080729167,3.1031,"64146bc4813ad1681f11ba15","EC_0184.jpg"
"12783",4.0625,3.2535,"64146bc4813ad1681f11ba15","EC_0180.jpg"
"12784",6.979166667,3.9819,"64146bc4813ad1681f11ba15","EC_0120.jpg"
"12785",6.041666667,3.0568,"64146bc4813ad1681f11ba15","EC_0085.jpg"
"12786",5.0390625,2.8261,"64146bc4813ad1681f11ba15","EC_0108.jpg"
"12787",6.901041667,3.1897,"64146bc4813ad1681f11ba15","EC_0172.jpg"
"12788",6.888020833,2.4278,"64146bc4813ad1681f11ba15","EC_0014.jpg"
"12789",7.890625,3.2905,"64146bc4813ad1681f11ba15","EC_0044.jpg"
"12790",5.013020833,2.7069,"64146bc4813ad1681f11ba15","EC_0007.jpg"
"12791",7.9296875,2.8216,"64146bc4813ad1681f11ba15","EC_0187.jpeg"
"12792",9.036458333,2.7008,"64146bc4813ad1681f11ba15","EC_0135.jpg"
"12793",8.059895833,2.8592,"64146bc4813ad1681f11ba15","EC_0094.jpg"
"12794",8.059895833,2.3524,"64146bc4813ad1681f11ba15","EC_0173.jpg"
"12795",5,3.3048,"64146bc4813ad1681f11ba15","EC_0234.jpg"
"12796",6.015625,2.5812,"64146bc4813ad1681f11ba15","EC_0055.jpg"
"12797",6.028645833,2.4189,"64146bc4813ad1681f11ba15","EC_0137.jpg"
"12798",4.0625,3.1349,"64146bc4813ad1681f11ba15","EC_0202.jpg"
"12799",5,3.0998,"64146bc4813ad1681f11ba15","EC_0095.jpg"
"12800",6.002604167,2.9587,"64146bc4813ad1681f11ba15","EC_0018.jpg"
"12801",6.015625,10.3018,"64146bc4813ad1681f11ba15","EC_0239.jpg"
"12802",5.963541667,2.6807,"64146bc4813ad1681f11ba15","EC_0109.jpg"
"12803",6.002604167,2.1402,"64146bc4813ad1681f11ba15","EC_0154.jpg"
"12804",5.963541667,2.0823,"64146bc4813ad1681f11ba15","EC_0132.jpg"
"12805",6.9921875,2.8403,"64146bc4813ad1681f11ba15","EC_0089.jpg"
"12806",6.158854167,3.4917,"64146bc4813ad1681f11ba15","EC_0203.jpg"
"12807",3.984375,3.3187,"64146bc4813ad1681f11ba15","EC_0128.jpeg"
"12808",7.9296875,3.2521,"64146bc4813ad1681f11ba15","EC_0096.jpg"
"12809",5,4.7051,"64146bc4813ad1681f11ba15","EC_0198.jpg"
"12810",6.028645833,2.3586,"64146bc4813ad1681f11ba15","EC_0119.jpg"
