"beta_OV","se_OV","catChoiceCondition","beta_VD","se_VD","study"
-0.0317791838330813,0.046419728557655,"OR",0.617368608250675,0.0477341872645179,"Study 12"
0.0500606116655369,0.0428219101836112,"XOR",0.68193955659372,0.0476148528610603,"Study 12"
