"","value","rating.rt","participant","pic_path"
"1",5.648148431,3.394,"55b2d3f2fdf99b525bc839aa","EC_0136.jpg"
"2",3.439815097,3.1929,"55b2d3f2fdf99b525bc839aa","EC_0070.jpg"
"3",2.587963104,2.9802,"55b2d3f2fdf99b525bc839aa","EC_0184.jpg"
"4",3.986111111,6.1143,"55b2d3f2fdf99b525bc839aa","EC_0041.jpg"
"5",7.78703732,15.0155,"55b2d3f2fdf99b525bc839aa","EC_0193.png"
"6",6.03703732,2.9034,"55b2d3f2fdf99b525bc839aa","EC_0183.jpg"
"7",4.064815097,4.9872,"55b2d3f2fdf99b525bc839aa","EC_0169.png"
"8",6.754630195,8.0821,"55b2d3f2fdf99b525bc839aa","EC_0211.jpg"
"9",2.791666667,6.3839,"55b2d3f2fdf99b525bc839aa","EC_0244.jpg"
"10",5.634259542,12.549,"55b2d3f2fdf99b525bc839aa","EC_0152.jpg"
"11",6.569444444,9.5744,"55b2d3f2fdf99b525bc839aa","EC_0177.jpg"
"12",3.601852417,2.9597,"55b2d3f2fdf99b525bc839aa","EC_0171.jpg"
"13",6.972222222,26.1095,"55b2d3f2fdf99b525bc839aa","EC_0034.jpg"
"14",3.407407973,3.3038,"55b2d3f2fdf99b525bc839aa","EC_0198.jpg"
"15",6.870370653,7.5577,"55b2d3f2fdf99b525bc839aa","EC_0150.jpg"
"16",3.453703986,16.3362,"55b2d3f2fdf99b525bc839aa","EC_0226.jpg"
"17",1.675926208,7.8711,"55b2d3f2fdf99b525bc839aa","EC_0101.jpg"
"18",4.949074639,6.2583,"55b2d3f2fdf99b525bc839aa","EC_0131.jpg"
"19",6.981481764,2.6663,"55b2d3f2fdf99b525bc839aa","EC_0064.jpg"
"20",2.884259542,2.7083,"55b2d3f2fdf99b525bc839aa","EC_0059.jpg"
"21",6.712963528,7.3983,"55b2d3f2fdf99b525bc839aa","EC_0022.jpg"
"22",7.958333333,3.1455,"55b2d3f2fdf99b525bc839aa","EC_0103.jpg"
"23",4.092592875,3.895,"55b2d3f2fdf99b525bc839aa","EC_0104.jpg"
"24",7.101852417,3.1571,"55b2d3f2fdf99b525bc839aa","EC_0139.png"
"25",1.990740882,6.5921,"55b2d3f2fdf99b525bc839aa","EC_0170.jpg"
"26",3.083333333,2.6439,"55b2d3f2fdf99b525bc839aa","EC_0094.jpg"
"27",6.532407973,5.136,"55b2d3f2fdf99b525bc839aa","EC_0203.jpg"
"28",6.657407973,6.1762,"55b2d3f2fdf99b525bc839aa","EC_0076.jpg"
"29",4.689815097,3.5955,"55b2d3f2fdf99b525bc839aa","EC_0246.jpg"
"30",3.393519084,7.4959,"55b2d3f2fdf99b525bc839aa","EC_0081.jpg"
"31",2.449074215,7.2999,"55b2d3f2fdf99b525bc839aa","EC_0121.jpg"
"32",7.958333333,2.769,"55b2d3f2fdf99b525bc839aa","EC_0098.jpg"
"33",3.5,23.9562,"55b2d3f2fdf99b525bc839aa","EC_0232.jpg"
"34",7.509259542,3.9368,"55b2d3f2fdf99b525bc839aa","EC_0061.jpg"
"35",7.976852417,3.2726,"55b2d3f2fdf99b525bc839aa","EC_0180.jpg"
"36",2.564815097,3.0404,"55b2d3f2fdf99b525bc839aa","EC_0102.jpg"
"37",7.731481764,19.4173,"55b2d3f2fdf99b525bc839aa","EC_0202.jpg"
"38",3.888888889,2.2966,"55b2d3f2fdf99b525bc839aa","EC_0082.jpg"
"39",6.379630195,13.0168,"55b2d3f2fdf99b525bc839aa","EC_0018.jpg"
"40",2.763888889,7.1934,"55b2d3f2fdf99b525bc839aa","EC_0204.jpg"
"41",9.625,3.1866,"55b2d3f2fdf99b525bc839aa","EC_0219.jpg"
"42",6.564815097,4.8406,"55b2d3f2fdf99b525bc839aa","EC_0250.jpg"
"43",4.527777778,4.4927,"55b2d3f2fdf99b525bc839aa","EC_0087.jpg"
"44",6.671296861,6.6962,"55b2d3f2fdf99b525bc839aa","EC_0108.jpg"
"45",2.865740882,3.1778,"55b2d3f2fdf99b525bc839aa","EC_0003.jpg"
"46",2.53703732,2.6724,"55b2d3f2fdf99b525bc839aa","EC_0048.jpg"
"47",2.550926208,4.6803,"55b2d3f2fdf99b525bc839aa","EC_0124.jpeg"
"48",7.805555556,2.4314,"55b2d3f2fdf99b525bc839aa","EC_0083.jpg"
"49",0,5.2523,"55b2d3f2fdf99b525bc839aa","EC_0002.jpg"
"50",6.439815097,4.1104,"55b2d3f2fdf99b525bc839aa","EC_0229.jpg"
"51",6.78703732,2.6165,"55b2d3f2fdf99b525bc839aa","EC_0210.jpg"
"52",2.356481764,2.971,"55b2d3f2fdf99b525bc839aa","EC_0201.jpg"
"53",1.574074215,3.2596,"55b2d3f2fdf99b525bc839aa","EC_0028.jpg"
"54",2.629629771,2.839,"55b2d3f2fdf99b525bc839aa","EC_0051.jpg"
"55",7.453703986,2.6256,"55b2d3f2fdf99b525bc839aa","EC_0062.jpg"
"56",6.509259542,6.1629,"55b2d3f2fdf99b525bc839aa","EC_0065.jpg"
"57",5.027777778,4.7852,"55b2d3f2fdf99b525bc839aa","EC_0128.jpeg"
"58",6.976852417,11.6874,"55b2d3f2fdf99b525bc839aa","EC_0039.jpg"
"59",7.375,4.0582,"55b2d3f2fdf99b525bc839aa","EC_0096.jpg"
"60",8.356481764,4.8501,"55b2d3f2fdf99b525bc839aa","EC_0125.jpeg"
"61",9.120370653,5.6539,"55b2d3f2fdf99b525bc839aa","EC_0172.jpg"
"62",1.773148431,2.3868,"55b2d3f2fdf99b525bc839aa","EC_0036.jpeg"
"63",7.675926208,8.9431,"55b2d3f2fdf99b525bc839aa","EC_0227.jpg"
"64",2.819444444,8.4404,"55b2d3f2fdf99b525bc839aa","EC_0142.jpg"
"65",7.745370653,5.0901,"55b2d3f2fdf99b525bc839aa","EC_0140.jpg"
"66",1.925926208,2.4783,"55b2d3f2fdf99b525bc839aa","EC_0005.jpg"
"67",7.041666667,3.3437,"55b2d3f2fdf99b525bc839aa","EC_0119.jpg"
"68",3.41203732,7.9468,"55b2d3f2fdf99b525bc839aa","EC_0015.jpg"
"69",5.074074639,3.5909,"55b2d3f2fdf99b525bc839aa","EC_0017.jpg"
"70",1.490740882,11.849,"55b2d3f2fdf99b525bc839aa","EC_0206.png"
"71",1.958333333,3.7878,"55b2d3f2fdf99b525bc839aa","EC_0020.jpg"
"72",1.111111111,2.6782,"55b2d3f2fdf99b525bc839aa","EC_0086.jpg"
"73",2.384259542,8.4858,"55b2d3f2fdf99b525bc839aa","EC_0050.jpg"
"74",4.509259542,10.3888,"55b2d3f2fdf99b525bc839aa","EC_0044.jpg"
"75",2.634259542,6.7092,"55b2d3f2fdf99b525bc839aa","EC_0187.jpeg"
"76",7.175926208,5.4065,"55b2d3f2fdf99b525bc839aa","EC_0168.jpeg"
"77",8.351852417,2.1862,"55b2d3f2fdf99b525bc839aa","EC_0092.jpg"
"78",3.351852417,6.3766,"55b2d3f2fdf99b525bc839aa","EC_0027.jpg"
"79",2.296296438,3.3135,"55b2d3f2fdf99b525bc839aa","EC_0195.jpg"
"80",6.981481764,2.5479,"55b2d3f2fdf99b525bc839aa","EC_0207.jpg"
"81",2.949074215,3.9181,"55b2d3f2fdf99b525bc839aa","EC_0118.jpg"
"82",6.759259542,3.2415,"55b2d3f2fdf99b525bc839aa","EC_0032.jpg"
"83",7.476852417,3.5891,"55b2d3f2fdf99b525bc839aa","EC_0038.jpg"
"84",6.851852417,3.2829,"55b2d3f2fdf99b525bc839aa","EC_0093.jpg"
"85",6.689815097,4.9551,"55b2d3f2fdf99b525bc839aa","EC_0134.jpg"
"86",3.351852417,2.6449,"55b2d3f2fdf99b525bc839aa","EC_0037.jpg"
"87",5.268519084,2.9032,"55b2d3f2fdf99b525bc839aa","EC_0182.jpg"
"88",2.004629771,2.5696,"55b2d3f2fdf99b525bc839aa","EC_0100.jpg"
"89",2.717592875,3.2135,"55b2d3f2fdf99b525bc839aa","EC_0205.jpg"
"90",6.134259542,2.4225,"55b2d3f2fdf99b525bc839aa","EC_0123.jpeg"
"91",7.407407973,2.7107,"55b2d3f2fdf99b525bc839aa","EC_0074.jpg"
"92",7.013888889,4.5241,"55b2d3f2fdf99b525bc839aa","EC_0011.jpg"
"93",2.291666667,3.4293,"55b2d3f2fdf99b525bc839aa","EC_0066.jpg"
"94",1.740740882,2.891,"55b2d3f2fdf99b525bc839aa","EC_0105.jpg"
"95",5.291666667,3.721,"55b2d3f2fdf99b525bc839aa","EC_0068.jpg"
"96",3.958333333,2.0435,"55b2d3f2fdf99b525bc839aa","EC_0115.jpg"
"97",2.425926208,2.3042,"55b2d3f2fdf99b525bc839aa","EC_0235.jpg"
"98",7.527777778,2.5536,"55b2d3f2fdf99b525bc839aa","EC_0120.jpg"
"99",6.430555556,2.4441,"55b2d3f2fdf99b525bc839aa","EC_0013.jpg"
"100",8.601852417,2.9433,"55b2d3f2fdf99b525bc839aa","EC_0157.jpg"
"101",7.337963528,32.8023,"55b2d3f2fdf99b525bc839aa","EC_0097.jpg"
"102",6.273148431,212.5607,"55b2d3f2fdf99b525bc839aa","EC_0165.jpg"
"103",7.574074639,4.4669,"55b2d3f2fdf99b525bc839aa","EC_0231.jpg"
"104",3.254630195,5.1401,"55b2d3f2fdf99b525bc839aa","EC_0009.jpg"
"105",2.615740882,2.0332,"55b2d3f2fdf99b525bc839aa","EC_0055.jpg"
"106",1.990740882,3.2005,"55b2d3f2fdf99b525bc839aa","EC_0109.jpg"
"107",6.055555556,2.0691,"55b2d3f2fdf99b525bc839aa","EC_0014.jpg"
"108",4.546296861,2.3088,"55b2d3f2fdf99b525bc839aa","EC_0149.jpg"
"109",2.342592875,1.74,"55b2d3f2fdf99b525bc839aa","EC_0174.jpg"
"110",7.939815097,2.2502,"55b2d3f2fdf99b525bc839aa","EC_0158.jpg"
"111",2.490740882,2.6088,"55b2d3f2fdf99b525bc839aa","EC_0075.jpg"
"112",2.245370653,2.6052,"55b2d3f2fdf99b525bc839aa","EC_0236.jpg"
"113",3.745370653,2.9328,"55b2d3f2fdf99b525bc839aa","EC_0049.jpg"
"114",6.421296861,2.6033,"55b2d3f2fdf99b525bc839aa","EC_0132.jpg"
"115",2.606481764,4.6655,"55b2d3f2fdf99b525bc839aa","EC_0001.jpg"
"116",7.43518575,3.945,"55b2d3f2fdf99b525bc839aa","EC_0008.jpg"
"117",4.509259542,2.7569,"55b2d3f2fdf99b525bc839aa","EC_0040.jpg"
"118",6.652777778,2.4936,"55b2d3f2fdf99b525bc839aa","EC_0058.jpg"
"119",3.31018575,3.6046,"55b2d3f2fdf99b525bc839aa","EC_0079.jpg"
"120",7.981481764,9.0318,"55b2d3f2fdf99b525bc839aa","EC_0069.jpg"
"121",3.203703986,2.6817,"55b2d3f2fdf99b525bc839aa","EC_0161.jpg"
"122",2.597222222,2.4641,"55b2d3f2fdf99b525bc839aa","EC_0214.jpg"
"123",2.074074215,2.576,"55b2d3f2fdf99b525bc839aa","EC_0117.jpg"
"124",2.282407549,4.8088,"55b2d3f2fdf99b525bc839aa","EC_0167.jpg"
"125",1.546296438,2.0163,"55b2d3f2fdf99b525bc839aa","EC_0042.jpg"
"126",6.171296861,2.7541,"55b2d3f2fdf99b525bc839aa","EC_0073.jpg"
"127",6.41203732,2.3956,"55b2d3f2fdf99b525bc839aa","EC_0223.jpg"
"128",3.379630195,2.7988,"55b2d3f2fdf99b525bc839aa","EC_0057.jpeg"
"129",2.671296438,3.7571,"55b2d3f2fdf99b525bc839aa","EC_0054.jpg"
"130",1.486111111,3.7758,"55b2d3f2fdf99b525bc839aa","EC_0234.jpg"
"131",1.703703986,2.9449,"55b2d3f2fdf99b525bc839aa","EC_0085.jpg"
"132",1.634259542,4.7816,"55b2d3f2fdf99b525bc839aa","EC_0056.jpg"
"133",1.273148431,2.7918,"55b2d3f2fdf99b525bc839aa","EC_0245.jpg"
"134",1.435185326,3.9579,"55b2d3f2fdf99b525bc839aa","EC_0151.jpg"
"135",1.935185326,3.1017,"55b2d3f2fdf99b525bc839aa","EC_0012.jpg"
"136",2.212963104,2.2141,"55b2d3f2fdf99b525bc839aa","EC_0197.jpg"
"137",6.592592875,6.9572,"55b2d3f2fdf99b525bc839aa","EC_0047.jpg"
"138",3.856481764,2.6194,"55b2d3f2fdf99b525bc839aa","EC_0162.jpg"
"139",7.143519084,2.2922,"55b2d3f2fdf99b525bc839aa","EC_0181.jpg"
"140",3,5.6586,"55b2d3f2fdf99b525bc839aa","EC_0067.jpg"
"141",3.069444444,3.0592,"55b2d3f2fdf99b525bc839aa","EC_0243.jpg"
"142",3.768519084,3.4031,"55b2d3f2fdf99b525bc839aa","EC_0116.jpg"
"143",6.800926208,8.4083,"55b2d3f2fdf99b525bc839aa","EC_0138.png"
"144",5.273148431,2.3154,"55b2d3f2fdf99b525bc839aa","EC_0237.jpg"
"145",5.421296861,2.2568,"55b2d3f2fdf99b525bc839aa","EC_0221.jpg"
"146",0,3.4498,"55b2d3f2fdf99b525bc839aa","EC_0199.jpg"
"147",3.675926208,2.1747,"55b2d3f2fdf99b525bc839aa","EC_0188.jpg"
"148",7.384259542,3.1957,"55b2d3f2fdf99b525bc839aa","EC_0088.jpg"
"149",7.430555556,8.9437,"55b2d3f2fdf99b525bc839aa","EC_0164.jpg"
"150",8.28703732,4.2435,"55b2d3f2fdf99b525bc839aa","EC_0156.jpg"
"151",7.402777778,8.7795,"55b2d3f2fdf99b525bc839aa","EC_0242.jpg"
"152",8.546296861,3.1999,"55b2d3f2fdf99b525bc839aa","EC_0248.jpg"
"153",3.231481764,5.4169,"55b2d3f2fdf99b525bc839aa","EC_0249.jpg"
"154",5.509259542,3.9139,"55b2d3f2fdf99b525bc839aa","EC_0006.jpg"
"155",2.449074215,4.2738,"55b2d3f2fdf99b525bc839aa","EC_0176.jpg"
"156",3.134259542,3.4594,"55b2d3f2fdf99b525bc839aa","EC_0154.jpg"
"157",2.398148431,3.9824,"55b2d3f2fdf99b525bc839aa","EC_0063.jpg"
"158",2.907407549,10.2835,"55b2d3f2fdf99b525bc839aa","EC_0007.jpg"
"159",3.282407973,3.8421,"55b2d3f2fdf99b525bc839aa","EC_0072.jpg"
"160",2.023148431,2.5198,"55b2d3f2fdf99b525bc839aa","EC_0113.jpg"
"161",1.490740882,3.074,"55b2d3f2fdf99b525bc839aa","EC_0111.jpg"
"162",5.078703986,3.6003,"55b2d3f2fdf99b525bc839aa","EC_0159.jpg"
"163",3.648148431,6.5784,"55b2d3f2fdf99b525bc839aa","EC_0233.jpg"
"164",7.129630195,3.5493,"55b2d3f2fdf99b525bc839aa","EC_0137.jpg"
"165",7.5,4.4014,"55b2d3f2fdf99b525bc839aa","EC_0010.jpg"
"166",5.453703986,2.2937,"55b2d3f2fdf99b525bc839aa","EC_0196.jpg"
"167",3.939815097,14.1416,"55b2d3f2fdf99b525bc839aa","EC_0071.jpg"
"168",2.185185326,3.1888,"55b2d3f2fdf99b525bc839aa","EC_0194.jpg"
"169",1.587963104,5.4731,"55b2d3f2fdf99b525bc839aa","EC_0153.jpg"
"170",2.91203732,9.1081,"55b2d3f2fdf99b525bc839aa","EC_0030.jpg"
"171",2.134259542,5.038,"55b2d3f2fdf99b525bc839aa","EC_0247.jpg"
"172",6.393519084,4.9685,"55b2d3f2fdf99b525bc839aa","EC_0016.jpg"
"173",7.28703732,2.2252,"55b2d3f2fdf99b525bc839aa","EC_0141.jpg"
"174",3.41203732,2.5259,"55b2d3f2fdf99b525bc839aa","EC_0240.jpg"
"175",3.68518575,15.0888,"55b2d3f2fdf99b525bc839aa","EC_0239.jpg"
"176",7.541666667,7.4189,"55b2d3f2fdf99b525bc839aa","EC_0209.jpg"
"177",8.981481764,2.3557,"55b2d3f2fdf99b525bc839aa","EC_0228.jpg"
"178",6.407407973,5.0027,"55b2d3f2fdf99b525bc839aa","EC_0095.jpg"
"179",7.907407973,2.1456,"55b2d3f2fdf99b525bc839aa","EC_0106.jpg"
"180",6.638888889,2.1452,"55b2d3f2fdf99b525bc839aa","EC_0230.jpg"
"181",5.856481764,1.887,"55b2d3f2fdf99b525bc839aa","EC_0060.jpg"
"182",6.986111111,5.6762,"55b2d3f2fdf99b525bc839aa","EC_0129.jpeg"
"183",7.041666667,6.8033,"55b2d3f2fdf99b525bc839aa","EC_0046.jpg"
"184",7.879630195,4.3465,"55b2d3f2fdf99b525bc839aa","EC_0077.jpg"
"185",3.703703986,3.0355,"55b2d3f2fdf99b525bc839aa","EC_0241.jpg"
"186",3.402777778,7.4641,"55b2d3f2fdf99b525bc839aa","EC_0163.jpg"
"187",6.699074639,3.4307,"55b2d3f2fdf99b525bc839aa","EC_0084.jpg"
"188",6.430555556,7.0237,"55b2d3f2fdf99b525bc839aa","EC_0185.jpg"
"189",3.763888889,10.3732,"55b2d3f2fdf99b525bc839aa","EC_0080.jpg"
"190",6.18518575,6.262,"55b2d3f2fdf99b525bc839aa","EC_0213.jpg"
"191",4.03703732,2.0949,"55b2d3f2fdf99b525bc839aa","EC_0135.jpg"
"192",2.629629771,1.9431,"55b2d3f2fdf99b525bc839aa","EC_0029.jpg"
"193",3.023148431,2.4565,"55b2d3f2fdf99b525bc839aa","EC_0147.png"
"194",3.106481764,3.8916,"55b2d3f2fdf99b525bc839aa","EC_0031.jpg"
"195",1.671296438,2.2344,"55b2d3f2fdf99b525bc839aa","EC_0033.jpeg"
"196",2.055555556,2.944,"55b2d3f2fdf99b525bc839aa","EC_0148.jpg"
"197",2.14351866,5.1468,"55b2d3f2fdf99b525bc839aa","EC_0089.jpg"
"198",2.106481764,2.6361,"55b2d3f2fdf99b525bc839aa","EC_0019.jpg"
"199",3.981481764,5.9879,"55b2d3f2fdf99b525bc839aa","EC_0222.jpg"
"200",3.004629771,3.1458,"55b2d3f2fdf99b525bc839aa","EC_0133.jpg"
"201",7.018519084,2.0262,"55b2d3f2fdf99b525bc839aa","EC_0160.jpg"
"202",7.546296861,2.1586,"55b2d3f2fdf99b525bc839aa","EC_0173.jpg"
"203",7.712963528,3.5693,"55b2d3f2fdf99b525bc839aa","EC_0200.png"
"204",3.347222222,2.7552,"55b2d3f2fdf99b525bc839aa","EC_0053.jpg"
"205",7.328703986,2.7414,"55b2d3f2fdf99b525bc839aa","EC_0099.jpg"
"206",8.092592875,2.2636,"55b2d3f2fdf99b525bc839aa","EC_0224.jpg"
"207",7.78703732,2.3108,"55b2d3f2fdf99b525bc839aa","EC_0090.jpg"
"208",6.069444444,3.1465,"55b2d3f2fdf99b525bc839aa","EC_0166.jpg"
"209",7.273148431,8.3099,"55b2d3f2fdf99b525bc839aa","EC_0238.jpg"
"210",3.763888889,4.1826,"55b2d3f2fdf99b525bc839aa","EC_0024.jpg"
"211",1.105032823,2.972,"55d35447da14d7000e95318f","EC_0046.jpg"
"212",5.142231947,2.825,"55d35447da14d7000e95318f","EC_0138.png"
"213",8.98249453,2.846,"55d35447da14d7000e95318f","EC_0207.jpg"
"214",1.838074398,2.795,"55d35447da14d7000e95318f","EC_0067.jpg"
"215",1.006564551,3.017,"55d35447da14d7000e95318f","EC_0196.jpg"
"216",1.881838074,2.527,"55d35447da14d7000e95318f","EC_0022.jpg"
"217",2.943107221,2.975,"55d35447da14d7000e95318f","EC_0151.jpg"
"218",1.072210066,2.493,"55d35447da14d7000e95318f","EC_0006.jpg"
"219",1.914660832,3.111,"55d35447da14d7000e95318f","EC_0105.jpg"
"220",0.448577681,3.097,"55d35447da14d7000e95318f","EC_0226.jpg"
"221",1.01750547,2.933,"55d35447da14d7000e95318f","EC_0200.png"
"222",1.148796499,5.626,"55d35447da14d7000e95318f","EC_0230.jpg"
"223",0.10940919,3.462,"55d35447da14d7000e95318f","EC_0199.jpg"
"224",0.689277899,2.36,"55d35447da14d7000e95318f","EC_0222.jpg"
"225",2.571115974,2.726,"55d35447da14d7000e95318f","EC_0120.jpg"
"226",2.789934354,2.892,"55d35447da14d7000e95318f","EC_0032.jpg"
"227",0.776805252,3.023,"55d35447da14d7000e95318f","EC_0077.jpg"
"228",0.2297593,2.545,"55d35447da14d7000e95318f","EC_0053.jpg"
"229",1.520787746,2.557,"55d35447da14d7000e95318f","EC_0181.jpg"
"230",3.118161926,4.958,"55d35447da14d7000e95318f","EC_0102.jpg"
"231",7.210065646,2.912,"55d35447da14d7000e95318f","EC_0096.jpg"
"232",7.975929978,2.361,"55d35447da14d7000e95318f","EC_0233.jpg"
"233",5.021881838,2.473,"55d35447da14d7000e95318f","EC_0223.jpg"
"234",3.52297593,2.915,"55d35447da14d7000e95318f","EC_0007.jpg"
"235",5.426695842,3.431,"55d35447da14d7000e95318f","EC_0090.jpg"
"236",0.284463895,2.778,"55d35447da14d7000e95318f","EC_0213.jpg"
"237",0.547045952,2.214,"55d35447da14d7000e95318f","EC_0198.jpg"
"238",1.827133479,2.526,"55d35447da14d7000e95318f","EC_0224.jpg"
"239",4.310722101,2.374,"55d35447da14d7000e95318f","EC_0235.jpg"
"240",0.853391685,2.258,"55d35447da14d7000e95318f","EC_0095.jpg"
"241",1.444201313,2.276,"55d35447da14d7000e95318f","EC_0057.jpeg"
"242",0.33916849,2.426,"55d35447da14d7000e95318f","EC_0111.jpg"
"243",0.897155361,2.733,"55d35447da14d7000e95318f","EC_0012.jpg"
"244",0.743982495,2.524,"55d35447da14d7000e95318f","EC_0232.jpg"
"245",0.437636761,2.49,"55d35447da14d7000e95318f","EC_0184.jpg"
"246",5.820568928,2.508,"55d35447da14d7000e95318f","EC_0098.jpg"
"247",7.735229759,2.613,"55d35447da14d7000e95318f","EC_0081.jpg"
"248",2.461706783,2.413,"55d35447da14d7000e95318f","EC_0024.jpg"
"249",1.652078775,2.69,"55d35447da14d7000e95318f","EC_0079.jpg"
"250",3.172866521,2.713,"55d35447da14d7000e95318f","EC_0137.jpg"
"251",1.115973742,2.409,"55d35447da14d7000e95318f","EC_0117.jpg"
"252",2.997811816,2.291,"55d35447da14d7000e95318f","EC_0150.jpg"
"253",0.787746171,2.624,"55d35447da14d7000e95318f","EC_0249.jpg"
"254",0.295404814,2.23,"55d35447da14d7000e95318f","EC_0237.jpg"
"255",0.415754923,2.49,"55d35447da14d7000e95318f","EC_0129.jpeg"
"256",1.13785558,2.127,"55d35447da14d7000e95318f","EC_0197.jpg"
"257",3.271334792,3.057,"55d35447da14d7000e95318f","EC_0068.jpg"
"258",1.761487965,2.592,"55d35447da14d7000e95318f","EC_0094.jpg"
"259",5.306345733,2.58,"55d35447da14d7000e95318f","EC_0193.png"
"260",3.205689278,3.824,"55d35447da14d7000e95318f","EC_0072.jpg"
"261",4.846827133,2.225,"55d35447da14d7000e95318f","EC_0100.jpg"
"262",1.870897155,2.307,"55d35447da14d7000e95318f","EC_0073.jpg"
"263",0.623632385,2.343,"55d35447da14d7000e95318f","EC_0059.jpg"
"264",0.448577681,2.164,"55d35447da14d7000e95318f","EC_0194.jpg"
"265",0.153172867,2.41,"55d35447da14d7000e95318f","EC_0054.jpg"
"266",0.415754923,2.264,"55d35447da14d7000e95318f","EC_0092.jpg"
"267",0.164113786,3.324,"55d35447da14d7000e95318f","EC_0005.jpg"
"268",0.820568928,2.324,"55d35447da14d7000e95318f","EC_0019.jpg"
"269",4.343544858,2.759,"55d35447da14d7000e95318f","EC_0134.jpg"
"270",0.864332604,2.475,"55d35447da14d7000e95318f","EC_0062.jpg"
"271",0.33916849,2.542,"55d35447da14d7000e95318f","EC_0124.jpeg"
"272",1.641137856,2.657,"55d35447da14d7000e95318f","EC_0156.jpg"
"273",0.393873085,2.254,"55d35447da14d7000e95318f","EC_0158.jpg"
"274",1.783369803,2.345,"55d35447da14d7000e95318f","EC_0163.jpg"
"275",1.58643326,2.624,"55d35447da14d7000e95318f","EC_0083.jpg"
"276",1.006564551,2.43,"55d35447da14d7000e95318f","EC_0165.jpg"
"277",0.371991247,2.229,"55d35447da14d7000e95318f","EC_0206.png"
"278",0.153172867,2.293,"55d35447da14d7000e95318f","EC_0056.jpg"
"279",0.787746171,2.459,"55d35447da14d7000e95318f","EC_0029.jpg"
"280",0.328227571,2.693,"55d35447da14d7000e95318f","EC_0229.jpg"
"281",2.013129103,2.999,"55d35447da14d7000e95318f","EC_0063.jpg"
"282",0.623632385,2.242,"55d35447da14d7000e95318f","EC_0108.jpg"
"283",0.317286652,2.29,"55d35447da14d7000e95318f","EC_0037.jpg"
"284",0.4595186,3.757,"55d35447da14d7000e95318f","EC_0162.jpg"
"285",4.518599562,2.377,"55d35447da14d7000e95318f","EC_0030.jpg"
"286",0.415754923,2.392,"55d35447da14d7000e95318f","EC_0020.jpg"
"287",0.56892779,2.324,"55d35447da14d7000e95318f","EC_0240.jpg"
"288",0.207877462,2.092,"55d35447da14d7000e95318f","EC_0153.jpg"
"289",7.757111597,2.616,"55d35447da14d7000e95318f","EC_0210.jpg"
"290",0.995623632,3.195,"55d35447da14d7000e95318f","EC_0074.jpg"
"291",0.251641138,2.276,"55d35447da14d7000e95318f","EC_0142.jpg"
"292",0.131291028,2.625,"55d35447da14d7000e95318f","EC_0214.jpg"
"293",7.658643326,2.549,"55d35447da14d7000e95318f","EC_0018.jpg"
"294",0.361050328,2.611,"55d35447da14d7000e95318f","EC_0221.jpg"
"295",7.15536105,2.79,"55d35447da14d7000e95318f","EC_0248.jpg"
"296",1.378555799,2.76,"55d35447da14d7000e95318f","EC_0103.jpg"
"297",0.273522976,2.451,"55d35447da14d7000e95318f","EC_0176.jpg"
"298",0.284463895,2.016,"55d35447da14d7000e95318f","EC_0170.jpg"
"299",1.641137856,2.442,"55d35447da14d7000e95318f","EC_0241.jpg"
"300",0.754923414,2.025,"55d35447da14d7000e95318f","EC_0101.jpg"
"301",6.192560175,2.692,"55d35447da14d7000e95318f","EC_0082.jpg"
"302",0.240700219,2.962,"55d35447da14d7000e95318f","EC_0140.jpg"
"303",4.628008753,2.641,"55d35447da14d7000e95318f","EC_0044.jpg"
"304",3.216630197,2.432,"55d35447da14d7000e95318f","EC_0116.jpg"
"305",4.978118162,2.215,"55d35447da14d7000e95318f","EC_0049.jpg"
"306",1.838074398,2.23,"55d35447da14d7000e95318f","EC_0002.jpg"
"307",0.295404814,2.18,"55d35447da14d7000e95318f","EC_0171.jpg"
"308",1.225382932,2.372,"55d35447da14d7000e95318f","EC_0061.jpg"
"309",0.240700219,2.393,"55d35447da14d7000e95318f","EC_0239.jpg"
"310",4.649890591,2.491,"55d35447da14d7000e95318f","EC_0089.jpg"
"311",5.590809628,2.672,"55d35447da14d7000e95318f","EC_0008.jpg"
"312",1.126914661,2.458,"55d35447da14d7000e95318f","EC_0167.jpg"
"313",0.711159737,2.793,"55d35447da14d7000e95318f","EC_0051.jpg"
"314",0.426695842,2.009,"55d35447da14d7000e95318f","EC_0075.jpg"
"315",0.33916849,2.995,"55d35447da14d7000e95318f","EC_0201.jpg"
"316",0.33916849,2.364,"55d35447da14d7000e95318f","EC_0183.jpg"
"317",0.503282276,2.207,"55d35447da14d7000e95318f","EC_0164.jpg"
"318",0.142231947,2.394,"55d35447da14d7000e95318f","EC_0038.jpg"
"319",1.192560175,2.675,"55d35447da14d7000e95318f","EC_0250.jpg"
"320",0.853391685,2.407,"55d35447da14d7000e95318f","EC_0087.jpg"
"321",2.669584245,2.226,"55d35447da14d7000e95318f","EC_0173.jpg"
"322",1.466083151,2.34,"55d35447da14d7000e95318f","EC_0195.jpg"
"323",0.645514223,2.391,"55d35447da14d7000e95318f","EC_0027.jpg"
"324",0.579868709,2.391,"55d35447da14d7000e95318f","EC_0003.jpg"
"325",0.295404814,2.325,"55d35447da14d7000e95318f","EC_0070.jpg"
"326",4.671772429,2.448,"55d35447da14d7000e95318f","EC_0016.jpg"
"327",0.590809628,2.248,"55d35447da14d7000e95318f","EC_0246.jpg"
"328",0.33916849,2.16,"55d35447da14d7000e95318f","EC_0060.jpg"
"329",3.052516411,2.712,"55d35447da14d7000e95318f","EC_0065.jpg"
"330",1.93654267,2.233,"55d35447da14d7000e95318f","EC_0243.jpg"
"331",0.623632385,2.064,"55d35447da14d7000e95318f","EC_0113.jpg"
"332",1.115973742,2.608,"55d35447da14d7000e95318f","EC_0099.jpg"
"333",2.592997812,2.226,"55d35447da14d7000e95318f","EC_0172.jpg"
"334",2.221006565,2.475,"55d35447da14d7000e95318f","EC_0066.jpg"
"335",5.2297593,2.36,"55d35447da14d7000e95318f","EC_0219.jpg"
"336",2.483588621,2.281,"55d35447da14d7000e95318f","EC_0001.jpg"
"337",4.934354486,2.165,"55d35447da14d7000e95318f","EC_0118.jpg"
"338",0.700218818,2.973,"55d35447da14d7000e95318f","EC_0076.jpg"
"339",0.4595186,1.976,"55d35447da14d7000e95318f","EC_0182.jpg"
"340",1.717724289,2.444,"55d35447da14d7000e95318f","EC_0031.jpg"
"341",0.722100656,2.146,"55d35447da14d7000e95318f","EC_0064.jpg"
"342",0.492341357,2.308,"55d35447da14d7000e95318f","EC_0166.jpg"
"343",0.831509847,1.998,"55d35447da14d7000e95318f","EC_0244.jpg"
"344",0.448577681,2.124,"55d35447da14d7000e95318f","EC_0097.jpg"
"345",1.903719912,2.248,"55d35447da14d7000e95318f","EC_0147.png"
"346",0.776805252,2.092,"55d35447da14d7000e95318f","EC_0204.jpg"
"347",0.120350109,2.112,"55d35447da14d7000e95318f","EC_0058.jpg"
"348",0.470459519,2.264,"55d35447da14d7000e95318f","EC_0187.jpeg"
"349",2.013129103,1.981,"55d35447da14d7000e95318f","EC_0132.jpg"
"350",6.094091904,2.19,"55d35447da14d7000e95318f","EC_0157.jpg"
"351",3.326039387,2.391,"55d35447da14d7000e95318f","EC_0139.png"
"352",0.612691466,2.509,"55d35447da14d7000e95318f","EC_0011.jpg"
"353",1.301969365,2.258,"55d35447da14d7000e95318f","EC_0245.jpg"
"354",0.120350109,2.346,"55d35447da14d7000e95318f","EC_0202.jpg"
"355",0.754923414,2.012,"55d35447da14d7000e95318f","EC_0115.jpg"
"356",6.717724289,2.527,"55d35447da14d7000e95318f","EC_0010.jpg"
"357",0.667396061,2.167,"55d35447da14d7000e95318f","EC_0236.jpg"
"358",0.328227571,2.142,"55d35447da14d7000e95318f","EC_0088.jpg"
"359",0.185995624,2.374,"55d35447da14d7000e95318f","EC_0106.jpg"
"360",0.142231947,2.307,"55d35447da14d7000e95318f","EC_0055.jpg"
"361",0.711159737,2.632,"55d35447da14d7000e95318f","EC_0036.jpeg"
"362",1.783369803,2.244,"55d35447da14d7000e95318f","EC_0160.jpg"
"363",7.516411379,2.397,"55d35447da14d7000e95318f","EC_0136.jpg"
"364",0.448577681,2.075,"55d35447da14d7000e95318f","EC_0169.png"
"365",0.897155361,2.141,"55d35447da14d7000e95318f","EC_0048.jpg"
"366",2.975929978,2.378,"55d35447da14d7000e95318f","EC_0086.jpg"
"367",4.66083151,2.259,"55d35447da14d7000e95318f","EC_0041.jpg"
"368",0.4595186,2.244,"55d35447da14d7000e95318f","EC_0238.jpg"
"369",1.881838074,2.059,"55d35447da14d7000e95318f","EC_0109.jpg"
"370",0.470459519,1.966,"55d35447da14d7000e95318f","EC_0154.jpg"
"371",2.603938731,2.125,"55d35447da14d7000e95318f","EC_0047.jpg"
"372",4.7702407,2.062,"55d35447da14d7000e95318f","EC_0168.jpeg"
"373",0.831509847,2.481,"55d35447da14d7000e95318f","EC_0093.jpg"
"374",1.827133479,2.264,"55d35447da14d7000e95318f","EC_0014.jpg"
"375",1.061269147,2.647,"55d35447da14d7000e95318f","EC_0185.jpg"
"376",0.371991247,2.246,"55d35447da14d7000e95318f","EC_0121.jpg"
"377",4.868708972,2.348,"55d35447da14d7000e95318f","EC_0188.jpg"
"378",6.148796499,2.459,"55d35447da14d7000e95318f","EC_0085.jpg"
"379",3.18380744,2.574,"55d35447da14d7000e95318f","EC_0084.jpg"
"380",5.415754923,2.265,"55d35447da14d7000e95318f","EC_0039.jpg"
"381",2.603938731,2.192,"55d35447da14d7000e95318f","EC_0234.jpg"
"382",1.181619256,6.23,"55d35447da14d7000e95318f","EC_0242.jpg"
"383",6.36761488,2.593,"55d35447da14d7000e95318f","EC_0080.jpg"
"384",0.120350109,2.625,"55d35447da14d7000e95318f","EC_0247.jpg"
"385",0.743982495,2.241,"55d35447da14d7000e95318f","EC_0125.jpeg"
"386",0.306345733,2.083,"55d35447da14d7000e95318f","EC_0161.jpg"
"387",8.490153173,2.543,"55d35447da14d7000e95318f","EC_0013.jpg"
"388",0.842450766,2.61,"55d35447da14d7000e95318f","EC_0227.jpg"
"389",0.470459519,2.174,"55d35447da14d7000e95318f","EC_0069.jpg"
"390",6.531728665,3.033,"55d35447da14d7000e95318f","EC_0042.jpg"
"391",2.50547046,2.523,"55d35447da14d7000e95318f","EC_0148.jpg"
"392",4.5404814,2.247,"55d35447da14d7000e95318f","EC_0209.jpg"
"393",7.997811816,2.206,"55d35447da14d7000e95318f","EC_0104.jpg"
"394",2.450765864,2.208,"55d35447da14d7000e95318f","EC_0131.jpg"
"395",5.864332604,2.83,"55d35447da14d7000e95318f","EC_0133.jpg"
"396",6.739606127,2.149,"55d35447da14d7000e95318f","EC_0211.jpg"
"397",9.234135667,2.274,"55d35447da14d7000e95318f","EC_0174.jpg"
"398",2.833698031,2.474,"55d35447da14d7000e95318f","EC_0128.jpeg"
"399",1.334792123,2.243,"55d35447da14d7000e95318f","EC_0040.jpg"
"400",5.021881838,2.345,"55d35447da14d7000e95318f","EC_0205.jpg"
"401",4.737417943,3.159,"55d35447da14d7000e95318f","EC_0123.jpeg"
"402",2.943107221,4.813,"55d35447da14d7000e95318f","EC_0033.jpeg"
"403",3.873085339,2.393,"55d35447da14d7000e95318f","EC_0180.jpg"
"404",4.638949672,2.257,"55d35447da14d7000e95318f","EC_0135.jpg"
"405",3.347921225,2.757,"55d35447da14d7000e95318f","EC_0009.jpg"
"406",5.733041575,2.729,"55d35447da14d7000e95318f","EC_0034.jpg"
"407",0.853391685,2.549,"55d35447da14d7000e95318f","EC_0119.jpg"
"408",0.404814004,2.327,"55d35447da14d7000e95318f","EC_0015.jpg"
"409",1.641137856,2.149,"55d35447da14d7000e95318f","EC_0050.jpg"
"410",1.126914661,2.261,"55d35447da14d7000e95318f","EC_0152.jpg"
"411",0.743982495,2.358,"55d35447da14d7000e95318f","EC_0017.jpg"
"412",0.492341357,2.198,"55d35447da14d7000e95318f","EC_0141.jpg"
"413",1.728665208,2.779,"55d35447da14d7000e95318f","EC_0231.jpg"
"414",6.36761488,2.29,"55d35447da14d7000e95318f","EC_0228.jpg"
"415",1.838074398,2.341,"55d35447da14d7000e95318f","EC_0071.jpg"
"416",5.56892779,2.677,"55d35447da14d7000e95318f","EC_0159.jpg"
"417",2.702407002,2.191,"55d35447da14d7000e95318f","EC_0149.jpg"
"418",5.962800875,2.127,"55d35447da14d7000e95318f","EC_0203.jpg"
"419",2.50547046,2.357,"55d35447da14d7000e95318f","EC_0028.jpg"
"420",0.623632385,2.608,"55d35447da14d7000e95318f","EC_0177.jpg"
"421",7,4.0567,"55eb04337480920010aa9e0d","EC_0199.jpg"
"422",4,4.9628,"55eb04337480920010aa9e0d","EC_0003.jpg"
"423",7.203703704,3.4504,"55eb04337480920010aa9e0d","EC_0024.jpg"
"424",8.388888889,3.615,"55eb04337480920010aa9e0d","EC_0051.jpg"
"425",2.657407407,3.1117,"55eb04337480920010aa9e0d","EC_0012.jpg"
"426",6.462962963,2.678,"55eb04337480920010aa9e0d","EC_0188.jpg"
"427",7.342592593,3.8671,"55eb04337480920010aa9e0d","EC_0106.jpg"
"428",4.675925926,2.7783,"55eb04337480920010aa9e0d","EC_0153.jpg"
"429",5.611111111,2.7441,"55eb04337480920010aa9e0d","EC_0006.jpg"
"430",7.046296296,2.7565,"55eb04337480920010aa9e0d","EC_0230.jpg"
"431",3.018518519,2.539,"55eb04337480920010aa9e0d","EC_0237.jpg"
"432",5.953703704,2.5899,"55eb04337480920010aa9e0d","EC_0099.jpg"
"433",8.472222222,3.5139,"55eb04337480920010aa9e0d","EC_0037.jpg"
"434",6.555555556,2.5908,"55eb04337480920010aa9e0d","EC_0084.jpg"
"435",7.675925926,2.4312,"55eb04337480920010aa9e0d","EC_0058.jpg"
"436",8.351851852,2.4063,"55eb04337480920010aa9e0d","EC_0210.jpg"
"437",2.12962963,4.4064,"55eb04337480920010aa9e0d","EC_0204.jpg"
"438",7.416666667,2.6301,"55eb04337480920010aa9e0d","EC_0174.jpg"
"439",5.12037037,2.5529,"55eb04337480920010aa9e0d","EC_0089.jpg"
"440",5.62037037,6.2288,"55eb04337480920010aa9e0d","EC_0059.jpg"
"441",6.703703704,2.3027,"55eb04337480920010aa9e0d","EC_0193.png"
"442",5.990740741,4.2514,"55eb04337480920010aa9e0d","EC_0139.png"
"443",6.490740741,2.9353,"55eb04337480920010aa9e0d","EC_0173.jpg"
"444",7.490740741,2.3005,"55eb04337480920010aa9e0d","EC_0030.jpg"
"445",8.12962963,2.2509,"55eb04337480920010aa9e0d","EC_0243.jpg"
"446",5.592592593,2.2011,"55eb04337480920010aa9e0d","EC_0094.jpg"
"447",3,2.5671,"55eb04337480920010aa9e0d","EC_0090.jpg"
"448",4.916666667,3.2593,"55eb04337480920010aa9e0d","EC_0238.jpg"
"449",1.62037037,3.065,"55eb04337480920010aa9e0d","EC_0121.jpg"
"450",7.490740741,3.0234,"55eb04337480920010aa9e0d","EC_0075.jpg"
"451",5,5.2927,"55eb04337480920010aa9e0d","EC_0032.jpg"
"452",6.185185185,2.4293,"55eb04337480920010aa9e0d","EC_0039.jpg"
"453",4.314814815,7.8674,"55eb04337480920010aa9e0d","EC_0053.jpg"
"454",5.240740741,2.9904,"55eb04337480920010aa9e0d","EC_0042.jpg"
"455",6.888888889,2.4934,"55eb04337480920010aa9e0d","EC_0044.jpg"
"456",5.546296296,2.7756,"55eb04337480920010aa9e0d","EC_0171.jpg"
"457",6.444444444,2.1061,"55eb04337480920010aa9e0d","EC_0150.jpg"
"458",2.592592593,2.8677,"55eb04337480920010aa9e0d","EC_0176.jpg"
"459",7.277777778,2.9984,"55eb04337480920010aa9e0d","EC_0156.jpg"
"460",3.101851852,2.7896,"55eb04337480920010aa9e0d","EC_0014.jpg"
"461",3.75,3.0897,"55eb04337480920010aa9e0d","EC_0062.jpg"
"462",2.268518519,2.6174,"55eb04337480920010aa9e0d","EC_0049.jpg"
"463",5.796296296,2.256,"55eb04337480920010aa9e0d","EC_0070.jpg"
"464",6.722222222,2.473,"55eb04337480920010aa9e0d","EC_0069.jpg"
"465",2.342592593,2.3729,"55eb04337480920010aa9e0d","EC_0148.jpg"
"466",4.527777778,3.0409,"55eb04337480920010aa9e0d","EC_0170.jpg"
"467",3.046296296,2.6075,"55eb04337480920010aa9e0d","EC_0109.jpg"
"468",6.064814815,2.4064,"55eb04337480920010aa9e0d","EC_0231.jpg"
"469",6.666666667,2.9802,"55eb04337480920010aa9e0d","EC_0083.jpg"
"470",5.37037037,2.6997,"55eb04337480920010aa9e0d","EC_0233.jpg"
"471",7.805555556,2.4594,"55eb04337480920010aa9e0d","EC_0034.jpg"
"472",6.62962963,2.2899,"55eb04337480920010aa9e0d","EC_0068.jpg"
"473",5.37037037,2.3987,"55eb04337480920010aa9e0d","EC_0100.jpg"
"474",6.814814815,2.3913,"55eb04337480920010aa9e0d","EC_0151.jpg"
"475",2.62037037,2.9567,"55eb04337480920010aa9e0d","EC_0184.jpg"
"476",4.018518519,2.9613,"55eb04337480920010aa9e0d","EC_0087.jpg"
"477",7.398148148,2.3248,"55eb04337480920010aa9e0d","EC_0013.jpg"
"478",8.212962963,2.7445,"55eb04337480920010aa9e0d","EC_0028.jpg"
"479",6.787037037,2.6684,"55eb04337480920010aa9e0d","EC_0131.jpg"
"480",3.333333333,2.8747,"55eb04337480920010aa9e0d","EC_0198.jpg"
"481",5.537037037,3.0302,"55eb04337480920010aa9e0d","EC_0247.jpg"
"482",2.62962963,2.7904,"55eb04337480920010aa9e0d","EC_0040.jpg"
"483",9.074074074,2.4145,"55eb04337480920010aa9e0d","EC_0072.jpg"
"484",6.240740741,3.1736,"55eb04337480920010aa9e0d","EC_0111.jpg"
"485",1.740740741,2.6793,"55eb04337480920010aa9e0d","EC_0227.jpg"
"486",6.148148148,2.3584,"55eb04337480920010aa9e0d","EC_0017.jpg"
"487",6.962962963,2.0896,"55eb04337480920010aa9e0d","EC_0085.jpg"
"488",7.861111111,2.9413,"55eb04337480920010aa9e0d","EC_0002.jpg"
"489",6.203703704,2.3649,"55eb04337480920010aa9e0d","EC_0108.jpg"
"490",5.574074074,2.5693,"55eb04337480920010aa9e0d","EC_0128.jpeg"
"491",6.972222222,2.6357,"55eb04337480920010aa9e0d","EC_0185.jpg"
"492",6.101851852,2.3672,"55eb04337480920010aa9e0d","EC_0177.jpg"
"493",5.472222222,2.8234,"55eb04337480920010aa9e0d","EC_0038.jpg"
"494",4.037037037,2.4065,"55eb04337480920010aa9e0d","EC_0119.jpg"
"495",8.509259259,3.5824,"55eb04337480920010aa9e0d","EC_0140.jpg"
"496",7.944444444,2.9251,"55eb04337480920010aa9e0d","EC_0093.jpg"
"497",8.018518519,3.7847,"55eb04337480920010aa9e0d","EC_0125.jpeg"
"498",2.768518519,4.2308,"55eb04337480920010aa9e0d","EC_0180.jpg"
"499",1.564814815,2.3729,"55eb04337480920010aa9e0d","EC_0162.jpg"
"500",6.037037037,2.2842,"55eb04337480920010aa9e0d","EC_0209.jpg"
"501",1.805555556,3.128,"55eb04337480920010aa9e0d","EC_0027.jpg"
"502",5.851851852,3.2091,"55eb04337480920010aa9e0d","EC_0160.jpg"
"503",1.87962963,2.6248,"55eb04337480920010aa9e0d","EC_0164.jpg"
"504",2.638888889,2.9871,"55eb04337480920010aa9e0d","EC_0166.jpg"
"505",1.416666667,3.0903,"55eb04337480920010aa9e0d","EC_0141.jpg"
"506",2.268518519,2.5195,"55eb04337480920010aa9e0d","EC_0088.jpg"
"507",5.592592593,2.2526,"55eb04337480920010aa9e0d","EC_0211.jpg"
"508",2.731481481,2.6048,"55eb04337480920010aa9e0d","EC_0016.jpg"
"509",6.5,2.2747,"55eb04337480920010aa9e0d","EC_0102.jpg"
"510",4.768518519,2.453,"55eb04337480920010aa9e0d","EC_0120.jpg"
"511",5.583333333,2.5367,"55eb04337480920010aa9e0d","EC_0063.jpg"
"512",6.62962963,2.4276,"55eb04337480920010aa9e0d","EC_0200.png"
"513",7.851851852,2.9531,"55eb04337480920010aa9e0d","EC_0136.jpg"
"514",2.240740741,2.4743,"55eb04337480920010aa9e0d","EC_0048.jpg"
"515",1.287037037,2.9104,"55eb04337480920010aa9e0d","EC_0232.jpg"
"516",5.111111111,3.0354,"55eb04337480920010aa9e0d","EC_0152.jpg"
"517",3.537037037,2.5954,"55eb04337480920010aa9e0d","EC_0046.jpg"
"518",8.277777778,2.8632,"55eb04337480920010aa9e0d","EC_0207.jpg"
"519",2.388888889,2.5919,"55eb04337480920010aa9e0d","EC_0195.jpg"
"520",6.296296296,2.6698,"55eb04337480920010aa9e0d","EC_0228.jpg"
"521",6.388888889,3.407,"55eb04337480920010aa9e0d","EC_0061.jpg"
"522",7.62037037,2.7413,"55eb04337480920010aa9e0d","EC_0096.jpg"
"523",6.416666667,2.5932,"55eb04337480920010aa9e0d","EC_0163.jpg"
"524",1.222222222,4.313,"55eb04337480920010aa9e0d","EC_0226.jpg"
"525",6.25,2.4741,"55eb04337480920010aa9e0d","EC_0147.png"
"526",3.898148148,2.5124,"55eb04337480920010aa9e0d","EC_0022.jpg"
"527",7.416666667,2.358,"55eb04337480920010aa9e0d","EC_0008.jpg"
"528",7.75,2.322,"55eb04337480920010aa9e0d","EC_0168.jpeg"
"529",8.75,2.2066,"55eb04337480920010aa9e0d","EC_0157.jpg"
"530",5.305555556,2.5364,"55eb04337480920010aa9e0d","EC_0138.png"
"531",8.768518519,2.4408,"55eb04337480920010aa9e0d","EC_0074.jpg"
"532",8.055555556,2.6929,"55eb04337480920010aa9e0d","EC_0010.jpg"
"533",6.851851852,2.121,"55eb04337480920010aa9e0d","EC_0098.jpg"
"534",5.231481481,2.3362,"55eb04337480920010aa9e0d","EC_0056.jpg"
"535",4.694444444,2.9612,"55eb04337480920010aa9e0d","EC_0054.jpg"
"536",6.601851852,2.9734,"55eb04337480920010aa9e0d","EC_0123.jpeg"
"537",2.25,4.9405,"55eb04337480920010aa9e0d","EC_0015.jpg"
"538",3.907407407,2.771,"55eb04337480920010aa9e0d","EC_0250.jpg"
"539",6.268518519,2.7189,"55eb04337480920010aa9e0d","EC_0029.jpg"
"540",6.981481481,2.4357,"55eb04337480920010aa9e0d","EC_0137.jpg"
"541",1.935185185,2.4517,"55eb04337480920010aa9e0d","EC_0101.jpg"
"542",3.361111111,2.6633,"55eb04337480920010aa9e0d","EC_0249.jpg"
"543",6.009259259,2.3563,"55eb04337480920010aa9e0d","EC_0181.jpg"
"544",6.907407407,2.5429,"55eb04337480920010aa9e0d","EC_0009.jpg"
"545",5.851851852,2.4722,"55eb04337480920010aa9e0d","EC_0235.jpg"
"546",5.268518519,7.1389,"55eb04337480920010aa9e0d","EC_0066.jpg"
"547",3.685185185,3.2274,"55eb04337480920010aa9e0d","EC_0221.jpg"
"548",6.027777778,3.7357,"55eb04337480920010aa9e0d","EC_0169.png"
"549",8.148148148,2.7137,"55eb04337480920010aa9e0d","EC_0057.jpeg"
"550",6.305555556,3.2739,"55eb04337480920010aa9e0d","EC_0172.jpg"
"551",5.555555556,2.6903,"55eb04337480920010aa9e0d","EC_0213.jpg"
"552",2.518518519,2.3979,"55eb04337480920010aa9e0d","EC_0142.jpg"
"553",4.814814815,4.8443,"55eb04337480920010aa9e0d","EC_0129.jpeg"
"554",8.194444444,2.7301,"55eb04337480920010aa9e0d","EC_0205.jpg"
"555",2.694444444,2.6892,"55eb04337480920010aa9e0d","EC_0055.jpg"
"556",8.694444444,3.3087,"55eb04337480920010aa9e0d","EC_0036.jpeg"
"557",5.935185185,2.4104,"55eb04337480920010aa9e0d","EC_0071.jpg"
"558",7.574074074,3.2746,"55eb04337480920010aa9e0d","EC_0118.jpg"
"559",2.546296296,2.5233,"55eb04337480920010aa9e0d","EC_0005.jpg"
"560",5.972222222,2.5064,"55eb04337480920010aa9e0d","EC_0234.jpg"
"561",4.907407407,2.5079,"55eb04337480920010aa9e0d","EC_0182.jpg"
"562",2.064814815,2.3587,"55eb04337480920010aa9e0d","EC_0154.jpg"
"563",5.787037037,2.8654,"55eb04337480920010aa9e0d","EC_0229.jpg"
"564",6.953703704,2.2761,"55eb04337480920010aa9e0d","EC_0041.jpg"
"565",2.657407407,2.7399,"55eb04337480920010aa9e0d","EC_0047.jpg"
"566",4.277777778,2.5404,"55eb04337480920010aa9e0d","EC_0132.jpg"
"567",3.268518519,3.1336,"55eb04337480920010aa9e0d","EC_0202.jpg"
"568",6.37037037,2.4232,"55eb04337480920010aa9e0d","EC_0246.jpg"
"569",7.509259259,2.3472,"55eb04337480920010aa9e0d","EC_0197.jpg"
"570",2.296296296,2.5458,"55eb04337480920010aa9e0d","EC_0196.jpg"
"571",4.953703704,2.8267,"55eb04337480920010aa9e0d","EC_0031.jpg"
"572",6.861111111,2.1476,"55eb04337480920010aa9e0d","EC_0135.jpg"
"573",4.037037037,2.3252,"55eb04337480920010aa9e0d","EC_0050.jpg"
"574",5.277777778,2.2732,"55eb04337480920010aa9e0d","EC_0001.jpg"
"575",6.787037037,2.4251,"55eb04337480920010aa9e0d","EC_0224.jpg"
"576",5.916666667,3.3438,"55eb04337480920010aa9e0d","EC_0105.jpg"
"577",7.601851852,2.1028,"55eb04337480920010aa9e0d","EC_0203.jpg"
"578",4.611111111,2.1532,"55eb04337480920010aa9e0d","EC_0082.jpg"
"579",5.851851852,2.1785,"55eb04337480920010aa9e0d","EC_0219.jpg"
"580",3.435185185,2.4703,"55eb04337480920010aa9e0d","EC_0134.jpg"
"581",3.972222222,2.8121,"55eb04337480920010aa9e0d","EC_0020.jpg"
"582",7.888888889,2.1407,"55eb04337480920010aa9e0d","EC_0077.jpg"
"583",1.888888889,2.873,"55eb04337480920010aa9e0d","EC_0067.jpg"
"584",3.472222222,2.3253,"55eb04337480920010aa9e0d","EC_0240.jpg"
"585",5.722222222,3.6373,"55eb04337480920010aa9e0d","EC_0149.jpg"
"586",7.046296296,2.1587,"55eb04337480920010aa9e0d","EC_0244.jpg"
"587",4.842592593,2.4283,"55eb04337480920010aa9e0d","EC_0065.jpg"
"588",3.842592593,2.6359,"55eb04337480920010aa9e0d","EC_0011.jpg"
"589",6.231481481,2.1527,"55eb04337480920010aa9e0d","EC_0080.jpg"
"590",5.648148148,2.3696,"55eb04337480920010aa9e0d","EC_0158.jpg"
"591",2.231481481,2.7967,"55eb04337480920010aa9e0d","EC_0113.jpg"
"592",3.231481481,2.4029,"55eb04337480920010aa9e0d","EC_0097.jpg"
"593",2.37037037,2.492,"55eb04337480920010aa9e0d","EC_0236.jpg"
"594",4.657407407,2.4136,"55eb04337480920010aa9e0d","EC_0206.png"
"595",1.814814815,2.1269,"55eb04337480920010aa9e0d","EC_0214.jpg"
"596",6.481481481,3.1516,"55eb04337480920010aa9e0d","EC_0081.jpg"
"597",7.425925926,2.3375,"55eb04337480920010aa9e0d","EC_0073.jpg"
"598",2.472222222,2.2695,"55eb04337480920010aa9e0d","EC_0223.jpg"
"599",1.564814815,3.6418,"55eb04337480920010aa9e0d","EC_0159.jpg"
"600",3.898148148,2.7197,"55eb04337480920010aa9e0d","EC_0095.jpg"
"601",7.472222222,2.5349,"55eb04337480920010aa9e0d","EC_0116.jpg"
"602",7.305555556,3.4871,"55eb04337480920010aa9e0d","EC_0018.jpg"
"603",6.435185185,2.603,"55eb04337480920010aa9e0d","EC_0248.jpg"
"604",8.287037037,2.9923,"55eb04337480920010aa9e0d","EC_0104.jpg"
"605",6.805555556,2.6364,"55eb04337480920010aa9e0d","EC_0194.jpg"
"606",6.314814815,2.3054,"55eb04337480920010aa9e0d","EC_0092.jpg"
"607",4.5,2.1125,"55eb04337480920010aa9e0d","EC_0183.jpg"
"608",5.444444444,2.5283,"55eb04337480920010aa9e0d","EC_0079.jpg"
"609",2.546296296,2.3445,"55eb04337480920010aa9e0d","EC_0245.jpg"
"610",3.62037037,2.4793,"55eb04337480920010aa9e0d","EC_0117.jpg"
"611",4.87962963,2.4419,"55eb04337480920010aa9e0d","EC_0133.jpg"
"612",7.092592593,2.4367,"55eb04337480920010aa9e0d","EC_0242.jpg"
"613",2.25,2.4551,"55eb04337480920010aa9e0d","EC_0187.jpeg"
"614",1.083333333,2.2526,"55eb04337480920010aa9e0d","EC_0161.jpg"
"615",1.777777778,2.3121,"55eb04337480920010aa9e0d","EC_0007.jpg"
"616",6.083333333,2.6032,"55eb04337480920010aa9e0d","EC_0076.jpg"
"617",2.583333333,2.494,"55eb04337480920010aa9e0d","EC_0165.jpg"
"618",4.583333333,2.7197,"55eb04337480920010aa9e0d","EC_0201.jpg"
"619",5.814814815,2.3571,"55eb04337480920010aa9e0d","EC_0115.jpg"
"620",7.824074074,2.8531,"55eb04337480920010aa9e0d","EC_0103.jpg"
"621",6.027777778,2.6751,"55eb04337480920010aa9e0d","EC_0239.jpg"
"622",6.768518519,2.1352,"55eb04337480920010aa9e0d","EC_0167.jpg"
"623",4.092592593,3.2929,"55eb04337480920010aa9e0d","EC_0033.jpeg"
"624",5.990740741,2.4846,"55eb04337480920010aa9e0d","EC_0086.jpg"
"625",7.12962963,3.0928,"55eb04337480920010aa9e0d","EC_0060.jpg"
"626",5.555555556,2.9448,"55eb04337480920010aa9e0d","EC_0124.jpeg"
"627",6.175925926,3.2662,"55eb04337480920010aa9e0d","EC_0064.jpg"
"628",3.601851852,3.3634,"55eb04337480920010aa9e0d","EC_0019.jpg"
"629",5.490740741,2.8423,"55eb04337480920010aa9e0d","EC_0241.jpg"
"630",2.638888889,2.759,"55eb04337480920010aa9e0d","EC_0222.jpg"
"631",6.965277778,5.087,"5658000ca9872d0011e1ba26","EC_0169.png"
"632",8.048611111,2.921,"5658000ca9872d0011e1ba26","EC_0166.jpg"
"633",4.979166667,3.536,"5658000ca9872d0011e1ba26","EC_0187.jpeg"
"634",8.034722222,8.221,"5658000ca9872d0011e1ba26","EC_0076.jpg"
"635",0.930555556,3.163,"5658000ca9872d0011e1ba26","EC_0235.jpg"
"636",8.986111111,3.296,"5658000ca9872d0011e1ba26","EC_0040.jpg"
"637",6.993055556,8.487,"5658000ca9872d0011e1ba26","EC_0065.jpg"
"638",0.027777778,4.616,"5658000ca9872d0011e1ba26","EC_0139.png"
"639",0.027777778,3.217,"5658000ca9872d0011e1ba26","EC_0171.jpg"
"640",2.048611111,3.864,"5658000ca9872d0011e1ba26","EC_0059.jpg"
"641",9.041666667,3.638,"5658000ca9872d0011e1ba26","EC_0157.jpg"
"642",9.944444444,3.263,"5658000ca9872d0011e1ba26","EC_0070.jpg"
"643",1.972222222,3.915,"5658000ca9872d0011e1ba26","EC_0140.jpg"
"644",0.027777778,2.691,"5658000ca9872d0011e1ba26","EC_0150.jpg"
"645",6.013888889,3.68,"5658000ca9872d0011e1ba26","EC_0164.jpg"
"646",8.0625,2.898,"5658000ca9872d0011e1ba26","EC_0022.jpg"
"647",6.055555556,4.499,"5658000ca9872d0011e1ba26","EC_0071.jpg"
"648",7.006944444,2.866,"5658000ca9872d0011e1ba26","EC_0236.jpg"
"649",5.013888889,3.208,"5658000ca9872d0011e1ba26","EC_0198.jpg"
"650",9.006944444,3.074,"5658000ca9872d0011e1ba26","EC_0221.jpg"
"651",1.006944444,3.612,"5658000ca9872d0011e1ba26","EC_0241.jpg"
"652",8.069444444,7.178,"5658000ca9872d0011e1ba26","EC_0090.jpg"
"653",8.9375,3.025,"5658000ca9872d0011e1ba26","EC_0086.jpg"
"654",7.944444444,3.572,"5658000ca9872d0011e1ba26","EC_0119.jpg"
"655",0.0625,4.232,"5658000ca9872d0011e1ba26","EC_0048.jpg"
"656",2.027777778,3.811,"5658000ca9872d0011e1ba26","EC_0213.jpg"
"657",2.944444444,4.078,"5658000ca9872d0011e1ba26","EC_0196.jpg"
"658",1.006944444,5.129,"5658000ca9872d0011e1ba26","EC_0111.jpg"
"659",7.027777778,3.18,"5658000ca9872d0011e1ba26","EC_0118.jpg"
"660",3.9375,4.437,"5658000ca9872d0011e1ba26","EC_0243.jpg"
"661",2.986111111,6.984,"5658000ca9872d0011e1ba26","EC_0027.jpg"
"662",6,3.304,"5658000ca9872d0011e1ba26","EC_0149.jpg"
"663",9.006944444,4.341,"5658000ca9872d0011e1ba26","EC_0092.jpg"
"664",0.986111111,6.024,"5658000ca9872d0011e1ba26","EC_0223.jpg"
"665",3.923611111,4.062,"5658000ca9872d0011e1ba26","EC_0238.jpg"
"666",8.965277778,5.067,"5658000ca9872d0011e1ba26","EC_0163.jpg"
"667",8.041666667,3.765,"5658000ca9872d0011e1ba26","EC_0008.jpg"
"668",9.909722222,5.558,"5658000ca9872d0011e1ba26","EC_0088.jpg"
"669",8,3.924,"5658000ca9872d0011e1ba26","EC_0098.jpg"
"670",0.333333333,4.87,"5658000ca9872d0011e1ba26","EC_0009.jpg"
"671",2.201388889,5.309,"5658000ca9872d0011e1ba26","EC_0123.jpeg"
"672",4.923611111,5.066,"5658000ca9872d0011e1ba26","EC_0087.jpg"
"673",0,4.449,"5658000ca9872d0011e1ba26","EC_0033.jpeg"
"674",7.020833333,3.308,"5658000ca9872d0011e1ba26","EC_0054.jpg"
"675",3.006944444,3.562,"5658000ca9872d0011e1ba26","EC_0230.jpg"
"676",1.097222222,5.461,"5658000ca9872d0011e1ba26","EC_0247.jpg"
"677",5.881944444,3.704,"5658000ca9872d0011e1ba26","EC_0018.jpg"
"678",8,2.708,"5658000ca9872d0011e1ba26","EC_0062.jpg"
"679",0.125,4.116,"5658000ca9872d0011e1ba26","EC_0232.jpg"
"680",9.881944444,3.328,"5658000ca9872d0011e1ba26","EC_0051.jpg"
"681",6.881944444,4.507,"5658000ca9872d0011e1ba26","EC_0089.jpg"
"682",9,3.211,"5658000ca9872d0011e1ba26","EC_0165.jpg"
"683",5.986111111,4.087,"5658000ca9872d0011e1ba26","EC_0109.jpg"
"684",6.958333333,3.462,"5658000ca9872d0011e1ba26","EC_0002.jpg"
"685",9.958333333,2.9,"5658000ca9872d0011e1ba26","EC_0041.jpg"
"686",7.881944444,5.475,"5658000ca9872d0011e1ba26","EC_0079.jpg"
"687",8.041666667,3.52,"5658000ca9872d0011e1ba26","EC_0167.jpg"
"688",5.993055556,9.418,"5658000ca9872d0011e1ba26","EC_0239.jpg"
"689",2.041666667,5.775,"5658000ca9872d0011e1ba26","EC_0228.jpg"
"690",0,4.203,"5658000ca9872d0011e1ba26","EC_0204.jpg"
"691",8.013888889,4.573,"5658000ca9872d0011e1ba26","EC_0188.jpg"
"692",0.034722222,3.1,"5658000ca9872d0011e1ba26","EC_0161.jpg"
"693",5.979166667,6.236,"5658000ca9872d0011e1ba26","EC_0032.jpg"
"694",8.993055556,4.004,"5658000ca9872d0011e1ba26","EC_0159.jpg"
"695",6.041666667,9.673,"5658000ca9872d0011e1ba26","EC_0224.jpg"
"696",3.979166667,3.816,"5658000ca9872d0011e1ba26","EC_0067.jpg"
"697",9.930555556,3.942,"5658000ca9872d0011e1ba26","EC_0030.jpg"
"698",6.069444444,5.062,"5658000ca9872d0011e1ba26","EC_0105.jpg"
"699",2.951388889,5.754,"5658000ca9872d0011e1ba26","EC_0095.jpg"
"700",0.090277778,2.998,"5658000ca9872d0011e1ba26","EC_0047.jpg"
"701",8.965277778,3.111,"5658000ca9872d0011e1ba26","EC_0102.jpg"
"702",7.076388889,3.004,"5658000ca9872d0011e1ba26","EC_0211.jpg"
"703",8.8125,2.787,"5658000ca9872d0011e1ba26","EC_0003.jpg"
"704",6.868055556,4.171,"5658000ca9872d0011e1ba26","EC_0250.jpg"
"705",6.868055556,3.262,"5658000ca9872d0011e1ba26","EC_0174.jpg"
"706",8.930555556,2.666,"5658000ca9872d0011e1ba26","EC_0073.jpg"
"707",9,2.957,"5658000ca9872d0011e1ba26","EC_0134.jpg"
"708",4.020833333,7.934,"5658000ca9872d0011e1ba26","EC_0129.jpeg"
"709",2.055555556,4.744,"5658000ca9872d0011e1ba26","EC_0136.jpg"
"710",0.055555556,2.719,"5658000ca9872d0011e1ba26","EC_0153.jpg"
"711",0.090277778,3.362,"5658000ca9872d0011e1ba26","EC_0094.jpg"
"712",5.944444444,3.782,"5658000ca9872d0011e1ba26","EC_0214.jpg"
"713",6.131944444,5.1,"5658000ca9872d0011e1ba26","EC_0193.png"
"714",0,3.033,"5658000ca9872d0011e1ba26","EC_0227.jpg"
"715",7.743055556,3.805,"5658000ca9872d0011e1ba26","EC_0170.jpg"
"716",8.826388889,3.828,"5658000ca9872d0011e1ba26","EC_0197.jpg"
"717",1.819444444,3.445,"5658000ca9872d0011e1ba26","EC_0131.jpg"
"718",6.097222222,3.324,"5658000ca9872d0011e1ba26","EC_0075.jpg"
"719",1.972222222,4.312,"5658000ca9872d0011e1ba26","EC_0231.jpg"
"720",4.013888889,4.525,"5658000ca9872d0011e1ba26","EC_0113.jpg"
"721",8.909722222,4.758,"5658000ca9872d0011e1ba26","EC_0084.jpg"
"722",6.930555556,7.212,"5658000ca9872d0011e1ba26","EC_0028.jpg"
"723",9.041666667,3.603,"5658000ca9872d0011e1ba26","EC_0058.jpg"
"724",8.041666667,2.999,"5658000ca9872d0011e1ba26","EC_0053.jpg"
"725",6.006944444,7.69,"5658000ca9872d0011e1ba26","EC_0024.jpg"
"726",8.909722222,3.082,"5658000ca9872d0011e1ba26","EC_0015.jpg"
"727",6.986111111,2.778,"5658000ca9872d0011e1ba26","EC_0141.jpg"
"728",8.027777778,4.15,"5658000ca9872d0011e1ba26","EC_0082.jpg"
"729",6.979166667,3.695,"5658000ca9872d0011e1ba26","EC_0100.jpg"
"730",4.986111111,3.849,"5658000ca9872d0011e1ba26","EC_0203.jpg"
"731",3.986111111,4.403,"5658000ca9872d0011e1ba26","EC_0172.jpg"
"732",5.986111111,3.464,"5658000ca9872d0011e1ba26","EC_0201.jpg"
"733",0.993055556,5.223,"5658000ca9872d0011e1ba26","EC_0162.jpg"
"734",9.944444444,3.8,"5658000ca9872d0011e1ba26","EC_0077.jpg"
"735",3.034722222,4.567,"5658000ca9872d0011e1ba26","EC_0010.jpg"
"736",9,4.228,"5658000ca9872d0011e1ba26","EC_0168.jpeg"
"737",8.006944444,6.508,"5658000ca9872d0011e1ba26","EC_0202.jpg"
"738",3.951388889,4.774,"5658000ca9872d0011e1ba26","EC_0222.jpg"
"739",9.069444444,3.048,"5658000ca9872d0011e1ba26","EC_0205.jpg"
"740",5.930555556,4.391,"5658000ca9872d0011e1ba26","EC_0014.jpg"
"741",3.027777778,4.178,"5658000ca9872d0011e1ba26","EC_0064.jpg"
"742",9.888888889,3.996,"5658000ca9872d0011e1ba26","EC_0099.jpg"
"743",1,5.03,"5658000ca9872d0011e1ba26","EC_0206.png"
"744",6.083333333,4.821,"5658000ca9872d0011e1ba26","EC_0199.jpg"
"745",8.208333333,5.324,"5658000ca9872d0011e1ba26","EC_0234.jpg"
"746",9.875,3.787,"5658000ca9872d0011e1ba26","EC_0029.jpg"
"747",6.979166667,2.933,"5658000ca9872d0011e1ba26","EC_0160.jpg"
"748",6.118055556,6.72,"5658000ca9872d0011e1ba26","EC_0066.jpg"
"749",3.916666667,5.047,"5658000ca9872d0011e1ba26","EC_0097.jpg"
"750",7.986111111,3.595,"5658000ca9872d0011e1ba26","EC_0104.jpg"
"751",7.034722222,2.726,"5658000ca9872d0011e1ba26","EC_0173.jpg"
"752",2.965277778,6.278,"5658000ca9872d0011e1ba26","EC_0007.jpg"
"753",1.020833333,3.061,"5658000ca9872d0011e1ba26","EC_0195.jpg"
"754",7.006944444,5.695,"5658000ca9872d0011e1ba26","EC_0125.jpeg"
"755",9.013888889,6.633,"5658000ca9872d0011e1ba26","EC_0080.jpg"
"756",7.020833333,3.892,"5658000ca9872d0011e1ba26","EC_0249.jpg"
"757",8.930555556,4.1,"5658000ca9872d0011e1ba26","EC_0132.jpg"
"758",0.097222222,4.125,"5658000ca9872d0011e1ba26","EC_0085.jpg"
"759",1.909722222,3.808,"5658000ca9872d0011e1ba26","EC_0001.jpg"
"760",4.9375,5.208,"5658000ca9872d0011e1ba26","EC_0083.jpg"
"761",6.916666667,7.658,"5658000ca9872d0011e1ba26","EC_0034.jpg"
"762",8.916666667,3.804,"5658000ca9872d0011e1ba26","EC_0063.jpg"
"763",4.034722222,4.409,"5658000ca9872d0011e1ba26","EC_0142.jpg"
"764",1,3.841,"5658000ca9872d0011e1ba26","EC_0226.jpg"
"765",9.9375,3.208,"5658000ca9872d0011e1ba26","EC_0020.jpg"
"766",6.958333333,6.77,"5658000ca9872d0011e1ba26","EC_0147.png"
"767",9.097222222,3.288,"5658000ca9872d0011e1ba26","EC_0074.jpg"
"768",6.034722222,4.271,"5658000ca9872d0011e1ba26","EC_0016.jpg"
"769",3,4.722,"5658000ca9872d0011e1ba26","EC_0240.jpg"
"770",6.131944444,6.048,"5658000ca9872d0011e1ba26","EC_0248.jpg"
"771",2.034722222,7.469,"5658000ca9872d0011e1ba26","EC_0011.jpg"
"772",7.020833333,3.554,"5658000ca9872d0011e1ba26","EC_0060.jpg"
"773",8.881944444,3.333,"5658000ca9872d0011e1ba26","EC_0055.jpg"
"774",4.881944444,5.604,"5658000ca9872d0011e1ba26","EC_0152.jpg"
"775",0.416666667,4.646,"5658000ca9872d0011e1ba26","EC_0154.jpg"
"776",6.1875,7.263,"5658000ca9872d0011e1ba26","EC_0121.jpg"
"777",4.083333333,5.229,"5658000ca9872d0011e1ba26","EC_0183.jpg"
"778",7.875,4.85,"5658000ca9872d0011e1ba26","EC_0120.jpg"
"779",8.104166667,5.566,"5658000ca9872d0011e1ba26","EC_0135.jpg"
"780",7.020833333,7.845,"5658000ca9872d0011e1ba26","EC_0036.jpeg"
"781",9.9375,3.133,"5658000ca9872d0011e1ba26","EC_0081.jpg"
"782",8.027777778,3.345,"5658000ca9872d0011e1ba26","EC_0038.jpg"
"783",7.979166667,2.794,"5658000ca9872d0011e1ba26","EC_0207.jpg"
"784",7.055555556,4.079,"5658000ca9872d0011e1ba26","EC_0210.jpg"
"785",3.006944444,6.635,"5658000ca9872d0011e1ba26","EC_0176.jpg"
"786",7.930555556,2.942,"5658000ca9872d0011e1ba26","EC_0245.jpg"
"787",9.0625,4.091,"5658000ca9872d0011e1ba26","EC_0103.jpg"
"788",8.881944444,2.53,"5658000ca9872d0011e1ba26","EC_0057.jpeg"
"789",8.923611111,3.632,"5658000ca9872d0011e1ba26","EC_0200.png"
"790",9.916666667,3.567,"5658000ca9872d0011e1ba26","EC_0101.jpg"
"791",6.993055556,2.832,"5658000ca9872d0011e1ba26","EC_0017.jpg"
"792",8.027777778,2.924,"5658000ca9872d0011e1ba26","EC_0182.jpg"
"793",8.902777778,4.337,"5658000ca9872d0011e1ba26","EC_0158.jpg"
"794",9.020833333,2.966,"5658000ca9872d0011e1ba26","EC_0117.jpg"
"795",4.888888889,8.901,"5658000ca9872d0011e1ba26","EC_0128.jpeg"
"796",7.881944444,2.871,"5658000ca9872d0011e1ba26","EC_0069.jpg"
"797",7.923611111,23.037,"5658000ca9872d0011e1ba26","EC_0068.jpg"
"798",8.722222222,10.237,"5658000ca9872d0011e1ba26","EC_0044.jpg"
"799",9.972222222,3.698,"5658000ca9872d0011e1ba26","EC_0061.jpg"
"800",9.930555556,3.158,"5658000ca9872d0011e1ba26","EC_0106.jpg"
"801",3.930555556,6.704,"5658000ca9872d0011e1ba26","EC_0233.jpg"
"802",6.027777778,7.112,"5658000ca9872d0011e1ba26","EC_0219.jpg"
"803",7.020833333,4.758,"5658000ca9872d0011e1ba26","EC_0177.jpg"
"804",4.013888889,3.821,"5658000ca9872d0011e1ba26","EC_0116.jpg"
"805",7.965277778,3.333,"5658000ca9872d0011e1ba26","EC_0137.jpg"
"806",8.013888889,8.859,"5658000ca9872d0011e1ba26","EC_0181.jpg"
"807",8.958333333,3.525,"5658000ca9872d0011e1ba26","EC_0133.jpg"
"808",0.965277778,4.766,"5658000ca9872d0011e1ba26","EC_0124.jpeg"
"809",1.145833333,4.064,"5658000ca9872d0011e1ba26","EC_0013.jpg"
"810",9.9375,3.328,"5658000ca9872d0011e1ba26","EC_0072.jpg"
"811",6.861111111,5.103,"5658000ca9872d0011e1ba26","EC_0151.jpg"
"812",4.979166667,5.209,"5658000ca9872d0011e1ba26","EC_0042.jpg"
"813",6.923611111,5.039,"5658000ca9872d0011e1ba26","EC_0046.jpg"
"814",1.048611111,7.884,"5658000ca9872d0011e1ba26","EC_0180.jpg"
"815",1.770833333,4.646,"5658000ca9872d0011e1ba26","EC_0184.jpg"
"816",6.027777778,5.888,"5658000ca9872d0011e1ba26","EC_0242.jpg"
"817",3.034722222,5.249,"5658000ca9872d0011e1ba26","EC_0005.jpg"
"818",5.923611111,3.996,"5658000ca9872d0011e1ba26","EC_0185.jpg"
"819",2.770833333,3.837,"5658000ca9872d0011e1ba26","EC_0019.jpg"
"820",2.097222222,8.053,"5658000ca9872d0011e1ba26","EC_0006.jpg"
"821",7.972222222,3.758,"5658000ca9872d0011e1ba26","EC_0039.jpg"
"822",2.034722222,6.487,"5658000ca9872d0011e1ba26","EC_0056.jpg"
"823",8.881944444,6.037,"5658000ca9872d0011e1ba26","EC_0246.jpg"
"824",0.951388889,4.957,"5658000ca9872d0011e1ba26","EC_0244.jpg"
"825",5.916666667,4.456,"5658000ca9872d0011e1ba26","EC_0156.jpg"
"826",8.979166667,10.124,"5658000ca9872d0011e1ba26","EC_0115.jpg"
"827",1.993055556,6.175,"5658000ca9872d0011e1ba26","EC_0194.jpg"
"828",7.923611111,4.766,"5658000ca9872d0011e1ba26","EC_0209.jpg"
"829",9.888888889,3.995,"5658000ca9872d0011e1ba26","EC_0108.jpg"
"830",9.944444444,3.724,"5658000ca9872d0011e1ba26","EC_0093.jpg"
"831",4.972222222,4.803,"5658000ca9872d0011e1ba26","EC_0049.jpg"
"832",7.944444444,3.567,"5658000ca9872d0011e1ba26","EC_0229.jpg"
"833",8.097222222,5.311,"5658000ca9872d0011e1ba26","EC_0096.jpg"
"834",6.006944444,3.528,"5658000ca9872d0011e1ba26","EC_0237.jpg"
"835",9.951388889,3.436,"5658000ca9872d0011e1ba26","EC_0037.jpg"
"836",9.833333333,4.305,"5658000ca9872d0011e1ba26","EC_0031.jpg"
"837",8.868055556,4.55,"5658000ca9872d0011e1ba26","EC_0138.png"
"838",6.909722222,4.65,"5658000ca9872d0011e1ba26","EC_0050.jpg"
"839",2.972222222,3.933,"5658000ca9872d0011e1ba26","EC_0148.jpg"
"840",7.027777778,4.087,"5658000ca9872d0011e1ba26","EC_0012.jpg"
"841",6.977777778,4.6019,"58f3760092ac81000154f8af","EC_0136.jpg"
"842",7.944444444,3.2929,"58f3760092ac81000154f8af","EC_0068.jpg"
"843",0.022222222,4.3061,"58f3760092ac81000154f8af","EC_0184.jpg"
"844",6.066666667,3.1098,"58f3760092ac81000154f8af","EC_0077.jpg"
"845",3.366666667,3.3425,"58f3760092ac81000154f8af","EC_0053.jpg"
"846",5.022222222,2.889,"58f3760092ac81000154f8af","EC_0151.jpg"
"847",3.022222222,2.7232,"58f3760092ac81000154f8af","EC_0232.jpg"
"848",5.955555556,3.4586,"58f3760092ac81000154f8af","EC_0210.jpg"
"849",6.022222222,3.0077,"58f3760092ac81000154f8af","EC_0246.jpg"
"850",5,2.5569,"58f3760092ac81000154f8af","EC_0183.jpg"
"851",6.9,3.1927,"58f3760092ac81000154f8af","EC_0087.jpg"
"852",7.711111111,2.757,"58f3760092ac81000154f8af","EC_0248.jpg"
"853",0.011111111,2.9075,"58f3760092ac81000154f8af","EC_0199.jpg"
"854",2.766666667,5.6586,"58f3760092ac81000154f8af","EC_0111.jpg"
"855",3.088888889,5.8997,"58f3760092ac81000154f8af","EC_0158.jpg"
"856",5.955555556,3.2088,"58f3760092ac81000154f8af","EC_0196.jpg"
"857",7.844444444,2.825,"58f3760092ac81000154f8af","EC_0079.jpg"
"858",4.966666667,3.025,"58f3760092ac81000154f8af","EC_0230.jpg"
"859",7.711111111,3.1077,"58f3760092ac81000154f8af","EC_0224.jpg"
"860",6.055555556,29.8137,"58f3760092ac81000154f8af","EC_0050.jpg"
"861",9.555555556,2.6095,"58f3760092ac81000154f8af","EC_0157.jpg"
"862",2.922222222,3.3991,"58f3760092ac81000154f8af","EC_0148.jpg"
"863",4.144444444,3.2015,"58f3760092ac81000154f8af","EC_0012.jpg"
"864",4.966666667,2.685,"58f3760092ac81000154f8af","EC_0135.jpg"
"865",5.555555556,2.4619,"58f3760092ac81000154f8af","EC_0177.jpg"
"866",1.366666667,2.5912,"58f3760092ac81000154f8af","EC_0242.jpg"
"867",4.911111111,2.3378,"58f3760092ac81000154f8af","EC_0214.jpg"
"868",2.777777778,2.6738,"58f3760092ac81000154f8af","EC_0228.jpg"
"869",5.522222222,4.7469,"58f3760092ac81000154f8af","EC_0015.jpg"
"870",3.955555556,2.7408,"58f3760092ac81000154f8af","EC_0113.jpg"
"871",4.988888889,2.4723,"58f3760092ac81000154f8af","EC_0001.jpg"
"872",5.066666667,2.3892,"58f3760092ac81000154f8af","EC_0118.jpg"
"873",5.355555556,2.7235,"58f3760092ac81000154f8af","EC_0105.jpg"
"874",1.433333333,2.5233,"58f3760092ac81000154f8af","EC_0059.jpg"
"875",7.388888889,2.3581,"58f3760092ac81000154f8af","EC_0074.jpg"
"876",7.077777778,2.5735,"58f3760092ac81000154f8af","EC_0221.jpg"
"877",4.955555556,2.4068,"58f3760092ac81000154f8af","EC_0222.jpg"
"878",5.866666667,2.0677,"58f3760092ac81000154f8af","EC_0047.jpg"
"879",8.955555556,2.5893,"58f3760092ac81000154f8af","EC_0075.jpg"
"880",4.5,2.8072,"58f3760092ac81000154f8af","EC_0209.jpg"
"881",7.7,2.4711,"58f3760092ac81000154f8af","EC_0013.jpg"
"882",8.355555556,2.6239,"58f3760092ac81000154f8af","EC_0042.jpg"
"883",5.322222222,2.7918,"58f3760092ac81000154f8af","EC_0054.jpg"
"884",5.033333333,2.2766,"58f3760092ac81000154f8af","EC_0234.jpg"
"885",5.433333333,2.2019,"58f3760092ac81000154f8af","EC_0211.jpg"
"886",7.855555556,2.4865,"58f3760092ac81000154f8af","EC_0159.jpg"
"887",4.811111111,2.7926,"58f3760092ac81000154f8af","EC_0020.jpg"
"888",8.444444444,6.8258,"58f3760092ac81000154f8af","EC_0051.jpg"
"889",3.433333333,2.9253,"58f3760092ac81000154f8af","EC_0128.jpeg"
"890",9.6,3.3941,"58f3760092ac81000154f8af","EC_0123.jpeg"
"891",8.255555556,2.7845,"58f3760092ac81000154f8af","EC_0028.jpg"
"892",8.888888889,2.5616,"58f3760092ac81000154f8af","EC_0018.jpg"
"893",9.622222222,2.1649,"58f3760092ac81000154f8af","EC_0137.jpg"
"894",9.3,2.5073,"58f3760092ac81000154f8af","EC_0138.png"
"895",4.766666667,2.6584,"58f3760092ac81000154f8af","EC_0165.jpg"
"896",7.566666667,2.0222,"58f3760092ac81000154f8af","EC_0080.jpg"
"897",7.633333333,2.6236,"58f3760092ac81000154f8af","EC_0066.jpg"
"898",5.677777778,3.359,"58f3760092ac81000154f8af","EC_0011.jpg"
"899",5.022222222,2.9407,"58f3760092ac81000154f8af","EC_0245.jpg"
"900",7.3,2.1512,"58f3760092ac81000154f8af","EC_0237.jpg"
"901",5.422222222,2.4403,"58f3760092ac81000154f8af","EC_0236.jpg"
"902",5.188888889,2.1742,"58f3760092ac81000154f8af","EC_0213.jpg"
"903",6.511111111,2.3567,"58f3760092ac81000154f8af","EC_0239.jpg"
"904",6.588888889,2.1728,"58f3760092ac81000154f8af","EC_0119.jpg"
"905",8.666666667,2.1057,"58f3760092ac81000154f8af","EC_0037.jpg"
"906",5.577777778,2.6904,"58f3760092ac81000154f8af","EC_0106.jpg"
"907",1.877777778,3.7294,"58f3760092ac81000154f8af","EC_0241.jpg"
"908",8.533333333,2.0938,"58f3760092ac81000154f8af","EC_0057.jpeg"
"909",4.966666667,2.6238,"58f3760092ac81000154f8af","EC_0238.jpg"
"910",7.277777778,2.1388,"58f3760092ac81000154f8af","EC_0044.jpg"
"911",0.733333333,2.5246,"58f3760092ac81000154f8af","EC_0161.jpg"
"912",8.011111111,2.6232,"58f3760092ac81000154f8af","EC_0085.jpg"
"913",9.944444444,2.658,"58f3760092ac81000154f8af","EC_0058.jpg"
"914",8.933333333,2.2727,"58f3760092ac81000154f8af","EC_0029.jpg"
"915",8.022222222,2.755,"58f3760092ac81000154f8af","EC_0062.jpg"
"916",6.033333333,2.6026,"58f3760092ac81000154f8af","EC_0120.jpg"
"917",6.022222222,2.5229,"58f3760092ac81000154f8af","EC_0203.jpg"
"918",6.888888889,2.3571,"58f3760092ac81000154f8af","EC_0180.jpg"
"919",5.933333333,2.3911,"58f3760092ac81000154f8af","EC_0231.jpg"
"920",6.522222222,2.1505,"58f3760092ac81000154f8af","EC_0007.jpg"
"921",9.044444444,3.2762,"58f3760092ac81000154f8af","EC_0073.jpg"
"922",5,2.5068,"58f3760092ac81000154f8af","EC_0200.png"
"923",5,2.4231,"58f3760092ac81000154f8af","EC_0055.jpg"
"924",6.011111111,2.8262,"58f3760092ac81000154f8af","EC_0172.jpg"
"925",3.855555556,3.6051,"58f3760092ac81000154f8af","EC_0169.png"
"926",4.888888889,2.2058,"58f3760092ac81000154f8af","EC_0060.jpg"
"927",7.655555556,2.2541,"58f3760092ac81000154f8af","EC_0102.jpg"
"928",5.022222222,3.4254,"58f3760092ac81000154f8af","EC_0064.jpg"
"929",3.666666667,3.3603,"58f3760092ac81000154f8af","EC_0067.jpg"
"930",8.522222222,2.3067,"58f3760092ac81000154f8af","EC_0072.jpg"
"931",8.388888889,2.8076,"58f3760092ac81000154f8af","EC_0016.jpg"
"932",8.022222222,2.9578,"58f3760092ac81000154f8af","EC_0250.jpg"
"933",9.255555556,2.5906,"58f3760092ac81000154f8af","EC_0103.jpg"
"934",5.111111111,2.6733,"58f3760092ac81000154f8af","EC_0139.png"
"935",2.688888889,2.9252,"58f3760092ac81000154f8af","EC_0097.jpg"
"936",3.1,2.7235,"58f3760092ac81000154f8af","EC_0065.jpg"
"937",0.277777778,7.0801,"58f3760092ac81000154f8af","EC_0081.jpg"
"938",5.588888889,2.6734,"58f3760092ac81000154f8af","EC_0093.jpg"
"939",7.488888889,2.7747,"58f3760092ac81000154f8af","EC_0115.jpg"
"940",5.966666667,2.0399,"58f3760092ac81000154f8af","EC_0098.jpg"
"941",7.422222222,10.6716,"58f3760092ac81000154f8af","EC_0109.jpg"
"942",4.933333333,2.5232,"58f3760092ac81000154f8af","EC_0229.jpg"
"943",5.077777778,2.43,"58f3760092ac81000154f8af","EC_0132.jpg"
"944",5.055555556,2.2269,"58f3760092ac81000154f8af","EC_0134.jpg"
"945",2.222222222,2.116,"58f3760092ac81000154f8af","EC_0129.jpeg"
"946",3.3,2.3083,"58f3760092ac81000154f8af","EC_0089.jpg"
"947",7.688888889,2.5906,"58f3760092ac81000154f8af","EC_0235.jpg"
"948",7.255555556,2.19,"58f3760092ac81000154f8af","EC_0032.jpg"
"949",5.111111111,2.2269,"58f3760092ac81000154f8af","EC_0049.jpg"
"950",7.111111111,2.909,"58f3760092ac81000154f8af","EC_0156.jpg"
"951",1.888888889,2.808,"58f3760092ac81000154f8af","EC_0206.png"
"952",3.933333333,2.4567,"58f3760092ac81000154f8af","EC_0167.jpg"
"953",5.033333333,2.1219,"58f3760092ac81000154f8af","EC_0166.jpg"
"954",4.988888889,2.039,"58f3760092ac81000154f8af","EC_0006.jpg"
"955",0.877777778,2.7087,"58f3760092ac81000154f8af","EC_0227.jpg"
"956",4.644444444,2.8897,"58f3760092ac81000154f8af","EC_0101.jpg"
"957",1.522222222,2.8121,"58f3760092ac81000154f8af","EC_0019.jpg"
"958",6.977777778,2.7575,"58f3760092ac81000154f8af","EC_0041.jpg"
"959",6.088888889,2.5897,"58f3760092ac81000154f8af","EC_0170.jpg"
"960",9.933333333,4.0191,"58f3760092ac81000154f8af","EC_0009.jpg"
"961",5.055555556,3.1408,"58f3760092ac81000154f8af","EC_0099.jpg"
"962",0.977777778,4.7725,"58f3760092ac81000154f8af","EC_0033.jpeg"
"963",3.988888889,2.8061,"58f3760092ac81000154f8af","EC_0149.jpg"
"964",0.966666667,2.8753,"58f3760092ac81000154f8af","EC_0141.jpg"
"965",0.944444444,3.1289,"58f3760092ac81000154f8af","EC_0193.png"
"966",3.944444444,3.3707,"58f3760092ac81000154f8af","EC_0202.jpg"
"967",5.022222222,2.6738,"58f3760092ac81000154f8af","EC_0188.jpg"
"968",2.877777778,3.11,"58f3760092ac81000154f8af","EC_0125.jpeg"
"969",0,3.2763,"58f3760092ac81000154f8af","EC_0176.jpg"
"970",3.988888889,3.3258,"58f3760092ac81000154f8af","EC_0223.jpg"
"971",7.955555556,3.1567,"58f3760092ac81000154f8af","EC_0243.jpg"
"972",4.9,2.7356,"58f3760092ac81000154f8af","EC_0005.jpg"
"973",5,2.3182,"58f3760092ac81000154f8af","EC_0219.jpg"
"974",8.655555556,2.7912,"58f3760092ac81000154f8af","EC_0024.jpg"
"975",2.233333333,3.026,"58f3760092ac81000154f8af","EC_0249.jpg"
"976",9.922222222,2.4237,"58f3760092ac81000154f8af","EC_0030.jpg"
"977",3,3.2627,"58f3760092ac81000154f8af","EC_0197.jpg"
"978",3.122222222,2.5899,"58f3760092ac81000154f8af","EC_0056.jpg"
"979",4.9,2.106,"58f3760092ac81000154f8af","EC_0048.jpg"
"980",8.744444444,2.1561,"58f3760092ac81000154f8af","EC_0244.jpg"
"981",0.888888889,2.9255,"58f3760092ac81000154f8af","EC_0247.jpg"
"982",0.311111111,26.8135,"58f3760092ac81000154f8af","EC_0185.jpg"
"983",1.788888889,52.3346,"58f3760092ac81000154f8af","EC_0150.jpg"
"984",7.566666667,2.7421,"58f3760092ac81000154f8af","EC_0174.jpg"
"985",3.177777778,5.3582,"58f3760092ac81000154f8af","EC_0034.jpg"
"986",6.1,2.8916,"58f3760092ac81000154f8af","EC_0154.jpg"
"987",4.966666667,2.6182,"58f3760092ac81000154f8af","EC_0164.jpg"
"988",5.855555556,2.357,"58f3760092ac81000154f8af","EC_0207.jpg"
"989",8.711111111,2.291,"58f3760092ac81000154f8af","EC_0070.jpg"
"990",9.366666667,2.2567,"58f3760092ac81000154f8af","EC_0039.jpg"
"991",1.644444444,2.4573,"58f3760092ac81000154f8af","EC_0194.jpg"
"992",4.233333333,2.4072,"58f3760092ac81000154f8af","EC_0046.jpg"
"993",8.922222222,2.3914,"58f3760092ac81000154f8af","EC_0181.jpg"
"994",0.9,3.1096,"58f3760092ac81000154f8af","EC_0142.jpg"
"995",7.744444444,9.0471,"58f3760092ac81000154f8af","EC_0092.jpg"
"996",4.011111111,3.0256,"58f3760092ac81000154f8af","EC_0071.jpg"
"997",9.766666667,2.3733,"58f3760092ac81000154f8af","EC_0008.jpg"
"998",7.644444444,2.5553,"58f3760092ac81000154f8af","EC_0233.jpg"
"999",5.122222222,2.4727,"58f3760092ac81000154f8af","EC_0153.jpg"
"1000",9.388888889,2.6423,"58f3760092ac81000154f8af","EC_0002.jpg"
"1001",4.944444444,3.0903,"58f3760092ac81000154f8af","EC_0201.jpg"
"1002",2.733333333,2.555,"58f3760092ac81000154f8af","EC_0076.jpg"
"1003",9.466666667,2.5714,"58f3760092ac81000154f8af","EC_0205.jpg"
"1004",5.188888889,2.8403,"58f3760092ac81000154f8af","EC_0003.jpg"
"1005",4.966666667,2.4726,"58f3760092ac81000154f8af","EC_0168.jpeg"
"1006",4.966666667,2.0724,"58f3760092ac81000154f8af","EC_0017.jpg"
"1007",7.955555556,2.5751,"58f3760092ac81000154f8af","EC_0086.jpg"
"1008",4.877777778,3.6075,"58f3760092ac81000154f8af","EC_0095.jpg"
"1009",6.955555556,2.7082,"58f3760092ac81000154f8af","EC_0152.jpg"
"1010",6.188888889,2.7836,"58f3760092ac81000154f8af","EC_0010.jpg"
"1011",3.488888889,2.3457,"58f3760092ac81000154f8af","EC_0027.jpg"
"1012",2.788888889,2.4584,"58f3760092ac81000154f8af","EC_0195.jpg"
"1013",2.733333333,2.2404,"58f3760092ac81000154f8af","EC_0022.jpg"
"1014",0.433333333,2.4236,"58f3760092ac81000154f8af","EC_0124.jpeg"
"1015",9.1,2.3895,"58f3760092ac81000154f8af","EC_0083.jpg"
"1016",5.077777778,2.3597,"58f3760092ac81000154f8af","EC_0031.jpg"
"1017",2.622222222,3.7347,"58f3760092ac81000154f8af","EC_0116.jpg"
"1018",3.944444444,2.6046,"58f3760092ac81000154f8af","EC_0088.jpg"
"1019",3.033333333,4.4153,"58f3760092ac81000154f8af","EC_0173.jpg"
"1020",8.466666667,2.7067,"58f3760092ac81000154f8af","EC_0096.jpg"
"1021",4.855555556,2.3881,"58f3760092ac81000154f8af","EC_0108.jpg"
"1022",5.388888889,2.7756,"58f3760092ac81000154f8af","EC_0038.jpg"
"1023",8.233333333,2.2078,"58f3760092ac81000154f8af","EC_0160.jpg"
"1024",8.744444444,1.9554,"58f3760092ac81000154f8af","EC_0014.jpg"
"1025",3.111111111,2.1878,"58f3760092ac81000154f8af","EC_0040.jpg"
"1026",8.966666667,2.457,"58f3760092ac81000154f8af","EC_0163.jpg"
"1027",9.7,2.4739,"58f3760092ac81000154f8af","EC_0084.jpg"
"1028",1.944444444,2.3898,"58f3760092ac81000154f8af","EC_0147.png"
"1029",6.344444444,2.5734,"58f3760092ac81000154f8af","EC_0082.jpg"
"1030",0.811111111,2.3216,"58f3760092ac81000154f8af","EC_0140.jpg"
"1031",0.288888889,2.3592,"58f3760092ac81000154f8af","EC_0162.jpg"
"1032",3.144444444,2.1969,"58f3760092ac81000154f8af","EC_0240.jpg"
"1033",6.233333333,2.7837,"58f3760092ac81000154f8af","EC_0036.jpeg"
"1034",0.844444444,2.4706,"58f3760092ac81000154f8af","EC_0121.jpg"
"1035",2.466666667,2.1406,"58f3760092ac81000154f8af","EC_0187.jpeg"
"1036",4,3.392,"58f3760092ac81000154f8af","EC_0131.jpg"
"1037",7.522222222,2.2214,"58f3760092ac81000154f8af","EC_0204.jpg"
"1038",2.677777778,2.4555,"58f3760092ac81000154f8af","EC_0117.jpg"
"1039",2.577777778,2.7415,"58f3760092ac81000154f8af","EC_0198.jpg"
"1040",3.288888889,2.3612,"58f3760092ac81000154f8af","EC_0171.jpg"
"1041",4.944444444,2.1728,"58f3760092ac81000154f8af","EC_0182.jpg"
"1042",7.6,2.4069,"58f3760092ac81000154f8af","EC_0090.jpg"
"1043",2.066666667,2.4237,"58f3760092ac81000154f8af","EC_0069.jpg"
"1044",5.233333333,3.0577,"58f3760092ac81000154f8af","EC_0226.jpg"
"1045",8.333333333,2.0723,"58f3760092ac81000154f8af","EC_0061.jpg"
"1046",3.011111111,2.1882,"58f3760092ac81000154f8af","EC_0133.jpg"
"1047",2.022222222,3.2808,"58f3760092ac81000154f8af","EC_0100.jpg"
"1048",6.677777778,2.7916,"58f3760092ac81000154f8af","EC_0063.jpg"
"1049",5.488888889,2.6241,"58f3760092ac81000154f8af","EC_0094.jpg"
"1050",8.455555556,2.0293,"58f3760092ac81000154f8af","EC_0104.jpg"
"1051",0.285482306,3.1115,"5a03d20a7ecfc50001be0a7a","EC_0227.jpg"
"1052",8.530649253,3.5704,"5a03d20a7ecfc50001be0a7a","EC_0013.jpg"
"1053",0.589306773,4.4366,"5a03d20a7ecfc50001be0a7a","EC_0077.jpg"
"1054",9.861191749,3.2338,"5a03d20a7ecfc50001be0a7a","EC_0008.jpg"
"1055",6.864853417,2.6697,"5a03d20a7ecfc50001be0a7a","EC_0132.jpg"
"1056",8.247778395,5.1688,"5a03d20a7ecfc50001be0a7a","EC_0163.jpg"
"1057",8.247778395,2.5484,"5a03d20a7ecfc50001be0a7a","EC_0250.jpg"
"1058",5.576218138,3.0536,"5a03d20a7ecfc50001be0a7a","EC_0202.jpg"
"1059",7.430595133,3.185,"5a03d20a7ecfc50001be0a7a","EC_0047.jpg"
"1060",8.080150405,2.8047,"5a03d20a7ecfc50001be0a7a","EC_0109.jpg"
"1061",4.60188567,4.1256,"5a03d20a7ecfc50001be0a7a","EC_0176.jpg"
"1062",6.676272258,2.5813,"5a03d20a7ecfc50001be0a7a","EC_0221.jpg"
"1063",8.383975312,2.8312,"5a03d20a7ecfc50001be0a7a","EC_0147.png"
"1064",6.309587845,2.9552,"5a03d20a7ecfc50001be0a7a","EC_0003.jpg"
"1065",2.548450493,2.7878,"5a03d20a7ecfc50001be0a7a","EC_0054.jpg"
"1066",6.005762938,2.4843,"5a03d20a7ecfc50001be0a7a","EC_0007.jpg"
"1067",6.079100348,3.5293,"5a03d20a7ecfc50001be0a7a","EC_0125.jpeg"
"1068",2.32844002,4.0111,"5a03d20a7ecfc50001be0a7a","EC_0034.jpg"
"1069",4.444734705,2.8691,"5a03d20a7ecfc50001be0a7a","EC_0019.jpg"
"1070",0.788364516,4.6412,"5a03d20a7ecfc50001be0a7a","EC_0111.jpg"
"1071",9.924050376,3.1572,"5a03d20a7ecfc50001be0a7a","EC_0057.jpeg"
"1072",8.740183581,2.8018,"5a03d20a7ecfc50001be0a7a","EC_0200.png"
"1073",3.459924333,2.9192,"5a03d20a7ecfc50001be0a7a","EC_0239.jpg"
"1074",9.777377314,3.1096,"5a03d20a7ecfc50001be0a7a","EC_0154.jpg"
"1075",5.544788825,2.7522,"5a03d20a7ecfc50001be0a7a","EC_0059.jpg"
"1076",9.976433738,3.0807,"5a03d20a7ecfc50001be0a7a","EC_0205.jpg"
"1077",0.002611448,5.9365,"5a03d20a7ecfc50001be0a7a","EC_0184.jpg"
"1078",7.786803402,3.0328,"5a03d20a7ecfc50001be0a7a","EC_0046.jpg"
"1079",6.948666972,3.9328,"5a03d20a7ecfc50001be0a7a","EC_0015.jpg"
"1080",8.823997136,3.6892,"5a03d20a7ecfc50001be0a7a","EC_0247.jpg"
"1081",8.823997136,3.0694,"5a03d20a7ecfc50001be0a7a","EC_0237.jpg"
"1082",8.823997136,2.665,"5a03d20a7ecfc50001be0a7a","EC_0103.jpg"
"1083",7.734419161,2.6974,"5a03d20a7ecfc50001be0a7a","EC_0197.jpg"
"1084",7.734419161,2.2819,"5a03d20a7ecfc50001be0a7a","EC_0177.jpg"
"1085",7.734419161,2.364,"5a03d20a7ecfc50001be0a7a","EC_0056.jpg"
"1086",7.734419161,2.2373,"5a03d20a7ecfc50001be0a7a","EC_0234.jpg"
"1087",1.102665568,3.2699,"5a03d20a7ecfc50001be0a7a","EC_0213.jpg"
"1088",0.002611448,4.1036,"5a03d20a7ecfc50001be0a7a","EC_0133.jpg"
"1089",8.645893001,4.1541,"5a03d20a7ecfc50001be0a7a","EC_0226.jpg"
"1090",9.35830866,2.9032,"5a03d20a7ecfc50001be0a7a","EC_0061.jpg"
"1091",0.128331781,4.2536,"5a03d20a7ecfc50001be0a7a","EC_0185.jpg"
"1092",6.948666972,3.4204,"5a03d20a7ecfc50001be0a7a","EC_0108.jpg"
"1093",4.19329316,2.8003,"5a03d20a7ecfc50001be0a7a","EC_0169.png"
"1094",6.707702451,2.8646,"5a03d20a7ecfc50001be0a7a","EC_0233.jpg"
"1095",8.698276364,3.0001,"5a03d20a7ecfc50001be0a7a","EC_0064.jpg"
"1096",8.719229532,2.815,"5a03d20a7ecfc50001be0a7a","EC_0153.jpg"
"1097",9.882144038,5.2614,"5a03d20a7ecfc50001be0a7a","EC_0092.jpg"
"1098",2.841798375,2.8883,"5a03d20a7ecfc50001be0a7a","EC_0005.jpg"
"1099",9.903098087,3.3567,"5a03d20a7ecfc50001be0a7a","EC_0073.jpg"
"1100",0.002611448,3.4383,"5a03d20a7ecfc50001be0a7a","EC_0161.jpg"
"1101",6.99057331,3.8866,"5a03d20a7ecfc50001be0a7a","EC_0011.jpg"
"1102",0.075948419,2.8343,"5a03d20a7ecfc50001be0a7a","EC_0222.jpg"
"1103",0.034042081,4.7846,"5a03d20a7ecfc50001be0a7a","EC_0036.jpeg"
"1104",0.096902027,2.7269,"5a03d20a7ecfc50001be0a7a","EC_0165.jpg"
"1105",7.807756571,3.055,"5a03d20a7ecfc50001be0a7a","EC_0117.jpg"
"1106",9.33735637,3.091,"5a03d20a7ecfc50001be0a7a","EC_0022.jpg"
"1107",0.05499481,3.0242,"5a03d20a7ecfc50001be0a7a","EC_0053.jpg"
"1108",6.89628273,3.9256,"5a03d20a7ecfc50001be0a7a","EC_0196.jpg"
"1109",0.044518226,3.2255,"5a03d20a7ecfc50001be0a7a","EC_0148.jpg"
"1110",5.754322273,2.9123,"5a03d20a7ecfc50001be0a7a","EC_0142.jpg"
"1111",7.482978496,3.3543,"5a03d20a7ecfc50001be0a7a","EC_0115.jpg"
"1112",0.746457299,3.5805,"5a03d20a7ecfc50001be0a7a","EC_0206.png"
"1113",6.058147179,2.804,"5a03d20a7ecfc50001be0a7a","EC_0024.jpg"
"1114",1.238862485,3.0475,"5a03d20a7ecfc50001be0a7a","EC_0010.jpg"
"1115",5.5343118,3.0638,"5a03d20a7ecfc50001be0a7a","EC_0180.jpg"
"1116",2.737031651,2.8541,"5a03d20a7ecfc50001be0a7a","EC_0160.jpg"
"1117",2.737031651,2.3393,"5a03d20a7ecfc50001be0a7a","EC_0002.jpg"
"1118",6.749609668,3.1474,"5a03d20a7ecfc50001be0a7a","EC_0219.jpg"
"1119",6.749609668,2.0177,"5a03d20a7ecfc50001be0a7a","EC_0075.jpg"
"1120",9.9345274,3.6708,"5a03d20a7ecfc50001be0a7a","EC_0087.jpg"
"1121",7.388687916,2.7316,"5a03d20a7ecfc50001be0a7a","EC_0223.jpg"
"1122",9.159251356,3.2662,"5a03d20a7ecfc50001be0a7a","EC_0241.jpg"
"1123",7.221060806,2.6977,"5a03d20a7ecfc50001be0a7a","EC_0041.jpg"
"1124",3.920899326,2.6807,"5a03d20a7ecfc50001be0a7a","EC_0131.jpg"
"1125",5.251440942,4.6024,"5a03d20a7ecfc50001be0a7a","EC_0044.jpg"
"1126",6.141960734,2.8071,"5a03d20a7ecfc50001be0a7a","EC_0081.jpg"
"1127",0.05499481,3.3069,"5a03d20a7ecfc50001be0a7a","EC_0097.jpg"
"1128",0.285482306,3.4218,"5a03d20a7ecfc50001be0a7a","EC_0244.jpg"
"1129",0.044518226,3.249,"5a03d20a7ecfc50001be0a7a","EC_0124.jpeg"
"1130",9.965958473,3.9709,"5a03d20a7ecfc50001be0a7a","EC_0065.jpg"
"1131",9.965958473,2.3141,"5a03d20a7ecfc50001be0a7a","EC_0230.jpg"
"1132",6.749609668,3.1867,"5a03d20a7ecfc50001be0a7a","EC_0080.jpg"
"1133",7.964906657,3.6864,"5a03d20a7ecfc50001be0a7a","EC_0070.jpg"
"1134",6.466737931,2.6873,"5a03d20a7ecfc50001be0a7a","EC_0085.jpg"
"1135",4.486641043,3.2384,"5a03d20a7ecfc50001be0a7a","EC_0099.jpg"
"1136",2.276056219,3.13,"5a03d20a7ecfc50001be0a7a","EC_0060.jpg"
"1137",0.096902027,5.3861,"5a03d20a7ecfc50001be0a7a","EC_0235.jpg"
"1138",7.346781578,2.5867,"5a03d20a7ecfc50001be0a7a","EC_0224.jpg"
"1139",9.9345274,5.2149,"5a03d20a7ecfc50001be0a7a","EC_0123.jpeg"
"1140",5.984809769,3.2974,"5a03d20a7ecfc50001be0a7a","EC_0074.jpg"
"1141",9.903098087,5.1331,"5a03d20a7ecfc50001be0a7a","EC_0102.jpg"
"1142",9.986910762,3.4304,"5a03d20a7ecfc50001be0a7a","EC_0182.jpg"
"1143",6.665795234,2.867,"5a03d20a7ecfc50001be0a7a","EC_0149.jpg"
"1144",2.600833855,3.6046,"5a03d20a7ecfc50001be0a7a","EC_0193.png"
"1145",9.672609711,7.1348,"5a03d20a7ecfc50001be0a7a","EC_0096.jpg"
"1146",0.013088033,3.1662,"5a03d20a7ecfc50001be0a7a","EC_0211.jpg"
"1147",8.855427329,6.9927,"5a03d20a7ecfc50001be0a7a","EC_0084.jpg"
"1148",8.855427329,2.4804,"5a03d20a7ecfc50001be0a7a","EC_0118.jpg"
"1149",8.708754267,19.2243,"5a03d20a7ecfc50001be0a7a","EC_0139.png"
"1150",7.870616957,4.7037,"5a03d20a7ecfc50001be0a7a","EC_0042.jpg"
"1151",9.159251356,4.776,"5a03d20a7ecfc50001be0a7a","EC_0228.jpg"
"1152",0.369296301,3.5747,"5a03d20a7ecfc50001be0a7a","EC_0113.jpg"
"1153",8.876380498,4.9959,"5a03d20a7ecfc50001be0a7a","EC_0071.jpg"
"1154",5.670508718,3.2004,"5a03d20a7ecfc50001be0a7a","EC_0039.jpg"
"1155",7.367734747,2.7477,"5a03d20a7ecfc50001be0a7a","EC_0006.jpg"
"1156",5.094289977,3.6298,"5a03d20a7ecfc50001be0a7a","EC_0086.jpg"
"1157",7.954430512,3.4637,"5a03d20a7ecfc50001be0a7a","EC_0214.jpg"
"1158",8.499219939,2.5167,"5a03d20a7ecfc50001be0a7a","EC_0171.jpg"
"1159",9.232589646,10.2466,"5a03d20a7ecfc50001be0a7a","EC_0063.jpg"
"1160",6.194344097,2.6361,"5a03d20a7ecfc50001be0a7a","EC_0198.jpg"
"1161",9.536412794,2.9123,"5a03d20a7ecfc50001be0a7a","EC_0037.jpg"
"1162",9.829760676,2.8215,"5a03d20a7ecfc50001be0a7a","EC_0156.jpg"
"1163",9.924050376,2.4749,"5a03d20a7ecfc50001be0a7a","EC_0135.jpg"
"1164",9.494507335,8.3072,"5a03d20a7ecfc50001be0a7a","EC_0090.jpg"
"1165",1.301722871,3.0693,"5a03d20a7ecfc50001be0a7a","EC_0194.jpg"
"1166",9.871667014,5.7352,"5a03d20a7ecfc50001be0a7a","EC_0181.jpg"
"1167",7.985860705,3.5545,"5a03d20a7ecfc50001be0a7a","EC_0246.jpg"
"1168",7.797279547,2.4315,"5a03d20a7ecfc50001be0a7a","EC_0106.jpg"
"1169",9.903098087,5.806,"5a03d20a7ecfc50001be0a7a","EC_0062.jpg"
"1170",2.75798482,4.3688,"5a03d20a7ecfc50001be0a7a","EC_0209.jpg"
"1171",9.965958473,4.9866,"5a03d20a7ecfc50001be0a7a","EC_0249.jpg"
"1172",9.955481449,14.1707,"5a03d20a7ecfc50001be0a7a","EC_0151.jpg"
"1173",9.976433738,2.9641,"5a03d20a7ecfc50001be0a7a","EC_0104.jpg"
"1174",0.065471834,5.1566,"5a03d20a7ecfc50001be0a7a","EC_0242.jpg"
"1175",7.168677444,3.1141,"5a03d20a7ecfc50001be0a7a","EC_0066.jpg"
"1176",6.278157652,4.5044,"5a03d20a7ecfc50001be0a7a","EC_0082.jpg"
"1177",0.023565057,3.6396,"5a03d20a7ecfc50001be0a7a","EC_0195.jpg"
"1178",8.038244067,5.4613,"5a03d20a7ecfc50001be0a7a","EC_0098.jpg"
"1179",4.182817015,3.4637,"5a03d20a7ecfc50001be0a7a","EC_0018.jpg"
"1180",7.378211771,4.7958,"5a03d20a7ecfc50001be0a7a","EC_0050.jpg"
"1181",2.852275399,2.6478,"5a03d20a7ecfc50001be0a7a","EC_0001.jpg"
"1182",7.137247251,2.8305,"5a03d20a7ecfc50001be0a7a","EC_0069.jpg"
"1183",7.849662909,3.0137,"5a03d20a7ecfc50001be0a7a","EC_0248.jpg"
"1184",2.213196272,3.4213,"5a03d20a7ecfc50001be0a7a","EC_0174.jpg"
"1185",0.882654656,3.0973,"5a03d20a7ecfc50001be0a7a","EC_0150.jpg"
"1186",9.159251356,5.3423,"5a03d20a7ecfc50001be0a7a","EC_0089.jpg"
"1187",2.705601458,3.7636,"5a03d20a7ecfc50001be0a7a","EC_0183.jpg"
"1188",0.034042081,2.8501,"5a03d20a7ecfc50001be0a7a","EC_0120.jpg"
"1189",9.913575111,3.0652,"5a03d20a7ecfc50001be0a7a","EC_0017.jpg"
"1190",5.272394111,6.311,"5a03d20a7ecfc50001be0a7a","EC_0167.jpg"
"1191",1.134095761,2.8208,"5a03d20a7ecfc50001be0a7a","EC_0187.jpeg"
"1192",2.904658761,3.5991,"5a03d20a7ecfc50001be0a7a","EC_0076.jpg"
"1193",5.911473238,2.4239,"5a03d20a7ecfc50001be0a7a","EC_0172.jpg"
"1194",0.442633272,2.7168,"5a03d20a7ecfc50001be0a7a","EC_0032.jpg"
"1195",0.086425443,2.857,"5a03d20a7ecfc50001be0a7a","EC_0027.jpg"
"1196",8.970671956,3.6752,"5a03d20a7ecfc50001be0a7a","EC_0138.png"
"1197",7.032480527,3.3541,"5a03d20a7ecfc50001be0a7a","EC_0038.jpg"
"1198",7.200107637,2.7047,"5a03d20a7ecfc50001be0a7a","EC_0137.jpg"
"1199",5.775275442,3.6261,"5a03d20a7ecfc50001be0a7a","EC_0236.jpg"
"1200",2.695124434,3.3518,"5a03d20a7ecfc50001be0a7a","EC_0128.jpeg"
"1201",9.002100391,3.0957,"5a03d20a7ecfc50001be0a7a","EC_0168.jpeg"
"1202",9.986910762,2.7974,"5a03d20a7ecfc50001be0a7a","EC_0140.jpg"
"1203",8.876380498,2.8676,"5a03d20a7ecfc50001be0a7a","EC_0136.jpg"
"1204",9.8402377,4.3432,"5a03d20a7ecfc50001be0a7a","EC_0051.jpg"
"1205",5.240963918,5.7156,"5a03d20a7ecfc50001be0a7a","EC_0164.jpg"
"1206",8.656370905,4.8029,"5a03d20a7ecfc50001be0a7a","EC_0014.jpg"
"1207",1.375059842,2.6371,"5a03d20a7ecfc50001be0a7a","EC_0058.jpg"
"1208",9.002100391,4.6692,"5a03d20a7ecfc50001be0a7a","EC_0028.jpg"
"1209",5.754322273,2.4814,"5a03d20a7ecfc50001be0a7a","EC_0243.jpg"
"1210",7.105817058,2.5381,"5a03d20a7ecfc50001be0a7a","EC_0203.jpg"
"1211",3.889469133,4.7208,"5a03d20a7ecfc50001be0a7a","EC_0095.jpg"
"1212",0.170238558,3.9233,"5a03d20a7ecfc50001be0a7a","EC_0204.jpg"
"1213",7.462025327,2.6472,"5a03d20a7ecfc50001be0a7a","EC_0240.jpg"
"1214",7.472502351,2.318,"5a03d20a7ecfc50001be0a7a","EC_0020.jpg"
"1215",2.778937989,10.2986,"5a03d20a7ecfc50001be0a7a","EC_0083.jpg"
"1216",0.002611448,3.4219,"5a03d20a7ecfc50001be0a7a","EC_0129.jpeg"
"1217",3.051332702,5.1758,"5a03d20a7ecfc50001be0a7a","EC_0166.jpg"
"1218",0.044518226,4.3047,"5a03d20a7ecfc50001be0a7a","EC_0033.jpeg"
"1219",9.284973008,9.4495,"5a03d20a7ecfc50001be0a7a","EC_0141.jpg"
"1220",0.034042081,3.9487,"5a03d20a7ecfc50001be0a7a","EC_0134.jpg"
"1221",0.107378612,5.3799,"5a03d20a7ecfc50001be0a7a","EC_0232.jpg"
"1222",9.16972838,2.8709,"5a03d20a7ecfc50001be0a7a","EC_0245.jpg"
"1223",7.179154468,2.5944,"5a03d20a7ecfc50001be0a7a","EC_0173.jpg"
"1224",0.075948419,8.541,"5a03d20a7ecfc50001be0a7a","EC_0012.jpg"
"1225",0.044518226,3.3217,"5a03d20a7ecfc50001be0a7a","EC_0210.jpg"
"1226",1.91984839,2.4558,"5a03d20a7ecfc50001be0a7a","EC_0029.jpg"
"1227",5.419068052,3.3267,"5a03d20a7ecfc50001be0a7a","EC_0119.jpg"
"1228",0.075948419,3.5481,"5a03d20a7ecfc50001be0a7a","EC_0162.jpg"
"1229",6.341018038,3.0711,"5a03d20a7ecfc50001be0a7a","EC_0231.jpg"
"1230",9.924050376,3.0853,"5a03d20a7ecfc50001be0a7a","EC_0093.jpg"
"1231",9.924050376,3.2388,"5a03d20a7ecfc50001be0a7a","EC_0072.jpg"
"1232",9.955481449,2.5973,"5a03d20a7ecfc50001be0a7a","EC_0116.jpg"
"1233",7.943953488,3.1227,"5a03d20a7ecfc50001be0a7a","EC_0105.jpg"
"1234",5.073336808,3.3543,"5a03d20a7ecfc50001be0a7a","EC_0049.jpg"
"1235",9.850714725,8.4672,"5a03d20a7ecfc50001be0a7a","EC_0238.jpg"
"1236",7.755373209,2.9976,"5a03d20a7ecfc50001be0a7a","EC_0188.jpg"
"1237",9.892621063,3.0871,"5a03d20a7ecfc50001be0a7a","EC_0159.jpg"
"1238",1.207432732,3.5876,"5a03d20a7ecfc50001be0a7a","EC_0048.jpg"
"1239",9.997387787,14.0775,"5a03d20a7ecfc50001be0a7a","EC_0121.jpg"
"1240",9.976433738,4.0045,"5a03d20a7ecfc50001be0a7a","EC_0207.jpg"
"1241",9.986910762,11.0987,"5a03d20a7ecfc50001be0a7a","EC_0079.jpg"
"1242",9.982272291,7.3606,"5a03d20a7ecfc50001be0a7a","EC_0067.jpg"
"1243",0.044518226,3.5181,"5a03d20a7ecfc50001be0a7a","EC_0040.jpg"
"1244",6.246727459,4.9513,"5a03d20a7ecfc50001be0a7a","EC_0199.jpg"
"1245",9.023055318,5.5707,"5a03d20a7ecfc50001be0a7a","EC_0157.jpg"
"1246",1.375059842,2.7381,"5a03d20a7ecfc50001be0a7a","EC_0229.jpg"
"1247",5.79622949,2.7862,"5a03d20a7ecfc50001be0a7a","EC_0158.jpg"
"1248",6.13148371,3.061,"5a03d20a7ecfc50001be0a7a","EC_0101.jpg"
"1249",6.31400589,7.9166,"5a03d20a7ecfc50001be0a7a","EC_0170.jpg"
"1250",2.537974348,4.0181,"5a03d20a7ecfc50001be0a7a","EC_0152.jpg"
"1251",5.094289977,4.2385,"5a03d20a7ecfc50001be0a7a","EC_0009.jpg"
"1252",8.174440985,5.2872,"5a03d20a7ecfc50001be0a7a","EC_0201.jpg"
"1253",8.488742036,3.0979,"5a03d20a7ecfc50001be0a7a","EC_0031.jpg"
"1254",9.955481449,2.731,"5a03d20a7ecfc50001be0a7a","EC_0030.jpg"
"1255",0.034042081,4.8234,"5a03d20a7ecfc50001be0a7a","EC_0088.jpg"
"1256",9.986910762,3.6856,"5a03d20a7ecfc50001be0a7a","EC_0094.jpg"
"1257",1.217909316,2.997,"5a03d20a7ecfc50001be0a7a","EC_0100.jpg"
"1258",9.861191749,3.2899,"5a03d20a7ecfc50001be0a7a","EC_0068.jpg"
"1259",1.092188983,2.6832,"5a03d20a7ecfc50001be0a7a","EC_0055.jpg"
"1260",9.850714725,2.7474,"5a03d20a7ecfc50001be0a7a","EC_0016.jpg"
"1261",9.866595518,3.0536,"5a3bdd2c8d005a0001829f3e","EC_0203.jpg"
"1262",0.218783351,3.8072,"5a3bdd2c8d005a0001829f3e","EC_0111.jpg"
"1263",9.567769477,2.4132,"5a3bdd2c8d005a0001829f3e","EC_0135.jpg"
"1264",9.866595518,3.2334,"5a3bdd2c8d005a0001829f3e","EC_0151.jpg"
"1265",9.023479189,3.9259,"5a3bdd2c8d005a0001829f3e","EC_0137.jpg"
"1266",7.977588047,2.321,"5a3bdd2c8d005a0001829f3e","EC_0139.png"
"1267",5.117395945,2.6266,"5a3bdd2c8d005a0001829f3e","EC_0154.jpg"
"1268",7.038420491,2.6131,"5a3bdd2c8d005a0001829f3e","EC_0044.jpg"
"1269",3.110992529,3.0533,"5a3bdd2c8d005a0001829f3e","EC_0113.jpg"
"1270",6.782283885,3.1813,"5a3bdd2c8d005a0001829f3e","EC_0134.jpg"
"1271",9.951974386,7.3377,"5a3bdd2c8d005a0001829f3e","EC_0071.jpg"
"1272",8.201707577,2.2369,"5a3bdd2c8d005a0001829f3e","EC_0176.jpg"
"1273",9.962646745,3.9202,"5a3bdd2c8d005a0001829f3e","EC_0014.jpg"
"1274",9.909284952,2.8996,"5a3bdd2c8d005a0001829f3e","EC_0083.jpg"
"1275",0.058697972,2.7212,"5a3bdd2c8d005a0001829f3e","EC_0161.jpg"
"1276",7.04909285,2.9994,"5a3bdd2c8d005a0001829f3e","EC_0036.jpeg"
"1277",8.116328709,2.3136,"5a3bdd2c8d005a0001829f3e","EC_0159.jpg"
"1278",7.892209178,2.3367,"5a3bdd2c8d005a0001829f3e","EC_0024.jpg"
"1279",9.802561366,2.3269,"5a3bdd2c8d005a0001829f3e","EC_0236.jpg"
"1280",9.941302028,2.474,"5a3bdd2c8d005a0001829f3e","EC_0133.jpg"
"1281",9.951974386,3.9432,"5a3bdd2c8d005a0001829f3e","EC_0125.jpeg"
"1282",1.958377801,2.5243,"5a3bdd2c8d005a0001829f3e","EC_0109.jpg"
"1283",6.077908218,2.3048,"5a3bdd2c8d005a0001829f3e","EC_0117.jpg"
"1284",6.856990395,2.7447,"5a3bdd2c8d005a0001829f3e","EC_0053.jpg"
"1285",7.966915688,2.1881,"5a3bdd2c8d005a0001829f3e","EC_0033.jpeg"
"1286",9.909284952,2.5267,"5a3bdd2c8d005a0001829f3e","EC_0013.jpg"
"1287",9.887940235,3.3651,"5a3bdd2c8d005a0001829f3e","EC_0245.jpg"
"1288",9.951974386,2.9107,"5a3bdd2c8d005a0001829f3e","EC_0048.jpg"
"1289",7.977588047,2.5144,"5a3bdd2c8d005a0001829f3e","EC_0158.jpg"
"1290",7.977588047,2.1744,"5a3bdd2c8d005a0001829f3e","EC_0074.jpg"
"1291",0.048025614,3.7715,"5a3bdd2c8d005a0001829f3e","EC_0227.jpg"
"1292",9.919957311,2.6609,"5a3bdd2c8d005a0001829f3e","EC_0136.jpg"
"1293",9.813233725,3.0818,"5a3bdd2c8d005a0001829f3e","EC_0167.jpg"
"1294",6.878335112,2.5404,"5a3bdd2c8d005a0001829f3e","EC_0088.jpg"
"1295",9.951974386,2.8214,"5a3bdd2c8d005a0001829f3e","EC_0081.jpg"
"1296",9.887940235,3.0874,"5a3bdd2c8d005a0001829f3e","EC_0180.jpg"
"1297",9.919957311,2.6094,"5a3bdd2c8d005a0001829f3e","EC_0068.jpg"
"1298",9.983991462,3.0728,"5a3bdd2c8d005a0001829f3e","EC_0199.jpg"
"1299",9.962646745,2.2441,"5a3bdd2c8d005a0001829f3e","EC_0248.jpg"
"1300",0.005336179,2.6298,"5a3bdd2c8d005a0001829f3e","EC_0194.jpg"
"1301",9.919957311,3.0542,"5a3bdd2c8d005a0001829f3e","EC_0247.jpg"
"1302",9.930629669,4.9296,"5a3bdd2c8d005a0001829f3e","EC_0037.jpg"
"1303",5.032017076,3.4563,"5a3bdd2c8d005a0001829f3e","EC_0027.jpg"
"1304",6.782283885,2.5923,"5a3bdd2c8d005a0001829f3e","EC_0142.jpg"
"1305",9.962646745,3.4585,"5a3bdd2c8d005a0001829f3e","EC_0128.jpeg"
"1306",9.8452508,5.0295,"5a3bdd2c8d005a0001829f3e","EC_0066.jpg"
"1307",9.951974386,5.2507,"5a3bdd2c8d005a0001829f3e","EC_0209.jpg"
"1308",9.909284952,2.5543,"5a3bdd2c8d005a0001829f3e","EC_0009.jpg"
"1309",5,3.0852,"5a3bdd2c8d005a0001829f3e","EC_0005.jpg"
"1310",5.98185699,2.5208,"5a3bdd2c8d005a0001829f3e","EC_0103.jpg"
"1311",9.941302028,3.0228,"5a3bdd2c8d005a0001829f3e","EC_0148.jpg"
"1312",9.951974386,3.9703,"5a3bdd2c8d005a0001829f3e","EC_0140.jpg"
"1313",9.941302028,2.2421,"5a3bdd2c8d005a0001829f3e","EC_0102.jpg"
"1314",9.941302028,2.0465,"5a3bdd2c8d005a0001829f3e","EC_0003.jpg"
"1315",9.941302028,2.0285,"5a3bdd2c8d005a0001829f3e","EC_0188.jpg"
"1316",9.941302028,2.012,"5a3bdd2c8d005a0001829f3e","EC_0147.png"
"1317",9.023479189,2.3042,"5a3bdd2c8d005a0001829f3e","EC_0051.jpg"
"1318",9.930629669,2.6789,"5a3bdd2c8d005a0001829f3e","EC_0200.png"
"1319",6.131270011,2.5809,"5a3bdd2c8d005a0001829f3e","EC_0105.jpg"
"1320",8.607257204,2.2662,"5a3bdd2c8d005a0001829f3e","EC_0160.jpg"
"1321",9.557097118,2.3141,"5a3bdd2c8d005a0001829f3e","EC_0242.jpg"
"1322",8.71398079,2.064,"5a3bdd2c8d005a0001829f3e","EC_0132.jpg"
"1323",9.887940235,2.6206,"5a3bdd2c8d005a0001829f3e","EC_0034.jpg"
"1324",5.992529349,2.2905,"5a3bdd2c8d005a0001829f3e","EC_0115.jpg"
"1325",2.022411953,4.1646,"5a3bdd2c8d005a0001829f3e","EC_0198.jpg"
"1326",7.945570971,2.1539,"5a3bdd2c8d005a0001829f3e","EC_0016.jpg"
"1327",8.916755603,2.1405,"5a3bdd2c8d005a0001829f3e","EC_0096.jpg"
"1328",8.906083244,1.999,"5a3bdd2c8d005a0001829f3e","EC_0174.jpg"
"1329",6.237993597,2.2246,"5a3bdd2c8d005a0001829f3e","EC_0017.jpg"
"1330",9.002134472,2.3495,"5a3bdd2c8d005a0001829f3e","EC_0085.jpg"
"1331",8.340448239,2.1737,"5a3bdd2c8d005a0001829f3e","EC_0095.jpg"
"1332",10,4.1409,"5a3bdd2c8d005a0001829f3e","EC_0230.jpg"
"1333",10,3.5522,"5a3bdd2c8d005a0001829f3e","EC_0041.jpg"
"1334",6.526147279,2.948,"5a3bdd2c8d005a0001829f3e","EC_0221.jpg"
"1335",4.445037353,2.3764,"5a3bdd2c8d005a0001829f3e","EC_0202.jpg"
"1336",7.102454642,1.8432,"5a3bdd2c8d005a0001829f3e","EC_0197.jpg"
"1337",8.393810032,1.9247,"5a3bdd2c8d005a0001829f3e","EC_0163.jpg"
"1338",9.599786553,1.9295,"5a3bdd2c8d005a0001829f3e","EC_0168.jpeg"
"1339",8.169690502,4.3419,"5a3bdd2c8d005a0001829f3e","EC_0243.jpg"
"1340",9.162219851,2.298,"5a3bdd2c8d005a0001829f3e","EC_0104.jpg"
"1341",0.827107791,2.3269,"5a3bdd2c8d005a0001829f3e","EC_0169.png"
"1342",7.04909285,1.9611,"5a3bdd2c8d005a0001829f3e","EC_0086.jpg"
"1343",7.934898613,1.8874,"5a3bdd2c8d005a0001829f3e","EC_0234.jpg"
"1344",6.824973319,1.7931,"5a3bdd2c8d005a0001829f3e","EC_0063.jpg"
"1345",10,3.6245,"5a3bdd2c8d005a0001829f3e","EC_0124.jpeg"
"1346",1.029882604,3.7586,"5a3bdd2c8d005a0001829f3e","EC_0019.jpg"
"1347",9.503735326,2.3763,"5a3bdd2c8d005a0001829f3e","EC_0090.jpg"
"1348",9.215581644,2.1915,"5a3bdd2c8d005a0001829f3e","EC_0239.jpg"
"1349",8.148345784,2.2831,"5a3bdd2c8d005a0001829f3e","EC_0015.jpg"
"1350",8.25506937,2.233,"5a3bdd2c8d005a0001829f3e","EC_0064.jpg"
"1351",9.034151547,2.8496,"5a3bdd2c8d005a0001829f3e","EC_0077.jpg"
"1352",9.525080043,2.2503,"5a3bdd2c8d005a0001829f3e","EC_0039.jpg"
"1353",9.034151547,2.4652,"5a3bdd2c8d005a0001829f3e","EC_0008.jpg"
"1354",6.355389541,2.7452,"5a3bdd2c8d005a0001829f3e","EC_0054.jpg"
"1355",0,5.7072,"5a3bdd2c8d005a0001829f3e","EC_0185.jpg"
"1356",7.102454642,2.2365,"5a3bdd2c8d005a0001829f3e","EC_0012.jpg"
"1357",7.550693703,1.9967,"5a3bdd2c8d005a0001829f3e","EC_0211.jpg"
"1358",9.39701174,2.1805,"5a3bdd2c8d005a0001829f3e","EC_0010.jpg"
"1359",8.191035219,2.7636,"5a3bdd2c8d005a0001829f3e","EC_0177.jpg"
"1360",9.503735326,2.0463,"5a3bdd2c8d005a0001829f3e","EC_0046.jpg"
"1361",9.802561366,3.8752,"5a3bdd2c8d005a0001829f3e","EC_0228.jpg"
"1362",9.044823906,1.9891,"5a3bdd2c8d005a0001829f3e","EC_0050.jpg"
"1363",7.529348986,1.8727,"5a3bdd2c8d005a0001829f3e","EC_0231.jpg"
"1364",7.369263607,1.9999,"5a3bdd2c8d005a0001829f3e","EC_0092.jpg"
"1365",7.582710779,1.9445,"5a3bdd2c8d005a0001829f3e","EC_0059.jpg"
"1366",5.53361793,2.1097,"5a3bdd2c8d005a0001829f3e","EC_0069.jpg"
"1367",7.12379936,2.0966,"5a3bdd2c8d005a0001829f3e","EC_0229.jpg"
"1368",10,2.8936,"5a3bdd2c8d005a0001829f3e","EC_0156.jpg"
"1369",9.973319104,2.9662,"5a3bdd2c8d005a0001829f3e","EC_0030.jpg"
"1370",10,2.6093,"5a3bdd2c8d005a0001829f3e","EC_0042.jpg"
"1371",7.540021345,2.0535,"5a3bdd2c8d005a0001829f3e","EC_0049.jpg"
"1372",10,3.105,"5a3bdd2c8d005a0001829f3e","EC_0138.png"
"1373",10,2.7046,"5a3bdd2c8d005a0001829f3e","EC_0080.jpg"
"1374",10,2.7761,"5a3bdd2c8d005a0001829f3e","EC_0032.jpg"
"1375",8.159018143,2.0921,"5a3bdd2c8d005a0001829f3e","EC_0150.jpg"
"1376",9.226254002,2.1714,"5a3bdd2c8d005a0001829f3e","EC_0062.jpg"
"1377",6.344717182,2.2672,"5a3bdd2c8d005a0001829f3e","EC_0235.jpg"
"1378",10,3.5087,"5a3bdd2c8d005a0001829f3e","EC_0098.jpg"
"1379",10,2.5948,"5a3bdd2c8d005a0001829f3e","EC_0219.jpg"
"1380",8.062966916,2.3412,"5a3bdd2c8d005a0001829f3e","EC_0129.jpeg"
"1381",7.966915688,1.8714,"5a3bdd2c8d005a0001829f3e","EC_0233.jpg"
"1382",8.874066169,1.8327,"5a3bdd2c8d005a0001829f3e","EC_0224.jpg"
"1383",8.223052295,1.7051,"5a3bdd2c8d005a0001829f3e","EC_0120.jpg"
"1384",8.521878335,2.2716,"5a3bdd2c8d005a0001829f3e","EC_0246.jpg"
"1385",9.802561366,2.4715,"5a3bdd2c8d005a0001829f3e","EC_0244.jpg"
"1386",7.700106724,1.9228,"5a3bdd2c8d005a0001829f3e","EC_0213.jpg"
"1387",7.95624333,1.9046,"5a3bdd2c8d005a0001829f3e","EC_0028.jpg"
"1388",10,2.8111,"5a3bdd2c8d005a0001829f3e","EC_0207.jpg"
"1389",10,2.3704,"5a3bdd2c8d005a0001829f3e","EC_0079.jpg"
"1390",0,3.5659,"5a3bdd2c8d005a0001829f3e","EC_0184.jpg"
"1391",7.465314835,2.0232,"5a3bdd2c8d005a0001829f3e","EC_0152.jpg"
"1392",7.774813234,1.7575,"5a3bdd2c8d005a0001829f3e","EC_0153.jpg"
"1393",10,2.2459,"5a3bdd2c8d005a0001829f3e","EC_0205.jpg"
"1394",10,2.5545,"5a3bdd2c8d005a0001829f3e","EC_0093.jpg"
"1395",8.543223052,1.8102,"5a3bdd2c8d005a0001829f3e","EC_0123.jpeg"
"1396",6.654215582,2.5495,"5a3bdd2c8d005a0001829f3e","EC_0089.jpg"
"1397",6.718249733,2.1709,"5a3bdd2c8d005a0001829f3e","EC_0206.png"
"1398",6.173959445,2.8327,"5a3bdd2c8d005a0001829f3e","EC_0237.jpg"
"1399",9.108858058,2.3161,"5a3bdd2c8d005a0001829f3e","EC_0060.jpg"
"1400",8.436499466,2.2789,"5a3bdd2c8d005a0001829f3e","EC_0076.jpg"
"1401",7.870864461,2.1272,"5a3bdd2c8d005a0001829f3e","EC_0056.jpg"
"1402",10,2.2608,"5a3bdd2c8d005a0001829f3e","EC_0084.jpg"
"1403",10,2.2374,"5a3bdd2c8d005a0001829f3e","EC_0210.jpg"
"1404",10,2.1479,"5a3bdd2c8d005a0001829f3e","EC_0116.jpg"
"1405",10,2.2633,"5a3bdd2c8d005a0001829f3e","EC_0172.jpg"
"1406",7.721451441,1.9428,"5a3bdd2c8d005a0001829f3e","EC_0055.jpg"
"1407",7.710779082,2.2128,"5a3bdd2c8d005a0001829f3e","EC_0187.jpeg"
"1408",8.906083244,2.2958,"5a3bdd2c8d005a0001829f3e","EC_0057.jpeg"
"1409",10,2.2792,"5a3bdd2c8d005a0001829f3e","EC_0157.jpg"
"1410",7.988260406,2.0707,"5a3bdd2c8d005a0001829f3e","EC_0204.jpg"
"1411",9.076840982,2.2145,"5a3bdd2c8d005a0001829f3e","EC_0181.jpg"
"1412",7.934898613,1.9419,"5a3bdd2c8d005a0001829f3e","EC_0250.jpg"
"1413",8.340448239,1.5166,"5a3bdd2c8d005a0001829f3e","EC_0075.jpg"
"1414",6.643543223,1.8769,"5a3bdd2c8d005a0001829f3e","EC_0214.jpg"
"1415",5.747065101,1.8134,"5a3bdd2c8d005a0001829f3e","EC_0249.jpg"
"1416",6.867662753,1.9948,"5a3bdd2c8d005a0001829f3e","EC_0070.jpg"
"1417",7.518676628,1.9364,"5a3bdd2c8d005a0001829f3e","EC_0165.jpg"
"1418",8.062966916,2.1711,"5a3bdd2c8d005a0001829f3e","EC_0097.jpg"
"1419",8.799359658,2.0257,"5a3bdd2c8d005a0001829f3e","EC_0101.jpg"
"1420",10,2.6711,"5a3bdd2c8d005a0001829f3e","EC_0001.jpg"
"1421",3.110992529,2.4321,"5a3bdd2c8d005a0001829f3e","EC_0162.jpg"
"1422",5.715048026,2.1091,"5a3bdd2c8d005a0001829f3e","EC_0201.jpg"
"1423",6.44076841,1.9714,"5a3bdd2c8d005a0001829f3e","EC_0002.jpg"
"1424",10,2.3931,"5a3bdd2c8d005a0001829f3e","EC_0087.jpg"
"1425",10,2.2989,"5a3bdd2c8d005a0001829f3e","EC_0061.jpg"
"1426",8.532550694,1.9375,"5a3bdd2c8d005a0001829f3e","EC_0149.jpg"
"1427",10,2.454,"5a3bdd2c8d005a0001829f3e","EC_0020.jpg"
"1428",10,2.3961,"5a3bdd2c8d005a0001829f3e","EC_0082.jpg"
"1429",10,2.4198,"5a3bdd2c8d005a0001829f3e","EC_0193.png"
"1430",8.500533618,1.5998,"5a3bdd2c8d005a0001829f3e","EC_0022.jpg"
"1431",4.637139808,2.6584,"5a3bdd2c8d005a0001829f3e","EC_0094.jpg"
"1432",0,6.1509,"5a3bdd2c8d005a0001829f3e","EC_0226.jpg"
"1433",10,2.5959,"5a3bdd2c8d005a0001829f3e","EC_0031.jpg"
"1434",10,2.6789,"5a3bdd2c8d005a0001829f3e","EC_0141.jpg"
"1435",8.03094984,2.2577,"5a3bdd2c8d005a0001829f3e","EC_0222.jpg"
"1436",10,2.0874,"5a3bdd2c8d005a0001829f3e","EC_0047.jpg"
"1437",10,2.8038,"5a3bdd2c8d005a0001829f3e","EC_0058.jpg"
"1438",10,2.2045,"5a3bdd2c8d005a0001829f3e","EC_0100.jpg"
"1439",10,5.4605,"5a3bdd2c8d005a0001829f3e","EC_0106.jpg"
"1440",8.628601921,1.8396,"5a3bdd2c8d005a0001829f3e","EC_0240.jpg"
"1441",10,3.604,"5a3bdd2c8d005a0001829f3e","EC_0166.jpg"
"1442",10,2.3849,"5a3bdd2c8d005a0001829f3e","EC_0170.jpg"
"1443",8.874066169,1.8479,"5a3bdd2c8d005a0001829f3e","EC_0029.jpg"
"1444",10,2.3442,"5a3bdd2c8d005a0001829f3e","EC_0067.jpg"
"1445",10,2.3902,"5a3bdd2c8d005a0001829f3e","EC_0118.jpg"
"1446",7.34791889,2.2877,"5a3bdd2c8d005a0001829f3e","EC_0183.jpg"
"1447",7.529348986,2.3543,"5a3bdd2c8d005a0001829f3e","EC_0164.jpg"
"1448",10,2.2162,"5a3bdd2c8d005a0001829f3e","EC_0223.jpg"
"1449",10,2.2987,"5a3bdd2c8d005a0001829f3e","EC_0011.jpg"
"1450",5.053361793,2.2731,"5a3bdd2c8d005a0001829f3e","EC_0195.jpg"
"1451",0,2.6658,"5a3bdd2c8d005a0001829f3e","EC_0121.jpg"
"1452",10,2.6867,"5a3bdd2c8d005a0001829f3e","EC_0006.jpg"
"1453",10,2.5375,"5a3bdd2c8d005a0001829f3e","EC_0108.jpg"
"1454",10,2.42,"5a3bdd2c8d005a0001829f3e","EC_0007.jpg"
"1455",10,2.3475,"5a3bdd2c8d005a0001829f3e","EC_0173.jpg"
"1456",10,2.1764,"5a3bdd2c8d005a0001829f3e","EC_0119.jpg"
"1457",9.354322305,2.9401,"5a3bdd2c8d005a0001829f3e","EC_0073.jpg"
"1458",10,2.4101,"5a3bdd2c8d005a0001829f3e","EC_0232.jpg"
"1459",6.643543223,1.9876,"5a3bdd2c8d005a0001829f3e","EC_0131.jpg"
"1460",6.643543223,1.6366,"5a3bdd2c8d005a0001829f3e","EC_0171.jpg"
"1461",10,5.2538,"5a3bdd2c8d005a0001829f3e","EC_0072.jpg"
"1462",10,5.1165,"5a3bdd2c8d005a0001829f3e","EC_0018.jpg"
"1463",8.681963714,1.8371,"5a3bdd2c8d005a0001829f3e","EC_0182.jpg"
"1464",10,4.4249,"5a3bdd2c8d005a0001829f3e","EC_0099.jpg"
"1465",6.344717182,2.3717,"5a3bdd2c8d005a0001829f3e","EC_0196.jpg"
"1466",7.838847385,2.1067,"5a3bdd2c8d005a0001829f3e","EC_0065.jpg"
"1467",7.017075774,1.6908,"5a3bdd2c8d005a0001829f3e","EC_0238.jpg"
"1468",10,2.2315,"5a3bdd2c8d005a0001829f3e","EC_0241.jpg"
"1469",8.212379936,2.2054,"5a3bdd2c8d005a0001829f3e","EC_0038.jpg"
"1470",8.073639274,1.5998,"5a3bdd2c8d005a0001829f3e","EC_0040.jpg"
"1471",2.997900391,3.876,"5a78b8355292b800012284ca","EC_0232.jpg"
"1472",1.00625,3.7069,"5a78b8355292b800012284ca","EC_0214.jpg"
"1473",6.924414062,3.9382,"5a78b8355292b800012284ca","EC_0118.jpg"
"1474",4.044433594,4.0233,"5a78b8355292b800012284ca","EC_0086.jpg"
"1475",0.025927734,3.6877,"5a78b8355292b800012284ca","EC_0204.jpg"
"1476",0.029589844,4.2036,"5a78b8355292b800012284ca","EC_0182.jpg"
"1477",9.966064453,4.8058,"5a78b8355292b800012284ca","EC_0076.jpg"
"1478",0.024462891,4.7545,"5a78b8355292b800012284ca","EC_0049.jpg"
"1479",2.067773438,6.8188,"5a78b8355292b800012284ca","EC_0087.jpg"
"1480",0.014111328,3.3041,"5a78b8355292b800012284ca","EC_0100.jpg"
"1481",7.991601562,4.1872,"5a78b8355292b800012284ca","EC_0092.jpg"
"1482",0.044824219,3.8381,"5a78b8355292b800012284ca","EC_0161.jpg"
"1483",0.044824219,3.0391,"5a78b8355292b800012284ca","EC_0010.jpg"
"1484",0.044824219,2.4396,"5a78b8355292b800012284ca","EC_0203.jpg"
"1485",0.044824219,2.4058,"5a78b8355292b800012284ca","EC_0235.jpg"
"1486",7.051953125,4.0027,"5a78b8355292b800012284ca","EC_0098.jpg"
"1487",3.031640625,4.0404,"5a78b8355292b800012284ca","EC_0095.jpg"
"1488",9.985400391,3.2893,"5a78b8355292b800012284ca","EC_0072.jpg"
"1489",1.979882813,3.5697,"5a78b8355292b800012284ca","EC_0166.jpg"
"1490",1.990771484,4.0692,"5a78b8355292b800012284ca","EC_0016.jpg"
"1491",0.004931641,3.2215,"5a78b8355292b800012284ca","EC_0184.jpg"
"1492",1.043261719,3.2571,"5a78b8355292b800012284ca","EC_0135.jpg"
"1493",0.055029297,4.485,"5a78b8355292b800012284ca","EC_0158.jpg"
"1494",1.017089844,3.9026,"5a78b8355292b800012284ca","EC_0084.jpg"
"1495",1.017089844,2.7254,"5a78b8355292b800012284ca","EC_0172.jpg"
"1496",0.053955078,3.2224,"5a78b8355292b800012284ca","EC_0048.jpg"
"1497",0.996484375,3.0557,"5a78b8355292b800012284ca","EC_0003.jpg"
"1498",0.996484375,2.456,"5a78b8355292b800012284ca","EC_0066.jpg"
"1499",9.059960937,3.923,"5a78b8355292b800012284ca","EC_0138.png"
"1500",1.967285156,3.8732,"5a78b8355292b800012284ca","EC_0202.jpg"
"1501",5.058105469,3.3893,"5a78b8355292b800012284ca","EC_0211.jpg"
"1502",0.032763672,2.9717,"5a78b8355292b800012284ca","EC_0176.jpg"
"1503",3.049316406,3.0581,"5a78b8355292b800012284ca","EC_0246.jpg"
"1504",0.952832031,3.2213,"5a78b8355292b800012284ca","EC_0056.jpg"
"1505",6.989941406,2.8551,"5a78b8355292b800012284ca","EC_0168.jpeg"
"1506",5.121972656,4.0211,"5a78b8355292b800012284ca","EC_0167.jpg"
"1507",1.050585937,3.2077,"5a78b8355292b800012284ca","EC_0245.jpg"
"1508",1.050585937,2.4245,"5a78b8355292b800012284ca","EC_0240.jpg"
"1509",0.000878906,3.6214,"5a78b8355292b800012284ca","EC_0015.jpg"
"1510",0.000878906,2.5892,"5a78b8355292b800012284ca","EC_0149.jpg"
"1511",1.970556641,3.4209,"5a78b8355292b800012284ca","EC_0055.jpg"
"1512",0.044970703,5.9223,"5a78b8355292b800012284ca","EC_0129.jpeg"
"1513",0.044970703,2.7217,"5a78b8355292b800012284ca","EC_0213.jpg"
"1514",0.044970703,2.555,"5a78b8355292b800012284ca","EC_0028.jpg"
"1515",0.044970703,1.9553,"5a78b8355292b800012284ca","EC_0183.jpg"
"1516",0.044970703,1.8885,"5a78b8355292b800012284ca","EC_0181.jpg"
"1517",1.056103516,3.0556,"5a78b8355292b800012284ca","EC_0250.jpg"
"1518",0.020703125,2.7895,"5a78b8355292b800012284ca","EC_0227.jpg"
"1519",1.086621094,3.5574,"5a78b8355292b800012284ca","EC_0046.jpg"
"1520",0.043798828,3.373,"5a78b8355292b800012284ca","EC_0111.jpg"
"1521",9.979003906,5.2356,"5a78b8355292b800012284ca","EC_0128.jpeg"
"1522",1.039453125,3.3742,"5a78b8355292b800012284ca","EC_0231.jpg"
"1523",8.082080078,5.0885,"5a78b8355292b800012284ca","EC_0242.jpg"
"1524",4.039306641,3.2879,"5a78b8355292b800012284ca","EC_0238.jpg"
"1525",0.043945313,3.504,"5a78b8355292b800012284ca","EC_0042.jpg"
"1526",0.043945313,2.456,"5a78b8355292b800012284ca","EC_0059.jpg"
"1527",1.085253906,5.5742,"5a78b8355292b800012284ca","EC_0103.jpg"
"1528",9.999365234,4.2383,"5a78b8355292b800012284ca","EC_0073.jpg"
"1529",2.009130859,3.3892,"5a78b8355292b800012284ca","EC_0233.jpg"
"1530",2.009130859,2.5064,"5a78b8355292b800012284ca","EC_0187.jpeg"
"1531",0.975927734,3.005,"5a78b8355292b800012284ca","EC_0132.jpg"
"1532",6.019335938,6.4074,"5a78b8355292b800012284ca","EC_0065.jpg"
"1533",0.029492187,5.2053,"5a78b8355292b800012284ca","EC_0105.jpg"
"1534",0.029492187,2.5554,"5a78b8355292b800012284ca","EC_0170.jpg"
"1535",0.029492187,2.1715,"5a78b8355292b800012284ca","EC_0071.jpg"
"1536",8.005908203,3.9535,"5a78b8355292b800012284ca","EC_0194.jpg"
"1537",1.053710937,4.2744,"5a78b8355292b800012284ca","EC_0160.jpg"
"1538",1.053710937,2.3226,"5a78b8355292b800012284ca","EC_0051.jpg"
"1539",0.041601562,5.3527,"5a78b8355292b800012284ca","EC_0224.jpg"
"1540",0.044824219,3.8356,"5a78b8355292b800012284ca","EC_0101.jpg"
"1541",1.00703125,3.487,"5a78b8355292b800012284ca","EC_0163.jpg"
"1542",5.964892578,3.7341,"5a78b8355292b800012284ca","EC_0209.jpg"
"1543",9.973730469,3.6901,"5a78b8355292b800012284ca","EC_0228.jpg"
"1544",0.978857422,3.6882,"5a78b8355292b800012284ca","EC_0097.jpg"
"1545",9.959375,3.3903,"5a78b8355292b800012284ca","EC_0037.jpg"
"1546",0.047802734,3.7571,"5a78b8355292b800012284ca","EC_0244.jpg"
"1547",6.036914063,3.7733,"5a78b8355292b800012284ca","EC_0079.jpg"
"1548",8.983105469,3.8205,"5a78b8355292b800012284ca","EC_0104.jpg"
"1549",6.989306641,4.0561,"5a78b8355292b800012284ca","EC_0193.png"
"1550",6.989306641,2.2573,"5a78b8355292b800012284ca","EC_0248.jpg"
"1551",5.050292969,3.9372,"5a78b8355292b800012284ca","EC_0157.jpg"
"1552",1.967724609,3.6687,"5a78b8355292b800012284ca","EC_0002.jpg"
"1553",0.893115234,3.1217,"5a78b8355292b800012284ca","EC_0093.jpg"
"1554",0.982226562,3.1065,"5a78b8355292b800012284ca","EC_0108.jpg"
"1555",1.032958984,5.9227,"5a78b8355292b800012284ca","EC_0070.jpg"
"1556",9.950878906,4.9687,"5a78b8355292b800012284ca","EC_0081.jpg"
"1557",0.040087891,3.6194,"5a78b8355292b800012284ca","EC_0171.jpg"
"1558",0.040087891,2.1731,"5a78b8355292b800012284ca","EC_0229.jpg"
"1559",1.058935547,4.3922,"5a78b8355292b800012284ca","EC_0067.jpg"
"1560",0.055175781,4.602,"5a78b8355292b800012284ca","EC_0152.jpg"
"1561",9.93203125,3.6739,"5a78b8355292b800012284ca","EC_0074.jpg"
"1562",0.059472656,3.8565,"5a78b8355292b800012284ca","EC_0047.jpg"
"1563",6.974951172,3.1723,"5a78b8355292b800012284ca","EC_0083.jpg"
"1564",1.948095703,4.7198,"5a78b8355292b800012284ca","EC_0044.jpg"
"1565",0.962255859,3.2401,"5a78b8355292b800012284ca","EC_0031.jpg"
"1566",3.916064453,3.2391,"5a78b8355292b800012284ca","EC_0188.jpg"
"1567",0.045458984,3.6546,"5a78b8355292b800012284ca","EC_0089.jpg"
"1568",9.949023437,3.3241,"5a78b8355292b800012284ca","EC_0077.jpg"
"1569",1.046337891,3.3905,"5a78b8355292b800012284ca","EC_0119.jpg"
"1570",0.035644531,3.1551,"5a78b8355292b800012284ca","EC_0139.png"
"1571",0.040625,2.9418,"5a78b8355292b800012284ca","EC_0007.jpg"
"1572",8.020068359,3.5577,"5a78b8355292b800012284ca","EC_0013.jpg"
"1573",1.084082031,3.2079,"5a78b8355292b800012284ca","EC_0054.jpg"
"1574",1.020214844,3.705,"5a78b8355292b800012284ca","EC_0131.jpg"
"1575",5.0390625,3.238,"5a78b8355292b800012284ca","EC_0030.jpg"
"1576",1.033105469,3.6732,"5a78b8355292b800012284ca","EC_0038.jpg"
"1577",1.030419922,3.0044,"5a78b8355292b800012284ca","EC_0239.jpg"
"1578",0.058740234,3.0893,"5a78b8355292b800012284ca","EC_0195.jpg"
"1579",0.058740234,2.8221,"5a78b8355292b800012284ca","EC_0164.jpg"
"1580",0.058740234,3.0735,"5a78b8355292b800012284ca","EC_0125.jpeg"
"1581",4.995849609,4.4407,"5a78b8355292b800012284ca","EC_0034.jpg"
"1582",0.03828125,4.3046,"5a78b8355292b800012284ca","EC_0249.jpg"
"1583",1.026220703,2.8217,"5a78b8355292b800012284ca","EC_0001.jpg"
"1584",1.026220703,2.5051,"5a78b8355292b800012284ca","EC_0106.jpg"
"1585",0.073388672,3.0882,"5a78b8355292b800012284ca","EC_0169.png"
"1586",0.999267578,3.6742,"5a78b8355292b800012284ca","EC_0032.jpg"
"1587",0.999267578,2.1065,"5a78b8355292b800012284ca","EC_0050.jpg"
"1588",8.969921875,3.1742,"5a78b8355292b800012284ca","EC_0014.jpg"
"1589",1.963525391,4.9033,"5a78b8355292b800012284ca","EC_0133.jpg"
"1590",1.994726562,3.4389,"5a78b8355292b800012284ca","EC_0062.jpg"
"1591",1.040429688,3.5889,"5a78b8355292b800012284ca","EC_0196.jpg"
"1592",0.080957031,3.0921,"5a78b8355292b800012284ca","EC_0243.jpg"
"1593",1.943945312,5.6207,"5a78b8355292b800012284ca","EC_0011.jpg"
"1594",0.046289063,3.357,"5a78b8355292b800012284ca","EC_0099.jpg"
"1595",0.046289063,2.7883,"5a78b8355292b800012284ca","EC_0090.jpg"
"1596",0.046289063,2.0734,"5a78b8355292b800012284ca","EC_0005.jpg"
"1597",5.026464844,3.4093,"5a78b8355292b800012284ca","EC_0094.jpg"
"1598",0.968457031,3.6908,"5a78b8355292b800012284ca","EC_0024.jpg"
"1599",9.949267578,4.7036,"5a78b8355292b800012284ca","EC_0041.jpg"
"1600",9.949267578,2.5215,"5a78b8355292b800012284ca","EC_0219.jpg"
"1601",6.066455078,3.1392,"5a78b8355292b800012284ca","EC_0180.jpg"
"1602",1.043798828,4.2877,"5a78b8355292b800012284ca","EC_0174.jpg"
"1603",1.042089844,5.3009,"5a78b8355292b800012284ca","EC_0199.jpg"
"1604",1.042089844,2.7537,"5a78b8355292b800012284ca","EC_0102.jpg"
"1605",0.091943359,2.8893,"5a78b8355292b800012284ca","EC_0154.jpg"
"1606",9.970898438,3.272,"5a78b8355292b800012284ca","EC_0057.jpeg"
"1607",0.039990234,3.4714,"5a78b8355292b800012284ca","EC_0148.jpg"
"1608",0.039990234,2.121,"5a78b8355292b800012284ca","EC_0237.jpg"
"1609",0.039990234,2.1545,"5a78b8355292b800012284ca","EC_0201.jpg"
"1610",1.024853516,4.3388,"5a78b8355292b800012284ca","EC_0134.jpg"
"1611",0.011279297,3.4212,"5a78b8355292b800012284ca","EC_0075.jpg"
"1612",2.998291016,4.2713,"5a78b8355292b800012284ca","EC_0124.jpeg"
"1613",1.024853516,3.5434,"5a78b8355292b800012284ca","EC_0200.png"
"1614",0.029052734,3.4047,"5a78b8355292b800012284ca","EC_0230.jpg"
"1615",2.999169922,3.3061,"5a78b8355292b800012284ca","EC_0177.jpg"
"1616",1.029833984,3.0394,"5a78b8355292b800012284ca","EC_0069.jpg"
"1617",1.008203125,3.5372,"5a78b8355292b800012284ca","EC_0018.jpg"
"1618",0.951513672,3.8535,"5a78b8355292b800012284ca","EC_0140.jpg"
"1619",0.951513672,2.8211,"5a78b8355292b800012284ca","EC_0058.jpg"
"1620",0.951513672,2.5551,"5a78b8355292b800012284ca","EC_0116.jpg"
"1621",1.032373047,2.9925,"5a78b8355292b800012284ca","EC_0241.jpg"
"1622",0.004931641,2.9543,"5a78b8355292b800012284ca","EC_0151.jpg"
"1623",2.029101562,3.4382,"5a78b8355292b800012284ca","EC_0088.jpg"
"1624",0.062109375,3.0729,"5a78b8355292b800012284ca","EC_0165.jpg"
"1625",3.021630859,3.1221,"5a78b8355292b800012284ca","EC_0017.jpg"
"1626",0.022021484,3.5907,"5a78b8355292b800012284ca","EC_0123.jpeg"
"1627",0.062451172,2.5534,"5a78b8355292b800012284ca","EC_0226.jpg"
"1628",0.062451172,2.9234,"5a78b8355292b800012284ca","EC_0137.jpg"
"1629",0.062451172,2.2384,"5a78b8355292b800012284ca","EC_0185.jpg"
"1630",0.062451172,1.8393,"5a78b8355292b800012284ca","EC_0153.jpg"
"1631",0.062451172,1.9225,"5a78b8355292b800012284ca","EC_0039.jpg"
"1632",4.999462891,5.1573,"5a78b8355292b800012284ca","EC_0113.jpg"
"1633",0.063525391,3.8533,"5a78b8355292b800012284ca","EC_0040.jpg"
"1634",2.030517578,3.9214,"5a78b8355292b800012284ca","EC_0109.jpg"
"1635",0.045068359,3.656,"5a78b8355292b800012284ca","EC_0150.jpg"
"1636",0.993945312,3.0076,"5a78b8355292b800012284ca","EC_0197.jpg"
"1637",0.070800781,3.3726,"5a78b8355292b800012284ca","EC_0019.jpg"
"1638",1.965087891,3.5718,"5a78b8355292b800012284ca","EC_0012.jpg"
"1639",0.065185547,3.2049,"5a78b8355292b800012284ca","EC_0141.jpg"
"1640",0.071435547,2.4893,"5a78b8355292b800012284ca","EC_0033.jpeg"
"1641",0.014550781,3.326,"5a78b8355292b800012284ca","EC_0162.jpg"
"1642",0.014550781,2.3217,"5a78b8355292b800012284ca","EC_0147.png"
"1643",2.986523437,3.74,"5a78b8355292b800012284ca","EC_0159.jpg"
"1644",6.980810547,3.4711,"5a78b8355292b800012284ca","EC_0082.jpg"
"1645",0.049511719,3.3238,"5a78b8355292b800012284ca","EC_0222.jpg"
"1646",1.023828125,3.1884,"5a78b8355292b800012284ca","EC_0068.jpg"
"1647",0.024169922,3.4067,"5a78b8355292b800012284ca","EC_0198.jpg"
"1648",0.003564453,3.8544,"5a78b8355292b800012284ca","EC_0173.jpg"
"1649",2.029296875,3.5401,"5a78b8355292b800012284ca","EC_0205.jpg"
"1650",0.059033203,3.5222,"5a78b8355292b800012284ca","EC_0009.jpg"
"1651",0.059033203,2.3078,"5a78b8355292b800012284ca","EC_0061.jpg"
"1652",1.010546875,3.2699,"5a78b8355292b800012284ca","EC_0053.jpg"
"1653",0.024316406,2.9233,"5a78b8355292b800012284ca","EC_0029.jpg"
"1654",2.04453125,3.9672,"5a78b8355292b800012284ca","EC_0206.png"
"1655",0.018359375,3.4174,"5a78b8355292b800012284ca","EC_0036.jpeg"
"1656",6.016552734,3.803,"5a78b8355292b800012284ca","EC_0008.jpg"
"1657",0.084130859,4.19,"5a78b8355292b800012284ca","EC_0060.jpg"
"1658",0.002001953,2.8244,"5a78b8355292b800012284ca","EC_0115.jpg"
"1659",0.002001953,2.5378,"5a78b8355292b800012284ca","EC_0064.jpg"
"1660",2.988964844,4.6046,"5a78b8355292b800012284ca","EC_0117.jpg"
"1661",0.943945313,4.3724,"5a78b8355292b800012284ca","EC_0247.jpg"
"1662",9.995214844,5.1057,"5a78b8355292b800012284ca","EC_0136.jpg"
"1663",0.046582031,3.5371,"5a78b8355292b800012284ca","EC_0236.jpg"
"1664",7.008105469,4.7376,"5a78b8355292b800012284ca","EC_0080.jpg"
"1665",0.045507813,3.8727,"5a78b8355292b800012284ca","EC_0210.jpg"
"1666",4.030224609,3.7241,"5a78b8355292b800012284ca","EC_0027.jpg"
"1667",4.030224609,2.7572,"5a78b8355292b800012284ca","EC_0063.jpg"
"1668",0.981835938,3.0226,"5a78b8355292b800012284ca","EC_0120.jpg"
"1669",0.03125,3.2214,"5a78b8355292b800012284ca","EC_0223.jpg"
"1670",0.03125,2.3061,"5a78b8355292b800012284ca","EC_0234.jpg"
"1671",0.0140625,3.5595,"5a78b8355292b800012284ca","EC_0121.jpg"
"1672",0.020214844,2.3556,"5a78b8355292b800012284ca","EC_0085.jpg"
"1673",1.019335937,3.306,"5a78b8355292b800012284ca","EC_0020.jpg"
"1674",9.986181641,3.3571,"5a78b8355292b800012284ca","EC_0207.jpg"
"1675",0.993212891,3.6573,"5a78b8355292b800012284ca","EC_0221.jpg"
"1676",5.913037109,3.0385,"5a78b8355292b800012284ca","EC_0156.jpg"
"1677",0.980859375,3.0226,"5a78b8355292b800012284ca","EC_0022.jpg"
"1678",3.982568359,3.4543,"5a78b8355292b800012284ca","EC_0096.jpg"
"1679",1.96796875,3.6542,"5a78b8355292b800012284ca","EC_0006.jpg"
"1680",0.012109375,3.275,"5a78b8355292b800012284ca","EC_0142.jpg"
"1681",1.981481481,3.0495,"5aadbe52811b2000016f7633","EC_0121.jpg"
"1682",6,2.9969,"5aadbe52811b2000016f7633","EC_0180.jpg"
"1683",4.962962963,2.4904,"5aadbe52811b2000016f7633","EC_0101.jpg"
"1684",5.027777778,3.0392,"5aadbe52811b2000016f7633","EC_0020.jpg"
"1685",4.027777778,2.8747,"5aadbe52811b2000016f7633","EC_0148.jpg"
"1686",6.981481481,11.0966,"5aadbe52811b2000016f7633","EC_0100.jpg"
"1687",4.435185185,3.0627,"5aadbe52811b2000016f7633","EC_0141.jpg"
"1688",5.009259259,2.4049,"5aadbe52811b2000016f7633","EC_0236.jpg"
"1689",5,3.0114,"5aadbe52811b2000016f7633","EC_0164.jpg"
"1690",4.972222222,4.0653,"5aadbe52811b2000016f7633","EC_0036.jpeg"
"1691",4.601851852,7.1474,"5aadbe52811b2000016f7633","EC_0031.jpg"
"1692",6.009259259,3.5567,"5aadbe52811b2000016f7633","EC_0103.jpg"
"1693",3.944444444,2.6847,"5aadbe52811b2000016f7633","EC_0165.jpg"
"1694",5.027777778,2.3855,"5aadbe52811b2000016f7633","EC_0034.jpg"
"1695",5.592592593,3.1586,"5aadbe52811b2000016f7633","EC_0003.jpg"
"1696",7.009259259,2.5754,"5aadbe52811b2000016f7633","EC_0211.jpg"
"1697",6.972222222,2.767,"5aadbe52811b2000016f7633","EC_0108.jpg"
"1698",5.009259259,2.5228,"5aadbe52811b2000016f7633","EC_0073.jpg"
"1699",5.972222222,2.4187,"5aadbe52811b2000016f7633","EC_0171.jpg"
"1700",5.981481481,3.5542,"5aadbe52811b2000016f7633","EC_0183.jpg"
"1701",7.5,6.118,"5aadbe52811b2000016f7633","EC_0008.jpg"
"1702",5.018518519,3.2366,"5aadbe52811b2000016f7633","EC_0242.jpg"
"1703",6.953703704,5.9854,"5aadbe52811b2000016f7633","EC_0157.jpg"
"1704",3.981481481,2.8263,"5aadbe52811b2000016f7633","EC_0194.jpg"
"1705",4.018518519,3.8917,"5aadbe52811b2000016f7633","EC_0109.jpg"
"1706",6.009259259,5.3161,"5aadbe52811b2000016f7633","EC_0083.jpg"
"1707",6.518518519,3.123,"5aadbe52811b2000016f7633","EC_0246.jpg"
"1708",6.009259259,4.4224,"5aadbe52811b2000016f7633","EC_0080.jpg"
"1709",6,3.0077,"5aadbe52811b2000016f7633","EC_0201.jpg"
"1710",6.972222222,103.1417,"5aadbe52811b2000016f7633","EC_0012.jpg"
"1711",6.046296296,3.2852,"5aadbe52811b2000016f7633","EC_0207.jpg"
"1712",5.027777778,2.4559,"5aadbe52811b2000016f7633","EC_0147.png"
"1713",3.018518519,3.2565,"5aadbe52811b2000016f7633","EC_0229.jpg"
"1714",3.009259259,2.5121,"5aadbe52811b2000016f7633","EC_0010.jpg"
"1715",6.527777778,2.6327,"5aadbe52811b2000016f7633","EC_0093.jpg"
"1716",4.490740741,2.7621,"5aadbe52811b2000016f7633","EC_0113.jpg"
"1717",5.435185185,2.4888,"5aadbe52811b2000016f7633","EC_0115.jpg"
"1718",6.009259259,2.592,"5aadbe52811b2000016f7633","EC_0056.jpg"
"1719",5.037037037,2.3409,"5aadbe52811b2000016f7633","EC_0094.jpg"
"1720",7.046296296,2.5559,"5aadbe52811b2000016f7633","EC_0117.jpg"
"1721",5.944444444,2.3435,"5aadbe52811b2000016f7633","EC_0096.jpg"
"1722",5.990740741,2.5941,"5aadbe52811b2000016f7633","EC_0184.jpg"
"1723",6.518518519,3.2338,"5aadbe52811b2000016f7633","EC_0135.jpg"
"1724",6.435185185,3.2392,"5aadbe52811b2000016f7633","EC_0044.jpg"
"1725",5.018518519,3.7358,"5aadbe52811b2000016f7633","EC_0038.jpg"
"1726",5.5,2.7016,"5aadbe52811b2000016f7633","EC_0244.jpg"
"1727",5.990740741,2.7284,"5aadbe52811b2000016f7633","EC_0016.jpg"
"1728",6.444444444,2.1566,"5aadbe52811b2000016f7633","EC_0193.png"
"1729",7.046296296,2.1727,"5aadbe52811b2000016f7633","EC_0203.jpg"
"1730",6.472222222,2.2757,"5aadbe52811b2000016f7633","EC_0014.jpg"
"1731",7.009259259,2.2617,"5aadbe52811b2000016f7633","EC_0134.jpg"
"1732",6.018518519,2.1786,"5aadbe52811b2000016f7633","EC_0069.jpg"
"1733",7,2.4665,"5aadbe52811b2000016f7633","EC_0011.jpg"
"1734",6.972222222,2.1906,"5aadbe52811b2000016f7633","EC_0245.jpg"
"1735",4.990740741,2.828,"5aadbe52811b2000016f7633","EC_0097.jpg"
"1736",6.962962963,2.6163,"5aadbe52811b2000016f7633","EC_0077.jpg"
"1737",5.990740741,2.1965,"5aadbe52811b2000016f7633","EC_0168.jpeg"
"1738",6.027777778,2.5013,"5aadbe52811b2000016f7633","EC_0090.jpg"
"1739",5.509259259,2.0343,"5aadbe52811b2000016f7633","EC_0046.jpg"
"1740",5.018518519,2.3685,"5aadbe52811b2000016f7633","EC_0149.jpg"
"1741",3.037037037,3.6324,"5aadbe52811b2000016f7633","EC_0037.jpg"
"1742",3.953703704,2.3783,"5aadbe52811b2000016f7633","EC_0241.jpg"
"1743",3,2.8247,"5aadbe52811b2000016f7633","EC_0206.png"
"1744",4.027777778,2.5959,"5aadbe52811b2000016f7633","EC_0239.jpg"
"1745",4.509259259,2.4395,"5aadbe52811b2000016f7633","EC_0248.jpg"
"1746",6.527777778,2.7903,"5aadbe52811b2000016f7633","EC_0076.jpg"
"1747",4.527777778,2.7954,"5aadbe52811b2000016f7633","EC_0067.jpg"
"1748",6.027777778,2.7068,"5aadbe52811b2000016f7633","EC_0013.jpg"
"1749",6.027777778,1.9773,"5aadbe52811b2000016f7633","EC_0188.jpg"
"1750",5.074074074,2.3417,"5aadbe52811b2000016f7633","EC_0142.jpg"
"1751",4.990740741,2.1213,"5aadbe52811b2000016f7633","EC_0181.jpg"
"1752",4.555555556,2.3467,"5aadbe52811b2000016f7633","EC_0214.jpg"
"1753",5.518518519,2.1766,"5aadbe52811b2000016f7633","EC_0197.jpg"
"1754",5.018518519,2.3178,"5aadbe52811b2000016f7633","EC_0158.jpg"
"1755",6.962962963,2.0742,"5aadbe52811b2000016f7633","EC_0085.jpg"
"1756",6.472222222,2.3429,"5aadbe52811b2000016f7633","EC_0230.jpg"
"1757",5.037037037,2.3343,"5aadbe52811b2000016f7633","EC_0015.jpg"
"1758",4.009259259,2.3015,"5aadbe52811b2000016f7633","EC_0196.jpg"
"1759",3.268518519,3.2407,"5aadbe52811b2000016f7633","EC_0222.jpg"
"1760",5.592592593,3.1165,"5aadbe52811b2000016f7633","EC_0163.jpg"
"1761",4.537037037,2.2278,"5aadbe52811b2000016f7633","EC_0221.jpg"
"1762",6.953703704,3.0905,"5aadbe52811b2000016f7633","EC_0160.jpg"
"1763",6.027777778,2.0339,"5aadbe52811b2000016f7633","EC_0223.jpg"
"1764",5.037037037,2.7108,"5aadbe52811b2000016f7633","EC_0150.jpg"
"1765",6.490740741,2.486,"5aadbe52811b2000016f7633","EC_0061.jpg"
"1766",7,2.2695,"5aadbe52811b2000016f7633","EC_0116.jpg"
"1767",3.555555556,3.1704,"5aadbe52811b2000016f7633","EC_0019.jpg"
"1768",5.027777778,2.7863,"5aadbe52811b2000016f7633","EC_0001.jpg"
"1769",5.990740741,2.119,"5aadbe52811b2000016f7633","EC_0087.jpg"
"1770",4.481481481,2.6694,"5aadbe52811b2000016f7633","EC_0128.jpeg"
"1771",4.962962963,2.9743,"5aadbe52811b2000016f7633","EC_0169.png"
"1772",6,2.1189,"5aadbe52811b2000016f7633","EC_0053.jpg"
"1773",7.009259259,2.52,"5aadbe52811b2000016f7633","EC_0059.jpg"
"1774",6.037037037,2.7278,"5aadbe52811b2000016f7633","EC_0247.jpg"
"1775",7.537037037,3.4202,"5aadbe52811b2000016f7633","EC_0202.jpg"
"1776",3.018518519,2.8707,"5aadbe52811b2000016f7633","EC_0162.jpg"
"1777",5.972222222,2.9279,"5aadbe52811b2000016f7633","EC_0074.jpg"
"1778",5.046296296,2.2189,"5aadbe52811b2000016f7633","EC_0050.jpg"
"1779",6.009259259,2.4689,"5aadbe52811b2000016f7633","EC_0065.jpg"
"1780",6.018518519,2.5851,"5aadbe52811b2000016f7633","EC_0224.jpg"
"1781",6.027777778,6.1384,"5aadbe52811b2000016f7633","EC_0092.jpg"
"1782",6.009259259,7.349,"5aadbe52811b2000016f7633","EC_0167.jpg"
"1783",6.037037037,2.5401,"5aadbe52811b2000016f7633","EC_0120.jpg"
"1784",6.509259259,3.3495,"5aadbe52811b2000016f7633","EC_0198.jpg"
"1785",4.962962963,2.1388,"5aadbe52811b2000016f7633","EC_0119.jpg"
"1786",5.518518519,2.1496,"5aadbe52811b2000016f7633","EC_0173.jpg"
"1787",6.009259259,2.028,"5aadbe52811b2000016f7633","EC_0055.jpg"
"1788",5.574074074,2.2415,"5aadbe52811b2000016f7633","EC_0062.jpg"
"1789",5.981481481,2.3121,"5aadbe52811b2000016f7633","EC_0063.jpg"
"1790",5.990740741,2.0619,"5aadbe52811b2000016f7633","EC_0209.jpg"
"1791",6.509259259,2.4486,"5aadbe52811b2000016f7633","EC_0006.jpg"
"1792",4.611111111,2.3121,"5aadbe52811b2000016f7633","EC_0027.jpg"
"1793",3.731481481,2.6253,"5aadbe52811b2000016f7633","EC_0235.jpg"
"1794",4.37037037,2.1784,"5aadbe52811b2000016f7633","EC_0102.jpg"
"1795",5.407407407,2.8065,"5aadbe52811b2000016f7633","EC_0106.jpg"
"1796",4.638888889,2.6053,"5aadbe52811b2000016f7633","EC_0041.jpg"
"1797",4.972222222,2.0143,"5aadbe52811b2000016f7633","EC_0022.jpg"
"1798",4.537037037,2.6515,"5aadbe52811b2000016f7633","EC_0204.jpg"
"1799",4.962962963,2.129,"5aadbe52811b2000016f7633","EC_0172.jpg"
"1800",4.074074074,2.4897,"5aadbe52811b2000016f7633","EC_0238.jpg"
"1801",3.740740741,4.0404,"5aadbe52811b2000016f7633","EC_0088.jpg"
"1802",5.407407407,2.1773,"5aadbe52811b2000016f7633","EC_0166.jpg"
"1803",8.046296296,3.1401,"5aadbe52811b2000016f7633","EC_0002.jpg"
"1804",6.490740741,2.362,"5aadbe52811b2000016f7633","EC_0040.jpg"
"1805",5.546296296,2.207,"5aadbe52811b2000016f7633","EC_0234.jpg"
"1806",5.981481481,2.1391,"5aadbe52811b2000016f7633","EC_0079.jpg"
"1807",4.546296296,2.7816,"5aadbe52811b2000016f7633","EC_0131.jpg"
"1808",3.481481481,2.6055,"5aadbe52811b2000016f7633","EC_0240.jpg"
"1809",7.398148148,2.6642,"5aadbe52811b2000016f7633","EC_0070.jpg"
"1810",5.972222222,2.1884,"5aadbe52811b2000016f7633","EC_0018.jpg"
"1811",6.064814815,2.2176,"5aadbe52811b2000016f7633","EC_0250.jpg"
"1812",5.537037037,2.5913,"5aadbe52811b2000016f7633","EC_0205.jpg"
"1813",6.425925926,2.2821,"5aadbe52811b2000016f7633","EC_0104.jpg"
"1814",5.046296296,2.7695,"5aadbe52811b2000016f7633","EC_0152.jpg"
"1815",6.37037037,2.2288,"5aadbe52811b2000016f7633","EC_0098.jpg"
"1816",6.027777778,1.9883,"5aadbe52811b2000016f7633","EC_0048.jpg"
"1817",5.046296296,2.3433,"5aadbe52811b2000016f7633","EC_0213.jpg"
"1818",3.046296296,2.6081,"5aadbe52811b2000016f7633","EC_0226.jpg"
"1819",5.064814815,4.2913,"5aadbe52811b2000016f7633","EC_0129.jpeg"
"1820",6,2.6106,"5aadbe52811b2000016f7633","EC_0084.jpg"
"1821",5.648148148,2.0588,"5aadbe52811b2000016f7633","EC_0153.jpg"
"1822",5.5,2.2259,"5aadbe52811b2000016f7633","EC_0187.jpeg"
"1823",5.037037037,2.9569,"5aadbe52811b2000016f7633","EC_0071.jpg"
"1824",6.037037037,2.2927,"5aadbe52811b2000016f7633","EC_0066.jpg"
"1825",5.925925926,2.0893,"5aadbe52811b2000016f7633","EC_0243.jpg"
"1826",5.407407407,2.043,"5aadbe52811b2000016f7633","EC_0249.jpg"
"1827",4.453703704,2.5989,"5aadbe52811b2000016f7633","EC_0081.jpg"
"1828",4.166666667,2.3386,"5aadbe52811b2000016f7633","EC_0232.jpg"
"1829",4.435185185,2.7746,"5aadbe52811b2000016f7633","EC_0105.jpg"
"1830",7.509259259,2.6263,"5aadbe52811b2000016f7633","EC_0159.jpg"
"1831",6.027777778,4.4914,"5aadbe52811b2000016f7633","EC_0029.jpg"
"1832",7.990740741,2.518,"5aadbe52811b2000016f7633","EC_0185.jpg"
"1833",6.009259259,2.4682,"5aadbe52811b2000016f7633","EC_0049.jpg"
"1834",5.027777778,2.378,"5aadbe52811b2000016f7633","EC_0219.jpg"
"1835",5.027777778,2.2444,"5aadbe52811b2000016f7633","EC_0195.jpg"
"1836",5.62037037,2.2017,"5aadbe52811b2000016f7633","EC_0200.png"
"1837",5.981481481,2.7227,"5aadbe52811b2000016f7633","EC_0072.jpg"
"1838",5.972222222,2.2724,"5aadbe52811b2000016f7633","EC_0177.jpg"
"1839",3.518518519,2.2983,"5aadbe52811b2000016f7633","EC_0227.jpg"
"1840",5.009259259,2.0559,"5aadbe52811b2000016f7633","EC_0174.jpg"
"1841",6.018518519,2.3643,"5aadbe52811b2000016f7633","EC_0051.jpg"
"1842",4.685185185,2.7696,"5aadbe52811b2000016f7633","EC_0170.jpg"
"1843",4.324074074,2.7111,"5aadbe52811b2000016f7633","EC_0039.jpg"
"1844",5.990740741,2.2898,"5aadbe52811b2000016f7633","EC_0086.jpg"
"1845",6.018518519,2.0052,"5aadbe52811b2000016f7633","EC_0009.jpg"
"1846",2.064814815,4.6246,"5aadbe52811b2000016f7633","EC_0033.jpeg"
"1847",4,2.0716,"5aadbe52811b2000016f7633","EC_0060.jpg"
"1848",5.611111111,2.9225,"5aadbe52811b2000016f7633","EC_0099.jpg"
"1849",5.962962963,2.5625,"5aadbe52811b2000016f7633","EC_0054.jpg"
"1850",6.518518519,2.1653,"5aadbe52811b2000016f7633","EC_0118.jpg"
"1851",1.407407407,2.6123,"5aadbe52811b2000016f7633","EC_0058.jpg"
"1852",5.527777778,2.3298,"5aadbe52811b2000016f7633","EC_0032.jpg"
"1853",6.064814815,2.1853,"5aadbe52811b2000016f7633","EC_0151.jpg"
"1854",2.916666667,2.0731,"5aadbe52811b2000016f7633","EC_0182.jpg"
"1855",6.481481481,2.375,"5aadbe52811b2000016f7633","EC_0176.jpg"
"1856",6.601851852,2.4016,"5aadbe52811b2000016f7633","EC_0007.jpg"
"1857",7.62962963,2.3058,"5aadbe52811b2000016f7633","EC_0030.jpg"
"1858",6.546296296,2.1818,"5aadbe52811b2000016f7633","EC_0237.jpg"
"1859",6.009259259,1.98,"5aadbe52811b2000016f7633","EC_0139.png"
"1860",4.898148148,2.3273,"5aadbe52811b2000016f7633","EC_0140.jpg"
"1861",5.601851852,2.0409,"5aadbe52811b2000016f7633","EC_0068.jpg"
"1862",5.888888889,2.0891,"5aadbe52811b2000016f7633","EC_0137.jpg"
"1863",3.657407407,2.4388,"5aadbe52811b2000016f7633","EC_0005.jpg"
"1864",6.962962963,2.395,"5aadbe52811b2000016f7633","EC_0210.jpg"
"1865",1.157407407,3.433,"5aadbe52811b2000016f7633","EC_0124.jpeg"
"1866",3.759259259,2.9988,"5aadbe52811b2000016f7633","EC_0057.jpeg"
"1867",3.138888889,2.5982,"5aadbe52811b2000016f7633","EC_0089.jpg"
"1868",3.111111111,2.5425,"5aadbe52811b2000016f7633","EC_0136.jpg"
"1869",4.055555556,2.2123,"5aadbe52811b2000016f7633","EC_0024.jpg"
"1870",5.666666667,3.2218,"5aadbe52811b2000016f7633","EC_0138.png"
"1871",5.453703704,2.1857,"5aadbe52811b2000016f7633","EC_0154.jpg"
"1872",4.018518519,2.9619,"5aadbe52811b2000016f7633","EC_0064.jpg"
"1873",5.009259259,2.1856,"5aadbe52811b2000016f7633","EC_0017.jpg"
"1874",3.101851852,2.7699,"5aadbe52811b2000016f7633","EC_0111.jpg"
"1875",5.009259259,2.2105,"5aadbe52811b2000016f7633","EC_0095.jpg"
"1876",5.972222222,2.0192,"5aadbe52811b2000016f7633","EC_0075.jpg"
"1877",2.462962963,2.906,"5aadbe52811b2000016f7633","EC_0161.jpg"
"1878",5,2.972,"5aadbe52811b2000016f7633","EC_0228.jpg"
"1879",5.203703704,2.5891,"5aadbe52811b2000016f7633","EC_0028.jpg"
"1880",6,2.2907,"5aadbe52811b2000016f7633","EC_0133.jpg"
"1881",4,3.9818,"5aadbe52811b2000016f7633","EC_0042.jpg"
"1882",3,5.3978,"5aadbe52811b2000016f7633","EC_0125.jpeg"
"1883",6.018518519,4.3488,"5aadbe52811b2000016f7633","EC_0132.jpg"
"1884",6.953703704,2.274,"5aadbe52811b2000016f7633","EC_0233.jpg"
"1885",6.981481481,2.7152,"5aadbe52811b2000016f7633","EC_0156.jpg"
"1886",6.666666667,2.4082,"5aadbe52811b2000016f7633","EC_0082.jpg"
"1887",3.972222222,2.828,"5aadbe52811b2000016f7633","EC_0123.jpeg"
"1888",3.018518519,2.7406,"5aadbe52811b2000016f7633","EC_0199.jpg"
"1889",5.972222222,2.0628,"5aadbe52811b2000016f7633","EC_0047.jpg"
"1890",4.509259259,2.0842,"5aadbe52811b2000016f7633","EC_0231.jpg"
"1891",0,4.0406,"5aeeb4903c80f200013af2ed","EC_0059.jpg"
"1892",6.990740741,3.7793,"5aeeb4903c80f200013af2ed","EC_0014.jpg"
"1893",7,2.9887,"5aeeb4903c80f200013af2ed","EC_0242.jpg"
"1894",8.064814815,2.7728,"5aeeb4903c80f200013af2ed","EC_0205.jpg"
"1895",8.916666667,2.4449,"5aeeb4903c80f200013af2ed","EC_0030.jpg"
"1896",1.972222222,4.4884,"5aeeb4903c80f200013af2ed","EC_0094.jpg"
"1897",1.12962963,3.3542,"5aeeb4903c80f200013af2ed","EC_0065.jpg"
"1898",7.87962963,3.2056,"5aeeb4903c80f200013af2ed","EC_0211.jpg"
"1899",5.861111111,2.7754,"5aeeb4903c80f200013af2ed","EC_0075.jpg"
"1900",7.916666667,2.8443,"5aeeb4903c80f200013af2ed","EC_0193.png"
"1901",8.990740741,2.4414,"5aeeb4903c80f200013af2ed","EC_0095.jpg"
"1902",9.092592593,2.0926,"5aeeb4903c80f200013af2ed","EC_0138.png"
"1903",6.861111111,2.7727,"5aeeb4903c80f200013af2ed","EC_0072.jpg"
"1904",8.018518519,2.6222,"5aeeb4903c80f200013af2ed","EC_0096.jpg"
"1905",3.268518519,3.9622,"5aeeb4903c80f200013af2ed","EC_0147.png"
"1906",3.861111111,3.2987,"5aeeb4903c80f200013af2ed","EC_0236.jpg"
"1907",6.185185185,2.406,"5aeeb4903c80f200013af2ed","EC_0176.jpg"
"1908",6.231481481,2.6463,"5aeeb4903c80f200013af2ed","EC_0016.jpg"
"1909",0,4.5262,"5aeeb4903c80f200013af2ed","EC_0161.jpg"
"1910",6.101851852,2.5393,"5aeeb4903c80f200013af2ed","EC_0087.jpg"
"1911",1.074074074,3.5937,"5aeeb4903c80f200013af2ed","EC_0009.jpg"
"1912",0,4.4854,"5aeeb4903c80f200013af2ed","EC_0123.jpeg"
"1913",6.444444444,2.8838,"5aeeb4903c80f200013af2ed","EC_0164.jpg"
"1914",7.166666667,2.3901,"5aeeb4903c80f200013af2ed","EC_0073.jpg"
"1915",8,2.7757,"5aeeb4903c80f200013af2ed","EC_0057.jpeg"
"1916",0.953703704,3.3563,"5aeeb4903c80f200013af2ed","EC_0036.jpeg"
"1917",1.083333333,2.8891,"5aeeb4903c80f200013af2ed","EC_0243.jpg"
"1918",8.972222222,3.2159,"5aeeb4903c80f200013af2ed","EC_0203.jpg"
"1919",7.842592593,2.1946,"5aeeb4903c80f200013af2ed","EC_0196.jpg"
"1920",6.175925926,2.3717,"5aeeb4903c80f200013af2ed","EC_0194.jpg"
"1921",0,3.8793,"5aeeb4903c80f200013af2ed","EC_0149.jpg"
"1922",0.814814815,2.8103,"5aeeb4903c80f200013af2ed","EC_0064.jpg"
"1923",9.898148148,3.1667,"5aeeb4903c80f200013af2ed","EC_0209.jpg"
"1924",1.055555556,3.4562,"5aeeb4903c80f200013af2ed","EC_0233.jpg"
"1925",0.944444444,2.5133,"5aeeb4903c80f200013af2ed","EC_0105.jpg"
"1926",9.064814815,2.9817,"5aeeb4903c80f200013af2ed","EC_0050.jpg"
"1927",9.064814815,2.039,"5aeeb4903c80f200013af2ed","EC_0153.jpg"
"1928",0.046296296,3.859,"5aeeb4903c80f200013af2ed","EC_0005.jpg"
"1929",9.990740741,2.9597,"5aeeb4903c80f200013af2ed","EC_0159.jpg"
"1930",3.037037037,3.4948,"5aeeb4903c80f200013af2ed","EC_0042.jpg"
"1931",1.944444444,2.5232,"5aeeb4903c80f200013af2ed","EC_0061.jpg"
"1932",0.324074074,2.6307,"5aeeb4903c80f200013af2ed","EC_0017.jpg"
"1933",7.388888889,3.3777,"5aeeb4903c80f200013af2ed","EC_0152.jpg"
"1934",7.981481481,2.4059,"5aeeb4903c80f200013af2ed","EC_0028.jpg"
"1935",8.259259259,2.2056,"5aeeb4903c80f200013af2ed","EC_0001.jpg"
"1936",7.546296296,2.1768,"5aeeb4903c80f200013af2ed","EC_0024.jpg"
"1937",7.953703704,11.2357,"5aeeb4903c80f200013af2ed","EC_0093.jpg"
"1938",7.925925926,1.9772,"5aeeb4903c80f200013af2ed","EC_0022.jpg"
"1939",8.111111111,1.9943,"5aeeb4903c80f200013af2ed","EC_0018.jpg"
"1940",8.12962963,2.1251,"5aeeb4903c80f200013af2ed","EC_0055.jpg"
"1941",8.138888889,1.989,"5aeeb4903c80f200013af2ed","EC_0150.jpg"
"1942",7.212962963,1.461,"5aeeb4903c80f200013af2ed","EC_0121.jpg"
"1943",5.564814815,2.0603,"5aeeb4903c80f200013af2ed","EC_0111.jpg"
"1944",0,3.5952,"5aeeb4903c80f200013af2ed","EC_0076.jpg"
"1945",3.962962963,5.6828,"5aeeb4903c80f200013af2ed","EC_0060.jpg"
"1946",1.981481481,2.4646,"5aeeb4903c80f200013af2ed","EC_0113.jpg"
"1947",5.490740741,2.114,"5aeeb4903c80f200013af2ed","EC_0088.jpg"
"1948",6.314814815,1.8508,"5aeeb4903c80f200013af2ed","EC_0219.jpg"
"1949",6.685185185,1.7725,"5aeeb4903c80f200013af2ed","EC_0054.jpg"
"1950",0.916666667,2.5894,"5aeeb4903c80f200013af2ed","EC_0135.jpg"
"1951",2.703703704,2.6555,"5aeeb4903c80f200013af2ed","EC_0049.jpg"
"1952",9.583333333,3.6041,"5aeeb4903c80f200013af2ed","EC_0169.png"
"1953",9.592592593,2.1131,"5aeeb4903c80f200013af2ed","EC_0247.jpg"
"1954",9.972222222,3.6542,"5aeeb4903c80f200013af2ed","EC_0032.jpg"
"1955",0.083333333,3.4795,"5aeeb4903c80f200013af2ed","EC_0162.jpg"
"1956",6.305555556,2.6463,"5aeeb4903c80f200013af2ed","EC_0104.jpg"
"1957",6.361111111,2.1751,"5aeeb4903c80f200013af2ed","EC_0136.jpg"
"1958",0,3.9228,"5aeeb4903c80f200013af2ed","EC_0033.jpeg"
"1959",1.5,3.4926,"5aeeb4903c80f200013af2ed","EC_0183.jpg"
"1960",0,3.3891,"5aeeb4903c80f200013af2ed","EC_0198.jpg"
"1961",0.861111111,3.3376,"5aeeb4903c80f200013af2ed","EC_0221.jpg"
"1962",0,3.1746,"5aeeb4903c80f200013af2ed","EC_0226.jpg"
"1963",9.685185185,2.9799,"5aeeb4903c80f200013af2ed","EC_0156.jpg"
"1964",9.611111111,2.2878,"5aeeb4903c80f200013af2ed","EC_0128.jpeg"
"1965",9.444444444,1.9556,"5aeeb4903c80f200013af2ed","EC_0116.jpg"
"1966",9.490740741,1.7639,"5aeeb4903c80f200013af2ed","EC_0229.jpg"
"1967",9.314814815,1.9058,"5aeeb4903c80f200013af2ed","EC_0132.jpg"
"1968",0.037037037,3.8502,"5aeeb4903c80f200013af2ed","EC_0206.png"
"1969",10,4.0389,"5aeeb4903c80f200013af2ed","EC_0157.jpg"
"1970",10,3.3282,"5aeeb4903c80f200013af2ed","EC_0041.jpg"
"1971",8.990740741,3.7733,"5aeeb4903c80f200013af2ed","EC_0044.jpg"
"1972",9.833333333,2.3621,"5aeeb4903c80f200013af2ed","EC_0207.jpg"
"1973",7.907407407,2.4806,"5aeeb4903c80f200013af2ed","EC_0197.jpg"
"1974",8.12037037,1.9773,"5aeeb4903c80f200013af2ed","EC_0058.jpg"
"1975",2.009259259,2.722,"5aeeb4903c80f200013af2ed","EC_0015.jpg"
"1976",4.833333333,1.7414,"5aeeb4903c80f200013af2ed","EC_0115.jpg"
"1977",5.740740741,1.7787,"5aeeb4903c80f200013af2ed","EC_0142.jpg"
"1978",8.101851852,2.4096,"5aeeb4903c80f200013af2ed","EC_0170.jpg"
"1979",10,2.6891,"5aeeb4903c80f200013af2ed","EC_0167.jpg"
"1980",0,2.7439,"5aeeb4903c80f200013af2ed","EC_0012.jpg"
"1981",9.055555556,3.0085,"5aeeb4903c80f200013af2ed","EC_0079.jpg"
"1982",9.055555556,1.7149,"5aeeb4903c80f200013af2ed","EC_0003.jpg"
"1983",6.648148148,3.0925,"5aeeb4903c80f200013af2ed","EC_0006.jpg"
"1984",7.935185185,2.2879,"5aeeb4903c80f200013af2ed","EC_0119.jpg"
"1985",0.027777778,3.9295,"5aeeb4903c80f200013af2ed","EC_0184.jpg"
"1986",9.898148148,3.4253,"5aeeb4903c80f200013af2ed","EC_0092.jpg"
"1987",0,6.6728,"5aeeb4903c80f200013af2ed","EC_0124.jpeg"
"1988",0.953703704,3.5096,"5aeeb4903c80f200013af2ed","EC_0085.jpg"
"1989",0.342592593,2.0382,"5aeeb4903c80f200013af2ed","EC_0134.jpg"
"1990",5.888888889,3.5884,"5aeeb4903c80f200013af2ed","EC_0248.jpg"
"1991",9.87037037,2.7698,"5aeeb4903c80f200013af2ed","EC_0031.jpg"
"1992",9.851851852,1.9215,"5aeeb4903c80f200013af2ed","EC_0002.jpg"
"1993",9.851851852,1.8726,"5aeeb4903c80f200013af2ed","EC_0168.jpeg"
"1994",8.75,2.3399,"5aeeb4903c80f200013af2ed","EC_0202.jpg"
"1995",8.990740741,2.2646,"5aeeb4903c80f200013af2ed","EC_0010.jpg"
"1996",0,3.2979,"5aeeb4903c80f200013af2ed","EC_0125.jpeg"
"1997",4.055555556,3.5891,"5aeeb4903c80f200013af2ed","EC_0039.jpg"
"1998",5.925925926,4.2971,"5aeeb4903c80f200013af2ed","EC_0080.jpg"
"1999",0.018518519,3.1716,"5aeeb4903c80f200013af2ed","EC_0129.jpeg"
"2000",7.064814815,3.1376,"5aeeb4903c80f200013af2ed","EC_0020.jpg"
"2001",2.842592593,3.174,"5aeeb4903c80f200013af2ed","EC_0077.jpg"
"2002",1.157407407,2.6876,"5aeeb4903c80f200013af2ed","EC_0008.jpg"
"2003",6.194444444,1.499,"5aeeb4903c80f200013af2ed","EC_0172.jpg"
"2004",4.638888889,2.2988,"5aeeb4903c80f200013af2ed","EC_0029.jpg"
"2005",5.787037037,1.8222,"5aeeb4903c80f200013af2ed","EC_0040.jpg"
"2006",9.185185185,2.839,"5aeeb4903c80f200013af2ed","EC_0148.jpg"
"2007",9.287037037,1.8461,"5aeeb4903c80f200013af2ed","EC_0246.jpg"
"2008",1.444444444,3.126,"5aeeb4903c80f200013af2ed","EC_0235.jpg"
"2009",7.990740741,2.332,"5aeeb4903c80f200013af2ed","EC_0108.jpg"
"2010",7.962962963,2.0058,"5aeeb4903c80f200013af2ed","EC_0007.jpg"
"2011",9.222222222,2.1559,"5aeeb4903c80f200013af2ed","EC_0228.jpg"
"2012",9.064814815,1.4788,"5aeeb4903c80f200013af2ed","EC_0056.jpg"
"2013",8.166666667,2.3214,"5aeeb4903c80f200013af2ed","EC_0187.jpeg"
"2014",8.175925926,1.9375,"5aeeb4903c80f200013af2ed","EC_0011.jpg"
"2015",0.185185185,3.4726,"5aeeb4903c80f200013af2ed","EC_0244.jpg"
"2016",8.287037037,2.1403,"5aeeb4903c80f200013af2ed","EC_0231.jpg"
"2017",8.287037037,1.8988,"5aeeb4903c80f200013af2ed","EC_0109.jpg"
"2018",0.018518519,4.1603,"5aeeb4903c80f200013af2ed","EC_0204.jpg"
"2019",5.527777778,2.7178,"5aeeb4903c80f200013af2ed","EC_0066.jpg"
"2020",7.185185185,1.8399,"5aeeb4903c80f200013af2ed","EC_0223.jpg"
"2021",7.925925926,1.8388,"5aeeb4903c80f200013af2ed","EC_0224.jpg"
"2022",8.916666667,1.5347,"5aeeb4903c80f200013af2ed","EC_0245.jpg"
"2023",9.87037037,2.7082,"5aeeb4903c80f200013af2ed","EC_0199.jpg"
"2024",0,2.6406,"5aeeb4903c80f200013af2ed","EC_0139.png"
"2025",7.472222222,2.1893,"5aeeb4903c80f200013af2ed","EC_0238.jpg"
"2026",0.944444444,3.957,"5aeeb4903c80f200013af2ed","EC_0241.jpg"
"2027",6.388888889,1.5596,"5aeeb4903c80f200013af2ed","EC_0037.jpg"
"2028",0,2.5296,"5aeeb4903c80f200013af2ed","EC_0047.jpg"
"2029",0,2.3736,"5aeeb4903c80f200013af2ed","EC_0067.jpg"
"2030",2.361111111,1.9951,"5aeeb4903c80f200013af2ed","EC_0051.jpg"
"2031",9.75,2.4103,"5aeeb4903c80f200013af2ed","EC_0177.jpg"
"2032",6.925925926,2.9887,"5aeeb4903c80f200013af2ed","EC_0163.jpg"
"2033",6.925925926,1.856,"5aeeb4903c80f200013af2ed","EC_0062.jpg"
"2034",7.546296296,1.8046,"5aeeb4903c80f200013af2ed","EC_0214.jpg"
"2035",8.101851852,1.8598,"5aeeb4903c80f200013af2ed","EC_0250.jpg"
"2036",8.657407407,1.842,"5aeeb4903c80f200013af2ed","EC_0182.jpg"
"2037",9.083333333,1.5557,"5aeeb4903c80f200013af2ed","EC_0084.jpg"
"2038",9.574074074,1.4144,"5aeeb4903c80f200013af2ed","EC_0239.jpg"
"2039",0,2.7394,"5aeeb4903c80f200013af2ed","EC_0240.jpg"
"2040",2.675925926,1.7287,"5aeeb4903c80f200013af2ed","EC_0074.jpg"
"2041",7.842592593,2.6391,"5aeeb4903c80f200013af2ed","EC_0180.jpg"
"2042",8.018518519,1.6079,"5aeeb4903c80f200013af2ed","EC_0098.jpg"
"2043",0.083333333,2.5775,"5aeeb4903c80f200013af2ed","EC_0027.jpg"
"2044",7.935185185,3.1156,"5aeeb4903c80f200013af2ed","EC_0046.jpg"
"2045",7.953703704,1.4227,"5aeeb4903c80f200013af2ed","EC_0230.jpg"
"2046",0.055555556,2.7043,"5aeeb4903c80f200013af2ed","EC_0165.jpg"
"2047",0.981481481,3.8985,"5aeeb4903c80f200013af2ed","EC_0083.jpg"
"2048",7.064814815,2.1221,"5aeeb4903c80f200013af2ed","EC_0171.jpg"
"2049",7.666666667,3.6275,"5aeeb4903c80f200013af2ed","EC_0081.jpg"
"2050",0.824074074,3.6482,"5aeeb4903c80f200013af2ed","EC_0090.jpg"
"2051",1.592592593,2.3371,"5aeeb4903c80f200013af2ed","EC_0019.jpg"
"2052",0.185185185,2.6055,"5aeeb4903c80f200013af2ed","EC_0227.jpg"
"2053",7.907407407,4.2567,"5aeeb4903c80f200013af2ed","EC_0034.jpg"
"2054",7.157407407,2.2558,"5aeeb4903c80f200013af2ed","EC_0210.jpg"
"2055",9.87962963,4.5978,"5aeeb4903c80f200013af2ed","EC_0188.jpg"
"2056",9.564814815,2.1939,"5aeeb4903c80f200013af2ed","EC_0097.jpg"
"2057",9.564814815,2.3773,"5aeeb4903c80f200013af2ed","EC_0103.jpg"
"2058",0.203703704,3.5724,"5aeeb4903c80f200013af2ed","EC_0249.jpg"
"2059",4.768518519,1.9554,"5aeeb4903c80f200013af2ed","EC_0174.jpg"
"2060",6.166666667,1.7101,"5aeeb4903c80f200013af2ed","EC_0086.jpg"
"2061",7.592592593,1.3812,"5aeeb4903c80f200013af2ed","EC_0158.jpg"
"2062",8.546296296,1.3726,"5aeeb4903c80f200013af2ed","EC_0106.jpg"
"2063",9.194444444,2.0054,"5aeeb4903c80f200013af2ed","EC_0173.jpg"
"2064",0.5,3.022,"5aeeb4903c80f200013af2ed","EC_0234.jpg"
"2065",6.712962963,3.175,"5aeeb4903c80f200013af2ed","EC_0195.jpg"
"2066",6.694444444,1.5633,"5aeeb4903c80f200013af2ed","EC_0069.jpg"
"2067",1.324074074,2.7114,"5aeeb4903c80f200013af2ed","EC_0048.jpg"
"2068",7.898148148,1.4925,"5aeeb4903c80f200013af2ed","EC_0070.jpg"
"2069",10,3.2411,"5aeeb4903c80f200013af2ed","EC_0013.jpg"
"2070",0,3.772,"5aeeb4903c80f200013af2ed","EC_0101.jpg"
"2071",0,13.7959,"5aeeb4903c80f200013af2ed","EC_0201.jpg"
"2072",5.990740741,2.705,"5aeeb4903c80f200013af2ed","EC_0181.jpg"
"2073",6.009259259,1.9814,"5aeeb4903c80f200013af2ed","EC_0082.jpg"
"2074",10,2.589,"5aeeb4903c80f200013af2ed","EC_0137.jpg"
"2075",8.972222222,2.1287,"5aeeb4903c80f200013af2ed","EC_0141.jpg"
"2076",8.972222222,1.578,"5aeeb4903c80f200013af2ed","EC_0099.jpg"
"2077",1.453703704,2.6403,"5aeeb4903c80f200013af2ed","EC_0213.jpg"
"2078",5.5,1.764,"5aeeb4903c80f200013af2ed","EC_0038.jpg"
"2079",6.305555556,1.2724,"5aeeb4903c80f200013af2ed","EC_0131.jpg"
"2080",0.444444444,2.4654,"5aeeb4903c80f200013af2ed","EC_0053.jpg"
"2081",8.805555556,2.5059,"5aeeb4903c80f200013af2ed","EC_0120.jpg"
"2082",9.537037037,1.5591,"5aeeb4903c80f200013af2ed","EC_0102.jpg"
"2083",9.527777778,1.488,"5aeeb4903c80f200013af2ed","EC_0117.jpg"
"2084",9.527777778,1.7713,"5aeeb4903c80f200013af2ed","EC_0100.jpg"
"2085",9.296296296,1.8621,"5aeeb4903c80f200013af2ed","EC_0200.png"
"2086",9.416666667,1.7422,"5aeeb4903c80f200013af2ed","EC_0232.jpg"
"2087",9.935185185,2.7316,"5aeeb4903c80f200013af2ed","EC_0154.jpg"
"2088",9.787037037,1.5067,"5aeeb4903c80f200013af2ed","EC_0118.jpg"
"2089",9.657407407,1.4225,"5aeeb4903c80f200013af2ed","EC_0089.jpg"
"2090",10,5.1993,"5aeeb4903c80f200013af2ed","EC_0063.jpg"
"2091",8.833333333,2.3731,"5aeeb4903c80f200013af2ed","EC_0068.jpg"
"2092",1.851851852,3.5134,"5aeeb4903c80f200013af2ed","EC_0151.jpg"
"2093",0,3.6534,"5aeeb4903c80f200013af2ed","EC_0222.jpg"
"2094",8.12037037,2.0057,"5aeeb4903c80f200013af2ed","EC_0140.jpg"
"2095",0,4.7222,"5aeeb4903c80f200013af2ed","EC_0185.jpg"
"2096",6.222222222,2.5246,"5aeeb4903c80f200013af2ed","EC_0133.jpg"
"2097",6.342592593,1.0215,"5aeeb4903c80f200013af2ed","EC_0237.jpg"
"2098",6.537037037,1.3909,"5aeeb4903c80f200013af2ed","EC_0166.jpg"
"2099",6.851851852,1.4756,"5aeeb4903c80f200013af2ed","EC_0160.jpg"
"2100",7.296296296,1.4719,"5aeeb4903c80f200013af2ed","EC_0071.jpg"
"2101",1.003159558,3.0091,"5b915c9d22d85d000115c0f5","EC_0013.jpg"
"2102",1.966824645,2.9582,"5b915c9d22d85d000115c0f5","EC_0018.jpg"
"2103",3.025276461,2.6589,"5b915c9d22d85d000115c0f5","EC_0188.jpg"
"2104",3.751974724,2.7687,"5b915c9d22d85d000115c0f5","EC_0167.jpg"
"2105",0.086887836,4.3642,"5b915c9d22d85d000115c0f5","EC_0028.jpg"
"2106",8.917851501,3.601,"5b915c9d22d85d000115c0f5","EC_0060.jpg"
"2107",0.039494471,3.1499,"5b915c9d22d85d000115c0f5","EC_0201.jpg"
"2108",1.398104265,2.9498,"5b915c9d22d85d000115c0f5","EC_0067.jpg"
"2109",0.22906793,3.5041,"5b915c9d22d85d000115c0f5","EC_0024.jpg"
"2110",1.018957346,2.9316,"5b915c9d22d85d000115c0f5","EC_0083.jpg"
"2111",1.951026856,2.6279,"5b915c9d22d85d000115c0f5","EC_0102.jpg"
"2112",2.75671406,2.806,"5b915c9d22d85d000115c0f5","EC_0070.jpg"
"2113",2.109004739,2.591,"5b915c9d22d85d000115c0f5","EC_0012.jpg"
"2114",2.914691943,2.9382,"5b915c9d22d85d000115c0f5","EC_0219.jpg"
"2115",3.562401264,2.7857,"5b915c9d22d85d000115c0f5","EC_0001.jpg"
"2116",4.842022117,2.638,"5b915c9d22d85d000115c0f5","EC_0213.jpg"
"2117",5.489731438,2.4327,"5b915c9d22d85d000115c0f5","EC_0168.jpeg"
"2118",5.142180095,2.5814,"5b915c9d22d85d000115c0f5","EC_0061.jpg"
"2119",5.821484992,2.6832,"5b915c9d22d85d000115c0f5","EC_0230.jpg"
"2120",4.194312796,3.0373,"5b915c9d22d85d000115c0f5","EC_0071.jpg"
"2121",4.857819905,2.3467,"5b915c9d22d85d000115c0f5","EC_0046.jpg"
"2122",5.758293839,2.4063,"5b915c9d22d85d000115c0f5","EC_0245.jpg"
"2123",5.552922591,2.4761,"5b915c9d22d85d000115c0f5","EC_0082.jpg"
"2124",5.031595577,2.9948,"5b915c9d22d85d000115c0f5","EC_0124.jpeg"
"2125",4.304897314,2.608,"5b915c9d22d85d000115c0f5","EC_0154.jpg"
"2126",0.718799368,3.5878,"5b915c9d22d85d000115c0f5","EC_0244.jpg"
"2127",1.224328594,3.4847,"5b915c9d22d85d000115c0f5","EC_0129.jpeg"
"2128",8.048973144,3.4179,"5b915c9d22d85d000115c0f5","EC_0079.jpg"
"2129",7.796208531,2.4566,"5b915c9d22d85d000115c0f5","EC_0172.jpg"
"2130",7.24328594,2.3224,"5b915c9d22d85d000115c0f5","EC_0148.jpg"
"2131",7.022116904,2.3935,"5b915c9d22d85d000115c0f5","EC_0113.jpg"
"2132",7.369668246,2.2455,"5b915c9d22d85d000115c0f5","EC_0196.jpg"
"2133",0.41864139,3.2037,"5b915c9d22d85d000115c0f5","EC_0140.jpg"
"2134",1.492890995,2.6834,"5b915c9d22d85d000115c0f5","EC_0224.jpg"
"2135",0.118483412,3.1057,"5b915c9d22d85d000115c0f5","EC_0089.jpg"
"2136",0.576619273,2.4401,"5b915c9d22d85d000115c0f5","EC_0090.jpg"
"2137",1.129541864,2.5473,"5b915c9d22d85d000115c0f5","EC_0088.jpg"
"2138",1.571879937,2.2231,"5b915c9d22d85d000115c0f5","EC_0156.jpg"
"2139",7.733017378,4.2046,"5b915c9d22d85d000115c0f5","EC_0246.jpg"
"2140",2.898894155,3.1673,"5b915c9d22d85d000115c0f5","EC_0128.jpeg"
"2141",8.001579779,2.9524,"5b915c9d22d85d000115c0f5","EC_0003.jpg"
"2142",0.734597156,3.082,"5b915c9d22d85d000115c0f5","EC_0242.jpg"
"2143",4.320695103,3.188,"5b915c9d22d85d000115c0f5","EC_0105.jpg"
"2144",4.921011058,2.2683,"5b915c9d22d85d000115c0f5","EC_0069.jpg"
"2145",5.616113744,2.2241,"5b915c9d22d85d000115c0f5","EC_0042.jpg"
"2146",5.995260664,2.3908,"5b915c9d22d85d000115c0f5","EC_0109.jpg"
"2147",0.276461295,3.1878,"5b915c9d22d85d000115c0f5","EC_0076.jpg"
"2148",1.034755134,2.4305,"5b915c9d22d85d000115c0f5","EC_0166.jpg"
"2149",8.206951027,3.3095,"5b915c9d22d85d000115c0f5","EC_0066.jpg"
"2150",7.859399684,2.2067,"5b915c9d22d85d000115c0f5","EC_0027.jpg"
"2151",6.042654028,2.5512,"5b915c9d22d85d000115c0f5","EC_0055.jpg"
"2152",0.244865719,3.1857,"5b915c9d22d85d000115c0f5","EC_0039.jpg"
"2153",0.939968404,3.1592,"5b915c9d22d85d000115c0f5","EC_0033.jpeg"
"2154",7.764612954,3.0784,"5b915c9d22d85d000115c0f5","EC_0100.jpg"
"2155",7.211690363,2.3709,"5b915c9d22d85d000115c0f5","EC_0106.jpg"
"2156",7.638230648,2.1873,"5b915c9d22d85d000115c0f5","EC_0080.jpg"
"2157",6.974723539,2.4787,"5b915c9d22d85d000115c0f5","EC_0150.jpg"
"2158",0.939968404,3.2768,"5b915c9d22d85d000115c0f5","EC_0199.jpg"
"2159",7.401263823,2.988,"5b915c9d22d85d000115c0f5","EC_0227.jpg"
"2160",7.116903633,2.1006,"5b915c9d22d85d000115c0f5","EC_0032.jpg"
"2161",6.548183254,2.2378,"5b915c9d22d85d000115c0f5","EC_0010.jpg"
"2162",8.728278041,2.6973,"5b915c9d22d85d000115c0f5","EC_0232.jpg"
"2163",8.238546603,2.5675,"5b915c9d22d85d000115c0f5","EC_0169.png"
"2164",7.622432859,2.1292,"5b915c9d22d85d000115c0f5","EC_0063.jpg"
"2165",7.180094787,2.1234,"5b915c9d22d85d000115c0f5","EC_0095.jpg"
"2166",8.001579779,2.3156,"5b915c9d22d85d000115c0f5","EC_0050.jpg"
"2167",0.545023697,3.0233,"5b915c9d22d85d000115c0f5","EC_0147.png"
"2168",7.101105845,2.7645,"5b915c9d22d85d000115c0f5","EC_0074.jpg"
"2169",6.563981043,2.0054,"5b915c9d22d85d000115c0f5","EC_0072.jpg"
"2170",7.05371248,1.9716,"5b915c9d22d85d000115c0f5","EC_0017.jpg"
"2171",7.575039494,1.9866,"5b915c9d22d85d000115c0f5","EC_0062.jpg"
"2172",6.95892575,2.0879,"5b915c9d22d85d000115c0f5","EC_0173.jpg"
"2173",6.500789889,2.0174,"5b915c9d22d85d000115c0f5","EC_0034.jpg"
"2174",6.011058452,2.1889,"5b915c9d22d85d000115c0f5","EC_0131.jpg"
"2175",8.001579779,2.769,"5b915c9d22d85d000115c0f5","EC_0229.jpg"
"2176",8.254344392,3.749,"5b915c9d22d85d000115c0f5","EC_0248.jpg"
"2177",0.165876777,3.298,"5b915c9d22d85d000115c0f5","EC_0111.jpg"
"2178",3.862559242,3.1077,"5b915c9d22d85d000115c0f5","EC_0092.jpg"
"2179",7.259083728,3.0848,"5b915c9d22d85d000115c0f5","EC_0194.jpg"
"2180",6.200631912,2.5652,"5b915c9d22d85d000115c0f5","EC_0081.jpg"
"2181",4.620853081,2.5701,"5b915c9d22d85d000115c0f5","EC_0139.png"
"2182",5.236966825,2.3887,"5b915c9d22d85d000115c0f5","EC_0205.jpg"
"2183",0.197472354,3.0172,"5b915c9d22d85d000115c0f5","EC_0048.jpg"
"2184",0.197472354,2.7345,"5b915c9d22d85d000115c0f5","EC_0206.png"
"2185",6.785150079,3.2233,"5b915c9d22d85d000115c0f5","EC_0241.jpg"
"2186",6.263823065,2.2438,"5b915c9d22d85d000115c0f5","EC_0152.jpg"
"2187",6.690363349,1.989,"5b915c9d22d85d000115c0f5","EC_0250.jpg"
"2188",5.394944708,4.2354,"5b915c9d22d85d000115c0f5","EC_0053.jpg"
"2189",5.900473934,2.3057,"5b915c9d22d85d000115c0f5","EC_0165.jpg"
"2190",8.633491311,2.7162,"5b915c9d22d85d000115c0f5","EC_0209.jpg"
"2191",8.017377567,2.5174,"5b915c9d22d85d000115c0f5","EC_0054.jpg"
"2192",0.134281201,3.1388,"5b915c9d22d85d000115c0f5","EC_0002.jpg"
"2193",5.489731438,2.5745,"5b915c9d22d85d000115c0f5","EC_0077.jpg"
"2194",5,3.0623,"5b915c9d22d85d000115c0f5","EC_0164.jpg"
"2195",4.257503949,2.7403,"5b915c9d22d85d000115c0f5","EC_0200.png"
"2196",8.033175355,3.7649,"5b915c9d22d85d000115c0f5","EC_0157.jpg"
"2197",1.224328594,2.9752,"5b915c9d22d85d000115c0f5","EC_0181.jpg"
"2198",5.821484992,3.0143,"5b915c9d22d85d000115c0f5","EC_0193.png"
"2199",5.489731438,3.9076,"5b915c9d22d85d000115c0f5","EC_0135.jpg"
"2200",6.105845182,2.2226,"5b915c9d22d85d000115c0f5","EC_0040.jpg"
"2201",6.658767773,2.2984,"5b915c9d22d85d000115c0f5","EC_0031.jpg"
"2202",6.943127962,2.2446,"5b915c9d22d85d000115c0f5","EC_0223.jpg"
"2203",7.259083728,2.2981,"5b915c9d22d85d000115c0f5","EC_0202.jpg"
"2204",7.006319115,2.3905,"5b915c9d22d85d000115c0f5","EC_0075.jpg"
"2205",6.563981043,2.3217,"5b915c9d22d85d000115c0f5","EC_0073.jpg"
"2206",8.08056872,3.1083,"5b915c9d22d85d000115c0f5","EC_0056.jpg"
"2207",7.385466035,2.1327,"5b915c9d22d85d000115c0f5","EC_0030.jpg"
"2208",7.05371248,2.8398,"5b915c9d22d85d000115c0f5","EC_0123.jpeg"
"2209",1.54028436,3.2404,"5b915c9d22d85d000115c0f5","EC_0133.jpg"
"2210",6.848341232,3.5618,"5b915c9d22d85d000115c0f5","EC_0134.jpg"
"2211",7.4328594,3.6786,"5b915c9d22d85d000115c0f5","EC_0177.jpg"
"2212",6.864139021,2.3716,"5b915c9d22d85d000115c0f5","EC_0197.jpg"
"2213",2.330173776,4.407,"5b915c9d22d85d000115c0f5","EC_0228.jpg"
"2214",3.230647709,2.4828,"5b915c9d22d85d000115c0f5","EC_0239.jpg"
"2215",3.894154818,2.3273,"5b915c9d22d85d000115c0f5","EC_0153.jpg"
"2216",4.794628752,2.3563,"5b915c9d22d85d000115c0f5","EC_0222.jpg"
"2217",5.315955766,2.2633,"5b915c9d22d85d000115c0f5","EC_0096.jpg"
"2218",5.995260664,2.2056,"5b915c9d22d85d000115c0f5","EC_0137.jpg"
"2219",0.624012638,2.9541,"5b915c9d22d85d000115c0f5","EC_0233.jpg"
"2220",0.624012638,2.4767,"5b915c9d22d85d000115c0f5","EC_0162.jpg"
"2221",1.050552923,2.2005,"5b915c9d22d85d000115c0f5","EC_0120.jpg"
"2222",2.030015798,2.3708,"5b915c9d22d85d000115c0f5","EC_0187.jpeg"
"2223",7.717219589,3.0716,"5b915c9d22d85d000115c0f5","EC_0015.jpg"
"2224",6.421800948,3.2016,"5b915c9d22d85d000115c0f5","EC_0101.jpg"
"2225",3.341232227,2.5884,"5b915c9d22d85d000115c0f5","EC_0174.jpg"
"2226",7.211690363,2.434,"5b915c9d22d85d000115c0f5","EC_0180.jpg"
"2227",0.497630332,2.7048,"5b915c9d22d85d000115c0f5","EC_0161.jpg"
"2228",2.788309637,3.4885,"5b915c9d22d85d000115c0f5","EC_0104.jpg"
"2229",3.87835703,2.0682,"5b915c9d22d85d000115c0f5","EC_0065.jpg"
"2230",7.843601896,2.9354,"5b915c9d22d85d000115c0f5","EC_0221.jpg"
"2231",6.864139021,2.2219,"5b915c9d22d85d000115c0f5","EC_0160.jpg"
"2232",1.461295419,2.977,"5b915c9d22d85d000115c0f5","EC_0059.jpg"
"2233",0.102685624,3.2677,"5b915c9d22d85d000115c0f5","EC_0226.jpg"
"2234",0.987361769,2.2885,"5b915c9d22d85d000115c0f5","EC_0237.jpg"
"2235",1.951026856,1.9995,"5b915c9d22d85d000115c0f5","EC_0163.jpg"
"2236",0.51342812,3.521,"5b915c9d22d85d000115c0f5","EC_0009.jpg"
"2237",1.271721959,3.1044,"5b915c9d22d85d000115c0f5","EC_0136.jpg"
"2238",2.535545024,3.0317,"5b915c9d22d85d000115c0f5","EC_0116.jpg"
"2239",8.981042654,3.1551,"5b915c9d22d85d000115c0f5","EC_0038.jpg"
"2240",7.812006319,2.4558,"5b915c9d22d85d000115c0f5","EC_0171.jpg"
"2241",6.832543444,2.253,"5b915c9d22d85d000115c0f5","EC_0011.jpg"
"2242",7.780410742,2.5341,"5b915c9d22d85d000115c0f5","EC_0086.jpg"
"2243",0.292259084,3.1165,"5b915c9d22d85d000115c0f5","EC_0029.jpg"
"2244",1.72985782,2.8519,"5b915c9d22d85d000115c0f5","EC_0203.jpg"
"2245",0.687203791,2.891,"5b915c9d22d85d000115c0f5","EC_0084.jpg"
"2246",0.79778831,7.9721,"5b915c9d22d85d000115c0f5","EC_0142.jpg"
"2247",2.187993681,2.4558,"5b915c9d22d85d000115c0f5","EC_0151.jpg"
"2248",8.143759874,3.0179,"5b915c9d22d85d000115c0f5","EC_0019.jpg"
"2249",0.134281201,3.7542,"5b915c9d22d85d000115c0f5","EC_0115.jpg"
"2250",1.808846761,2.5058,"5b915c9d22d85d000115c0f5","EC_0176.jpg"
"2251",7.780410742,3.0651,"5b915c9d22d85d000115c0f5","EC_0099.jpg"
"2252",3.009478673,2.8543,"5b915c9d22d85d000115c0f5","EC_0198.jpg"
"2253",9.012638231,2.9082,"5b915c9d22d85d000115c0f5","EC_0207.jpg"
"2254",0.197472354,3.0024,"5b915c9d22d85d000115c0f5","EC_0204.jpg"
"2255",1.619273302,3.2826,"5b915c9d22d85d000115c0f5","EC_0243.jpg"
"2256",2.614533965,2.3354,"5b915c9d22d85d000115c0f5","EC_0068.jpg"
"2257",4.81042654,2.6132,"5b915c9d22d85d000115c0f5","EC_0149.jpg"
"2258",5.505529226,2.4169,"5b915c9d22d85d000115c0f5","EC_0249.jpg"
"2259",7.669826224,2.6252,"5b915c9d22d85d000115c0f5","EC_0103.jpg"
"2260",2.424960506,2.9212,"5b915c9d22d85d000115c0f5","EC_0211.jpg"
"2261",2.85150079,3.669,"5b915c9d22d85d000115c0f5","EC_0138.png"
"2262",3.7835703,2.289,"5b915c9d22d85d000115c0f5","EC_0236.jpg"
"2263",7.322274882,2.8001,"5b915c9d22d85d000115c0f5","EC_0064.jpg"
"2264",5.268562401,3.1219,"5b915c9d22d85d000115c0f5","EC_0087.jpg"
"2265",5.821484992,2.2339,"5b915c9d22d85d000115c0f5","EC_0195.jpg"
"2266",8.601895735,3.4075,"5b915c9d22d85d000115c0f5","EC_0183.jpg"
"2267",3.530805687,3.4649,"5b915c9d22d85d000115c0f5","EC_0007.jpg"
"2268",4.225908373,2.4002,"5b915c9d22d85d000115c0f5","EC_0141.jpg"
"2269",5.315955766,2.5121,"5b915c9d22d85d000115c0f5","EC_0238.jpg"
"2270",6.595576619,2.5217,"5b915c9d22d85d000115c0f5","EC_0159.jpg"
"2271",7.24328594,2.5286,"5b915c9d22d85d000115c0f5","EC_0231.jpg"
"2272",6.105845182,3.9103,"5b915c9d22d85d000115c0f5","EC_0014.jpg"
"2273",8.096366509,3.3314,"5b915c9d22d85d000115c0f5","EC_0119.jpg"
"2274",3.562401264,3.4375,"5b915c9d22d85d000115c0f5","EC_0240.jpg"
"2275",6.263823065,3.2275,"5b915c9d22d85d000115c0f5","EC_0170.jpg"
"2276",5.947867299,2.7057,"5b915c9d22d85d000115c0f5","EC_0008.jpg"
"2277",1.398104265,3.1829,"5b915c9d22d85d000115c0f5","EC_0125.jpeg"
"2278",0.055292259,2.846,"5b915c9d22d85d000115c0f5","EC_0184.jpg"
"2279",0.213270142,2.952,"5b915c9d22d85d000115c0f5","EC_0058.jpg"
"2280",7.496050553,3.2389,"5b915c9d22d85d000115c0f5","EC_0098.jpg"
"2281",7.385466035,2.6991,"5b915c9d22d85d000115c0f5","EC_0097.jpg"
"2282",0.655608215,3.8056,"5b915c9d22d85d000115c0f5","EC_0051.jpg"
"2283",5.015797788,3.2155,"5b915c9d22d85d000115c0f5","EC_0182.jpg"
"2284",5.758293839,2.1168,"5b915c9d22d85d000115c0f5","EC_0158.jpg"
"2285",1.808846761,3.1458,"5b915c9d22d85d000115c0f5","EC_0005.jpg"
"2286",0.529225908,2.9981,"5b915c9d22d85d000115c0f5","EC_0235.jpg"
"2287",6.658767773,3.2554,"5b915c9d22d85d000115c0f5","EC_0118.jpg"
"2288",7.037914692,5.3438,"5b915c9d22d85d000115c0f5","EC_0044.jpg"
"2289",5.379146919,4.5041,"5b915c9d22d85d000115c0f5","EC_0093.jpg"
"2290",6.579778831,2.5672,"5b915c9d22d85d000115c0f5","EC_0037.jpg"
"2291",0.41864139,2.9097,"5b915c9d22d85d000115c0f5","EC_0047.jpg"
"2292",7.954186414,3.1352,"5b915c9d22d85d000115c0f5","EC_0006.jpg"
"2293",7.290679305,2.626,"5b915c9d22d85d000115c0f5","EC_0132.jpg"
"2294",0.355450237,3.2377,"5b915c9d22d85d000115c0f5","EC_0185.jpg"
"2295",7.938388626,3.0758,"5b915c9d22d85d000115c0f5","EC_0121.jpg"
"2296",0.118483412,3.2615,"5b915c9d22d85d000115c0f5","EC_0049.jpg"
"2297",0.924170616,2.891,"5b915c9d22d85d000115c0f5","EC_0247.jpg"
"2298",2.045813586,2.7683,"5b915c9d22d85d000115c0f5","EC_0117.jpg"
"2299",2.85150079,2.4052,"5b915c9d22d85d000115c0f5","EC_0094.jpg"
"2300",8.791469194,3.2083,"5b915c9d22d85d000115c0f5","EC_0210.jpg"
"2301",8.033175355,2.7935,"5b915c9d22d85d000115c0f5","EC_0022.jpg"
"2302",1.571879937,2.8318,"5b915c9d22d85d000115c0f5","EC_0234.jpg"
"2303",8.159557662,2.7722,"5b915c9d22d85d000115c0f5","EC_0020.jpg"
"2304",2.156398104,3.2986,"5b915c9d22d85d000115c0f5","EC_0036.jpeg"
"2305",7.543443918,2.6404,"5b915c9d22d85d000115c0f5","EC_0057.jpeg"
"2306",3.183254344,2.9221,"5b915c9d22d85d000115c0f5","EC_0214.jpg"
"2307",7.985781991,4.4393,"5b915c9d22d85d000115c0f5","EC_0108.jpg"
"2308",8.191153239,2.8673,"5b915c9d22d85d000115c0f5","EC_0016.jpg"
"2309",5.995260664,2.7424,"5b915c9d22d85d000115c0f5","EC_0085.jpg"
"2310",6.563981043,2.2328,"5b915c9d22d85d000115c0f5","EC_0041.jpg"
"2311",9.947916667,5.8549,"5bdfb648484288000130dad0","EC_0073.jpg"
"2312",8.151041667,3.0553,"5bdfb648484288000130dad0","EC_0115.jpg"
"2313",4.830729167,3.0946,"5bdfb648484288000130dad0","EC_0193.png"
"2314",1.067708333,2.9145,"5bdfb648484288000130dad0","EC_0243.jpg"
"2315",0.78125,2.6286,"5bdfb648484288000130dad0","EC_0059.jpg"
"2316",0.1953125,2.8425,"5bdfb648484288000130dad0","EC_0148.jpg"
"2317",6.380208333,4.4524,"5bdfb648484288000130dad0","EC_0097.jpg"
"2318",3.515625,3.1036,"5bdfb648484288000130dad0","EC_0249.jpg"
"2319",7.955729167,2.6201,"5bdfb648484288000130dad0","EC_0014.jpg"
"2320",4.270833333,3.0805,"5bdfb648484288000130dad0","EC_0234.jpg"
"2321",6.901041667,4.0252,"5bdfb648484288000130dad0","EC_0071.jpg"
"2322",9.947916667,2.966,"5bdfb648484288000130dad0","EC_0200.png"
"2323",5.221354167,2.8529,"5bdfb648484288000130dad0","EC_0065.jpg"
"2324",3.7890625,2.6292,"5bdfb648484288000130dad0","EC_0166.jpg"
"2325",5.833333333,8.4774,"5bdfb648484288000130dad0","EC_0051.jpg"
"2326",8.255208333,2.5667,"5bdfb648484288000130dad0","EC_0223.jpg"
"2327",8.255208333,1.9383,"5bdfb648484288000130dad0","EC_0039.jpg"
"2328",9.986979167,3.8639,"5bdfb648484288000130dad0","EC_0082.jpg"
"2329",2.005208333,7.8249,"5bdfb648484288000130dad0","EC_0202.jpg"
"2330",9.934895833,3.107,"5bdfb648484288000130dad0","EC_0196.jpg"
"2331",4.544270833,3.6617,"5bdfb648484288000130dad0","EC_0102.jpg"
"2332",2.513020833,2.8722,"5bdfb648484288000130dad0","EC_0180.jpg"
"2333",2.552083333,1.9411,"5bdfb648484288000130dad0","EC_0198.jpg"
"2334",4.440104167,2.1553,"5bdfb648484288000130dad0","EC_0242.jpg"
"2335",8.815104167,2.5018,"5bdfb648484288000130dad0","EC_0210.jpg"
"2336",1.770833333,2.9713,"5bdfb648484288000130dad0","EC_0084.jpg"
"2337",3.138020833,2.4112,"5bdfb648484288000130dad0","EC_0142.jpg"
"2338",3.138020833,1.8266,"5bdfb648484288000130dad0","EC_0171.jpg"
"2339",6.393229167,2.3303,"5bdfb648484288000130dad0","EC_0020.jpg"
"2340",4.752604167,2.2478,"5bdfb648484288000130dad0","EC_0238.jpg"
"2341",4.752604167,1.8914,"5bdfb648484288000130dad0","EC_0100.jpg"
"2342",5.807291667,1.9766,"5bdfb648484288000130dad0","EC_0061.jpg"
"2343",4.4140625,2.5549,"5bdfb648484288000130dad0","EC_0233.jpg"
"2344",9.895833333,4.2517,"5bdfb648484288000130dad0","EC_0105.jpg"
"2345",9.895833333,2.4031,"5bdfb648484288000130dad0","EC_0244.jpg"
"2346",9.895833333,1.9916,"5bdfb648484288000130dad0","EC_0069.jpg"
"2347",0.677083333,3.508,"5bdfb648484288000130dad0","EC_0128.jpeg"
"2348",1.692708333,2.9132,"5bdfb648484288000130dad0","EC_0231.jpg"
"2349",0.052083333,5.0059,"5bdfb648484288000130dad0","EC_0040.jpg"
"2350",0.598958333,2.7378,"5bdfb648484288000130dad0","EC_0074.jpg"
"2351",1.119791667,2.6596,"5bdfb648484288000130dad0","EC_0009.jpg"
"2352",5.533854167,2.3724,"5bdfb648484288000130dad0","EC_0219.jpg"
"2353",0.5078125,3.1645,"5bdfb648484288000130dad0","EC_0005.jpg"
"2354",8.463541667,2.9741,"5bdfb648484288000130dad0","EC_0138.png"
"2355",5.1953125,2.3055,"5bdfb648484288000130dad0","EC_0162.jpg"
"2356",6.471354167,2.3823,"5bdfb648484288000130dad0","EC_0172.jpg"
"2357",0.065104167,5.5821,"5bdfb648484288000130dad0","EC_0199.jpg"
"2358",9.8828125,3.117,"5bdfb648484288000130dad0","EC_0013.jpg"
"2359",0.533854167,5.967,"5bdfb648484288000130dad0","EC_0109.jpg"
"2360",4.401041667,4.8073,"5bdfb648484288000130dad0","EC_0237.jpg"
"2361",9.622395833,2.6333,"5bdfb648484288000130dad0","EC_0228.jpg"
"2362",2.03125,2.7327,"5bdfb648484288000130dad0","EC_0027.jpg"
"2363",6.888020833,3.8058,"5bdfb648484288000130dad0","EC_0063.jpg"
"2364",1.692708333,2.996,"5bdfb648484288000130dad0","EC_0031.jpg"
"2365",4.127604167,1.9875,"5bdfb648484288000130dad0","EC_0094.jpg"
"2366",4.518229167,3.0348,"5bdfb648484288000130dad0","EC_0032.jpg"
"2367",3.5546875,2.3372,"5bdfb648484288000130dad0","EC_0147.png"
"2368",5.78125,3.5511,"5bdfb648484288000130dad0","EC_0164.jpg"
"2369",5.104166667,2.169,"5bdfb648484288000130dad0","EC_0250.jpg"
"2370",6.067708333,2.1574,"5bdfb648484288000130dad0","EC_0248.jpg"
"2371",0.078125,3.3225,"5bdfb648484288000130dad0","EC_0019.jpg"
"2372",6.9921875,3.2412,"5bdfb648484288000130dad0","EC_0118.jpg"
"2373",9.830729167,2.965,"5bdfb648484288000130dad0","EC_0111.jpg"
"2374",9.830729167,2.0824,"5bdfb648484288000130dad0","EC_0022.jpg"
"2375",9.830729167,2.4166,"5bdfb648484288000130dad0","EC_0079.jpg"
"2376",5.052083333,2.974,"5bdfb648484288000130dad0","EC_0160.jpg"
"2377",9.895833333,3.9293,"5bdfb648484288000130dad0","EC_0029.jpg"
"2378",0,3.0031,"5bdfb648484288000130dad0","EC_0247.jpg"
"2379",9.869791667,3.3509,"5bdfb648484288000130dad0","EC_0188.jpg"
"2380",9.921875,2.8141,"5bdfb648484288000130dad0","EC_0083.jpg"
"2381",4.895833333,2.6678,"5bdfb648484288000130dad0","EC_0089.jpg"
"2382",9.921875,2.6353,"5bdfb648484288000130dad0","EC_0195.jpg"
"2383",0.15625,3.0011,"5bdfb648484288000130dad0","EC_0053.jpg"
"2384",1.432291667,2.8511,"5bdfb648484288000130dad0","EC_0135.jpg"
"2385",0.104166667,3.9984,"5bdfb648484288000130dad0","EC_0103.jpg"
"2386",6.119791667,3.6048,"5bdfb648484288000130dad0","EC_0125.jpeg"
"2387",6.119791667,2.2201,"5bdfb648484288000130dad0","EC_0132.jpg"
"2388",0.143229167,3.2365,"5bdfb648484288000130dad0","EC_0201.jpg"
"2389",0.5078125,3.0943,"5bdfb648484288000130dad0","EC_0245.jpg"
"2390",2.630208333,2.4887,"5bdfb648484288000130dad0","EC_0087.jpg"
"2391",5.364583333,2.3257,"5bdfb648484288000130dad0","EC_0047.jpg"
"2392",5.130208333,1.9786,"5bdfb648484288000130dad0","EC_0034.jpg"
"2393",7.864583333,2.415,"5bdfb648484288000130dad0","EC_0209.jpg"
"2394",7.864583333,1.9374,"5bdfb648484288000130dad0","EC_0018.jpg"
"2395",5.703125,3.5903,"5bdfb648484288000130dad0","EC_0151.jpg"
"2396",5.924479167,1.7335,"5bdfb648484288000130dad0","EC_0133.jpg"
"2397",5.924479167,2.4363,"5bdfb648484288000130dad0","EC_0002.jpg"
"2398",5.924479167,2.0629,"5bdfb648484288000130dad0","EC_0203.jpg"
"2399",8.502604167,4.5717,"5bdfb648484288000130dad0","EC_0183.jpg"
"2400",0.052083333,3.8896,"5bdfb648484288000130dad0","EC_0056.jpg"
"2401",0.052083333,3.3889,"5bdfb648484288000130dad0","EC_0129.jpeg"
"2402",0.065104167,3.1183,"5bdfb648484288000130dad0","EC_0055.jpg"
"2403",1.705729167,2.9063,"5bdfb648484288000130dad0","EC_0037.jpg"
"2404",1.705729167,2.0355,"5bdfb648484288000130dad0","EC_0117.jpg"
"2405",0.078125,3.1697,"5bdfb648484288000130dad0","EC_0187.jpeg"
"2406",8.671875,3.0039,"5bdfb648484288000130dad0","EC_0093.jpg"
"2407",4.9609375,2.9956,"5bdfb648484288000130dad0","EC_0085.jpg"
"2408",4.9609375,1.8785,"5bdfb648484288000130dad0","EC_0168.jpeg"
"2409",9.895833333,3.2865,"5bdfb648484288000130dad0","EC_0060.jpg"
"2410",9.895833333,2.0873,"5bdfb648484288000130dad0","EC_0149.jpg"
"2411",2.252604167,3.5173,"5bdfb648484288000130dad0","EC_0137.jpg"
"2412",4.830729167,2.2001,"5bdfb648484288000130dad0","EC_0075.jpg"
"2413",4.830729167,1.8084,"5bdfb648484288000130dad0","EC_0016.jpg"
"2414",6.432291667,1.9713,"5bdfb648484288000130dad0","EC_0030.jpg"
"2415",8.658854167,2.9199,"5bdfb648484288000130dad0","EC_0001.jpg"
"2416",0.104166667,3.1034,"5bdfb648484288000130dad0","EC_0140.jpg"
"2417",0.260416667,3.3359,"5bdfb648484288000130dad0","EC_0101.jpg"
"2418",6.041666667,2.1704,"5bdfb648484288000130dad0","EC_0104.jpg"
"2419",5.4296875,1.8378,"5bdfb648484288000130dad0","EC_0194.jpg"
"2420",9.765625,2.6686,"5bdfb648484288000130dad0","EC_0161.jpg"
"2421",9.765625,1.7549,"5bdfb648484288000130dad0","EC_0120.jpg"
"2422",2.682291667,2.3701,"5bdfb648484288000130dad0","EC_0222.jpg"
"2423",9.8828125,3.9956,"5bdfb648484288000130dad0","EC_0136.jpg"
"2424",4.036458333,3.499,"5bdfb648484288000130dad0","EC_0169.png"
"2425",4.036458333,1.7322,"5bdfb648484288000130dad0","EC_0007.jpg"
"2426",4.036458333,1.8353,"5bdfb648484288000130dad0","EC_0095.jpg"
"2427",3.046875,2.4898,"5bdfb648484288000130dad0","EC_0197.jpg"
"2428",5.078125,2.7186,"5bdfb648484288000130dad0","EC_0024.jpg"
"2429",5.143229167,1.9239,"5bdfb648484288000130dad0","EC_0028.jpg"
"2430",0.065104167,3.916,"5bdfb648484288000130dad0","EC_0134.jpg"
"2431",6.5234375,2.6518,"5bdfb648484288000130dad0","EC_0011.jpg"
"2432",5.2734375,2.769,"5bdfb648484288000130dad0","EC_0213.jpg"
"2433",0.052083333,2.7407,"5bdfb648484288000130dad0","EC_0121.jpg"
"2434",4.244791667,2.758,"5bdfb648484288000130dad0","EC_0211.jpg"
"2435",9.895833333,2.7734,"5bdfb648484288000130dad0","EC_0048.jpg"
"2436",9.84375,2.6248,"5bdfb648484288000130dad0","EC_0173.jpg"
"2437",9.895833333,2.6908,"5bdfb648484288000130dad0","EC_0081.jpg"
"2438",7.395833333,2.3365,"5bdfb648484288000130dad0","EC_0072.jpg"
"2439",5.221354167,3.4066,"5bdfb648484288000130dad0","EC_0036.jpeg"
"2440",0.130208333,2.7553,"5bdfb648484288000130dad0","EC_0088.jpg"
"2441",4.166666667,2.7873,"5bdfb648484288000130dad0","EC_0224.jpg"
"2442",5.755208333,2.4244,"5bdfb648484288000130dad0","EC_0232.jpg"
"2443",8.203125,2.4188,"5bdfb648484288000130dad0","EC_0246.jpg"
"2444",1.2890625,2.8476,"5bdfb648484288000130dad0","EC_0077.jpg"
"2445",0.026041667,2.5543,"5bdfb648484288000130dad0","EC_0054.jpg"
"2446",0.130208333,2.595,"5bdfb648484288000130dad0","EC_0230.jpg"
"2447",3.0859375,3.3019,"5bdfb648484288000130dad0","EC_0090.jpg"
"2448",7.03125,2.5095,"5bdfb648484288000130dad0","EC_0163.jpg"
"2449",5.833333333,2.259,"5bdfb648484288000130dad0","EC_0182.jpg"
"2450",0.1953125,2.985,"5bdfb648484288000130dad0","EC_0185.jpg"
"2451",2.330729167,2.8003,"5bdfb648484288000130dad0","EC_0154.jpg"
"2452",2.330729167,2.0745,"5bdfb648484288000130dad0","EC_0119.jpg"
"2453",8.763020833,2.7077,"5bdfb648484288000130dad0","EC_0106.jpg"
"2454",6.302083333,2.6938,"5bdfb648484288000130dad0","EC_0139.png"
"2455",6.302083333,1.976,"5bdfb648484288000130dad0","EC_0227.jpg"
"2456",0.3125,2.5388,"5bdfb648484288000130dad0","EC_0176.jpg"
"2457",0.3125,2.0812,"5bdfb648484288000130dad0","EC_0070.jpg"
"2458",0.3125,1.9868,"5bdfb648484288000130dad0","EC_0141.jpg"
"2459",0.3125,2.2475,"5bdfb648484288000130dad0","EC_0064.jpg"
"2460",9.479166667,3.0206,"5bdfb648484288000130dad0","EC_0096.jpg"
"2461",9.635416667,2.6034,"5bdfb648484288000130dad0","EC_0116.jpg"
"2462",3.893229167,3.0966,"5bdfb648484288000130dad0","EC_0184.jpg"
"2463",4.700520833,2.6582,"5bdfb648484288000130dad0","EC_0206.png"
"2464",9.674479167,4.0024,"5bdfb648484288000130dad0","EC_0038.jpg"
"2465",5.15625,3.0889,"5bdfb648484288000130dad0","EC_0092.jpg"
"2466",5.15625,1.8875,"5bdfb648484288000130dad0","EC_0240.jpg"
"2467",1.9140625,2.5583,"5bdfb648484288000130dad0","EC_0214.jpg"
"2468",9.921875,3.1894,"5bdfb648484288000130dad0","EC_0170.jpg"
"2469",9.921875,1.9621,"5bdfb648484288000130dad0","EC_0205.jpg"
"2470",9.921875,1.9223,"5bdfb648484288000130dad0","EC_0235.jpg"
"2471",9.921875,1.6941,"5bdfb648484288000130dad0","EC_0008.jpg"
"2472",3.268229167,3.6843,"5bdfb648484288000130dad0","EC_0131.jpg"
"2473",0.377604167,2.6154,"5bdfb648484288000130dad0","EC_0057.jpeg"
"2474",6.341145833,2.8585,"5bdfb648484288000130dad0","EC_0068.jpg"
"2475",9.908854167,3.8724,"5bdfb648484288000130dad0","EC_0123.jpeg"
"2476",9.466145833,9.1041,"5bdfb648484288000130dad0","EC_0080.jpg"
"2477",9.752604167,2.9723,"5bdfb648484288000130dad0","EC_0221.jpg"
"2478",8.697916667,3.1413,"5bdfb648484288000130dad0","EC_0098.jpg"
"2479",9.7265625,2.8016,"5bdfb648484288000130dad0","EC_0099.jpg"
"2480",4.908854167,4.179,"5bdfb648484288000130dad0","EC_0181.jpg"
"2481",9.986979167,8.73,"5bdfb648484288000130dad0","EC_0226.jpg"
"2482",9.921875,4.2006,"5bdfb648484288000130dad0","EC_0159.jpg"
"2483",5.325520833,2.5669,"5bdfb648484288000130dad0","EC_0066.jpg"
"2484",5.325520833,2.0776,"5bdfb648484288000130dad0","EC_0067.jpg"
"2485",9.778645833,5.061,"5bdfb648484288000130dad0","EC_0157.jpg"
"2486",9.778645833,1.9362,"5bdfb648484288000130dad0","EC_0174.jpg"
"2487",9.778645833,1.8012,"5bdfb648484288000130dad0","EC_0058.jpg"
"2488",0.143229167,4.3918,"5bdfb648484288000130dad0","EC_0124.jpeg"
"2489",9.661458333,3.1886,"5bdfb648484288000130dad0","EC_0156.jpg"
"2490",0.104166667,6.5232,"5bdfb648484288000130dad0","EC_0033.jpeg"
"2491",9.84375,4.6169,"5bdfb648484288000130dad0","EC_0152.jpg"
"2492",9.84375,1.9029,"5bdfb648484288000130dad0","EC_0177.jpg"
"2493",0.091145833,5.4846,"5bdfb648484288000130dad0","EC_0165.jpg"
"2494",0.052083333,12.2223,"5bdfb648484288000130dad0","EC_0046.jpg"
"2495",2.578125,2.5209,"5bdfb648484288000130dad0","EC_0076.jpg"
"2496",4.817708333,2.7237,"5bdfb648484288000130dad0","EC_0236.jpg"
"2497",0.078125,3.7964,"5bdfb648484288000130dad0","EC_0204.jpg"
"2498",9.6875,3.2372,"5bdfb648484288000130dad0","EC_0207.jpg"
"2499",4.921875,3.1203,"5bdfb648484288000130dad0","EC_0150.jpg"
"2500",0.143229167,9.1668,"5bdfb648484288000130dad0","EC_0012.jpg"
"2501",0.143229167,2.4038,"5bdfb648484288000130dad0","EC_0044.jpg"
"2502",8.372395833,3.5544,"5bdfb648484288000130dad0","EC_0086.jpg"
"2503",8.372395833,2.0322,"5bdfb648484288000130dad0","EC_0017.jpg"
"2504",8.372395833,2.5205,"5bdfb648484288000130dad0","EC_0241.jpg"
"2505",6.341145833,2.455,"5bdfb648484288000130dad0","EC_0062.jpg"
"2506",9.505208333,3.6343,"5bdfb648484288000130dad0","EC_0010.jpg"
"2507",9.505208333,2.2092,"5bdfb648484288000130dad0","EC_0003.jpg"
"2508",9.505208333,2.1151,"5bdfb648484288000130dad0","EC_0042.jpg"
"2509",9.505208333,1.9323,"5bdfb648484288000130dad0","EC_0006.jpg"
"2510",3.463541667,3.1688,"5bdfb648484288000130dad0","EC_0050.jpg"
"2511",9.440104167,3.4836,"5bdfb648484288000130dad0","EC_0108.jpg"
"2512",9.440104167,2.0852,"5bdfb648484288000130dad0","EC_0015.jpg"
"2513",9.440104167,1.8875,"5bdfb648484288000130dad0","EC_0041.jpg"
"2514",3.098958333,3.1865,"5bdfb648484288000130dad0","EC_0158.jpg"
"2515",4.830729167,3.3506,"5bdfb648484288000130dad0","EC_0239.jpg"
"2516",4.830729167,1.8644,"5bdfb648484288000130dad0","EC_0113.jpg"
"2517",5.104166667,2.6995,"5bdfb648484288000130dad0","EC_0167.jpg"
"2518",0.1171875,6.315,"5bdfb648484288000130dad0","EC_0229.jpg"
"2519",0.1171875,1.9802,"5bdfb648484288000130dad0","EC_0153.jpg"
"2520",0.1171875,1.9527,"5bdfb648484288000130dad0","EC_0049.jpg"
"2521",5.990740741,5.4875,"5cdee86590d2dc0001f86b3a","EC_0061.jpg"
"2522",6.981481481,4.3508,"5cdee86590d2dc0001f86b3a","EC_0118.jpg"
"2523",0.972222222,4.8618,"5cdee86590d2dc0001f86b3a","EC_0147.png"
"2524",0,3.6376,"5cdee86590d2dc0001f86b3a","EC_0194.jpg"
"2525",10,4.5014,"5cdee86590d2dc0001f86b3a","EC_0117.jpg"
"2526",5,7.3659,"5cdee86590d2dc0001f86b3a","EC_0036.jpeg"
"2527",6,7.3352,"5cdee86590d2dc0001f86b3a","EC_0243.jpg"
"2528",10,4.083,"5cdee86590d2dc0001f86b3a","EC_0119.jpg"
"2529",7.009259259,4.3708,"5cdee86590d2dc0001f86b3a","EC_0069.jpg"
"2530",10,4.5285,"5cdee86590d2dc0001f86b3a","EC_0062.jpg"
"2531",5,4.6246,"5cdee86590d2dc0001f86b3a","EC_0151.jpg"
"2532",6.009259259,6.9324,"5cdee86590d2dc0001f86b3a","EC_0136.jpg"
"2533",9.740740741,3.9338,"5cdee86590d2dc0001f86b3a","EC_0058.jpg"
"2534",1.962962963,5.3784,"5cdee86590d2dc0001f86b3a","EC_0199.jpg"
"2535",0.972222222,3.1395,"5cdee86590d2dc0001f86b3a","EC_0240.jpg"
"2536",0.009259259,5.5228,"5cdee86590d2dc0001f86b3a","EC_0040.jpg"
"2537",4.009259259,3.473,"5cdee86590d2dc0001f86b3a","EC_0140.jpg"
"2538",5.962962963,2.8909,"5cdee86590d2dc0001f86b3a","EC_0233.jpg"
"2539",1.462962963,5.3366,"5cdee86590d2dc0001f86b3a","EC_0169.png"
"2540",0.037037037,3.8165,"5cdee86590d2dc0001f86b3a","EC_0121.jpg"
"2541",8.962962963,3.1123,"5cdee86590d2dc0001f86b3a","EC_0203.jpg"
"2542",0,3.2542,"5cdee86590d2dc0001f86b3a","EC_0105.jpg"
"2543",5,4.0044,"5cdee86590d2dc0001f86b3a","EC_0237.jpg"
"2544",0,4.1938,"5cdee86590d2dc0001f86b3a","EC_0165.jpg"
"2545",9.972222222,3.7387,"5cdee86590d2dc0001f86b3a","EC_0047.jpg"
"2546",6.981481481,3.7755,"5cdee86590d2dc0001f86b3a","EC_0188.jpg"
"2547",6.037037037,3.1589,"5cdee86590d2dc0001f86b3a","EC_0160.jpg"
"2548",1.972222222,7.228,"5cdee86590d2dc0001f86b3a","EC_0071.jpg"
"2549",0,5.7222,"5cdee86590d2dc0001f86b3a","EC_0033.jpeg"
"2550",9.898148148,4.5052,"5cdee86590d2dc0001f86b3a","EC_0138.png"
"2551",5,4.5925,"5cdee86590d2dc0001f86b3a","EC_0011.jpg"
"2552",3.009259259,3.3555,"5cdee86590d2dc0001f86b3a","EC_0089.jpg"
"2553",0,4.1594,"5cdee86590d2dc0001f86b3a","EC_0232.jpg"
"2554",8.009259259,3.2198,"5cdee86590d2dc0001f86b3a","EC_0015.jpg"
"2555",2,6.8484,"5cdee86590d2dc0001f86b3a","EC_0067.jpg"
"2556",0.296296296,2.8996,"5cdee86590d2dc0001f86b3a","EC_0210.jpg"
"2557",0,4.2922,"5cdee86590d2dc0001f86b3a","EC_0185.jpg"
"2558",0,2.8749,"5cdee86590d2dc0001f86b3a","EC_0054.jpg"
"2559",7,3.4353,"5cdee86590d2dc0001f86b3a","EC_0073.jpg"
"2560",9.37037037,2.8324,"5cdee86590d2dc0001f86b3a","EC_0174.jpg"
"2561",7.074074074,7.3202,"5cdee86590d2dc0001f86b3a","EC_0166.jpg"
"2562",4.981481481,3.2291,"5cdee86590d2dc0001f86b3a","EC_0228.jpg"
"2563",8,6.809,"5cdee86590d2dc0001f86b3a","EC_0135.jpg"
"2564",6.972222222,9.2727,"5cdee86590d2dc0001f86b3a","EC_0224.jpg"
"2565",0,4.1259,"5cdee86590d2dc0001f86b3a","EC_0020.jpg"
"2566",6.027777778,4.4657,"5cdee86590d2dc0001f86b3a","EC_0158.jpg"
"2567",3.018518519,3.5102,"5cdee86590d2dc0001f86b3a","EC_0201.jpg"
"2568",5.962962963,4.0892,"5cdee86590d2dc0001f86b3a","EC_0197.jpg"
"2569",9.972222222,2.9994,"5cdee86590d2dc0001f86b3a","EC_0132.jpg"
"2570",7,2.8205,"5cdee86590d2dc0001f86b3a","EC_0177.jpg"
"2571",9.592592593,3.2969,"5cdee86590d2dc0001f86b3a","EC_0090.jpg"
"2572",7.990740741,4.4844,"5cdee86590d2dc0001f86b3a","EC_0168.jpeg"
"2573",0.018518519,4.0261,"5cdee86590d2dc0001f86b3a","EC_0053.jpg"
"2574",3,3.7237,"5cdee86590d2dc0001f86b3a","EC_0094.jpg"
"2575",5.092592593,3.4126,"5cdee86590d2dc0001f86b3a","EC_0003.jpg"
"2576",5.12037037,2.4641,"5cdee86590d2dc0001f86b3a","EC_0183.jpg"
"2577",6.972222222,4.8009,"5cdee86590d2dc0001f86b3a","EC_0148.jpg"
"2578",5,6.489,"5cdee86590d2dc0001f86b3a","EC_0241.jpg"
"2579",1.009259259,6.3819,"5cdee86590d2dc0001f86b3a","EC_0113.jpg"
"2580",0.990740741,2.9155,"5cdee86590d2dc0001f86b3a","EC_0182.jpg"
"2581",6.953703704,3.9578,"5cdee86590d2dc0001f86b3a","EC_0074.jpg"
"2582",0.018518519,3.0541,"5cdee86590d2dc0001f86b3a","EC_0019.jpg"
"2583",3.972222222,4.1016,"5cdee86590d2dc0001f86b3a","EC_0154.jpg"
"2584",9.972222222,2.739,"5cdee86590d2dc0001f86b3a","EC_0031.jpg"
"2585",6.972222222,3.2678,"5cdee86590d2dc0001f86b3a","EC_0070.jpg"
"2586",0.981481481,3.9243,"5cdee86590d2dc0001f86b3a","EC_0014.jpg"
"2587",5.944444444,3.6555,"5cdee86590d2dc0001f86b3a","EC_0039.jpg"
"2588",0.962962963,3.1265,"5cdee86590d2dc0001f86b3a","EC_0022.jpg"
"2589",0,3.5969,"5cdee86590d2dc0001f86b3a","EC_0170.jpg"
"2590",8.953703704,3.2768,"5cdee86590d2dc0001f86b3a","EC_0137.jpg"
"2591",9.990740741,4.1021,"5cdee86590d2dc0001f86b3a","EC_0046.jpg"
"2592",9.990740741,2.6372,"5cdee86590d2dc0001f86b3a","EC_0207.jpg"
"2593",0.009259259,3.2752,"5cdee86590d2dc0001f86b3a","EC_0184.jpg"
"2594",0.027777778,2.612,"5cdee86590d2dc0001f86b3a","EC_0106.jpg"
"2595",5,6.0846,"5cdee86590d2dc0001f86b3a","EC_0072.jpg"
"2596",8.037037037,3.0346,"5cdee86590d2dc0001f86b3a","EC_0104.jpg"
"2597",0.009259259,2.348,"5cdee86590d2dc0001f86b3a","EC_0049.jpg"
"2598",5.990740741,2.9592,"5cdee86590d2dc0001f86b3a","EC_0156.jpg"
"2599",7.046296296,2.5215,"5cdee86590d2dc0001f86b3a","EC_0202.jpg"
"2600",4.972222222,4.5888,"5cdee86590d2dc0001f86b3a","EC_0111.jpg"
"2601",6.018518519,3.3949,"5cdee86590d2dc0001f86b3a","EC_0109.jpg"
"2602",6.981481481,3.1414,"5cdee86590d2dc0001f86b3a","EC_0180.jpg"
"2603",9,3.2519,"5cdee86590d2dc0001f86b3a","EC_0102.jpg"
"2604",9.990740741,3.4524,"5cdee86590d2dc0001f86b3a","EC_0209.jpg"
"2605",0,5.282,"5cdee86590d2dc0001f86b3a","EC_0221.jpg"
"2606",5.990740741,3.3986,"5cdee86590d2dc0001f86b3a","EC_0097.jpg"
"2607",0.009259259,3.6874,"5cdee86590d2dc0001f86b3a","EC_0010.jpg"
"2608",3.009259259,4.7175,"5cdee86590d2dc0001f86b3a","EC_0219.jpg"
"2609",3.018518519,3.0517,"5cdee86590d2dc0001f86b3a","EC_0231.jpg"
"2610",0,3.8911,"5cdee86590d2dc0001f86b3a","EC_0134.jpg"
"2611",0.009259259,4.5429,"5cdee86590d2dc0001f86b3a","EC_0204.jpg"
"2612",5.916666667,5.4563,"5cdee86590d2dc0001f86b3a","EC_0214.jpg"
"2613",9.962962963,2.6613,"5cdee86590d2dc0001f86b3a","EC_0050.jpg"
"2614",0,3.7634,"5cdee86590d2dc0001f86b3a","EC_0161.jpg"
"2615",6.074074074,6.8348,"5cdee86590d2dc0001f86b3a","EC_0060.jpg"
"2616",6.018518519,3.4073,"5cdee86590d2dc0001f86b3a","EC_0051.jpg"
"2617",8.981481481,3.0602,"5cdee86590d2dc0001f86b3a","EC_0153.jpg"
"2618",0.055555556,2.7643,"5cdee86590d2dc0001f86b3a","EC_0187.jpeg"
"2619",0.027777778,2.664,"5cdee86590d2dc0001f86b3a","EC_0226.jpg"
"2620",0,2.9076,"5cdee86590d2dc0001f86b3a","EC_0056.jpg"
"2621",8.981481481,5.1656,"5cdee86590d2dc0001f86b3a","EC_0093.jpg"
"2622",9.027777778,3.655,"5cdee86590d2dc0001f86b3a","EC_0163.jpg"
"2623",6.953703704,3.4668,"5cdee86590d2dc0001f86b3a","EC_0018.jpg"
"2624",6.018518519,2.8051,"5cdee86590d2dc0001f86b3a","EC_0164.jpg"
"2625",7.027777778,2.734,"5cdee86590d2dc0001f86b3a","EC_0152.jpg"
"2626",0.009259259,4.4422,"5cdee86590d2dc0001f86b3a","EC_0103.jpg"
"2627",4.027777778,3.4074,"5cdee86590d2dc0001f86b3a","EC_0034.jpg"
"2628",5.953703704,6.2254,"5cdee86590d2dc0001f86b3a","EC_0141.jpg"
"2629",0.990740741,13.3257,"5cdee86590d2dc0001f86b3a","EC_0171.jpg"
"2630",1,4.6969,"5cdee86590d2dc0001f86b3a","EC_0008.jpg"
"2631",0.027777778,4.1902,"5cdee86590d2dc0001f86b3a","EC_0065.jpg"
"2632",9,3.1843,"5cdee86590d2dc0001f86b3a","EC_0250.jpg"
"2633",9.944444444,2.8478,"5cdee86590d2dc0001f86b3a","EC_0205.jpg"
"2634",9.972222222,2.5692,"5cdee86590d2dc0001f86b3a","EC_0157.jpg"
"2635",6.009259259,2.7024,"5cdee86590d2dc0001f86b3a","EC_0041.jpg"
"2636",7.027777778,2.3345,"5cdee86590d2dc0001f86b3a","EC_0200.png"
"2637",6.888888889,2.2436,"5cdee86590d2dc0001f86b3a","EC_0116.jpg"
"2638",8.009259259,2.6159,"5cdee86590d2dc0001f86b3a","EC_0079.jpg"
"2639",9.981481481,3.3163,"5cdee86590d2dc0001f86b3a","EC_0098.jpg"
"2640",2.027777778,3.3649,"5cdee86590d2dc0001f86b3a","EC_0211.jpg"
"2641",0.027777778,2.768,"5cdee86590d2dc0001f86b3a","EC_0206.png"
"2642",7.981481481,3.227,"5cdee86590d2dc0001f86b3a","EC_0092.jpg"
"2643",6.731481481,2.5827,"5cdee86590d2dc0001f86b3a","EC_0057.jpeg"
"2644",4.972222222,2.9441,"5cdee86590d2dc0001f86b3a","EC_0001.jpg"
"2645",8.972222222,2.6193,"5cdee86590d2dc0001f86b3a","EC_0048.jpg"
"2646",2.092592593,10.0119,"5cdee86590d2dc0001f86b3a","EC_0150.jpg"
"2647",9.962962963,6.6536,"5cdee86590d2dc0001f86b3a","EC_0013.jpg"
"2648",8.990740741,2.9517,"5cdee86590d2dc0001f86b3a","EC_0149.jpg"
"2649",5,6.7601,"5cdee86590d2dc0001f86b3a","EC_0128.jpeg"
"2650",8.027777778,2.624,"5cdee86590d2dc0001f86b3a","EC_0009.jpg"
"2651",8.009259259,4.439,"5cdee86590d2dc0001f86b3a","EC_0082.jpg"
"2652",5.953703704,5.2969,"5cdee86590d2dc0001f86b3a","EC_0002.jpg"
"2653",4.981481481,6.3546,"5cdee86590d2dc0001f86b3a","EC_0059.jpg"
"2654",7.361111111,2.5734,"5cdee86590d2dc0001f86b3a","EC_0087.jpg"
"2655",6.564814815,3.5936,"5cdee86590d2dc0001f86b3a","EC_0227.jpg"
"2656",9.722222222,3.0239,"5cdee86590d2dc0001f86b3a","EC_0095.jpg"
"2657",5.62037037,3.3537,"5cdee86590d2dc0001f86b3a","EC_0236.jpg"
"2658",6.416666667,8.1179,"5cdee86590d2dc0001f86b3a","EC_0139.png"
"2659",6.12962963,3.5672,"5cdee86590d2dc0001f86b3a","EC_0086.jpg"
"2660",6.574074074,3.6743,"5cdee86590d2dc0001f86b3a","EC_0238.jpg"
"2661",8.564814815,2.6287,"5cdee86590d2dc0001f86b3a","EC_0244.jpg"
"2662",5,3.7382,"5cdee86590d2dc0001f86b3a","EC_0042.jpg"
"2663",9.972222222,3.1185,"5cdee86590d2dc0001f86b3a","EC_0077.jpg"
"2664",4.981481481,3.6821,"5cdee86590d2dc0001f86b3a","EC_0083.jpg"
"2665",8.25,2.8276,"5cdee86590d2dc0001f86b3a","EC_0096.jpg"
"2666",0.537037037,3.3257,"5cdee86590d2dc0001f86b3a","EC_0005.jpg"
"2667",8.75,2.7918,"5cdee86590d2dc0001f86b3a","EC_0099.jpg"
"2668",6.990740741,6.5568,"5cdee86590d2dc0001f86b3a","EC_0028.jpg"
"2669",7.185185185,5.2641,"5cdee86590d2dc0001f86b3a","EC_0229.jpg"
"2670",0,4.1324,"5cdee86590d2dc0001f86b3a","EC_0027.jpg"
"2671",4.972222222,3.1184,"5cdee86590d2dc0001f86b3a","EC_0159.jpg"
"2672",6.203703704,3.1787,"5cdee86590d2dc0001f86b3a","EC_0213.jpg"
"2673",5,4.4513,"5cdee86590d2dc0001f86b3a","EC_0176.jpg"
"2674",4.962962963,2.0447,"5cdee86590d2dc0001f86b3a","EC_0064.jpg"
"2675",7.814814815,2.1802,"5cdee86590d2dc0001f86b3a","EC_0007.jpg"
"2676",5.962962963,3.4333,"5cdee86590d2dc0001f86b3a","EC_0115.jpg"
"2677",9.537037037,2.9429,"5cdee86590d2dc0001f86b3a","EC_0084.jpg"
"2678",0.231481481,2.395,"5cdee86590d2dc0001f86b3a","EC_0088.jpg"
"2679",6.166666667,3.0038,"5cdee86590d2dc0001f86b3a","EC_0038.jpg"
"2680",2.509259259,3.9074,"5cdee86590d2dc0001f86b3a","EC_0247.jpg"
"2681",8.148148148,2.3621,"5cdee86590d2dc0001f86b3a","EC_0248.jpg"
"2682",8.87962963,2.2763,"5cdee86590d2dc0001f86b3a","EC_0006.jpg"
"2683",8,3.0319,"5cdee86590d2dc0001f86b3a","EC_0081.jpg"
"2684",8.592592593,2.7112,"5cdee86590d2dc0001f86b3a","EC_0167.jpg"
"2685",0.027777778,3.7081,"5cdee86590d2dc0001f86b3a","EC_0129.jpeg"
"2686",2.194444444,3.7294,"5cdee86590d2dc0001f86b3a","EC_0032.jpg"
"2687",6.287037037,2.9734,"5cdee86590d2dc0001f86b3a","EC_0085.jpg"
"2688",8.092592593,4.0562,"5cdee86590d2dc0001f86b3a","EC_0068.jpg"
"2689",5,3.6185,"5cdee86590d2dc0001f86b3a","EC_0142.jpg"
"2690",5.990740741,3.0374,"5cdee86590d2dc0001f86b3a","EC_0234.jpg"
"2691",6.685185185,2.407,"5cdee86590d2dc0001f86b3a","EC_0198.jpg"
"2692",2.675925926,3.3296,"5cdee86590d2dc0001f86b3a","EC_0246.jpg"
"2693",0.046296296,2.7692,"5cdee86590d2dc0001f86b3a","EC_0055.jpg"
"2694",2.796296296,3.9271,"5cdee86590d2dc0001f86b3a","EC_0131.jpg"
"2695",4.046296296,3.5763,"5cdee86590d2dc0001f86b3a","EC_0101.jpg"
"2696",4.962962963,3.7787,"5cdee86590d2dc0001f86b3a","EC_0124.jpeg"
"2697",2.027777778,4.6544,"5cdee86590d2dc0001f86b3a","EC_0120.jpg"
"2698",5.287037037,3.6712,"5cdee86590d2dc0001f86b3a","EC_0222.jpg"
"2699",5.981481481,2.6586,"5cdee86590d2dc0001f86b3a","EC_0030.jpg"
"2700",4.990740741,3.0301,"5cdee86590d2dc0001f86b3a","EC_0239.jpg"
"2701",9.990740741,3.2476,"5cdee86590d2dc0001f86b3a","EC_0172.jpg"
"2702",9.416666667,2.5676,"5cdee86590d2dc0001f86b3a","EC_0249.jpg"
"2703",3.027777778,4.5332,"5cdee86590d2dc0001f86b3a","EC_0024.jpg"
"2704",5.990740741,3.8276,"5cdee86590d2dc0001f86b3a","EC_0196.jpg"
"2705",2.842592593,4.2862,"5cdee86590d2dc0001f86b3a","EC_0080.jpg"
"2706",4.027777778,4.1535,"5cdee86590d2dc0001f86b3a","EC_0173.jpg"
"2707",6.981481481,9.0975,"5cdee86590d2dc0001f86b3a","EC_0016.jpg"
"2708",0.157407407,2.6907,"5cdee86590d2dc0001f86b3a","EC_0162.jpg"
"2709",3.5,3.0223,"5cdee86590d2dc0001f86b3a","EC_0193.png"
"2710",7.055555556,2.3314,"5cdee86590d2dc0001f86b3a","EC_0235.jpg"
"2711",6.935185185,3.102,"5cdee86590d2dc0001f86b3a","EC_0037.jpg"
"2712",8.222222222,2.4078,"5cdee86590d2dc0001f86b3a","EC_0230.jpg"
"2713",4.972222222,6.0031,"5cdee86590d2dc0001f86b3a","EC_0076.jpg"
"2714",8.074074074,2.906,"5cdee86590d2dc0001f86b3a","EC_0223.jpg"
"2715",7.157407407,2.4277,"5cdee86590d2dc0001f86b3a","EC_0100.jpg"
"2716",6.074074074,3.9493,"5cdee86590d2dc0001f86b3a","EC_0195.jpg"
"2717",9.962962963,3.016,"5cdee86590d2dc0001f86b3a","EC_0123.jpeg"
"2718",9.296296296,2.6361,"5cdee86590d2dc0001f86b3a","EC_0245.jpg"
"2719",8.074074074,2.2767,"5cdee86590d2dc0001f86b3a","EC_0017.jpg"
"2720",9.064814815,2.4273,"5cdee86590d2dc0001f86b3a","EC_0029.jpg"
"2721",4.037037037,6.4819,"5cdee86590d2dc0001f86b3a","EC_0242.jpg"
"2722",0,3.7808,"5cdee86590d2dc0001f86b3a","EC_0108.jpg"
"2723",8.083333333,3.2251,"5cdee86590d2dc0001f86b3a","EC_0181.jpg"
"2724",0.074074074,2.4554,"5cdee86590d2dc0001f86b3a","EC_0075.jpg"
"2725",9.416666667,3.4732,"5cdee86590d2dc0001f86b3a","EC_0063.jpg"
"2726",0.185185185,2.3235,"5cdee86590d2dc0001f86b3a","EC_0044.jpg"
"2727",3.361111111,5.2958,"5cdee86590d2dc0001f86b3a","EC_0133.jpg"
"2728",9.87037037,3.0888,"5cdee86590d2dc0001f86b3a","EC_0066.jpg"
"2729",0.12037037,2.9409,"5cdee86590d2dc0001f86b3a","EC_0012.jpg"
"2730",6.731481481,4.096,"5cdee86590d2dc0001f86b3a","EC_0125.jpeg"
"2731",8.175926208,3.6572,"5d127351768ee30019d6231f","EC_0081.jpg"
"2732",1.092592522,3.1156,"5d127351768ee30019d6231f","EC_0067.jpg"
"2733",0.555555556,3.1793,"5d127351768ee30019d6231f","EC_0140.jpg"
"2734",0.768518448,2.9522,"5d127351768ee30019d6231f","EC_0162.jpg"
"2735",8.97222307,3.1597,"5d127351768ee30019d6231f","EC_0157.jpg"
"2736",1.981481623,3.3187,"5d127351768ee30019d6231f","EC_0247.jpg"
"2737",8.046297144,3.4661,"5d127351768ee30019d6231f","EC_0123.jpeg"
"2738",7.861111252,2.525,"5d127351768ee30019d6231f","EC_0131.jpg"
"2739",4.833333757,3.7923,"5d127351768ee30019d6231f","EC_0128.jpeg"
"2740",2.055555979,4.1101,"5d127351768ee30019d6231f","EC_0150.jpg"
"2741",1.861111323,2.7724,"5d127351768ee30019d6231f","EC_0075.jpg"
"2742",0.314814956,2.7776,"5d127351768ee30019d6231f","EC_0214.jpg"
"2743",8.055555556,2.929,"5d127351768ee30019d6231f","EC_0223.jpg"
"2744",8.648148996,3.2936,"5d127351768ee30019d6231f","EC_0194.jpg"
"2745",9.388889737,3.2662,"5d127351768ee30019d6231f","EC_0044.jpg"
"2746",9.064815663,2.5765,"5d127351768ee30019d6231f","EC_0209.jpg"
"2747",3.074074498,3.0925,"5d127351768ee30019d6231f","EC_0147.png"
"2748",5.953703986,2.8261,"5d127351768ee30019d6231f","EC_0018.jpg"
"2749",4.564815097,3.0621,"5d127351768ee30019d6231f","EC_0028.jpg"
"2750",3.287037037,2.8191,"5d127351768ee30019d6231f","EC_0231.jpg"
"2751",1.092592522,2.8886,"5d127351768ee30019d6231f","EC_0059.jpg"
"2752",7.592592593,3.0582,"5d127351768ee30019d6231f","EC_0070.jpg"
"2753",3.157407266,3.0114,"5d127351768ee30019d6231f","EC_0003.jpg"
"2754",0.805555626,2.8543,"5d127351768ee30019d6231f","EC_0153.jpg"
"2755",0.898148219,2.2344,"5d127351768ee30019d6231f","EC_0141.jpg"
"2756",0.824074215,2.6359,"5d127351768ee30019d6231f","EC_0036.jpeg"
"2757",8.314815097,3.3039,"5d127351768ee30019d6231f","EC_0229.jpg"
"2758",7.879629488,2.4925,"5d127351768ee30019d6231f","EC_0016.jpg"
"2759",1.083333404,3.8744,"5d127351768ee30019d6231f","EC_0088.jpg"
"2760",1.083333404,2.1457,"5d127351768ee30019d6231f","EC_0171.jpg"
"2761",1.601851781,2.8806,"5d127351768ee30019d6231f","EC_0181.jpg"
"2762",3.083333616,4.0996,"5d127351768ee30019d6231f","EC_0101.jpg"
"2763",0.259259189,3.7684,"5d127351768ee30019d6231f","EC_0113.jpg"
"2764",7.694444303,2.947,"5d127351768ee30019d6231f","EC_0050.jpg"
"2765",8.898148713,3.6593,"5d127351768ee30019d6231f","EC_0207.jpg"
"2766",9.34259344,3.0602,"5d127351768ee30019d6231f","EC_0030.jpg"
"2767",0.703703916,3.161,"5d127351768ee30019d6231f","EC_0058.jpg"
"2768",0.111111182,3.7596,"5d127351768ee30019d6231f","EC_0033.jpeg"
"2769",0.14814836,2.5187,"5d127351768ee30019d6231f","EC_0060.jpg"
"2770",0.592592734,3.4377,"5d127351768ee30019d6231f","EC_0073.jpg"
"2771",5.87962963,4.0944,"5d127351768ee30019d6231f","EC_0055.jpg"
"2772",0.203703774,3.7775,"5d127351768ee30019d6231f","EC_0183.jpg"
"2773",2.518518942,2.9918,"5d127351768ee30019d6231f","EC_0029.jpg"
"2774",7.287037461,3.7652,"5d127351768ee30019d6231f","EC_0108.jpg"
"2775",7.342592875,2.9765,"5d127351768ee30019d6231f","EC_0082.jpg"
"2776",7.759259542,3.0948,"5d127351768ee30019d6231f","EC_0116.jpg"
"2777",3.425925926,3.5408,"5d127351768ee30019d6231f","EC_0195.jpg"
"2778",8.77777806,4.2271,"5d127351768ee30019d6231f","EC_0051.jpg"
"2779",8.6018527,2.442,"5d127351768ee30019d6231f","EC_0221.jpg"
"2780",0.212962892,3.2399,"5d127351768ee30019d6231f","EC_0161.jpg"
"2781",6.166666525,3.4457,"5d127351768ee30019d6231f","EC_0100.jpg"
"2782",2.305555697,3.0576,"5d127351768ee30019d6231f","EC_0007.jpg"
"2783",3.342592451,3.4633,"5d127351768ee30019d6231f","EC_0199.jpg"
"2784",0.564815027,2.604,"5d127351768ee30019d6231f","EC_0198.jpg"
"2785",5.361111252,3.409,"5d127351768ee30019d6231f","EC_0099.jpg"
"2786",1.305555767,3.4781,"5d127351768ee30019d6231f","EC_0232.jpg"
"2787",1.222222293,2.4859,"5d127351768ee30019d6231f","EC_0047.jpg"
"2788",0.305555485,2.9955,"5d127351768ee30019d6231f","EC_0142.jpg"
"2789",1.083333404,4.4883,"5d127351768ee30019d6231f","EC_0024.jpg"
"2790",7.009259683,4.1582,"5d127351768ee30019d6231f","EC_0241.jpg"
"2791",7.629629771,2.8743,"5d127351768ee30019d6231f","EC_0210.jpg"
"2792",2.481481764,2.8109,"5d127351768ee30019d6231f","EC_0039.jpg"
"2793",1.722222434,5.7446,"5d127351768ee30019d6231f","EC_0086.jpg"
"2794",7.472222646,3.5627,"5d127351768ee30019d6231f","EC_0096.jpg"
"2795",4.796296579,3.4286,"5d127351768ee30019d6231f","EC_0038.jpg"
"2796",0.342592663,3.062,"5d127351768ee30019d6231f","EC_0019.jpg"
"2797",0.342592663,2.9795,"5d127351768ee30019d6231f","EC_0154.jpg"
"2798",5.37037037,3.56,"5d127351768ee30019d6231f","EC_0233.jpg"
"2799",6.222222646,3.1699,"5d127351768ee30019d6231f","EC_0087.jpg"
"2800",8.833334181,3.6025,"5d127351768ee30019d6231f","EC_0010.jpg"
"2801",7.074074215,2.7862,"5d127351768ee30019d6231f","EC_0031.jpg"
"2802",7.398148289,2.7294,"5d127351768ee30019d6231f","EC_0034.jpg"
"2803",5.814815097,3.2833,"5d127351768ee30019d6231f","EC_0053.jpg"
"2804",6.805555556,3.1922,"5d127351768ee30019d6231f","EC_0118.jpg"
"2805",3.722222646,3.6358,"5d127351768ee30019d6231f","EC_0160.jpg"
"2806",5.101851711,2.7142,"5d127351768ee30019d6231f","EC_0166.jpg"
"2807",5.212963246,3.2923,"5d127351768ee30019d6231f","EC_0172.jpg"
"2808",5.805555979,3.9832,"5d127351768ee30019d6231f","EC_0169.png"
"2809",6.759259259,2.8873,"5d127351768ee30019d6231f","EC_0156.jpg"
"2810",1.462962892,3.669,"5d127351768ee30019d6231f","EC_0109.jpg"
"2811",1.703703845,3.1354,"5d127351768ee30019d6231f","EC_0204.jpg"
"2812",0.175926067,2.7206,"5d127351768ee30019d6231f","EC_0005.jpg"
"2813",3.157407266,3.3668,"5d127351768ee30019d6231f","EC_0092.jpg"
"2814",6.231481764,3.0903,"5d127351768ee30019d6231f","EC_0149.jpg"
"2815",1.990740741,3.2972,"5d127351768ee30019d6231f","EC_0102.jpg"
"2816",5.083333475,3.1442,"5d127351768ee30019d6231f","EC_0168.jpeg"
"2817",0.398148078,7.555,"5d127351768ee30019d6231f","EC_0184.jpg"
"2818",0.981481693,2.7114,"5d127351768ee30019d6231f","EC_0203.jpg"
"2819",7.916666667,3.3251,"5d127351768ee30019d6231f","EC_0196.jpg"
"2820",0.37037037,3.0192,"5d127351768ee30019d6231f","EC_0213.jpg"
"2821",1.018518519,2.8421,"5d127351768ee30019d6231f","EC_0076.jpg"
"2822",9.759260107,3.7377,"5d127351768ee30019d6231f","EC_0136.jpg"
"2823",1.490740953,4.0856,"5d127351768ee30019d6231f","EC_0111.jpg"
"2824",8.222222505,3.0877,"5d127351768ee30019d6231f","EC_0228.jpg"
"2825",0.546296438,3.1755,"5d127351768ee30019d6231f","EC_0148.jpg"
"2826",0.87962963,4.0485,"5d127351768ee30019d6231f","EC_0066.jpg"
"2827",3.166667091,3.5057,"5d127351768ee30019d6231f","EC_0014.jpg"
"2828",2.000000212,3.3621,"5d127351768ee30019d6231f","EC_0093.jpg"
"2829",2.083333333,2.7778,"5d127351768ee30019d6231f","EC_0177.jpg"
"2830",6.777778202,4.4672,"5d127351768ee30019d6231f","EC_0193.png"
"2831",2.333333757,3.2023,"5d127351768ee30019d6231f","EC_0009.jpg"
"2832",3.527777636,3.8236,"5d127351768ee30019d6231f","EC_0151.jpg"
"2833",1.898148148,3.8838,"5d127351768ee30019d6231f","EC_0238.jpg"
"2834",5.944444868,2.8526,"5d127351768ee30019d6231f","EC_0020.jpg"
"2835",5.851852276,2.5318,"5d127351768ee30019d6231f","EC_0069.jpg"
"2836",2.111111394,3.176,"5d127351768ee30019d6231f","EC_0037.jpg"
"2837",7.268518519,3.4475,"5d127351768ee30019d6231f","EC_0080.jpg"
"2838",7.620370653,3.505,"5d127351768ee30019d6231f","EC_0022.jpg"
"2839",1.870370441,3.3053,"5d127351768ee30019d6231f","EC_0049.jpg"
"2840",1.462962892,2.4933,"5d127351768ee30019d6231f","EC_0242.jpg"
"2841",0.675925855,4.1691,"5d127351768ee30019d6231f","EC_0042.jpg"
"2842",6.166666525,5.7213,"5d127351768ee30019d6231f","EC_0012.jpg"
"2843",1.925925855,2.9911,"5d127351768ee30019d6231f","EC_0137.jpg"
"2844",2.435185468,3.4139,"5d127351768ee30019d6231f","EC_0139.png"
"2845",7.351851993,2.9671,"5d127351768ee30019d6231f","EC_0205.jpg"
"2846",1.490740953,3.6945,"5d127351768ee30019d6231f","EC_0083.jpg"
"2847",0.981481693,3.9013,"5d127351768ee30019d6231f","EC_0201.jpg"
"2848",6.018518519,3.4886,"5d127351768ee30019d6231f","EC_0015.jpg"
"2849",3.009259259,3.3086,"5d127351768ee30019d6231f","EC_0062.jpg"
"2850",4.222222081,3.3594,"5d127351768ee30019d6231f","EC_0089.jpg"
"2851",2.601851711,3.3254,"5d127351768ee30019d6231f","EC_0094.jpg"
"2852",5.500000141,4.1628,"5d127351768ee30019d6231f","EC_0046.jpg"
"2853",0.500000141,3.319,"5d127351768ee30019d6231f","EC_0243.jpg"
"2854",1.037037108,3.7338,"5d127351768ee30019d6231f","EC_0065.jpg"
"2855",6.759259259,3.3529,"5d127351768ee30019d6231f","EC_0224.jpg"
"2856",6.86111097,2.9411,"5d127351768ee30019d6231f","EC_0200.png"
"2857",9.981481764,3.6753,"5d127351768ee30019d6231f","EC_0041.jpg"
"2858",6.240740882,3.4277,"5d127351768ee30019d6231f","EC_0032.jpg"
"2859",8.046297144,3.0194,"5d127351768ee30019d6231f","EC_0219.jpg"
"2860",6.194444586,2.9762,"5d127351768ee30019d6231f","EC_0167.jpg"
"2861",8.231482329,3.2936,"5d127351768ee30019d6231f","EC_0104.jpg"
"2862",2.083333333,6.4067,"5d127351768ee30019d6231f","EC_0072.jpg"
"2863",6.54629672,4.0695,"5d127351768ee30019d6231f","EC_0120.jpg"
"2864",4.268518377,3.9789,"5d127351768ee30019d6231f","EC_0017.jpg"
"2865",1.453703774,3.9943,"5d127351768ee30019d6231f","EC_0244.jpg"
"2866",1.879629559,5.5134,"5d127351768ee30019d6231f","EC_0236.jpg"
"2867",2.148148572,6.1866,"5d127351768ee30019d6231f","EC_0006.jpg"
"2868",4.138889313,4.5481,"5d127351768ee30019d6231f","EC_0173.jpg"
"2869",5.138888889,3.1513,"5d127351768ee30019d6231f","EC_0187.jpeg"
"2870",3.083333616,2.6356,"5d127351768ee30019d6231f","EC_0237.jpg"
"2871",2.398148289,3.3197,"5d127351768ee30019d6231f","EC_0152.jpg"
"2872",6.231481764,3.1671,"5d127351768ee30019d6231f","EC_0084.jpg"
"2873",0.111111182,2.9174,"5d127351768ee30019d6231f","EC_0227.jpg"
"2874",0.86111104,2.8795,"5d127351768ee30019d6231f","EC_0159.jpg"
"2875",4.305555556,3.168,"5d127351768ee30019d6231f","EC_0071.jpg"
"2876",0.731481623,3.3592,"5d127351768ee30019d6231f","EC_0064.jpg"
"2877",1.166666879,3.0448,"5d127351768ee30019d6231f","EC_0040.jpg"
"2878",0.824074215,3.0853,"5d127351768ee30019d6231f","EC_0056.jpg"
"2879",6.074073933,3.6838,"5d127351768ee30019d6231f","EC_0011.jpg"
"2880",2.592592593,3.8793,"5d127351768ee30019d6231f","EC_0057.jpeg"
"2881",2.481481764,3.029,"5d127351768ee30019d6231f","EC_0054.jpg"
"2882",1.925925855,3.2693,"5d127351768ee30019d6231f","EC_0095.jpg"
"2883",1.02777799,3.2977,"5d127351768ee30019d6231f","EC_0068.jpg"
"2884",8.138889737,4.0249,"5d127351768ee30019d6231f","EC_0001.jpg"
"2885",1.009259401,3.0264,"5d127351768ee30019d6231f","EC_0180.jpg"
"2886",1.009259401,1.9794,"5d127351768ee30019d6231f","EC_0158.jpg"
"2887",1.879629559,3.859,"5d127351768ee30019d6231f","EC_0250.jpg"
"2888",4.407407266,3.7947,"5d127351768ee30019d6231f","EC_0090.jpg"
"2889",5.944444868,4.0613,"5d127351768ee30019d6231f","EC_0106.jpg"
"2890",2.638888889,2.6683,"5d127351768ee30019d6231f","EC_0165.jpg"
"2891",2.212963104,3.68,"5d127351768ee30019d6231f","EC_0097.jpg"
"2892",1.287037178,2.6842,"5d127351768ee30019d6231f","EC_0013.jpg"
"2893",5.462962963,4.0274,"5d127351768ee30019d6231f","EC_0085.jpg"
"2894",0.694444444,3.6549,"5d127351768ee30019d6231f","EC_0124.jpeg"
"2895",0.601851852,3.6998,"5d127351768ee30019d6231f","EC_0230.jpg"
"2896",7.703704128,3.855,"5d127351768ee30019d6231f","EC_0138.png"
"2897",0.768518448,3.5663,"5d127351768ee30019d6231f","EC_0121.jpg"
"2898",0.768518448,2.1851,"5d127351768ee30019d6231f","EC_0048.jpg"
"2899",0.14814836,2.9515,"5d127351768ee30019d6231f","EC_0027.jpg"
"2900",1.490740953,2.8774,"5d127351768ee30019d6231f","EC_0074.jpg"
"2901",6.78703732,3.6199,"5d127351768ee30019d6231f","EC_0134.jpg"
"2902",3.083333616,4.4017,"5d127351768ee30019d6231f","EC_0222.jpg"
"2903",0.666666737,3.2988,"5d127351768ee30019d6231f","EC_0185.jpg"
"2904",6.148148289,3.2351,"5d127351768ee30019d6231f","EC_0211.jpg"
"2905",0.712963034,3.8691,"5d127351768ee30019d6231f","EC_0249.jpg"
"2906",1.944444444,3.0186,"5d127351768ee30019d6231f","EC_0135.jpg"
"2907",0.981481693,2.5191,"5d127351768ee30019d6231f","EC_0240.jpg"
"2908",4.601852276,2.9357,"5d127351768ee30019d6231f","EC_0098.jpg"
"2909",3.435185044,2.6562,"5d127351768ee30019d6231f","EC_0119.jpg"
"2910",2.101852276,2.9792,"5d127351768ee30019d6231f","EC_0115.jpg"
"2911",5.407407549,3.6751,"5d127351768ee30019d6231f","EC_0239.jpg"
"2912",3.351852276,4.9993,"5d127351768ee30019d6231f","EC_0163.jpg"
"2913",8.09259344,3.5808,"5d127351768ee30019d6231f","EC_0188.jpg"
"2914",4.935185468,2.9972,"5d127351768ee30019d6231f","EC_0002.jpg"
"2915",0.953703633,2.8617,"5d127351768ee30019d6231f","EC_0202.jpg"
"2916",3.574073933,3.1979,"5d127351768ee30019d6231f","EC_0103.jpg"
"2917",0.796296508,3.1316,"5d127351768ee30019d6231f","EC_0174.jpg"
"2918",6.78703732,3.3441,"5d127351768ee30019d6231f","EC_0063.jpg"
"2919",0.324074074,2.9939,"5d127351768ee30019d6231f","EC_0105.jpg"
"2920",0.305555485,3.795,"5d127351768ee30019d6231f","EC_0077.jpg"
"2921",0.342592663,2.445,"5d127351768ee30019d6231f","EC_0248.jpg"
"2922",5.990741165,3.5604,"5d127351768ee30019d6231f","EC_0206.png"
"2923",2.148148572,3.1169,"5d127351768ee30019d6231f","EC_0245.jpg"
"2924",6.166666525,3.7762,"5d127351768ee30019d6231f","EC_0125.jpeg"
"2925",6.000000283,4.2888,"5d127351768ee30019d6231f","EC_0133.jpg"
"2926",3.916666949,2.4622,"5d127351768ee30019d6231f","EC_0132.jpg"
"2927",3.842592593,2.7765,"5d127351768ee30019d6231f","EC_0117.jpg"
"2928",1.305555767,2.844,"5d127351768ee30019d6231f","EC_0176.jpg"
"2929",1.305555767,2.1633,"5d127351768ee30019d6231f","EC_0061.jpg"
"2930",3.101851852,4.4351,"5d127351768ee30019d6231f","EC_0197.jpg"
"2931",0.481481552,2.759,"5d127351768ee30019d6231f","EC_0164.jpg"
"2932",0.805555626,1.9951,"5d127351768ee30019d6231f","EC_0182.jpg"
"2933",0.166666596,3.2105,"5d127351768ee30019d6231f","EC_0246.jpg"
"2934",6.046296579,3.4183,"5d127351768ee30019d6231f","EC_0079.jpg"
"2935",0.444444374,3.1702,"5d127351768ee30019d6231f","EC_0226.jpg"
"2936",8.083333616,3.7255,"5d127351768ee30019d6231f","EC_0008.jpg"
"2937",1.462962892,3.0253,"5d127351768ee30019d6231f","EC_0235.jpg"
"2938",3.40740769,3.9145,"5d127351768ee30019d6231f","EC_0234.jpg"
"2939",2.037037037,6.8264,"5d127351768ee30019d6231f","EC_0129.jpeg"
"2940",6.092592875,5.894,"5d127351768ee30019d6231f","EC_0170.jpg"
"2941",6.54252239,3.5473,"5d235fa4c9b2ee00190ed9af","EC_0120.jpg"
"2942",3.265385102,3.1845,"5d235fa4c9b2ee00190ed9af","EC_0164.jpg"
"2943",2.728452441,3.0328,"5d235fa4c9b2ee00190ed9af","EC_0148.jpg"
"2944",10,5.2581,"5d235fa4c9b2ee00190ed9af","EC_0074.jpg"
"2945",1.35834981,4.5938,"5d235fa4c9b2ee00190ed9af","EC_0034.jpg"
"2946",8.773568191,3.6172,"5d235fa4c9b2ee00190ed9af","EC_0151.jpg"
"2947",0,3.9955,"5d235fa4c9b2ee00190ed9af","EC_0161.jpg"
"2948",2.56181832,4.2331,"5d235fa4c9b2ee00190ed9af","EC_0005.jpg"
"2949",6.394403101,3.7931,"5d235fa4c9b2ee00190ed9af","EC_0099.jpg"
"2950",8.292181296,3.2823,"5d235fa4c9b2ee00190ed9af","EC_0098.jpg"
"2951",0,5.0906,"5d235fa4c9b2ee00190ed9af","EC_0088.jpg"
"2952",1.44166687,3.2611,"5d235fa4c9b2ee00190ed9af","EC_0054.jpg"
"2953",5.80192658,3.0186,"5d235fa4c9b2ee00190ed9af","EC_0060.jpg"
"2954",7.34792043,2.8303,"5d235fa4c9b2ee00190ed9af","EC_0197.jpg"
"2955",8.319953226,2.4298,"5d235fa4c9b2ee00190ed9af","EC_0070.jpg"
"2956",9.18089576,2.5484,"5d235fa4c9b2ee00190ed9af","EC_0029.jpg"
"2957",5.061330134,3.0677,"5d235fa4c9b2ee00190ed9af","EC_0181.jpg"
"2958",7.459010691,4.1878,"5d235fa4c9b2ee00190ed9af","EC_0068.jpg"
"2959",7.588615149,3.1891,"5d235fa4c9b2ee00190ed9af","EC_0128.jpeg"
"2960",9.384559544,2.6209,"5d235fa4c9b2ee00190ed9af","EC_0093.jpg"
"2961",2.41369903,2.6787,"5d235fa4c9b2ee00190ed9af","EC_0227.jpg"
"2962",8.49584508,3.2332,"5d235fa4c9b2ee00190ed9af","EC_0076.jpg"
"2963",2.867314632,5.2467,"5d235fa4c9b2ee00190ed9af","EC_0205.jpg"
"2964",9.856689978,3.041,"5d235fa4c9b2ee00190ed9af","EC_0230.jpg"
"2965",6.22776898,6.0763,"5d235fa4c9b2ee00190ed9af","EC_0105.jpg"
"2966",7.301633033,4.3832,"5d235fa4c9b2ee00190ed9af","EC_0182.jpg"
"2967",2.811769501,3.639,"5d235fa4c9b2ee00190ed9af","EC_0224.jpg"
"2968",0.451119878,3.0991,"5d235fa4c9b2ee00190ed9af","EC_0040.jpg"
"2969",7.736733802,3.0401,"5d235fa4c9b2ee00190ed9af","EC_0237.jpg"
"2970",7.3201485,2.488,"5d235fa4c9b2ee00190ed9af","EC_0158.jpg"
"2971",0.386317332,2.6942,"5d235fa4c9b2ee00190ed9af","EC_0240.jpg"
"2972",8.190348768,3.1006,"5d235fa4c9b2ee00190ed9af","EC_0016.jpg"
"2973",9.958522505,4.3169,"5d235fa4c9b2ee00190ed9af","EC_0037.jpg"
"2974",7.43123749,2.4796,"5d235fa4c9b2ee00190ed9af","EC_0118.jpg"
"2975",7.088712786,3.8023,"5d235fa4c9b2ee00190ed9af","EC_0171.jpg"
"2976",3.376474728,4.5362,"5d235fa4c9b2ee00190ed9af","EC_0232.jpg"
"2977",9.791888384,3.6378,"5d235fa4c9b2ee00190ed9af","EC_0057.jpeg"
"2978",6.03336293,4.5094,"5d235fa4c9b2ee00190ed9af","EC_0024.jpg"
"2979",9.578966866,3.3474,"5d235fa4c9b2ee00190ed9af","EC_0207.jpg"
"2980",1.608300991,3.2113,"5d235fa4c9b2ee00190ed9af","EC_0201.jpg"
"2981",3.385731826,2.5113,"5d235fa4c9b2ee00190ed9af","EC_0211.jpg"
"2982",6.968364791,2.6851,"5d235fa4c9b2ee00190ed9af","EC_0019.jpg"
"2983",5.570490866,4.7648,"5d235fa4c9b2ee00190ed9af","EC_0062.jpg"
"2984",5.320539684,3.851,"5d235fa4c9b2ee00190ed9af","EC_0169.png"
"2985",8.282923562,3.7512,"5d235fa4c9b2ee00190ed9af","EC_0157.jpg"
"2986",7.357178163,3.9833,"5d235fa4c9b2ee00190ed9af","EC_0104.jpg"
"2987",7.625644812,4.028,"5d235fa4c9b2ee00190ed9af","EC_0123.jpeg"
"2988",10,4.141,"5d235fa4c9b2ee00190ed9af","EC_0077.jpg"
"2989",3.394988924,3.7251,"5d235fa4c9b2ee00190ed9af","EC_0183.jpg"
"2990",6.385146003,2.8774,"5d235fa4c9b2ee00190ed9af","EC_0002.jpg"
"2991",8.310695492,3.303,"5d235fa4c9b2ee00190ed9af","EC_0116.jpg"
"2992",5.5427183,3.1941,"5d235fa4c9b2ee00190ed9af","EC_0085.jpg"
"2993",9.310500218,2.9334,"5d235fa4c9b2ee00190ed9af","EC_0194.jpg"
"2994",1.404637207,2.6325,"5d235fa4c9b2ee00190ed9af","EC_0245.jpg"
"2995",8.680993397,4.2691,"5d235fa4c9b2ee00190ed9af","EC_0125.jpeg"
"2996",2.858056898,3.2922,"5d235fa4c9b2ee00190ed9af","EC_0063.jpg"
"2997",5.690836954,7.0982,"5d235fa4c9b2ee00190ed9af","EC_0056.jpg"
"2998",0.284485757,6.6522,"5d235fa4c9b2ee00190ed9af","EC_0249.jpg"
"2999",9.662283927,3.0818,"5d235fa4c9b2ee00190ed9af","EC_0108.jpg"
"3000",0.478892126,3.0631,"5d235fa4c9b2ee00190ed9af","EC_0222.jpg"
"3001",9.319757951,3.1102,"5d235fa4c9b2ee00190ed9af","EC_0196.jpg"
"3002",1.997113728,3.2134,"5d235fa4c9b2ee00190ed9af","EC_0219.jpg"
"3003",9.329015685,2.9911,"5d235fa4c9b2ee00190ed9af","EC_0138.png"
"3004",0,5.3634,"5d235fa4c9b2ee00190ed9af","EC_0047.jpg"
"3005",6.848018067,5.0679,"5d235fa4c9b2ee00190ed9af","EC_0199.jpg"
"3006",0,4.4575,"5d235fa4c9b2ee00190ed9af","EC_0214.jpg"
"3007",10,4.5893,"5d235fa4c9b2ee00190ed9af","EC_0092.jpg"
"3008",0,4.3606,"5d235fa4c9b2ee00190ed9af","EC_0048.jpg"
"3009",7.496040355,2.7709,"5d235fa4c9b2ee00190ed9af","EC_0051.jpg"
"3010",9.449362409,3.7721,"5d235fa4c9b2ee00190ed9af","EC_0180.jpg"
"3011",6.394403101,3.1617,"5d235fa4c9b2ee00190ed9af","EC_0014.jpg"
"3012",1.376864641,4.3597,"5d235fa4c9b2ee00190ed9af","EC_0228.jpg"
"3013",9.421590479,3.5021,"5d235fa4c9b2ee00190ed9af","EC_0202.jpg"
"3014",0.497406957,3.082,"5d235fa4c9b2ee00190ed9af","EC_0209.jpg"
"3015",3.209839972,6.017,"5d235fa4c9b2ee00190ed9af","EC_0152.jpg"
"3016",1.293547581,8.1342,"5d235fa4c9b2ee00190ed9af","EC_0142.jpg"
"3017",0.247455776,4.2956,"5d235fa4c9b2ee00190ed9af","EC_0012.jpg"
"3018",3.802317129,2.785,"5d235fa4c9b2ee00190ed9af","EC_0154.jpg"
"3019",2.497016091,3.7111,"5d235fa4c9b2ee00190ed9af","EC_0017.jpg"
"3020",0.617753999,2.9606,"5d235fa4c9b2ee00190ed9af","EC_0176.jpg"
"3021",2.385927101,4.3823,"5d235fa4c9b2ee00190ed9af","EC_0103.jpg"
"3022",7.403465561,5.1236,"5d235fa4c9b2ee00190ed9af","EC_0090.jpg"
"3023",0.210425795,4.4155,"5d235fa4c9b2ee00190ed9af","EC_0204.jpg"
"3024",7.384950093,3.6246,"5d235fa4c9b2ee00190ed9af","EC_0097.jpg"
"3025",10,5.6779,"5d235fa4c9b2ee00190ed9af","EC_0031.jpg"
"3026",6.11667999,2.8533,"5d235fa4c9b2ee00190ed9af","EC_0028.jpg"
"3027",10,5.4127,"5d235fa4c9b2ee00190ed9af","EC_0121.jpg"
"3028",0,4.2615,"5d235fa4c9b2ee00190ed9af","EC_0011.jpg"
"3029",7.3201485,3.3689,"5d235fa4c9b2ee00190ed9af","EC_0053.jpg"
"3030",1.617558725,3.2291,"5d235fa4c9b2ee00190ed9af","EC_0156.jpg"
"3031",6.301828943,2.9328,"5d235fa4c9b2ee00190ed9af","EC_0039.jpg"
"3032",6.486977895,3.7376,"5d235fa4c9b2ee00190ed9af","EC_0163.jpg"
"3033",7.699704139,3.1015,"5d235fa4c9b2ee00190ed9af","EC_0133.jpg"
"3034",8.810597855,2.9702,"5d235fa4c9b2ee00190ed9af","EC_0084.jpg"
"3035",2.422956764,3.9895,"5d235fa4c9b2ee00190ed9af","EC_0059.jpg"
"3036",0,6.5177,"5d235fa4c9b2ee00190ed9af","EC_0193.png"
"3037",2.284095208,4.1617,"5d235fa4c9b2ee00190ed9af","EC_0009.jpg"
"3038",8.199606502,3.1,"5d235fa4c9b2ee00190ed9af","EC_0096.jpg"
"3039",5.431628675,4.2871,"5d235fa4c9b2ee00190ed9af","EC_0022.jpg"
"3040",0,3.9484,"5d235fa4c9b2ee00190ed9af","EC_0242.jpg"
"3041",2.682165679,7.0131,"5d235fa4c9b2ee00190ed9af","EC_0184.jpg"
"3042",1.524983931,5.4119,"5d235fa4c9b2ee00190ed9af","EC_0027.jpg"
"3043",0.636268513,3.6854,"5d235fa4c9b2ee00190ed9af","EC_0083.jpg"
"3044",6.829503871,3.4317,"5d235fa4c9b2ee00190ed9af","EC_0030.jpg"
"3045",9.72708552,2.7218,"5d235fa4c9b2ee00190ed9af","EC_0066.jpg"
"3046",10,4.3936,"5d235fa4c9b2ee00190ed9af","EC_0069.jpg"
"3047",8.273665829,2.3558,"5d235fa4c9b2ee00190ed9af","EC_0167.jpg"
"3048",0,3.557,"5d235fa4c9b2ee00190ed9af","EC_0162.jpg"
"3049",7.625644812,3.58,"5d235fa4c9b2ee00190ed9af","EC_0247.jpg"
"3050",10,3.55,"5d235fa4c9b2ee00190ed9af","EC_0044.jpg"
"3051",8.227378432,2.2312,"5d235fa4c9b2ee00190ed9af","EC_0020.jpg"
"3052",2.700680511,2.4991,"5d235fa4c9b2ee00190ed9af","EC_0115.jpg"
"3053",2.385927101,5.0716,"5d235fa4c9b2ee00190ed9af","EC_0198.jpg"
"3054",1.571271328,2.9597,"5d235fa4c9b2ee00190ed9af","EC_0094.jpg"
"3055",0.812160368,2.6851,"5d235fa4c9b2ee00190ed9af","EC_0113.jpg"
"3056",6.866533534,3.241,"5d235fa4c9b2ee00190ed9af","EC_0046.jpg"
"3057",1.154686025,2.68,"5d235fa4c9b2ee00190ed9af","EC_0210.jpg"
"3058",4.089297973,6.1304,"5d235fa4c9b2ee00190ed9af","EC_0081.jpg"
"3059",0.691813326,2.5996,"5d235fa4c9b2ee00190ed9af","EC_0135.jpg"
"3060",0,3.9553,"5d235fa4c9b2ee00190ed9af","EC_0033.jpeg"
"3061",0.78438812,3.1952,"5d235fa4c9b2ee00190ed9af","EC_0150.jpg"
"3062",0,4.6726,"5d235fa4c9b2ee00190ed9af","EC_0235.jpg"
"3063",1.691618051,12.0822,"5d235fa4c9b2ee00190ed9af","EC_0129.jpeg"
"3064",10,4.5593,"5d235fa4c9b2ee00190ed9af","EC_0117.jpg"
"3065",8.532874744,2.3818,"5d235fa4c9b2ee00190ed9af","EC_0007.jpg"
"3066",8.014456914,2.7542,"5d235fa4c9b2ee00190ed9af","EC_0008.jpg"
"3067",1.784192846,5.743,"5d235fa4c9b2ee00190ed9af","EC_0139.png"
"3068",10,3.6058,"5d235fa4c9b2ee00190ed9af","EC_0073.jpg"
"3069",0.59923885,3.3529,"5d235fa4c9b2ee00190ed9af","EC_0041.jpg"
"3070",1.469439435,4.5542,"5d235fa4c9b2ee00190ed9af","EC_0137.jpg"
"3071",0,3.448,"5d235fa4c9b2ee00190ed9af","EC_0055.jpg"
"3072",2.487758993,3.5692,"5d235fa4c9b2ee00190ed9af","EC_0086.jpg"
"3073",5.311281315,4.6287,"5d235fa4c9b2ee00190ed9af","EC_0172.jpg"
"3074",2.774739838,4.8964,"5d235fa4c9b2ee00190ed9af","EC_0001.jpg"
"3075",0,3.7058,"5d235fa4c9b2ee00190ed9af","EC_0226.jpg"
"3076",1.654588388,2.8015,"5d235fa4c9b2ee00190ed9af","EC_0018.jpg"
"3077",2.56181832,3.1324,"5d235fa4c9b2ee00190ed9af","EC_0003.jpg"
"3078",1.015824152,5.7161,"5d235fa4c9b2ee00190ed9af","EC_0124.jpeg"
"3079",7.486782621,6.1545,"5d235fa4c9b2ee00190ed9af","EC_0119.jpg"
"3080",8.329210959,5.693,"5d235fa4c9b2ee00190ed9af","EC_0109.jpg"
"3081",9.430846942,7.0035,"5d235fa4c9b2ee00190ed9af","EC_0195.jpg"
"3082",0,4.203,"5d235fa4c9b2ee00190ed9af","EC_0236.jpg"
"3083",8.255151633,5.1667,"5d235fa4c9b2ee00190ed9af","EC_0229.jpg"
"3084",0.812160368,5.7269,"5d235fa4c9b2ee00190ed9af","EC_0136.jpg"
"3085",7.551584214,4.4384,"5d235fa4c9b2ee00190ed9af","EC_0111.jpg"
"3086",0.793645218,2.7782,"5d235fa4c9b2ee00190ed9af","EC_0049.jpg"
"3087",9.680798123,2.6237,"5d235fa4c9b2ee00190ed9af","EC_0246.jpg"
"3088",3.950436418,4.0167,"5d235fa4c9b2ee00190ed9af","EC_0241.jpg"
"3089",0.664041078,2.8721,"5d235fa4c9b2ee00190ed9af","EC_0168.jpeg"
"3090",7.810793129,2.541,"5d235fa4c9b2ee00190ed9af","EC_0223.jpg"
"3091",8.347725155,2.938,"5d235fa4c9b2ee00190ed9af","EC_0038.jpg"
"3092",9.486392072,2.6586,"5d235fa4c9b2ee00190ed9af","EC_0032.jpg"
"3093",3.469048887,2.8872,"5d235fa4c9b2ee00190ed9af","EC_0140.jpg"
"3094",10,3.5998,"5d235fa4c9b2ee00190ed9af","EC_0173.jpg"
"3095",1.469439435,2.6857,"5d235fa4c9b2ee00190ed9af","EC_0015.jpg"
"3096",2.089688522,2.8081,"5d235fa4c9b2ee00190ed9af","EC_0100.jpg"
"3097",10,3.8095,"5d235fa4c9b2ee00190ed9af","EC_0170.jpg"
"3098",7.264603369,2.4722,"5d235fa4c9b2ee00190ed9af","EC_0203.jpg"
"3099",0.886219694,4.3588,"5d235fa4c9b2ee00190ed9af","EC_0244.jpg"
"3100",5.718609519,3.2328,"5d235fa4c9b2ee00190ed9af","EC_0065.jpg"
"3101",1.062111549,4.6032,"5d235fa4c9b2ee00190ed9af","EC_0089.jpg"
"3102",2.746967272,4.1598,"5d235fa4c9b2ee00190ed9af","EC_0200.png"
"3103",7.616387079,5.2406,"5d235fa4c9b2ee00190ed9af","EC_0149.jpg"
"3104",6.940592861,4.2766,"5d235fa4c9b2ee00190ed9af","EC_0071.jpg"
"3105",7.264603369,3.1288,"5d235fa4c9b2ee00190ed9af","EC_0067.jpg"
"3106",5.838956243,3.2831,"5d235fa4c9b2ee00190ed9af","EC_0132.jpg"
"3107",3.237613173,4.3813,"5d235fa4c9b2ee00190ed9af","EC_0250.jpg"
"3108",9.838175782,2.5922,"5d235fa4c9b2ee00190ed9af","EC_0058.jpg"
"3109",10,3.5242,"5d235fa4c9b2ee00190ed9af","EC_0106.jpg"
"3110",9.393817278,3.8526,"5d235fa4c9b2ee00190ed9af","EC_0177.jpg"
"3111",7.560841948,3.0577,"5d235fa4c9b2ee00190ed9af","EC_0234.jpg"
"3112",2.672907945,3.2002,"5d235fa4c9b2ee00190ed9af","EC_0036.jpeg"
"3113",0.312258005,3.2533,"5d235fa4c9b2ee00190ed9af","EC_0042.jpg"
"3114",0.710328158,2.7778,"5d235fa4c9b2ee00190ed9af","EC_0061.jpg"
"3115",0,4.3053,"5d235fa4c9b2ee00190ed9af","EC_0231.jpg"
"3116",1.580528426,3.8123,"5d235fa4c9b2ee00190ed9af","EC_0101.jpg"
"3117",0.460376976,4.7213,"5d235fa4c9b2ee00190ed9af","EC_0233.jpg"
"3118",4.172615034,5.3942,"5d235fa4c9b2ee00190ed9af","EC_0185.jpg"
"3119",8.338468693,3.3092,"5d235fa4c9b2ee00190ed9af","EC_0188.jpg"
"3120",6.505492727,3.2916,"5d235fa4c9b2ee00190ed9af","EC_0141.jpg"
"3121",3.487564354,4.132,"5d235fa4c9b2ee00190ed9af","EC_0166.jpg"
"3122",1.682360953,4.3588,"5d235fa4c9b2ee00190ed9af","EC_0010.jpg"
"3123",1.608300991,2.7326,"5d235fa4c9b2ee00190ed9af","EC_0050.jpg"
"3124",6.162966751,2.9068,"5d235fa4c9b2ee00190ed9af","EC_0131.jpg"
"3125",3.487564354,5.887,"5d235fa4c9b2ee00190ed9af","EC_0013.jpg"
"3126",8.394012552,3.3055,"5d235fa4c9b2ee00190ed9af","EC_0248.jpg"
"3127",7.514554551,2.6743,"5d235fa4c9b2ee00190ed9af","EC_0159.jpg"
"3128",5.709351786,2.6967,"5d235fa4c9b2ee00190ed9af","EC_0221.jpg"
"3129",0,5.0505,"5d235fa4c9b2ee00190ed9af","EC_0095.jpg"
"3130",0.747358139,4.3499,"5d235fa4c9b2ee00190ed9af","EC_0243.jpg"
"3131",0.330772836,3.3162,"5d235fa4c9b2ee00190ed9af","EC_0206.png"
"3132",1.071368965,4.2838,"5d235fa4c9b2ee00190ed9af","EC_0239.jpg"
"3133",1.691618051,3.9083,"5d235fa4c9b2ee00190ed9af","EC_0087.jpg"
"3134",0.895477428,3.6802,"5d235fa4c9b2ee00190ed9af","EC_0213.jpg"
"3135",0,4.3154,"5d235fa4c9b2ee00190ed9af","EC_0006.jpg"
"3136",2.811769501,3.2694,"5d235fa4c9b2ee00190ed9af","EC_0080.jpg"
"3137",2.358154535,22.2194,"5d235fa4c9b2ee00190ed9af","EC_0153.jpg"
"3138",0,3.4724,"5d235fa4c9b2ee00190ed9af","EC_0147.png"
"3139",1.284290165,2.9181,"5d235fa4c9b2ee00190ed9af","EC_0187.jpeg"
"3140",2.719195343,2.3837,"5d235fa4c9b2ee00190ed9af","EC_0174.jpg"
"3141",8.070002044,2.6254,"5d235fa4c9b2ee00190ed9af","EC_0102.jpg"
"3142",0.923249676,3.5238,"5d235fa4c9b2ee00190ed9af","EC_0134.jpg"
"3143",7.43123749,2.7111,"5d235fa4c9b2ee00190ed9af","EC_0160.jpg"
"3144",0,3.8666,"5d235fa4c9b2ee00190ed9af","EC_0064.jpg"
"3145",10,4.4197,"5d235fa4c9b2ee00190ed9af","EC_0072.jpg"
"3146",7.375693631,4.2898,"5d235fa4c9b2ee00190ed9af","EC_0238.jpg"
"3147",1.793449944,5.5176,"5d235fa4c9b2ee00190ed9af","EC_0082.jpg"
"3148",0.497406957,3.5238,"5d235fa4c9b2ee00190ed9af","EC_0079.jpg"
"3149",7.94965532,3.2624,"5d235fa4c9b2ee00190ed9af","EC_0075.jpg"
"3150",0.645526247,2.5999,"5d235fa4c9b2ee00190ed9af","EC_0165.jpg"
"3151",4.388020833,3.3121,"5d31266f466cc90019de4e43","EC_0164.jpg"
"3152",6.471354167,2.3284,"5d31266f466cc90019de4e43","EC_0013.jpg"
"3153",7.877604167,2.6942,"5d31266f466cc90019de4e43","EC_0185.jpg"
"3154",8.723958333,2.3788,"5d31266f466cc90019de4e43","EC_0068.jpg"
"3155",3.450520833,2.5452,"5d31266f466cc90019de4e43","EC_0210.jpg"
"3156",2.369791667,3.8606,"5d31266f466cc90019de4e43","EC_0077.jpg"
"3157",4.986979167,2.9925,"5d31266f466cc90019de4e43","EC_0108.jpg"
"3158",4.166666667,2.5777,"5d31266f466cc90019de4e43","EC_0115.jpg"
"3159",5.390625,3.0591,"5d31266f466cc90019de4e43","EC_0172.jpg"
"3160",7.057291667,2.1614,"5d31266f466cc90019de4e43","EC_0105.jpg"
"3161",5.716145833,2.3941,"5d31266f466cc90019de4e43","EC_0160.jpg"
"3162",6.5234375,2.5783,"5d31266f466cc90019de4e43","EC_0016.jpg"
"3163",2.421875,2.4626,"5d31266f466cc90019de4e43","EC_0150.jpg"
"3164",6.588541667,2.5113,"5d31266f466cc90019de4e43","EC_0132.jpg"
"3165",0.130208333,2.4594,"5d31266f466cc90019de4e43","EC_0128.jpeg"
"3166",1.5234375,2.8843,"5d31266f466cc90019de4e43","EC_0163.jpg"
"3167",4.075520833,2.6115,"5d31266f466cc90019de4e43","EC_0219.jpg"
"3168",4.947916667,2.3437,"5d31266f466cc90019de4e43","EC_0022.jpg"
"3169",5.403645833,1.9271,"5d31266f466cc90019de4e43","EC_0196.jpg"
"3170",7.838541667,4.4954,"5d31266f466cc90019de4e43","EC_0228.jpg"
"3171",7.018229167,2.2556,"5d31266f466cc90019de4e43","EC_0133.jpg"
"3172",4.518229167,2.5513,"5d31266f466cc90019de4e43","EC_0158.jpg"
"3173",5.8984375,2.0375,"5d31266f466cc90019de4e43","EC_0238.jpg"
"3174",5.546875,2.3279,"5d31266f466cc90019de4e43","EC_0027.jpg"
"3175",5.546875,2.3838,"5d31266f466cc90019de4e43","EC_0075.jpg"
"3176",4.322916667,2.9789,"5d31266f466cc90019de4e43","EC_0102.jpg"
"3177",6.315104167,2.8112,"5d31266f466cc90019de4e43","EC_0230.jpg"
"3178",0.572916667,2.8773,"5d31266f466cc90019de4e43","EC_0036.jpeg"
"3179",4.778645833,2.2337,"5d31266f466cc90019de4e43","EC_0040.jpg"
"3180",2.5,2.2613,"5d31266f466cc90019de4e43","EC_0084.jpg"
"3181",3.815104167,2.1946,"5d31266f466cc90019de4e43","EC_0088.jpg"
"3182",1.041666667,2.5432,"5d31266f466cc90019de4e43","EC_0048.jpg"
"3183",5.3515625,2.2952,"5d31266f466cc90019de4e43","EC_0003.jpg"
"3184",5.9375,2.3457,"5d31266f466cc90019de4e43","EC_0050.jpg"
"3185",3.802083333,2.1451,"5d31266f466cc90019de4e43","EC_0058.jpg"
"3186",4.6484375,2.2164,"5d31266f466cc90019de4e43","EC_0051.jpg"
"3187",7.486979167,2.7339,"5d31266f466cc90019de4e43","EC_0020.jpg"
"3188",7.3046875,2.6783,"5d31266f466cc90019de4e43","EC_0032.jpg"
"3189",8.75,2.262,"5d31266f466cc90019de4e43","EC_0001.jpg"
"3190",2.3828125,2.6453,"5d31266f466cc90019de4e43","EC_0211.jpg"
"3191",1.236979167,2.3447,"5d31266f466cc90019de4e43","EC_0154.jpg"
"3192",5.377604167,2.4939,"5d31266f466cc90019de4e43","EC_0162.jpg"
"3193",7.109375,2.2948,"5d31266f466cc90019de4e43","EC_0071.jpg"
"3194",7.291666667,2.4614,"5d31266f466cc90019de4e43","EC_0079.jpg"
"3195",7.447916667,2.3097,"5d31266f466cc90019de4e43","EC_0066.jpg"
"3196",7.1875,2.1788,"5d31266f466cc90019de4e43","EC_0031.jpg"
"3197",4.583333333,2.7432,"5d31266f466cc90019de4e43","EC_0199.jpg"
"3198",2.1875,2.3272,"5d31266f466cc90019de4e43","EC_0147.png"
"3199",3.216145833,1.9611,"5d31266f466cc90019de4e43","EC_0249.jpg"
"3200",3.2421875,2.3108,"5d31266f466cc90019de4e43","EC_0227.jpg"
"3201",3.841145833,2.9939,"5d31266f466cc90019de4e43","EC_0168.jpeg"
"3202",7.708333333,2.5185,"5d31266f466cc90019de4e43","EC_0120.jpg"
"3203",7.604166667,2.1276,"5d31266f466cc90019de4e43","EC_0046.jpg"
"3204",6.041666667,2.451,"5d31266f466cc90019de4e43","EC_0152.jpg"
"3205",5.026041667,3.6759,"5d31266f466cc90019de4e43","EC_0085.jpg"
"3206",2.096354167,2.8451,"5d31266f466cc90019de4e43","EC_0056.jpg"
"3207",6.09375,5.8937,"5d31266f466cc90019de4e43","EC_0065.jpg"
"3208",6.888020833,2.5805,"5d31266f466cc90019de4e43","EC_0057.jpeg"
"3209",4.934895833,3.1941,"5d31266f466cc90019de4e43","EC_0201.jpg"
"3210",6.9921875,2.4664,"5d31266f466cc90019de4e43","EC_0037.jpg"
"3211",0.1953125,3.8109,"5d31266f466cc90019de4e43","EC_0049.jpg"
"3212",5.1953125,2.2444,"5d31266f466cc90019de4e43","EC_0012.jpg"
"3213",3.697916667,2.3602,"5d31266f466cc90019de4e43","EC_0015.jpg"
"3214",8.580729167,2.9001,"5d31266f466cc90019de4e43","EC_0104.jpg"
"3215",4.244791667,23.992,"5d31266f466cc90019de4e43","EC_0203.jpg"
"3216",8.528645833,2.3441,"5d31266f466cc90019de4e43","EC_0181.jpg"
"3217",5.924479167,2.3902,"5d31266f466cc90019de4e43","EC_0062.jpg"
"3218",6.315104167,2.3112,"5d31266f466cc90019de4e43","EC_0117.jpg"
"3219",2.239583333,2.5538,"5d31266f466cc90019de4e43","EC_0243.jpg"
"3220",0.221354167,3.044,"5d31266f466cc90019de4e43","EC_0234.jpg"
"3221",7.330729167,2.7948,"5d31266f466cc90019de4e43","EC_0010.jpg"
"3222",3.333333333,2.4925,"5d31266f466cc90019de4e43","EC_0142.jpg"
"3223",6.080729167,2.185,"5d31266f466cc90019de4e43","EC_0044.jpg"
"3224",2.669270833,2.9078,"5d31266f466cc90019de4e43","EC_0118.jpg"
"3225",2.578125,2.5018,"5d31266f466cc90019de4e43","EC_0103.jpg"
"3226",3.763020833,2.3777,"5d31266f466cc90019de4e43","EC_0060.jpg"
"3227",2.161458333,9.3978,"5d31266f466cc90019de4e43","EC_0073.jpg"
"3228",3.815104167,2.129,"5d31266f466cc90019de4e43","EC_0200.png"
"3229",4.947916667,2.0273,"5d31266f466cc90019de4e43","EC_0241.jpg"
"3230",6.966145833,2.2838,"5d31266f466cc90019de4e43","EC_0188.jpg"
"3231",5.690104167,2.4105,"5d31266f466cc90019de4e43","EC_0250.jpg"
"3232",6.341145833,2.127,"5d31266f466cc90019de4e43","EC_0248.jpg"
"3233",6.848958333,3.6952,"5d31266f466cc90019de4e43","EC_0183.jpg"
"3234",7.161458333,1.9782,"5d31266f466cc90019de4e43","EC_0083.jpg"
"3235",6.822916667,2.4944,"5d31266f466cc90019de4e43","EC_0111.jpg"
"3236",3.59375,3.1949,"5d31266f466cc90019de4e43","EC_0240.jpg"
"3237",7.799479167,5.7089,"5d31266f466cc90019de4e43","EC_0069.jpg"
"3238",9.296875,2.3947,"5d31266f466cc90019de4e43","EC_0008.jpg"
"3239",6.2109375,2.8922,"5d31266f466cc90019de4e43","EC_0099.jpg"
"3240",0.1953125,2.9851,"5d31266f466cc90019de4e43","EC_0184.jpg"
"3241",0.46875,3.0454,"5d31266f466cc90019de4e43","EC_0064.jpg"
"3242",3.450520833,2.3831,"5d31266f466cc90019de4e43","EC_0242.jpg"
"3243",9.895833333,2.7341,"5d31266f466cc90019de4e43","EC_0157.jpg"
"3244",3.919270833,2.5953,"5d31266f466cc90019de4e43","EC_0239.jpg"
"3245",5.703125,2.3771,"5d31266f466cc90019de4e43","EC_0197.jpg"
"3246",1.341145833,2.477,"5d31266f466cc90019de4e43","EC_0135.jpg"
"3247",8.463541667,2.3328,"5d31266f466cc90019de4e43","EC_0030.jpg"
"3248",1.7578125,2.6106,"5d31266f466cc90019de4e43","EC_0213.jpg"
"3249",1.6796875,2.4112,"5d31266f466cc90019de4e43","EC_0109.jpg"
"3250",0.2734375,2.2442,"5d31266f466cc90019de4e43","EC_0148.jpg"
"3251",2.981770833,13.5307,"5d31266f466cc90019de4e43","EC_0076.jpg"
"3252",8.723958333,11.8423,"5d31266f466cc90019de4e43","EC_0094.jpg"
"3253",4.622395833,3.8948,"5d31266f466cc90019de4e43","EC_0081.jpg"
"3254",5.546875,3.0603,"5d31266f466cc90019de4e43","EC_0169.png"
"3255",4.986979167,2.4105,"5d31266f466cc90019de4e43","EC_0072.jpg"
"3256",0.091145833,2.2844,"5d31266f466cc90019de4e43","EC_0125.jpeg"
"3257",2.838541667,2.6667,"5d31266f466cc90019de4e43","EC_0041.jpg"
"3258",1.588541667,2.4774,"5d31266f466cc90019de4e43","EC_0246.jpg"
"3259",0.260416667,4.5809,"5d31266f466cc90019de4e43","EC_0002.jpg"
"3260",0.598958333,2.3097,"5d31266f466cc90019de4e43","EC_0153.jpg"
"3261",2.669270833,2.0448,"5d31266f466cc90019de4e43","EC_0170.jpg"
"3262",5.091145833,2.2442,"5d31266f466cc90019de4e43","EC_0232.jpg"
"3263",1.302083333,35.4415,"5d31266f466cc90019de4e43","EC_0061.jpg"
"3264",5.924479167,2.6596,"5d31266f466cc90019de4e43","EC_0237.jpg"
"3265",0.690104167,2.6094,"5d31266f466cc90019de4e43","EC_0139.png"
"3266",6.484375,2.5614,"5d31266f466cc90019de4e43","EC_0007.jpg"
"3267",6.796875,2.0947,"5d31266f466cc90019de4e43","EC_0137.jpg"
"3268",1.328125,2.6278,"5d31266f466cc90019de4e43","EC_0198.jpg"
"3269",7.369791667,2.1764,"5d31266f466cc90019de4e43","EC_0116.jpg"
"3270",3.5546875,3.017,"5d31266f466cc90019de4e43","EC_0039.jpg"
"3271",0.5078125,2.9957,"5d31266f466cc90019de4e43","EC_0204.jpg"
"3272",0.1953125,2.3949,"5d31266f466cc90019de4e43","EC_0129.jpeg"
"3273",1.380208333,3.3283,"5d31266f466cc90019de4e43","EC_0233.jpg"
"3274",6.484375,3.4612,"5d31266f466cc90019de4e43","EC_0182.jpg"
"3275",5.768229167,2.6494,"5d31266f466cc90019de4e43","EC_0236.jpg"
"3276",6.940104167,2.3629,"5d31266f466cc90019de4e43","EC_0235.jpg"
"3277",7.526041667,2.0108,"5d31266f466cc90019de4e43","EC_0193.png"
"3278",8.0859375,2.8772,"5d31266f466cc90019de4e43","EC_0159.jpg"
"3279",8.138020833,2.4502,"5d31266f466cc90019de4e43","EC_0086.jpg"
"3280",1.432291667,2.7785,"5d31266f466cc90019de4e43","EC_0136.jpg"
"3281",1.484375,2.6611,"5d31266f466cc90019de4e43","EC_0245.jpg"
"3282",1.119791667,16.8104,"5d31266f466cc90019de4e43","EC_0024.jpg"
"3283",1.458333333,2.2261,"5d31266f466cc90019de4e43","EC_0100.jpg"
"3284",6.575520833,2.6167,"5d31266f466cc90019de4e43","EC_0113.jpg"
"3285",6.302083333,4.1514,"5d31266f466cc90019de4e43","EC_0161.jpg"
"3286",0,3.0099,"5d31266f466cc90019de4e43","EC_0033.jpeg"
"3287",1.380208333,3.9078,"5d31266f466cc90019de4e43","EC_0195.jpg"
"3288",1.588541667,2.2775,"5d31266f466cc90019de4e43","EC_0171.jpg"
"3289",1.6015625,3.6947,"5d31266f466cc90019de4e43","EC_0165.jpg"
"3290",8.919270833,2.9601,"5d31266f466cc90019de4e43","EC_0223.jpg"
"3291",8.229166667,3.6109,"5d31266f466cc90019de4e43","EC_0174.jpg"
"3292",5.130208333,3.2702,"5d31266f466cc90019de4e43","EC_0070.jpg"
"3293",7.708333333,3.1116,"5d31266f466cc90019de4e43","EC_0231.jpg"
"3294",8.346354167,2.5945,"5d31266f466cc90019de4e43","EC_0207.jpg"
"3295",7.786458333,2.6445,"5d31266f466cc90019de4e43","EC_0087.jpg"
"3296",7.565104167,2.1837,"5d31266f466cc90019de4e43","EC_0018.jpg"
"3297",7.916666667,2.1096,"5d31266f466cc90019de4e43","EC_0194.jpg"
"3298",1.302083333,3.0281,"5d31266f466cc90019de4e43","EC_0140.jpg"
"3299",8.5546875,2.7448,"5d31266f466cc90019de4e43","EC_0173.jpg"
"3300",3.359375,3.0444,"5d31266f466cc90019de4e43","EC_0090.jpg"
"3301",6.328125,2.4658,"5d31266f466cc90019de4e43","EC_0141.jpg"
"3302",3.3203125,2.2501,"5d31266f466cc90019de4e43","EC_0166.jpg"
"3303",5.729166667,2.5504,"5d31266f466cc90019de4e43","EC_0149.jpg"
"3304",7.005208333,2.8943,"5d31266f466cc90019de4e43","EC_0080.jpg"
"3305",5.598958333,2.4278,"5d31266f466cc90019de4e43","EC_0167.jpg"
"3306",6.8359375,2.3268,"5d31266f466cc90019de4e43","EC_0134.jpg"
"3307",8.059895833,2.1276,"5d31266f466cc90019de4e43","EC_0096.jpg"
"3308",8.255208333,2.378,"5d31266f466cc90019de4e43","EC_0082.jpg"
"3309",5.403645833,2.8778,"5d31266f466cc90019de4e43","EC_0054.jpg"
"3310",0.026041667,3.6287,"5d31266f466cc90019de4e43","EC_0124.jpeg"
"3311",2.174479167,3.2442,"5d31266f466cc90019de4e43","EC_0121.jpg"
"3312",1.497395833,2.6607,"5d31266f466cc90019de4e43","EC_0074.jpg"
"3313",3.8671875,2.1453,"5d31266f466cc90019de4e43","EC_0229.jpg"
"3314",0.143229167,2.9272,"5d31266f466cc90019de4e43","EC_0206.png"
"3315",5.104166667,2.3771,"5d31266f466cc90019de4e43","EC_0156.jpg"
"3316",5,1.7779,"5d31266f466cc90019de4e43","EC_0092.jpg"
"3317",2.630208333,2.8785,"5d31266f466cc90019de4e43","EC_0042.jpg"
"3318",6.1328125,2.4431,"5d31266f466cc90019de4e43","EC_0138.png"
"3319",6.4453125,3.0184,"5d31266f466cc90019de4e43","EC_0151.jpg"
"3320",7.0703125,2.3114,"5d31266f466cc90019de4e43","EC_0034.jpg"
"3321",1.497395833,2.627,"5d31266f466cc90019de4e43","EC_0093.jpg"
"3322",1.328125,2.3658,"5d31266f466cc90019de4e43","EC_0029.jpg"
"3323",1.536458333,3.5269,"5d31266f466cc90019de4e43","EC_0176.jpg"
"3324",1.575520833,2.7249,"5d31266f466cc90019de4e43","EC_0006.jpg"
"3325",1.380208333,3.8012,"5d31266f466cc90019de4e43","EC_0047.jpg"
"3326",1.9140625,3.2432,"5d31266f466cc90019de4e43","EC_0205.jpg"
"3327",5.1953125,2.5601,"5d31266f466cc90019de4e43","EC_0187.jpeg"
"3328",7.03125,2.2416,"5d31266f466cc90019de4e43","EC_0089.jpg"
"3329",6.9140625,4.0602,"5d31266f466cc90019de4e43","EC_0226.jpg"
"3330",7.955729167,2.4934,"5d31266f466cc90019de4e43","EC_0214.jpg"
"3331",8.216145833,1.8425,"5d31266f466cc90019de4e43","EC_0053.jpg"
"3332",8.463541667,2.1779,"5d31266f466cc90019de4e43","EC_0131.jpg"
"3333",5.872395833,2.2598,"5d31266f466cc90019de4e43","EC_0180.jpg"
"3334",7.174479167,2.0946,"5d31266f466cc90019de4e43","EC_0106.jpg"
"3335",1.640625,2.4183,"5d31266f466cc90019de4e43","EC_0059.jpg"
"3336",2.200520833,2.3108,"5d31266f466cc90019de4e43","EC_0095.jpg"
"3337",2.669270833,2.4118,"5d31266f466cc90019de4e43","EC_0177.jpg"
"3338",0.403645833,2.3974,"5d31266f466cc90019de4e43","EC_0028.jpg"
"3339",0.455729167,12.2429,"5d31266f466cc90019de4e43","EC_0222.jpg"
"3340",7.109375,4.2436,"5d31266f466cc90019de4e43","EC_0098.jpg"
"3341",4.283854167,3.0823,"5d31266f466cc90019de4e43","EC_0202.jpg"
"3342",8.658854167,2.1942,"5d31266f466cc90019de4e43","EC_0019.jpg"
"3343",4.401041667,2.2939,"5d31266f466cc90019de4e43","EC_0055.jpg"
"3344",5.221354167,2.1276,"5d31266f466cc90019de4e43","EC_0119.jpg"
"3345",2.578125,7.6587,"5d31266f466cc90019de4e43","EC_0209.jpg"
"3346",6.783854167,2.4369,"5d31266f466cc90019de4e43","EC_0101.jpg"
"3347",8.763020833,2.4427,"5d31266f466cc90019de4e43","EC_0067.jpg"
"3348",8.763020833,2.5013,"5d31266f466cc90019de4e43","EC_0063.jpg"
"3349",0.247395833,2.7603,"5d31266f466cc90019de4e43","EC_0005.jpg"
"3350",2.291666667,2.6267,"5d31266f466cc90019de4e43","EC_0011.jpg"
"3351",7.786458333,2.1939,"5d31266f466cc90019de4e43","EC_0097.jpg"
"3352",7.786458333,2.0825,"5d31266f466cc90019de4e43","EC_0224.jpg"
"3353",2.421875,2.2505,"5d31266f466cc90019de4e43","EC_0244.jpg"
"3354",1.809895833,2.244,"5d31266f466cc90019de4e43","EC_0221.jpg"
"3355",8.216145833,3.27,"5d31266f466cc90019de4e43","EC_0038.jpg"
"3356",2.669270833,2.646,"5d31266f466cc90019de4e43","EC_0017.jpg"
"3357",0.065104167,4.741,"5d31266f466cc90019de4e43","EC_0123.jpeg"
"3358",8.385416667,2.6774,"5d31266f466cc90019de4e43","EC_0014.jpg"
"3359",3.502604167,2.8824,"5d31266f466cc90019de4e43","EC_0247.jpg"
"3360",7.369791667,2.6098,"5d31266f466cc90019de4e43","EC_0009.jpg"
"3361",4.951388889,2.958,"5de7ccc24b7cf973d7b05bfb","EC_0009.jpg"
"3362",5.979166667,2.2226,"5de7ccc24b7cf973d7b05bfb","EC_0048.jpg"
"3363",6.041666667,2.8226,"5de7ccc24b7cf973d7b05bfb","EC_0183.jpg"
"3364",6.993055556,3.1503,"5de7ccc24b7cf973d7b05bfb","EC_0044.jpg"
"3365",6.972222222,3.1218,"5de7ccc24b7cf973d7b05bfb","EC_0016.jpg"
"3366",6,4.1741,"5de7ccc24b7cf973d7b05bfb","EC_0092.jpg"
"3367",7.930555556,3.543,"5de7ccc24b7cf973d7b05bfb","EC_0032.jpg"
"3368",3.965277778,3.4463,"5de7ccc24b7cf973d7b05bfb","EC_0162.jpg"
"3369",5.020833333,3.3111,"5de7ccc24b7cf973d7b05bfb","EC_0230.jpg"
"3370",5.027777778,3.0868,"5de7ccc24b7cf973d7b05bfb","EC_0100.jpg"
"3371",1.368055556,4.5291,"5de7ccc24b7cf973d7b05bfb","EC_0129.jpeg"
"3372",5.048611111,3.2759,"5de7ccc24b7cf973d7b05bfb","EC_0102.jpg"
"3373",5.881944444,3.8731,"5de7ccc24b7cf973d7b05bfb","EC_0063.jpg"
"3374",2.222222222,2.8207,"5de7ccc24b7cf973d7b05bfb","EC_0226.jpg"
"3375",4.118055556,3.286,"5de7ccc24b7cf973d7b05bfb","EC_0105.jpg"
"3376",4.958333333,2.6719,"5de7ccc24b7cf973d7b05bfb","EC_0223.jpg"
"3377",6.090277778,11.3442,"5de7ccc24b7cf973d7b05bfb","EC_0237.jpg"
"3378",5.041666667,3.1314,"5de7ccc24b7cf973d7b05bfb","EC_0198.jpg"
"3379",3.138888889,31.3981,"5de7ccc24b7cf973d7b05bfb","EC_0115.jpg"
"3380",1.201388889,5.3735,"5de7ccc24b7cf973d7b05bfb","EC_0147.png"
"3381",1.402777778,3.0869,"5de7ccc24b7cf973d7b05bfb","EC_0083.jpg"
"3382",5.298611111,2.554,"5de7ccc24b7cf973d7b05bfb","EC_0085.jpg"
"3383",4.270833333,15.7211,"5de7ccc24b7cf973d7b05bfb","EC_0245.jpg"
"3384",3.993055556,3.1356,"5de7ccc24b7cf973d7b05bfb","EC_0164.jpg"
"3385",5.979166667,2.7869,"5de7ccc24b7cf973d7b05bfb","EC_0181.jpg"
"3386",4.548611111,4.0667,"5de7ccc24b7cf973d7b05bfb","EC_0109.jpg"
"3387",5.180555556,3.5877,"5de7ccc24b7cf973d7b05bfb","EC_0006.jpg"
"3388",4.965277778,2.8957,"5de7ccc24b7cf973d7b05bfb","EC_0041.jpg"
"3389",3.555555556,3.9398,"5de7ccc24b7cf973d7b05bfb","EC_0086.jpg"
"3390",2.222222222,4.3297,"5de7ccc24b7cf973d7b05bfb","EC_0128.jpeg"
"3391",1.472222222,2.7374,"5de7ccc24b7cf973d7b05bfb","EC_0222.jpg"
"3392",2.659722222,4.3127,"5de7ccc24b7cf973d7b05bfb","EC_0019.jpg"
"3393",2.604166667,4.5468,"5de7ccc24b7cf973d7b05bfb","EC_0195.jpg"
"3394",6.034722222,2.8076,"5de7ccc24b7cf973d7b05bfb","EC_0141.jpg"
"3395",3.284722222,2.6147,"5de7ccc24b7cf973d7b05bfb","EC_0235.jpg"
"3396",7.673611111,4.1812,"5de7ccc24b7cf973d7b05bfb","EC_0103.jpg"
"3397",7.868055556,5.339,"5de7ccc24b7cf973d7b05bfb","EC_0067.jpg"
"3398",6.909722222,8.6943,"5de7ccc24b7cf973d7b05bfb","EC_0062.jpg"
"3399",2.583333333,15.2809,"5de7ccc24b7cf973d7b05bfb","EC_0097.jpg"
"3400",3.201388889,9.0946,"5de7ccc24b7cf973d7b05bfb","EC_0148.jpg"
"3401",4.944444444,4.0818,"5de7ccc24b7cf973d7b05bfb","EC_0065.jpg"
"3402",5.930555556,8.8756,"5de7ccc24b7cf973d7b05bfb","EC_0224.jpg"
"3403",7.527777778,2.6137,"5de7ccc24b7cf973d7b05bfb","EC_0038.jpg"
"3404",5.430555556,8.5867,"5de7ccc24b7cf973d7b05bfb","EC_0163.jpg"
"3405",2.631944444,9.1127,"5de7ccc24b7cf973d7b05bfb","EC_0171.jpg"
"3406",1.909722222,3.2619,"5de7ccc24b7cf973d7b05bfb","EC_0176.jpg"
"3407",7.770833333,3.4006,"5de7ccc24b7cf973d7b05bfb","EC_0138.png"
"3408",8.006944444,3.482,"5de7ccc24b7cf973d7b05bfb","EC_0030.jpg"
"3409",2.993055556,3.4166,"5de7ccc24b7cf973d7b05bfb","EC_0140.jpg"
"3410",4.430555556,2.9563,"5de7ccc24b7cf973d7b05bfb","EC_0236.jpg"
"3411",1.618055556,2.9412,"5de7ccc24b7cf973d7b05bfb","EC_0121.jpg"
"3412",1.409722222,2.9089,"5de7ccc24b7cf973d7b05bfb","EC_0199.jpg"
"3413",7.041666667,2.3265,"5de7ccc24b7cf973d7b05bfb","EC_0197.jpg"
"3414",5.673611111,2.5957,"5de7ccc24b7cf973d7b05bfb","EC_0173.jpg"
"3415",5.895833333,3.1133,"5de7ccc24b7cf973d7b05bfb","EC_0167.jpg"
"3416",6.208333333,3.2968,"5de7ccc24b7cf973d7b05bfb","EC_0156.jpg"
"3417",8.729166667,33.7201,"5de7ccc24b7cf973d7b05bfb","EC_0010.jpg"
"3418",3.263888889,3.0048,"5de7ccc24b7cf973d7b05bfb","EC_0142.jpg"
"3419",6.840277778,3.765,"5de7ccc24b7cf973d7b05bfb","EC_0042.jpg"
"3420",2.222222222,2.785,"5de7ccc24b7cf973d7b05bfb","EC_0210.jpg"
"3421",6.555555556,2.5612,"5de7ccc24b7cf973d7b05bfb","EC_0118.jpg"
"3422",6.958333333,2.4934,"5de7ccc24b7cf973d7b05bfb","EC_0170.jpg"
"3423",7.034722222,2.8421,"5de7ccc24b7cf973d7b05bfb","EC_0001.jpg"
"3424",7.243055556,2.6627,"5de7ccc24b7cf973d7b05bfb","EC_0250.jpg"
"3425",5.694444444,3.5981,"5de7ccc24b7cf973d7b05bfb","EC_0231.jpg"
"3426",6.583333333,2.4255,"5de7ccc24b7cf973d7b05bfb","EC_0082.jpg"
"3427",2.423611111,2.5809,"5de7ccc24b7cf973d7b05bfb","EC_0075.jpg"
"3428",2.305555556,2.9518,"5de7ccc24b7cf973d7b05bfb","EC_0196.jpg"
"3429",6.645833333,2.5023,"5de7ccc24b7cf973d7b05bfb","EC_0160.jpg"
"3430",6.125,2.6094,"5de7ccc24b7cf973d7b05bfb","EC_0014.jpg"
"3431",6.652777778,4.1331,"5de7ccc24b7cf973d7b05bfb","EC_0039.jpg"
"3432",5.131944444,6.2619,"5de7ccc24b7cf973d7b05bfb","EC_0090.jpg"
"3433",5.305555556,3.1688,"5de7ccc24b7cf973d7b05bfb","EC_0055.jpg"
"3434",6.125,2.2975,"5de7ccc24b7cf973d7b05bfb","EC_0135.jpg"
"3435",7.020833333,4.093,"5de7ccc24b7cf973d7b05bfb","EC_0003.jpg"
"3436",5.486111111,7.5522,"5de7ccc24b7cf973d7b05bfb","EC_0123.jpeg"
"3437",5.875,3.157,"5de7ccc24b7cf973d7b05bfb","EC_0188.jpg"
"3438",7.486111111,4.238,"5de7ccc24b7cf973d7b05bfb","EC_0037.jpg"
"3439",1.715277778,3.5826,"5de7ccc24b7cf973d7b05bfb","EC_0124.jpeg"
"3440",6.388888889,2.467,"5de7ccc24b7cf973d7b05bfb","EC_0202.jpg"
"3441",1.625,2.8867,"5de7ccc24b7cf973d7b05bfb","EC_0182.jpg"
"3442",7.118055556,3.0941,"5de7ccc24b7cf973d7b05bfb","EC_0068.jpg"
"3443",4.902777778,3.1306,"5de7ccc24b7cf973d7b05bfb","EC_0214.jpg"
"3444",6.319444444,3.2787,"5de7ccc24b7cf973d7b05bfb","EC_0066.jpg"
"3445",6.048611111,11.8922,"5de7ccc24b7cf973d7b05bfb","EC_0040.jpg"
"3446",6,2.8323,"5de7ccc24b7cf973d7b05bfb","EC_0168.jpeg"
"3447",6.493055556,2.6184,"5de7ccc24b7cf973d7b05bfb","EC_0093.jpg"
"3448",8.368055556,4.0977,"5de7ccc24b7cf973d7b05bfb","EC_0031.jpg"
"3449",6.861111111,3.3656,"5de7ccc24b7cf973d7b05bfb","EC_0012.jpg"
"3450",7.472222222,3.1649,"5de7ccc24b7cf973d7b05bfb","EC_0029.jpg"
"3451",5.534722222,3.6788,"5de7ccc24b7cf973d7b05bfb","EC_0020.jpg"
"3452",7.618055556,8.9535,"5de7ccc24b7cf973d7b05bfb","EC_0234.jpg"
"3453",7.256944444,4.5938,"5de7ccc24b7cf973d7b05bfb","EC_0203.jpg"
"3454",6.215277778,3.6693,"5de7ccc24b7cf973d7b05bfb","EC_0054.jpg"
"3455",0.277777778,3.9998,"5de7ccc24b7cf973d7b05bfb","EC_0033.jpeg"
"3456",0.479166667,3.2404,"5de7ccc24b7cf973d7b05bfb","EC_0185.jpg"
"3457",7,2.3434,"5de7ccc24b7cf973d7b05bfb","EC_0133.jpg"
"3458",5.5625,2.4868,"5de7ccc24b7cf973d7b05bfb","EC_0219.jpg"
"3459",1.118055556,3.3637,"5de7ccc24b7cf973d7b05bfb","EC_0194.jpg"
"3460",7.486111111,2.8861,"5de7ccc24b7cf973d7b05bfb","EC_0169.png"
"3461",8,2.3627,"5de7ccc24b7cf973d7b05bfb","EC_0246.jpg"
"3462",8.111111111,2.7728,"5de7ccc24b7cf973d7b05bfb","EC_0209.jpg"
"3463",4.881944444,5.7332,"5de7ccc24b7cf973d7b05bfb","EC_0036.jpeg"
"3464",3.895833333,2.6791,"5de7ccc24b7cf973d7b05bfb","EC_0139.png"
"3465",3.423611111,3.0061,"5de7ccc24b7cf973d7b05bfb","EC_0184.jpg"
"3466",8.1875,2.8632,"5de7ccc24b7cf973d7b05bfb","EC_0002.jpg"
"3467",5.993055556,5.014,"5de7ccc24b7cf973d7b05bfb","EC_0061.jpg"
"3468",7.027777778,2.4881,"5de7ccc24b7cf973d7b05bfb","EC_0119.jpg"
"3469",6.256944444,4.2172,"5de7ccc24b7cf973d7b05bfb","EC_0158.jpg"
"3470",7.888888889,3.9654,"5de7ccc24b7cf973d7b05bfb","EC_0034.jpg"
"3471",6.513888889,3.5371,"5de7ccc24b7cf973d7b05bfb","EC_0028.jpg"
"3472",6.590277778,3.652,"5de7ccc24b7cf973d7b05bfb","EC_0207.jpg"
"3473",4.645833333,5.8756,"5de7ccc24b7cf973d7b05bfb","EC_0187.jpeg"
"3474",7.027777778,3.2398,"5de7ccc24b7cf973d7b05bfb","EC_0053.jpg"
"3475",6.673611111,5.3879,"5de7ccc24b7cf973d7b05bfb","EC_0228.jpg"
"3476",8.305555556,3.5731,"5de7ccc24b7cf973d7b05bfb","EC_0074.jpg"
"3477",2.902777778,2.808,"5de7ccc24b7cf973d7b05bfb","EC_0153.jpg"
"3478",2.451388889,6.7316,"5de7ccc24b7cf973d7b05bfb","EC_0247.jpg"
"3479",6.791666667,4.5884,"5de7ccc24b7cf973d7b05bfb","EC_0095.jpg"
"3480",6.048611111,2.5929,"5de7ccc24b7cf973d7b05bfb","EC_0180.jpg"
"3481",5.104166667,4.2963,"5de7ccc24b7cf973d7b05bfb","EC_0125.jpeg"
"3482",7.583333333,4.6772,"5de7ccc24b7cf973d7b05bfb","EC_0072.jpg"
"3483",6.548611111,2.6669,"5de7ccc24b7cf973d7b05bfb","EC_0132.jpg"
"3484",1.013888889,2.465,"5de7ccc24b7cf973d7b05bfb","EC_0005.jpg"
"3485",6.020833333,2.6591,"5de7ccc24b7cf973d7b05bfb","EC_0172.jpg"
"3486",0.1875,2.7917,"5de7ccc24b7cf973d7b05bfb","EC_0227.jpg"
"3487",1.3125,2.8694,"5de7ccc24b7cf973d7b05bfb","EC_0244.jpg"
"3488",8.118055556,3.1775,"5de7ccc24b7cf973d7b05bfb","EC_0096.jpg"
"3489",1.319444444,3.32,"5de7ccc24b7cf973d7b05bfb","EC_0089.jpg"
"3490",1.256944444,3.1922,"5de7ccc24b7cf973d7b05bfb","EC_0150.jpg"
"3491",4.854166667,3.0869,"5de7ccc24b7cf973d7b05bfb","EC_0007.jpg"
"3492",6.354166667,3.0998,"5de7ccc24b7cf973d7b05bfb","EC_0151.jpg"
"3493",4.986111111,4.4007,"5de7ccc24b7cf973d7b05bfb","EC_0134.jpg"
"3494",2.618055556,3.2739,"5de7ccc24b7cf973d7b05bfb","EC_0058.jpg"
"3495",7.986111111,3.9093,"5de7ccc24b7cf973d7b05bfb","EC_0077.jpg"
"3496",1.159722222,2.4278,"5de7ccc24b7cf973d7b05bfb","EC_0113.jpg"
"3497",4.965277778,12.996,"5de7ccc24b7cf973d7b05bfb","EC_0022.jpg"
"3498",1.888888889,3.8517,"5de7ccc24b7cf973d7b05bfb","EC_0232.jpg"
"3499",2.340277778,4.343,"5de7ccc24b7cf973d7b05bfb","EC_0064.jpg"
"3500",2.986111111,3.2982,"5de7ccc24b7cf973d7b05bfb","EC_0069.jpg"
"3501",6.986111111,3.9218,"5de7ccc24b7cf973d7b05bfb","EC_0120.jpg"
"3502",6.923611111,3.3964,"5de7ccc24b7cf973d7b05bfb","EC_0015.jpg"
"3503",6.423611111,4.3036,"5de7ccc24b7cf973d7b05bfb","EC_0229.jpg"
"3504",7.006944444,3.904,"5de7ccc24b7cf973d7b05bfb","EC_0070.jpg"
"3505",3.402777778,3.0308,"5de7ccc24b7cf973d7b05bfb","EC_0159.jpg"
"3506",6,3.0287,"5de7ccc24b7cf973d7b05bfb","EC_0073.jpg"
"3507",3.868055556,7.7128,"5de7ccc24b7cf973d7b05bfb","EC_0101.jpg"
"3508",6.881944444,2.5027,"5de7ccc24b7cf973d7b05bfb","EC_0116.jpg"
"3509",1.375,4.1923,"5de7ccc24b7cf973d7b05bfb","EC_0011.jpg"
"3510",7.055555556,2.5708,"5de7ccc24b7cf973d7b05bfb","EC_0248.jpg"
"3511",1.180555556,3.2821,"5de7ccc24b7cf973d7b05bfb","EC_0241.jpg"
"3512",8.326388889,11.7946,"5de7ccc24b7cf973d7b05bfb","EC_0087.jpg"
"3513",8.027777778,5.3907,"5de7ccc24b7cf973d7b05bfb","EC_0080.jpg"
"3514",6.069444444,3.1842,"5de7ccc24b7cf973d7b05bfb","EC_0108.jpg"
"3515",5.236111111,2.6248,"5de7ccc24b7cf973d7b05bfb","EC_0137.jpg"
"3516",1.861111111,7.47,"5de7ccc24b7cf973d7b05bfb","EC_0206.png"
"3517",0.347222222,3.9916,"5de7ccc24b7cf973d7b05bfb","EC_0201.jpg"
"3518",0.930555556,2.7934,"5de7ccc24b7cf973d7b05bfb","EC_0027.jpg"
"3519",7.111111111,2.8778,"5de7ccc24b7cf973d7b05bfb","EC_0051.jpg"
"3520",7.854166667,2.5916,"5de7ccc24b7cf973d7b05bfb","EC_0242.jpg"
"3521",7.013888889,2.8275,"5de7ccc24b7cf973d7b05bfb","EC_0098.jpg"
"3522",6.381944444,5.5149,"5de7ccc24b7cf973d7b05bfb","EC_0018.jpg"
"3523",5.006944444,6.0724,"5de7ccc24b7cf973d7b05bfb","EC_0047.jpg"
"3524",5.895833333,5.3352,"5de7ccc24b7cf973d7b05bfb","EC_0200.png"
"3525",0.909722222,13.021,"5de7ccc24b7cf973d7b05bfb","EC_0161.jpg"
"3526",7.222222222,3.1039,"5de7ccc24b7cf973d7b05bfb","EC_0060.jpg"
"3527",2.388888889,2.2572,"5de7ccc24b7cf973d7b05bfb","EC_0211.jpg"
"3528",3.041666667,3.2137,"5de7ccc24b7cf973d7b05bfb","EC_0076.jpg"
"3529",6.506944444,3.1715,"5de7ccc24b7cf973d7b05bfb","EC_0024.jpg"
"3530",2.298611111,3.3198,"5de7ccc24b7cf973d7b05bfb","EC_0056.jpg"
"3531",3.625,2.8936,"5de7ccc24b7cf973d7b05bfb","EC_0131.jpg"
"3532",8.111111111,4.535,"5de7ccc24b7cf973d7b05bfb","EC_0071.jpg"
"3533",5.854166667,3.7422,"5de7ccc24b7cf973d7b05bfb","EC_0238.jpg"
"3534",6.479166667,3.0168,"5de7ccc24b7cf973d7b05bfb","EC_0079.jpg"
"3535",1.027777778,2.6695,"5de7ccc24b7cf973d7b05bfb","EC_0205.jpg"
"3536",0.902777778,2.287,"5de7ccc24b7cf973d7b05bfb","EC_0049.jpg"
"3537",7.215277778,2.6958,"5de7ccc24b7cf973d7b05bfb","EC_0213.jpg"
"3538",5.736111111,2.8434,"5de7ccc24b7cf973d7b05bfb","EC_0166.jpg"
"3539",9,2.5611,"5de7ccc24b7cf973d7b05bfb","EC_0104.jpg"
"3540",8.326388889,2.4295,"5de7ccc24b7cf973d7b05bfb","EC_0117.jpg"
"3541",7.958333333,4.4475,"5de7ccc24b7cf973d7b05bfb","EC_0059.jpg"
"3542",1.888888889,2.5162,"5de7ccc24b7cf973d7b05bfb","EC_0154.jpg"
"3543",7.881944444,2.492,"5de7ccc24b7cf973d7b05bfb","EC_0008.jpg"
"3544",7.055555556,2.538,"5de7ccc24b7cf973d7b05bfb","EC_0081.jpg"
"3545",7.055555556,7.3309,"5de7ccc24b7cf973d7b05bfb","EC_0193.png"
"3546",6.895833333,4.0969,"5de7ccc24b7cf973d7b05bfb","EC_0084.jpg"
"3547",6.041666667,3.8986,"5de7ccc24b7cf973d7b05bfb","EC_0174.jpg"
"3548",6.055555556,2.9909,"5de7ccc24b7cf973d7b05bfb","EC_0046.jpg"
"3549",0.875,2.828,"5de7ccc24b7cf973d7b05bfb","EC_0240.jpg"
"3550",9.013888889,2.3847,"5de7ccc24b7cf973d7b05bfb","EC_0157.jpg"
"3551",5.979166667,3.551,"5de7ccc24b7cf973d7b05bfb","EC_0239.jpg"
"3552",0.847222222,2.8117,"5de7ccc24b7cf973d7b05bfb","EC_0136.jpg"
"3553",6.965277778,2.6168,"5de7ccc24b7cf973d7b05bfb","EC_0050.jpg"
"3554",7.520833333,2.3026,"5de7ccc24b7cf973d7b05bfb","EC_0177.jpg"
"3555",7.083333333,16.3388,"5de7ccc24b7cf973d7b05bfb","EC_0099.jpg"
"3556",3.159722222,5.6508,"5de7ccc24b7cf973d7b05bfb","EC_0221.jpg"
"3557",7.631944444,2.3457,"5de7ccc24b7cf973d7b05bfb","EC_0057.jpeg"
"3558",6.5625,2.4142,"5de7ccc24b7cf973d7b05bfb","EC_0149.jpg"
"3559",4.993055556,7.3088,"5de7ccc24b7cf973d7b05bfb","EC_0094.jpg"
"3560",6.902777778,3.5123,"5de7ccc24b7cf973d7b05bfb","EC_0013.jpg"
"3561",2.965277778,4.1378,"5de7ccc24b7cf973d7b05bfb","EC_0249.jpg"
"3562",1.972222222,9.8301,"5de7ccc24b7cf973d7b05bfb","EC_0165.jpg"
"3563",2.180555556,3.0788,"5de7ccc24b7cf973d7b05bfb","EC_0088.jpg"
"3564",2.055555556,3.5392,"5de7ccc24b7cf973d7b05bfb","EC_0106.jpg"
"3565",3.111111111,8.267,"5de7ccc24b7cf973d7b05bfb","EC_0243.jpg"
"3566",2.006944444,14.0104,"5de7ccc24b7cf973d7b05bfb","EC_0111.jpg"
"3567",3.958333333,4.5066,"5de7ccc24b7cf973d7b05bfb","EC_0152.jpg"
"3568",0.986111111,4.8358,"5de7ccc24b7cf973d7b05bfb","EC_0204.jpg"
"3569",2.027777778,31.5308,"5de7ccc24b7cf973d7b05bfb","EC_0017.jpg"
"3570",1.701388889,21.4144,"5de7ccc24b7cf973d7b05bfb","EC_0233.jpg"
"3571",5.941828255,5.4148,"5e29dc4721a5f20481c70274","EC_0108.jpg"
"3572",6.927978008,3.4729,"5e29dc4721a5f20481c70274","EC_0223.jpg"
"3573",8.634349369,3.7208,"5e29dc4721a5f20481c70274","EC_0011.jpg"
"3574",3.880886596,3.0767,"5e29dc4721a5f20481c70274","EC_0077.jpg"
"3575",5.055401662,2.7441,"5e29dc4721a5f20481c70274","EC_0162.jpg"
"3576",6.185596075,2.8873,"5e29dc4721a5f20481c70274","EC_0170.jpg"
"3577",7.8587261,2.4029,"5e29dc4721a5f20481c70274","EC_0203.jpg"
"3578",9.897506587,2.5053,"5e29dc4721a5f20481c70274","EC_0124.jpeg"
"3579",3.891966759,2.7642,"5e29dc4721a5f20481c70274","EC_0165.jpg"
"3580",7.016621006,2.7252,"5e29dc4721a5f20481c70274","EC_0138.png"
"3581",7.781163266,2.3964,"5e29dc4721a5f20481c70274","EC_0154.jpg"
"3582",6.98337967,2.4606,"5e29dc4721a5f20481c70274","EC_0151.jpg"
"3583",5.842105094,2.2903,"5e29dc4721a5f20481c70274","EC_0007.jpg"
"3584",4.889196676,2.2424,"5e29dc4721a5f20481c70274","EC_0101.jpg"
"3585",5.077562834,2.1041,"5e29dc4721a5f20481c70274","EC_0153.jpg"
"3586",7.005539997,2.8671,"5e29dc4721a5f20481c70274","EC_0102.jpg"
"3587",6.218836565,2.3241,"5e29dc4721a5f20481c70274","EC_0239.jpg"
"3588",3.969529593,2.2977,"5e29dc4721a5f20481c70274","EC_0201.jpg"
"3589",6.196676238,2.3224,"5e29dc4721a5f20481c70274","EC_0020.jpg"
"3590",2.994460003,3.0856,"5e29dc4721a5f20481c70274","EC_0204.jpg"
"3591",4.024931255,2.277,"5e29dc4721a5f20481c70274","EC_0231.jpg"
"3592",2.462603709,2.4547,"5e29dc4721a5f20481c70274","EC_0147.png"
"3593",7.260387981,3.4009,"5e29dc4721a5f20481c70274","EC_0121.jpg"
"3594",4.279778393,3.0726,"5e29dc4721a5f20481c70274","EC_0113.jpg"
"3595",8.058171576,2.6051,"5e29dc4721a5f20481c70274","EC_0089.jpg"
"3596",6.828254848,2.449,"5e29dc4721a5f20481c70274","EC_0180.jpg"
"3597",2.872576515,2.9038,"5e29dc4721a5f20481c70274","EC_0199.jpg"
"3598",6.772853186,2.3267,"5e29dc4721a5f20481c70274","EC_0068.jpg"
"3599",8.944599014,3.0367,"5e29dc4721a5f20481c70274","EC_0069.jpg"
"3600",6.063711742,2.5858,"5e29dc4721a5f20481c70274","EC_0135.jpg"
"3601",8.146814574,2.797,"5e29dc4721a5f20481c70274","EC_0213.jpg"
"3602",9.132964327,2.3642,"5e29dc4721a5f20481c70274","EC_0016.jpg"
"3603",6.451523377,3.8263,"5e29dc4721a5f20481c70274","EC_0083.jpg"
"3604",4.977839673,2.6322,"5e29dc4721a5f20481c70274","EC_0123.jpeg"
"3605",6.119113404,2.1891,"5e29dc4721a5f20481c70274","EC_0211.jpg"
"3606",8.058171576,2.3716,"5e29dc4721a5f20481c70274","EC_0012.jpg"
"3607",9.099722992,2.5916,"5e29dc4721a5f20481c70274","EC_0115.jpg"
"3608",8.822714681,2.3585,"5e29dc4721a5f20481c70274","EC_0039.jpg"
"3609",5.875346429,3.0608,"5e29dc4721a5f20481c70274","EC_0206.png"
"3610",7.936288089,2.4426,"5e29dc4721a5f20481c70274","EC_0131.jpg"
"3611",5.875346429,3.5596,"5e29dc4721a5f20481c70274","EC_0133.jpg"
"3612",7.559556618,2.6303,"5e29dc4721a5f20481c70274","EC_0022.jpg"
"3613",6.063711742,3.6319,"5e29dc4721a5f20481c70274","EC_0205.jpg"
"3614",6.329639889,3.5136,"5e29dc4721a5f20481c70274","EC_0150.jpg"
"3615",4.944598338,2.3974,"5e29dc4721a5f20481c70274","EC_0128.jpeg"
"3616",9.620498277,2.5051,"5e29dc4721a5f20481c70274","EC_0047.jpg"
"3617",6.462604385,2.4368,"5e29dc4721a5f20481c70274","EC_0156.jpg"
"3618",7.836564928,2.5468,"5e29dc4721a5f20481c70274","EC_0109.jpg"
"3619",8.002769914,2.5972,"5e29dc4721a5f20481c70274","EC_0057.jpeg"
"3620",6.673130025,3.0369,"5e29dc4721a5f20481c70274","EC_0064.jpg"
"3621",7.16066482,3.4158,"5e29dc4721a5f20481c70274","EC_0163.jpg"
"3622",6.052631579,2.3717,"5e29dc4721a5f20481c70274","EC_0066.jpg"
"3623",5.997229917,2.3944,"5e29dc4721a5f20481c70274","EC_0159.jpg"
"3624",3.880886596,2.7544,"5e29dc4721a5f20481c70274","EC_0245.jpg"
"3625",8.988919668,2.6308,"5e29dc4721a5f20481c70274","EC_0100.jpg"
"3626",7.470914466,2.2311,"5e29dc4721a5f20481c70274","EC_0234.jpg"
"3627",5.853186103,2.2586,"5e29dc4721a5f20481c70274","EC_0187.jpeg"
"3628",4.844875177,2.2542,"5e29dc4721a5f20481c70274","EC_0166.jpg"
"3629",7.182825992,2.8838,"5e29dc4721a5f20481c70274","EC_0085.jpg"
"3630",7.958449261,2.7714,"5e29dc4721a5f20481c70274","EC_0008.jpg"
"3631",8.955678332,2.4782,"5e29dc4721a5f20481c70274","EC_0194.jpg"
"3632",4.202216405,2.8716,"5e29dc4721a5f20481c70274","EC_0033.jpeg"
"3633",6.063711742,2.4364,"5e29dc4721a5f20481c70274","EC_0160.jpg"
"3634",4.955678501,2.6721,"5e29dc4721a5f20481c70274","EC_0235.jpg"
"3635",6.240997737,3.5371,"5e29dc4721a5f20481c70274","EC_0140.jpg"
"3636",7.8587261,2.6892,"5e29dc4721a5f20481c70274","EC_0116.jpg"
"3637",9.110804,2.5259,"5e29dc4721a5f20481c70274","EC_0136.jpg"
"3638",6.606648199,2.3212,"5e29dc4721a5f20481c70274","EC_0244.jpg"
"3639",7.725761604,2.3779,"5e29dc4721a5f20481c70274","EC_0081.jpg"
"3640",6.063711742,2.1976,"5e29dc4721a5f20481c70274","EC_0171.jpg"
"3641",9.011079994,2.677,"5e29dc4721a5f20481c70274","EC_0082.jpg"
"3642",5.963989427,3.0046,"5e29dc4721a5f20481c70274","EC_0247.jpg"
"3643",3.049861665,3.8588,"5e29dc4721a5f20481c70274","EC_0227.jpg"
"3644",5.875346429,2.2741,"5e29dc4721a5f20481c70274","EC_0075.jpg"
"3645",5.044321499,2.4782,"5e29dc4721a5f20481c70274","EC_0233.jpg"
"3646",9.443213973,3.0084,"5e29dc4721a5f20481c70274","EC_0173.jpg"
"3647",7.282548307,2.8556,"5e29dc4721a5f20481c70274","EC_0148.jpg"
"3648",6.961219344,2.2547,"5e29dc4721a5f20481c70274","EC_0032.jpg"
"3649",8.290859233,3.0148,"5e29dc4721a5f20481c70274","EC_0029.jpg"
"3650",8.700832039,2.2645,"5e29dc4721a5f20481c70274","EC_0141.jpg"
"3651",9.709141274,2.2952,"5e29dc4721a5f20481c70274","EC_0038.jpg"
"3652",9.121883318,2.1285,"5e29dc4721a5f20481c70274","EC_0001.jpg"
"3653",7.083102831,2.19,"5e29dc4721a5f20481c70274","EC_0049.jpg"
"3654",6.540166374,2.6624,"5e29dc4721a5f20481c70274","EC_0054.jpg"
"3655",5.066481825,2.273,"5e29dc4721a5f20481c70274","EC_0238.jpg"
"3656",5.232686812,2.1381,"5e29dc4721a5f20481c70274","EC_0061.jpg"
"3657",6.407202723,2.0782,"5e29dc4721a5f20481c70274","EC_0158.jpg"
"3658",8.62326836,2.9708,"5e29dc4721a5f20481c70274","EC_0157.jpg"
"3659",7.105263158,2.1822,"5e29dc4721a5f20481c70274","EC_0048.jpg"
"3660",4.157894906,3.0045,"5e29dc4721a5f20481c70274","EC_0111.jpg"
"3661",3.227146814,2.2379,"5e29dc4721a5f20481c70274","EC_0005.jpg"
"3662",7.825484765,2.9863,"5e29dc4721a5f20481c70274","EC_0185.jpg"
"3663",8.567866698,2.2659,"5e29dc4721a5f20481c70274","EC_0207.jpg"
"3664",7.016621006,2.2593,"5e29dc4721a5f20481c70274","EC_0036.jpeg"
"3665",2.883656679,2.7062,"5e29dc4721a5f20481c70274","EC_0053.jpg"
"3666",2.850415343,2.7887,"5e29dc4721a5f20481c70274","EC_0240.jpg"
"3667",6.861496183,2.6153,"5e29dc4721a5f20481c70274","EC_0034.jpg"
"3668",7.005539997,3.2272,"5e29dc4721a5f20481c70274","EC_0246.jpg"
"3669",4.844875177,2.2895,"5e29dc4721a5f20481c70274","EC_0142.jpg"
"3670",5.930748092,2.1188,"5e29dc4721a5f20481c70274","EC_0092.jpg"
"3671",6.916897845,4.2681,"5e29dc4721a5f20481c70274","EC_0096.jpg"
"3672",5.27700831,3.4646,"5e29dc4721a5f20481c70274","EC_0168.jpeg"
"3673",5.166204986,2.091,"5e29dc4721a5f20481c70274","EC_0017.jpg"
"3674",7.958449261,2.2682,"5e29dc4721a5f20481c70274","EC_0103.jpg"
"3675",4.26869823,2.6891,"5e29dc4721a5f20481c70274","EC_0076.jpg"
"3676",5.110803324,2.0947,"5e29dc4721a5f20481c70274","EC_0056.jpg"
"3677",6.85041602,2.3711,"5e29dc4721a5f20481c70274","EC_0040.jpg"
"3678",5.842105094,2.615,"5e29dc4721a5f20481c70274","EC_0013.jpg"
"3679",8.62326836,2.1959,"5e29dc4721a5f20481c70274","EC_0060.jpg"
"3680",7.260387981,2.2247,"5e29dc4721a5f20481c70274","EC_0118.jpg"
"3681",6.551246537,3.0303,"5e29dc4721a5f20481c70274","EC_0084.jpg"
"3682",9.653739612,2.9325,"5e29dc4721a5f20481c70274","EC_0041.jpg"
"3683",7.880886427,2.138,"5e29dc4721a5f20481c70274","EC_0074.jpg"
"3684",7.969529424,2.4669,"5e29dc4721a5f20481c70274","EC_0044.jpg"
"3685",6.950138335,2.157,"5e29dc4721a5f20481c70274","EC_0104.jpg"
"3686",5.897506756,2.5214,"5e29dc4721a5f20481c70274","EC_0248.jpg"
"3687",7.792244275,2.4313,"5e29dc4721a5f20481c70274","EC_0024.jpg"
"3688",7.936288089,2.2563,"5e29dc4721a5f20481c70274","EC_0088.jpg"
"3689",5.587257956,2.7229,"5e29dc4721a5f20481c70274","EC_0152.jpg"
"3690",7.349030978,2.5074,"5e29dc4721a5f20481c70274","EC_0003.jpg"
"3691",6.407202723,2.1717,"5e29dc4721a5f20481c70274","EC_0237.jpg"
"3692",6.872576346,2.4483,"5e29dc4721a5f20481c70274","EC_0073.jpg"
"3693",5.73130177,2.4443,"5e29dc4721a5f20481c70274","EC_0086.jpg"
"3694",4.922438011,2.0982,"5e29dc4721a5f20481c70274","EC_0051.jpg"
"3695",4.822714851,2.3132,"5e29dc4721a5f20481c70274","EC_0243.jpg"
"3696",6.905817682,3.1348,"5e29dc4721a5f20481c70274","EC_0226.jpg"
"3697",5.166204986,4.103,"5e29dc4721a5f20481c70274","EC_0129.jpeg"
"3698",7.736842612,2.7452,"5e29dc4721a5f20481c70274","EC_0117.jpg"
"3699",6.329639889,2.6767,"5e29dc4721a5f20481c70274","EC_0125.jpeg"
"3700",7.349030978,2.7729,"5e29dc4721a5f20481c70274","EC_0037.jpg"
"3701",6.905817682,2.3289,"5e29dc4721a5f20481c70274","EC_0210.jpg"
"3702",6.063711742,2.5788,"5e29dc4721a5f20481c70274","EC_0120.jpg"
"3703",6.806094521,2.4974,"5e29dc4721a5f20481c70274","EC_0018.jpg"
"3704",7.105263158,3.7046,"5e29dc4721a5f20481c70274","EC_0202.jpg"
"3705",5.875346429,2.5183,"5e29dc4721a5f20481c70274","EC_0229.jpg"
"3706",7.936288089,2.2886,"5e29dc4721a5f20481c70274","EC_0167.jpg"
"3707",6.041551416,3.3032,"5e29dc4721a5f20481c70274","EC_0195.jpg"
"3708",6.783933349,2.9628,"5e29dc4721a5f20481c70274","EC_0214.jpg"
"3709",5.24376782,2.3295,"5e29dc4721a5f20481c70274","EC_0182.jpg"
"3710",4.634349538,2.2318,"5e29dc4721a5f20481c70274","EC_0027.jpg"
"3711",8.113573238,2.3076,"5e29dc4721a5f20481c70274","EC_0177.jpg"
"3712",6.994459834,2.488,"5e29dc4721a5f20481c70274","EC_0181.jpg"
"3713",5.24376782,2.5867,"5e29dc4721a5f20481c70274","EC_0241.jpg"
"3714",4.124653571,2.6391,"5e29dc4721a5f20481c70274","EC_0139.png"
"3715",7.493074792,2.3871,"5e29dc4721a5f20481c70274","EC_0106.jpg"
"3716",7.138504493,2.2967,"5e29dc4721a5f20481c70274","EC_0250.jpg"
"3717",5.022161172,2.7954,"5e29dc4721a5f20481c70274","EC_0164.jpg"
"3718",8.146814574,2.8709,"5e29dc4721a5f20481c70274","EC_0063.jpg"
"3719",6.096953078,2.2289,"5e29dc4721a5f20481c70274","EC_0030.jpg"
"3720",7.105263158,2.0731,"5e29dc4721a5f20481c70274","EC_0098.jpg"
"3721",5.97506959,150.2927,"5e29dc4721a5f20481c70274","EC_0072.jpg"
"3722",4.933518175,2.2855,"5e29dc4721a5f20481c70274","EC_0137.jpg"
"3723",4.977839673,2.516,"5e29dc4721a5f20481c70274","EC_0169.png"
"3724",7.792244275,2.9942,"5e29dc4721a5f20481c70274","EC_0099.jpg"
"3725",5.897506756,3.1883,"5e29dc4721a5f20481c70274","EC_0067.jpg"
"3726",5.177285149,2.656,"5e29dc4721a5f20481c70274","EC_0242.jpg"
"3727",6.030471252,2.8551,"5e29dc4721a5f20481c70274","EC_0230.jpg"
"3728",7.049861496,2.9969,"5e29dc4721a5f20481c70274","EC_0070.jpg"
"3729",7.825484765,2.885,"5e29dc4721a5f20481c70274","EC_0042.jpg"
"3730",6.42936305,2.1057,"5e29dc4721a5f20481c70274","EC_0161.jpg"
"3731",4.102493244,2.5129,"5e29dc4721a5f20481c70274","EC_0019.jpg"
"3732",6.817174684,2.2023,"5e29dc4721a5f20481c70274","EC_0058.jpg"
"3733",7.204986319,2.3123,"5e29dc4721a5f20481c70274","EC_0071.jpg"
"3734",6.00831008,2.198,"5e29dc4721a5f20481c70274","EC_0050.jpg"
"3735",4.745152862,2.2539,"5e29dc4721a5f20481c70274","EC_0028.jpg"
"3736",6.28531839,2.883,"5e29dc4721a5f20481c70274","EC_0224.jpg"
"3737",7.570637626,2.1219,"5e29dc4721a5f20481c70274","EC_0046.jpg"
"3738",5.365651308,2.1058,"5e29dc4721a5f20481c70274","EC_0055.jpg"
"3739",4.900276839,2.6141,"5e29dc4721a5f20481c70274","EC_0002.jpg"
"3740",6.916897845,2.7711,"5e29dc4721a5f20481c70274","EC_0200.png"
"3741",4.634349538,2.6376,"5e29dc4721a5f20481c70274","EC_0176.jpg"
"3742",4.069251908,2.9111,"5e29dc4721a5f20481c70274","EC_0193.png"
"3743",4.645429701,2.3216,"5e29dc4721a5f20481c70274","EC_0198.jpg"
"3744",5.465374468,2.3168,"5e29dc4721a5f20481c70274","EC_0119.jpg"
"3745",4.523546214,3.6254,"5e29dc4721a5f20481c70274","EC_0196.jpg"
"3746",5.831024931,3.4807,"5e29dc4721a5f20481c70274","EC_0090.jpg"
"3747",5.831024931,2.2385,"5e29dc4721a5f20481c70274","EC_0172.jpg"
"3748",5.066481825,3.7195,"5e29dc4721a5f20481c70274","EC_0087.jpg"
"3749",6.961219344,2.2722,"5e29dc4721a5f20481c70274","EC_0014.jpg"
"3750",7.060941659,2.2301,"5e29dc4721a5f20481c70274","EC_0095.jpg"
"3751",4.811634687,3.0181,"5e29dc4721a5f20481c70274","EC_0209.jpg"
"3752",5.819944767,3.873,"5e29dc4721a5f20481c70274","EC_0232.jpg"
"3753",4.058171745,2.8216,"5e29dc4721a5f20481c70274","EC_0080.jpg"
"3754",7.260387981,2.7222,"5e29dc4721a5f20481c70274","EC_0010.jpg"
"3755",5.786703432,2.1434,"5e29dc4721a5f20481c70274","EC_0015.jpg"
"3756",5.775623269,2.2845,"5e29dc4721a5f20481c70274","EC_0097.jpg"
"3757",7.958449261,2.2922,"5e29dc4721a5f20481c70274","EC_0221.jpg"
"3758",8.224376562,2.225,"5e29dc4721a5f20481c70274","EC_0228.jpg"
"3759",7.969529424,2.255,"5e29dc4721a5f20481c70274","EC_0197.jpg"
"3760",6.196676238,2.5549,"5e29dc4721a5f20481c70274","EC_0065.jpg"
"3761",3.858726269,2.7727,"5e29dc4721a5f20481c70274","EC_0183.jpg"
"3762",5.332409972,2.279,"5e29dc4721a5f20481c70274","EC_0105.jpg"
"3763",5.709141443,2.9518,"5e29dc4721a5f20481c70274","EC_0079.jpg"
"3764",4.800554524,2.3315,"5e29dc4721a5f20481c70274","EC_0062.jpg"
"3765",6.728531687,2.2565,"5e29dc4721a5f20481c70274","EC_0174.jpg"
"3766",7.603878116,4.268,"5e29dc4721a5f20481c70274","EC_0134.jpg"
"3767",6.894736673,3.5844,"5e29dc4721a5f20481c70274","EC_0059.jpg"
"3768",5.52077613,2.7883,"5e29dc4721a5f20481c70274","EC_0031.jpg"
"3769",7.326869806,2.1741,"5e29dc4721a5f20481c70274","EC_0219.jpg"
"3770",6.927978008,3.3525,"5e29dc4721a5f20481c70274","EC_0006.jpg"
"3771",7.005539997,2.639,"5e29dc4721a5f20481c70274","EC_0132.jpg"
"3772",8.324099723,2.287,"5e29dc4721a5f20481c70274","EC_0188.jpg"
"3773",6.041551416,2.0849,"5e29dc4721a5f20481c70274","EC_0184.jpg"
"3774",6.42936305,2.6059,"5e29dc4721a5f20481c70274","EC_0094.jpg"
"3775",5.044321499,2.3861,"5e29dc4721a5f20481c70274","EC_0222.jpg"
"3776",6.540166374,2.0928,"5e29dc4721a5f20481c70274","EC_0093.jpg"
"3777",6.961219344,2.2019,"5e29dc4721a5f20481c70274","EC_0249.jpg"
"3778",8.191136072,2.1386,"5e29dc4721a5f20481c70274","EC_0009.jpg"
"3779",7.016621006,2.14,"5e29dc4721a5f20481c70274","EC_0236.jpg"
"3780",8.091412911,2.9588,"5e29dc4721a5f20481c70274","EC_0149.jpg"
"3781",7.942707981,3.0258,"5e606b1eaf84e83c728748d7","EC_0180.jpg"
"3782",7.968749646,3.5637,"5e606b1eaf84e83c728748d7","EC_0230.jpg"
"3783",7.031249674,4.1414,"5e606b1eaf84e83c728748d7","EC_0226.jpg"
"3784",4.960937236,4.6416,"5e606b1eaf84e83c728748d7","EC_0148.jpg"
"3785",7.903645482,3.5196,"5e606b1eaf84e83c728748d7","EC_0069.jpg"
"3786",4.804687241,2.8286,"5e606b1eaf84e83c728748d7","EC_0162.jpg"
"3787",4.596353914,4.2426,"5e606b1eaf84e83c728748d7","EC_0055.jpg"
"3788",8.255207971,2.8814,"5e606b1eaf84e83c728748d7","EC_0132.jpg"
"3789",7.200520503,4.2739,"5e606b1eaf84e83c728748d7","EC_0205.jpg"
"3790",9.765624593,3.0744,"5e606b1eaf84e83c728748d7","EC_0002.jpg"
"3791",6.96614551,3.3488,"5e606b1eaf84e83c728748d7","EC_0139.png"
"3792",7.18749967,3.5502,"5e606b1eaf84e83c728748d7","EC_0015.jpg"
"3793",5.15624973,4.5386,"5e606b1eaf84e83c728748d7","EC_0128.jpeg"
"3794",5.078124733,4.3135,"5e606b1eaf84e83c728748d7","EC_0011.jpg"
"3795",5.963541373,3.5349,"5e606b1eaf84e83c728748d7","EC_0119.jpg"
"3796",8.190103807,2.9229,"5e606b1eaf84e83c728748d7","EC_0031.jpg"
"3797",7.031249674,4.7245,"5e606b1eaf84e83c728748d7","EC_0118.jpg"
"3798",7.981770479,2.7584,"5e606b1eaf84e83c728748d7","EC_0018.jpg"
"3799",6.223958032,8.2882,"5e606b1eaf84e83c728748d7","EC_0247.jpg"
"3800",7.994791312,2.7312,"5e606b1eaf84e83c728748d7","EC_0100.jpg"
"3801",8.971353783,4.5832,"5e606b1eaf84e83c728748d7","EC_0168.jpeg"
"3802",8.95833295,2.9757,"5e606b1eaf84e83c728748d7","EC_0160.jpg"
"3803",7.929687148,3.1416,"5e606b1eaf84e83c728748d7","EC_0108.jpg"
"3804",6.927083011,4.7956,"5e606b1eaf84e83c728748d7","EC_0164.jpg"
"3805",9.583332932,3.9234,"5e606b1eaf84e83c728748d7","EC_0058.jpg"
"3806",5.104166399,6.3149,"5e606b1eaf84e83c728748d7","EC_0062.jpg"
"3807",2.955728963,5.1065,"5e606b1eaf84e83c728748d7","EC_0097.jpg"
"3808",7.838541317,4.4586,"5e606b1eaf84e83c728748d7","EC_0102.jpg"
"3809",6.940103844,5.8774,"5e606b1eaf84e83c728748d7","EC_0012.jpg"
"3810",5.260416394,4.6969,"5e606b1eaf84e83c728748d7","EC_0150.jpg"
"3811",7.239583002,5.3876,"5e606b1eaf84e83c728748d7","EC_0250.jpg"
"3812",7.200520503,2.4098,"5e606b1eaf84e83c728748d7","EC_0224.jpg"
"3813",5.872395542,2.8098,"5e606b1eaf84e83c728748d7","EC_0177.jpg"
"3814",6.666666352,3.8377,"5e606b1eaf84e83c728748d7","EC_0138.png"
"3815",3.880208102,7.0236,"5e606b1eaf84e83c728748d7","EC_0080.jpg"
"3816",4.309895589,5.9444,"5e606b1eaf84e83c728748d7","EC_0227.jpg"
"3817",8.333332969,2.8902,"5e606b1eaf84e83c728748d7","EC_0057.jpeg"
"3818",7.864582983,3.3066,"5e606b1eaf84e83c728748d7","EC_0074.jpg"
"3819",6.666666352,3.0963,"5e606b1eaf84e83c728748d7","EC_0047.jpg"
"3820",9.075520447,4.9004,"5e606b1eaf84e83c728748d7","EC_0185.jpg"
"3821",6.041666371,4.6747,"5e606b1eaf84e83c728748d7","EC_0222.jpg"
"3822",7.486978828,3.617,"5e606b1eaf84e83c728748d7","EC_0125.jpeg"
"3823",4.778645575,2.9388,"5e606b1eaf84e83c728748d7","EC_0153.jpg"
"3824",7.552082992,3.0618,"5e606b1eaf84e83c728748d7","EC_0038.jpg"
"3825",7.395832997,2.5455,"5e606b1eaf84e83c728748d7","EC_0053.jpg"
"3826",7.656249656,1.4453,"5e606b1eaf84e83c728748d7","EC_0090.jpg"
"3827",8.580728795,2.5143,"5e606b1eaf84e83c728748d7","EC_0213.jpg"
"3828",7.49999966,2.8858,"5e606b1eaf84e83c728748d7","EC_0054.jpg"
"3829",9.518228767,2.7624,"5e606b1eaf84e83c728748d7","EC_0117.jpg"
"3830",7.031249674,6.65,"5e606b1eaf84e83c728748d7","EC_0187.jpeg"
"3831",7.747395486,2.5637,"5e606b1eaf84e83c728748d7","EC_0183.jpg"
"3832",9.322916273,2.4045,"5e606b1eaf84e83c728748d7","EC_0009.jpg"
"3833",9.036457948,4.6909,"5e606b1eaf84e83c728748d7","EC_0149.jpg"
"3834",9.622395431,2.694,"5e606b1eaf84e83c728748d7","EC_0210.jpg"
"3835",5.117187231,4.0125,"5e606b1eaf84e83c728748d7","EC_0121.jpg"
"3836",5.794270545,3.7985,"5e606b1eaf84e83c728748d7","EC_0032.jpg"
"3837",0.312499875,7.4697,"5e606b1eaf84e83c728748d7","EC_0033.jpeg"
"3838",7.890624649,4.9515,"5e606b1eaf84e83c728748d7","EC_0063.jpg"
"3839",7.890624649,4.0452,"5e606b1eaf84e83c728748d7","EC_0221.jpg"
"3840",6.96614551,4.5971,"5e606b1eaf84e83c728748d7","EC_0024.jpg"
"3841",5.664062215,2.9675,"5e606b1eaf84e83c728748d7","EC_0182.jpg"
"3842",5.533853886,3.0938,"5e606b1eaf84e83c728748d7","EC_0040.jpg"
"3843",5.468749721,4.2513,"5e606b1eaf84e83c728748d7","EC_0245.jpg"
"3844",7.708332988,5.6348,"5e606b1eaf84e83c728748d7","EC_0103.jpg"
"3845",8.815103788,3.9898,"5e606b1eaf84e83c728748d7","EC_0115.jpg"
"3846",7.395832997,2.9453,"5e606b1eaf84e83c728748d7","EC_0081.jpg"
"3847",6.002603872,7.1696,"5e606b1eaf84e83c728748d7","EC_0237.jpg"
"3848",8.059895477,4.6485,"5e606b1eaf84e83c728748d7","EC_0044.jpg"
"3849",5.182291396,4.2805,"5e606b1eaf84e83c728748d7","EC_0158.jpg"
"3850",5.898437208,6.4661,"5e606b1eaf84e83c728748d7","EC_0095.jpg"
"3851",8.593749628,3.6361,"5e606b1eaf84e83c728748d7","EC_0156.jpg"
"3852",8.541666296,3.5571,"5e606b1eaf84e83c728748d7","EC_0027.jpg"
"3853",10,4.3605,"5e606b1eaf84e83c728748d7","EC_0211.jpg"
"3854",7.812499651,3.0469,"5e606b1eaf84e83c728748d7","EC_0076.jpg"
"3855",8.281249637,10.4262,"5e606b1eaf84e83c728748d7","EC_0199.jpg"
"3856",5.013020568,8.8922,"5e606b1eaf84e83c728748d7","EC_0111.jpg"
"3857",7.994791312,4.5495,"5e606b1eaf84e83c728748d7","EC_0099.jpg"
"3858",4.726562243,11.6158,"5e606b1eaf84e83c728748d7","EC_0165.jpg"
"3859",7.161458004,3.108,"5e606b1eaf84e83c728748d7","EC_0242.jpg"
"3860",5.039062234,11.9214,"5e606b1eaf84e83c728748d7","EC_0234.jpg"
"3861",3.763020605,12.2046,"5e606b1eaf84e83c728748d7","EC_0163.jpg"
"3862",5.403645556,3.7065,"5e606b1eaf84e83c728748d7","EC_0169.png"
"3863",7.864582983,3.5323,"5e606b1eaf84e83c728748d7","EC_0068.jpg"
"3864",8.333332969,3.0258,"5e606b1eaf84e83c728748d7","EC_0066.jpg"
"3865",2.578124807,15.5694,"5e606b1eaf84e83c728748d7","EC_0154.jpg"
"3866",6.132812201,6.7377,"5e606b1eaf84e83c728748d7","EC_0152.jpg"
"3867",7.656249656,2.7029,"5e606b1eaf84e83c728748d7","EC_0223.jpg"
"3868",5.416666389,3.2665,"5e606b1eaf84e83c728748d7","EC_0075.jpg"
"3869",8.20312464,4.8569,"5e606b1eaf84e83c728748d7","EC_0094.jpg"
"3870",6.52343719,9.6808,"5e606b1eaf84e83c728748d7","EC_0109.jpg"
"3871",5.026041401,4.8516,"5e606b1eaf84e83c728748d7","EC_0204.jpg"
"3872",6.992187176,5.3548,"5e606b1eaf84e83c728748d7","EC_0098.jpg"
"3873",2.773437301,7.3433,"5e606b1eaf84e83c728748d7","EC_0239.jpg"
"3874",7.604166324,13.6839,"5e606b1eaf84e83c728748d7","EC_0248.jpg"
"3875",3.802083104,8.9205,"5e606b1eaf84e83c728748d7","EC_0129.jpeg"
"3876",6.315103862,3.3639,"5e606b1eaf84e83c728748d7","EC_0042.jpg"
"3877",4.348958088,10.5798,"5e606b1eaf84e83c728748d7","EC_0238.jpg"
"3878",7.578124658,2.5806,"5e606b1eaf84e83c728748d7","EC_0029.jpg"
"3879",6.184895533,3.3932,"5e606b1eaf84e83c728748d7","EC_0013.jpg"
"3880",6.914062178,5.0406,"5e606b1eaf84e83c728748d7","EC_0010.jpg"
"3881",8.020832978,3.0983,"5e606b1eaf84e83c728748d7","EC_0231.jpg"
"3882",6.328124695,4.1053,"5e606b1eaf84e83c728748d7","EC_0079.jpg"
"3883",6.328124695,3.3297,"5e606b1eaf84e83c728748d7","EC_0167.jpg"
"3884",6.83593718,5.1549,"5e606b1eaf84e83c728748d7","EC_0170.jpg"
"3885",4.557291415,4.8549,"5e606b1eaf84e83c728748d7","EC_0196.jpg"
"3886",6.601562187,5.8481,"5e606b1eaf84e83c728748d7","EC_0039.jpg"
"3887",5.989583039,5.5787,"5e606b1eaf84e83c728748d7","EC_0064.jpg"
"3888",7.044270507,4.2278,"5e606b1eaf84e83c728748d7","EC_0104.jpg"
"3889",3.958333099,4.3462,"5e606b1eaf84e83c728748d7","EC_0049.jpg"
"3890",8.437499633,4.0957,"5e606b1eaf84e83c728748d7","EC_0003.jpg"
"3891",9.192707943,3.578,"5e606b1eaf84e83c728748d7","EC_0014.jpg"
"3892",4.999999735,4.8029,"5e606b1eaf84e83c728748d7","EC_0020.jpg"
"3893",7.05729134,4.2299,"5e606b1eaf84e83c728748d7","EC_0233.jpg"
"3894",7.643228823,6.0591,"5e606b1eaf84e83c728748d7","EC_0034.jpg"
"3895",4.791666408,6.6473,"5e606b1eaf84e83c728748d7","EC_0071.jpg"
"3896",10,4.9975,"5e606b1eaf84e83c728748d7","EC_0085.jpg"
"3897",7.695312155,7.3139,"5e606b1eaf84e83c728748d7","EC_0133.jpg"
"3898",5.481770554,8.0194,"5e606b1eaf84e83c728748d7","EC_0232.jpg"
"3899",6.458333025,3.2671,"5e606b1eaf84e83c728748d7","EC_0060.jpg"
"3900",7.330728832,3.1991,"5e606b1eaf84e83c728748d7","EC_0147.png"
"3901",6.328124695,3.202,"5e606b1eaf84e83c728748d7","EC_0135.jpg"
"3902",7.122395505,2.4448,"5e606b1eaf84e83c728748d7","EC_0134.jpg"
"3903",6.809895514,2.8406,"5e606b1eaf84e83c728748d7","EC_0084.jpg"
"3904",7.460937162,2.2939,"5e606b1eaf84e83c728748d7","EC_0037.jpg"
"3905",8.190103807,5.8073,"5e606b1eaf84e83c728748d7","EC_0016.jpg"
"3906",5.664062215,4.7845,"5e606b1eaf84e83c728748d7","EC_0088.jpg"
"3907",6.796874681,12.6527,"5e606b1eaf84e83c728748d7","EC_0083.jpg"
"3908",7.85156215,6.3208,"5e606b1eaf84e83c728748d7","EC_0087.jpg"
"3909",6.601562187,3.7682,"5e606b1eaf84e83c728748d7","EC_0136.jpg"
"3910",7.031249674,2.287,"5e606b1eaf84e83c728748d7","EC_0176.jpg"
"3911",9.5312496,4.3861,"5e606b1eaf84e83c728748d7","EC_0188.jpg"
"3912",6.263020531,3.9307,"5e606b1eaf84e83c728748d7","EC_0137.jpg"
"3913",5.989583039,2.9129,"5e606b1eaf84e83c728748d7","EC_0240.jpg"
"3914",5.989583039,2.3368,"5e606b1eaf84e83c728748d7","EC_0123.jpeg"
"3915",6.783853848,3.2871,"5e606b1eaf84e83c728748d7","EC_0056.jpg"
"3916",8.632812127,3.1326,"5e606b1eaf84e83c728748d7","EC_0131.jpg"
"3917",8.984374616,4.0896,"5e606b1eaf84e83c728748d7","EC_0207.jpg"
"3918",6.679687185,2.879,"5e606b1eaf84e83c728748d7","EC_0244.jpg"
"3919",6.666666352,3.8605,"5e606b1eaf84e83c728748d7","EC_0006.jpg"
"3920",7.05729134,2.8441,"5e606b1eaf84e83c728748d7","EC_0159.jpg"
"3921",8.528645463,2.8724,"5e606b1eaf84e83c728748d7","EC_0092.jpg"
"3922",8.29427047,7.7438,"5e606b1eaf84e83c728748d7","EC_0048.jpg"
"3923",7.916666315,2.6168,"5e606b1eaf84e83c728748d7","EC_0141.jpg"
"3924",8.815103788,3.7349,"5e606b1eaf84e83c728748d7","EC_0201.jpg"
"3925",7.773437152,23.0691,"5e606b1eaf84e83c728748d7","EC_0193.png"
"3926",6.809895514,2.5839,"5e606b1eaf84e83c728748d7","EC_0028.jpg"
"3927",6.158853867,5.5219,"5e606b1eaf84e83c728748d7","EC_0065.jpg"
"3928",7.864582983,20.8533,"5e606b1eaf84e83c728748d7","EC_0140.jpg"
"3929",7.578124658,3.4978,"5e606b1eaf84e83c728748d7","EC_0061.jpg"
"3930",8.29427047,2.6728,"5e606b1eaf84e83c728748d7","EC_0235.jpg"
"3931",9.114582946,403.9306,"5e606b1eaf84e83c728748d7","EC_0228.jpg"
"3932",9.713541261,2.6099,"5e606b1eaf84e83c728748d7","EC_0070.jpg"
"3933",7.161458004,5.2466,"5e606b1eaf84e83c728748d7","EC_0200.png"
"3934",6.979166343,3.0666,"5e606b1eaf84e83c728748d7","EC_0093.jpg"
"3935",7.513020493,3.5665,"5e606b1eaf84e83c728748d7","EC_0096.jpg"
"3936",7.109374672,3.468,"5e606b1eaf84e83c728748d7","EC_0106.jpg"
"3937",5.677083048,5.6391,"5e606b1eaf84e83c728748d7","EC_0171.jpg"
"3938",5.0651039,3.8797,"5e606b1eaf84e83c728748d7","EC_0184.jpg"
"3939",9.479166268,3.4131,"5e606b1eaf84e83c728748d7","EC_0209.jpg"
"3940",7.005208009,8.1371,"5e606b1eaf84e83c728748d7","EC_0229.jpg"
"3941",7.942707981,3.7723,"5e606b1eaf84e83c728748d7","EC_0151.jpg"
"3942",8.86718712,4.1097,"5e606b1eaf84e83c728748d7","EC_0243.jpg"
"3943",7.161458004,3.2193,"5e606b1eaf84e83c728748d7","EC_0101.jpg"
"3944",7.18749967,14.467,"5e606b1eaf84e83c728748d7","EC_0051.jpg"
"3945",7.981770479,8.3021,"5e606b1eaf84e83c728748d7","EC_0077.jpg"
"3946",8.528645463,7.3819,"5e606b1eaf84e83c728748d7","EC_0120.jpg"
"3947",9.244791275,2.6005,"5e606b1eaf84e83c728748d7","EC_0007.jpg"
"3948",8.07291631,2.7762,"5e606b1eaf84e83c728748d7","EC_0197.jpg"
"3949",5.299478893,4.6412,"5e606b1eaf84e83c728748d7","EC_0249.jpg"
"3950",4.205728925,5.2433,"5e606b1eaf84e83c728748d7","EC_0046.jpg"
"3951",9.648437096,3.3302,"5e606b1eaf84e83c728748d7","EC_0219.jpg"
"3952",8.95833295,2.2357,"5e606b1eaf84e83c728748d7","EC_0017.jpg"
"3953",8.059895477,4.0053,"5e606b1eaf84e83c728748d7","EC_0041.jpg"
"3954",5.078124733,6.4694,"5e606b1eaf84e83c728748d7","EC_0022.jpg"
"3955",2.747395635,4.1576,"5e606b1eaf84e83c728748d7","EC_0214.jpg"
"3956",9.140624612,3.4994,"5e606b1eaf84e83c728748d7","EC_0008.jpg"
"3957",9.856770424,3.6347,"5e606b1eaf84e83c728748d7","EC_0203.jpg"
"3958",2.903645631,3.6538,"5e606b1eaf84e83c728748d7","EC_0067.jpg"
"3959",6.067708036,5.5569,"5e606b1eaf84e83c728748d7","EC_0166.jpg"
"3960",8.789062122,2.9741,"5e606b1eaf84e83c728748d7","EC_0072.jpg"
"3961",8.033853811,4.931,"5e606b1eaf84e83c728748d7","EC_0206.png"
"3962",7.18749967,3.9684,"5e606b1eaf84e83c728748d7","EC_0161.jpg"
"3963",8.749999623,3.8774,"5e606b1eaf84e83c728748d7","EC_0116.jpg"
"3964",8.138020475,7.4576,"5e606b1eaf84e83c728748d7","EC_0030.jpg"
"3965",7.838541317,5.7511,"5e606b1eaf84e83c728748d7","EC_0086.jpg"
"3966",7.955728814,5.4428,"5e606b1eaf84e83c728748d7","EC_0082.jpg"
"3967",5.078124733,3.9268,"5e606b1eaf84e83c728748d7","EC_0195.jpg"
"3968",8.124999642,4.7472,"5e606b1eaf84e83c728748d7","EC_0157.jpg"
"3969",4.986978902,3.31,"5e606b1eaf84e83c728748d7","EC_0194.jpg"
"3970",4.999999735,5.0446,"5e606b1eaf84e83c728748d7","EC_0105.jpg"
"3971",9.322916273,3.8818,"5e606b1eaf84e83c728748d7","EC_0174.jpg"
"3972",1.874999828,12.6329,"5e606b1eaf84e83c728748d7","EC_0036.jpeg"
"3973",9.440103769,3.6183,"5e606b1eaf84e83c728748d7","EC_0173.jpg"
"3974",6.197916366,5.763,"5e606b1eaf84e83c728748d7","EC_0241.jpg"
"3975",7.812499651,4.9777,"5e606b1eaf84e83c728748d7","EC_0172.jpg"
"3976",7.981770479,2.885,"5e606b1eaf84e83c728748d7","EC_0198.jpg"
"3977",5.859374709,12.3872,"5e606b1eaf84e83c728748d7","EC_0089.jpg"
"3978",5.039062234,5.2396,"5e606b1eaf84e83c728748d7","EC_0124.jpeg"
"3979",5.039062234,3.5602,"5e606b1eaf84e83c728748d7","EC_0142.jpg"
"3980",7.044270507,6.3142,"5e606b1eaf84e83c728748d7","EC_0113.jpg"
"3981",7.942707981,3.0528,"5e606b1eaf84e83c728748d7","EC_0236.jpg"
"3982",8.046874644,12.4396,"5e606b1eaf84e83c728748d7","EC_0073.jpg"
"3983",5.963541373,2.9828,"5e606b1eaf84e83c728748d7","EC_0019.jpg"
"3984",1.901041494,3.7336,"5e606b1eaf84e83c728748d7","EC_0005.jpg"
"3985",8.046874644,3.9669,"5e606b1eaf84e83c728748d7","EC_0246.jpg"
"3986",6.354166361,3.8368,"5e606b1eaf84e83c728748d7","EC_0181.jpg"
"3987",7.044270507,3.2275,"5e606b1eaf84e83c728748d7","EC_0001.jpg"
"3988",6.015624705,6.8141,"5e606b1eaf84e83c728748d7","EC_0050.jpg"
"3989",6.041666371,3.3736,"5e606b1eaf84e83c728748d7","EC_0202.jpg"
"3990",7.721353821,2.8327,"5e606b1eaf84e83c728748d7","EC_0059.jpg"
"3991",8.990740741,3.9191,"5e836a3c2598d409928dae31","EC_0157.jpg"
"3992",7.046296296,10.0419,"5e836a3c2598d409928dae31","EC_0017.jpg"
"3993",7.083333333,2.883,"5e836a3c2598d409928dae31","EC_0168.jpeg"
"3994",5.296296861,4.7032,"5e836a3c2598d409928dae31","EC_0083.jpg"
"3995",0.018518519,6.3055,"5e836a3c2598d409928dae31","EC_0214.jpg"
"3996",9.064814815,5.7372,"5e836a3c2598d409928dae31","EC_0065.jpg"
"3997",7.916666667,2.8282,"5e836a3c2598d409928dae31","EC_0029.jpg"
"3998",0.046296296,3.4397,"5e836a3c2598d409928dae31","EC_0105.jpg"
"3999",2.87962963,5.0879,"5e836a3c2598d409928dae31","EC_0148.jpg"
"4000",7.185185185,7.5377,"5e836a3c2598d409928dae31","EC_0070.jpg"
"4001",2.083333333,2.9574,"5e836a3c2598d409928dae31","EC_0147.png"
"4002",8.916666667,2.3594,"5e836a3c2598d409928dae31","EC_0160.jpg"
"4003",6.055555556,7.8324,"5e836a3c2598d409928dae31","EC_0135.jpg"
"4004",7.907407407,8.5565,"5e836a3c2598d409928dae31","EC_0104.jpg"
"4005",5.981481481,3.2079,"5e836a3c2598d409928dae31","EC_0022.jpg"
"4006",2.101851852,2.5282,"5e836a3c2598d409928dae31","EC_0049.jpg"
"4007",5.092592593,2.2603,"5e836a3c2598d409928dae31","EC_0197.jpg"
"4008",7.12037037,2.6765,"5e836a3c2598d409928dae31","EC_0207.jpg"
"4009",8.87962963,2.3576,"5e836a3c2598d409928dae31","EC_0158.jpg"
"4010",7.101851852,3.3586,"5e836a3c2598d409928dae31","EC_0117.jpg"
"4011",5.157407973,3.8961,"5e836a3c2598d409928dae31","EC_0181.jpg"
"4012",7.842592593,2.4074,"5e836a3c2598d409928dae31","EC_0050.jpg"
"4013",9.157407407,2.2948,"5e836a3c2598d409928dae31","EC_0098.jpg"
"4014",9.462962963,2.8315,"5e836a3c2598d409928dae31","EC_0062.jpg"
"4015",0.574074074,2.928,"5e836a3c2598d409928dae31","EC_0240.jpg"
"4016",7.342592593,2.1408,"5e836a3c2598d409928dae31","EC_0132.jpg"
"4017",5.240741306,3.6087,"5e836a3c2598d409928dae31","EC_0009.jpg"
"4018",8.111111111,2.5571,"5e836a3c2598d409928dae31","EC_0169.png"
"4019",1.444444444,2.8766,"5e836a3c2598d409928dae31","EC_0118.jpg"
"4020",5.111111111,2.8258,"5e836a3c2598d409928dae31","EC_0199.jpg"
"4021",9.37962963,2.3457,"5e836a3c2598d409928dae31","EC_0246.jpg"
"4022",9.212962963,2.0404,"5e836a3c2598d409928dae31","EC_0058.jpg"
"4023",6.703703704,2.541,"5e836a3c2598d409928dae31","EC_0134.jpg"
"4024",1.388888889,3.0986,"5e836a3c2598d409928dae31","EC_0226.jpg"
"4025",0.231481764,2.9407,"5e836a3c2598d409928dae31","EC_0183.jpg"
"4026",0.092592875,3.6822,"5e836a3c2598d409928dae31","EC_0227.jpg"
"4027",1.083333333,2.4737,"5e836a3c2598d409928dae31","EC_0234.jpg"
"4028",9.111111111,2.8238,"5e836a3c2598d409928dae31","EC_0081.jpg"
"4029",3.87037037,2.6736,"5e836a3c2598d409928dae31","EC_0054.jpg"
"4030",9.194444444,2.2097,"5e836a3c2598d409928dae31","EC_0152.jpg"
"4031",4.138888889,2.6741,"5e836a3c2598d409928dae31","EC_0236.jpg"
"4032",8.509259259,2.2246,"5e836a3c2598d409928dae31","EC_0174.jpg"
"4033",9.694444444,2.7567,"5e836a3c2598d409928dae31","EC_0073.jpg"
"4034",1.972222222,2.6278,"5e836a3c2598d409928dae31","EC_0103.jpg"
"4035",1.138888889,2.458,"5e836a3c2598d409928dae31","EC_0076.jpg"
"4036",6.064814815,3.3227,"5e836a3c2598d409928dae31","EC_0041.jpg"
"4037",1.277777778,2.6069,"5e836a3c2598d409928dae31","EC_0200.png"
"4038",9.657407407,2.3744,"5e836a3c2598d409928dae31","EC_0074.jpg"
"4039",9.592592593,2.4627,"5e836a3c2598d409928dae31","EC_0079.jpg"
"4040",8.842592593,2.2766,"5e836a3c2598d409928dae31","EC_0046.jpg"
"4041",8.851851852,2.1898,"5e836a3c2598d409928dae31","EC_0173.jpg"
"4042",9.592592593,2.4238,"5e836a3c2598d409928dae31","EC_0047.jpg"
"4043",8.777777778,2.2238,"5e836a3c2598d409928dae31","EC_0159.jpg"
"4044",1.37962963,2.2783,"5e836a3c2598d409928dae31","EC_0222.jpg"
"4045",9.787037037,2.4073,"5e836a3c2598d409928dae31","EC_0198.jpg"
"4046",4.62037037,2.1571,"5e836a3c2598d409928dae31","EC_0020.jpg"
"4047",9.37037037,2.2905,"5e836a3c2598d409928dae31","EC_0014.jpg"
"4048",8.814814815,3.0067,"5e836a3c2598d409928dae31","EC_0028.jpg"
"4049",5.888888889,2.1797,"5e836a3c2598d409928dae31","EC_0053.jpg"
"4050",7.87962963,2.3262,"5e836a3c2598d409928dae31","EC_0099.jpg"
"4051",7.796296296,2.4396,"5e836a3c2598d409928dae31","EC_0007.jpg"
"4052",2.037037037,2.3601,"5e836a3c2598d409928dae31","EC_0201.jpg"
"4053",2.861111111,2.9653,"5e836a3c2598d409928dae31","EC_0011.jpg"
"4054",6.453703704,2.1429,"5e836a3c2598d409928dae31","EC_0092.jpg"
"4055",8.657407407,2.2821,"5e836a3c2598d409928dae31","EC_0095.jpg"
"4056",8.944444444,2.0628,"5e836a3c2598d409928dae31","EC_0119.jpg"
"4057",6.231481481,2.7735,"5e836a3c2598d409928dae31","EC_0163.jpg"
"4058",9.824074074,2.4447,"5e836a3c2598d409928dae31","EC_0136.jpg"
"4059",2.564814815,2.2735,"5e836a3c2598d409928dae31","EC_0131.jpg"
"4060",7.564814815,2.663,"5e836a3c2598d409928dae31","EC_0024.jpg"
"4061",3.064814815,2.5237,"5e836a3c2598d409928dae31","EC_0089.jpg"
"4062",9.648148148,2.4906,"5e836a3c2598d409928dae31","EC_0116.jpg"
"4063",3.814814815,2.8281,"5e836a3c2598d409928dae31","EC_0206.png"
"4064",8.962962963,2.2741,"5e836a3c2598d409928dae31","EC_0044.jpg"
"4065",9.064814815,2.7821,"5e836a3c2598d409928dae31","EC_0138.png"
"4066",4.101852417,2.2663,"5e836a3c2598d409928dae31","EC_0100.jpg"
"4067",8,2.9382,"5e836a3c2598d409928dae31","EC_0243.jpg"
"4068",8.462962963,2.0239,"5e836a3c2598d409928dae31","EC_0003.jpg"
"4069",6.175925926,2.2569,"5e836a3c2598d409928dae31","EC_0140.jpg"
"4070",4.824074639,2.0905,"5e836a3c2598d409928dae31","EC_0187.jpeg"
"4071",6.37037037,2.565,"5e836a3c2598d409928dae31","EC_0124.jpeg"
"4072",9.740740741,2.2241,"5e836a3c2598d409928dae31","EC_0072.jpg"
"4073",8.333333333,2.2742,"5e836a3c2598d409928dae31","EC_0188.jpg"
"4074",7.157407407,2.2409,"5e836a3c2598d409928dae31","EC_0039.jpg"
"4075",6.12962963,2.0768,"5e836a3c2598d409928dae31","EC_0108.jpg"
"4076",7.518518519,1.9261,"5e836a3c2598d409928dae31","EC_0061.jpg"
"4077",5.805555556,2.1608,"5e836a3c2598d409928dae31","EC_0237.jpg"
"4078",9.416666667,2.5543,"5e836a3c2598d409928dae31","EC_0185.jpg"
"4079",9.027777778,2.3285,"5e836a3c2598d409928dae31","EC_0184.jpg"
"4080",9.824074074,2.2105,"5e836a3c2598d409928dae31","EC_0057.jpeg"
"4081",9.425925926,2.2545,"5e836a3c2598d409928dae31","EC_0066.jpg"
"4082",5.907407407,2.607,"5e836a3c2598d409928dae31","EC_0097.jpg"
"4083",7.564814815,3.6094,"5e836a3c2598d409928dae31","EC_0111.jpg"
"4084",1.62962963,2.4809,"5e836a3c2598d409928dae31","EC_0221.jpg"
"4085",8.703703704,2.4145,"5e836a3c2598d409928dae31","EC_0239.jpg"
"4086",8.712962963,2.1627,"5e836a3c2598d409928dae31","EC_0063.jpg"
"4087",6.842592593,2.0405,"5e836a3c2598d409928dae31","EC_0088.jpg"
"4088",1.703703704,2.5715,"5e836a3c2598d409928dae31","EC_0001.jpg"
"4089",1.5,2.8118,"5e836a3c2598d409928dae31","EC_0230.jpg"
"4090",7.703703704,2.528,"5e836a3c2598d409928dae31","EC_0245.jpg"
"4091",5.416666667,3.2623,"5e836a3c2598d409928dae31","EC_0202.jpg"
"4092",8.166666667,2.0245,"5e836a3c2598d409928dae31","EC_0139.png"
"4093",5.064814815,2.0211,"5e836a3c2598d409928dae31","EC_0071.jpg"
"4094",4.546296861,2.0933,"5e836a3c2598d409928dae31","EC_0055.jpg"
"4095",0.657407407,2.2548,"5e836a3c2598d409928dae31","EC_0194.jpg"
"4096",4.277777778,2.2105,"5e836a3c2598d409928dae31","EC_0040.jpg"
"4097",2.87962963,2.225,"5e836a3c2598d409928dae31","EC_0101.jpg"
"4098",6.222222222,2.3796,"5e836a3c2598d409928dae31","EC_0165.jpg"
"4099",7.833333333,2.0744,"5e836a3c2598d409928dae31","EC_0193.png"
"4100",8.916666667,3.5249,"5e836a3c2598d409928dae31","EC_0069.jpg"
"4101",5.472222222,2.1733,"5e836a3c2598d409928dae31","EC_0142.jpg"
"4102",9.638888889,2.1249,"5e836a3c2598d409928dae31","EC_0177.jpg"
"4103",9.546296296,2.3903,"5e836a3c2598d409928dae31","EC_0150.jpg"
"4104",2.703703704,2.3704,"5e836a3c2598d409928dae31","EC_0016.jpg"
"4105",6.444444444,2.1025,"5e836a3c2598d409928dae31","EC_0115.jpg"
"4106",9.611111111,2.8727,"5e836a3c2598d409928dae31","EC_0030.jpg"
"4107",7.25,2.3864,"5e836a3c2598d409928dae31","EC_0219.jpg"
"4108",9.481481481,2.0177,"5e836a3c2598d409928dae31","EC_0102.jpg"
"4109",8.12037037,2.1344,"5e836a3c2598d409928dae31","EC_0084.jpg"
"4110",8.990740741,2.21,"5e836a3c2598d409928dae31","EC_0096.jpg"
"4111",8.296296296,4.5404,"5e836a3c2598d409928dae31","EC_0120.jpg"
"4112",7.037037037,3.3091,"5e836a3c2598d409928dae31","EC_0128.jpeg"
"4113",0.064815097,2.6597,"5e836a3c2598d409928dae31","EC_0005.jpg"
"4114",5.842592593,2.5531,"5e836a3c2598d409928dae31","EC_0123.jpeg"
"4115",8.833333333,2.2163,"5e836a3c2598d409928dae31","EC_0082.jpg"
"4116",9.138888889,2.3348,"5e836a3c2598d409928dae31","EC_0087.jpg"
"4117",0.87962963,2.4173,"5e836a3c2598d409928dae31","EC_0232.jpg"
"4118",7,2.1221,"5e836a3c2598d409928dae31","EC_0086.jpg"
"4119",8.388888889,2.2887,"5e836a3c2598d409928dae31","EC_0060.jpg"
"4120",4.037037037,3.2372,"5e836a3c2598d409928dae31","EC_0067.jpg"
"4121",0.138888889,2.7015,"5e836a3c2598d409928dae31","EC_0019.jpg"
"4122",8.861111111,2.276,"5e836a3c2598d409928dae31","EC_0228.jpg"
"4123",9.537037037,2.2501,"5e836a3c2598d409928dae31","EC_0171.jpg"
"4124",8.268518519,2.626,"5e836a3c2598d409928dae31","EC_0137.jpg"
"4125",9.537037037,2.4252,"5e836a3c2598d409928dae31","EC_0042.jpg"
"4126",5.342592593,2.3866,"5e836a3c2598d409928dae31","EC_0106.jpg"
"4127",8.703703704,2.671,"5e836a3c2598d409928dae31","EC_0032.jpg"
"4128",6.648148148,2.2195,"5e836a3c2598d409928dae31","EC_0238.jpg"
"4129",0.805555556,2.483,"5e836a3c2598d409928dae31","EC_0204.jpg"
"4130",8.185185185,2.2023,"5e836a3c2598d409928dae31","EC_0094.jpg"
"4131",9.194444444,2.6228,"5e836a3c2598d409928dae31","EC_0002.jpg"
"4132",1.074074074,2.4752,"5e836a3c2598d409928dae31","EC_0133.jpg"
"4133",5.351852417,2.2826,"5e836a3c2598d409928dae31","EC_0149.jpg"
"4134",6.444444444,2.6697,"5e836a3c2598d409928dae31","EC_0125.jpeg"
"4135",9.611111111,2.1388,"5e836a3c2598d409928dae31","EC_0008.jpg"
"4136",7.416666667,2.1498,"5e836a3c2598d409928dae31","EC_0224.jpg"
"4137",2.657407407,2.65,"5e836a3c2598d409928dae31","EC_0113.jpg"
"4138",8.925925926,3.055,"5e836a3c2598d409928dae31","EC_0195.jpg"
"4139",6.833333333,2.3667,"5e836a3c2598d409928dae31","EC_0056.jpg"
"4140",2.37037037,2.7771,"5e836a3c2598d409928dae31","EC_0235.jpg"
"4141",8.064814815,2.3563,"5e836a3c2598d409928dae31","EC_0250.jpg"
"4142",8.388888889,2.1167,"5e836a3c2598d409928dae31","EC_0018.jpg"
"4143",8.703703704,1.8668,"5e836a3c2598d409928dae31","EC_0031.jpg"
"4144",0.018518519,2.4683,"5e836a3c2598d409928dae31","EC_0161.jpg"
"4145",0,3.1159,"5e836a3c2598d409928dae31","EC_0162.jpg"
"4146",0.694444444,2.2837,"5e836a3c2598d409928dae31","EC_0034.jpg"
"4147",9.537037037,2.6512,"5e836a3c2598d409928dae31","EC_0210.jpg"
"4148",1.027777778,2.2839,"5e836a3c2598d409928dae31","EC_0075.jpg"
"4149",4.93518575,2.3335,"5e836a3c2598d409928dae31","EC_0093.jpg"
"4150",3.407407973,2.0872,"5e836a3c2598d409928dae31","EC_0164.jpg"
"4151",2.731481481,2.2995,"5e836a3c2598d409928dae31","EC_0244.jpg"
"4152",7.361111111,2.0194,"5e836a3c2598d409928dae31","EC_0172.jpg"
"4153",9.472222222,2.1834,"5e836a3c2598d409928dae31","EC_0154.jpg"
"4154",9.342592593,2.2337,"5e836a3c2598d409928dae31","EC_0059.jpg"
"4155",8.416666667,2.1518,"5e836a3c2598d409928dae31","EC_0051.jpg"
"4156",6.425925926,2.1187,"5e836a3c2598d409928dae31","EC_0085.jpg"
"4157",7.407407407,2.0005,"5e836a3c2598d409928dae31","EC_0209.jpg"
"4158",10,3.0242,"5e836a3c2598d409928dae31","EC_0211.jpg"
"4159",7.990740741,2.2202,"5e836a3c2598d409928dae31","EC_0109.jpg"
"4160",8.37037037,2.2528,"5e836a3c2598d409928dae31","EC_0141.jpg"
"4161",7.12962963,2.1504,"5e836a3c2598d409928dae31","EC_0012.jpg"
"4162",0.351851852,2.3329,"5e836a3c2598d409928dae31","EC_0242.jpg"
"4163",7.740740741,2.4768,"5e836a3c2598d409928dae31","EC_0247.jpg"
"4164",5.759259259,2.223,"5e836a3c2598d409928dae31","EC_0241.jpg"
"4165",4.509259259,2.1388,"5e836a3c2598d409928dae31","EC_0064.jpg"
"4166",1.185185185,2.635,"5e836a3c2598d409928dae31","EC_0129.jpeg"
"4167",8.962962963,2.2991,"5e836a3c2598d409928dae31","EC_0167.jpg"
"4168",9.731481481,2.1578,"5e836a3c2598d409928dae31","EC_0037.jpg"
"4169",6.212962963,2.1958,"5e836a3c2598d409928dae31","EC_0048.jpg"
"4170",6.87962963,3.3667,"5e836a3c2598d409928dae31","EC_0036.jpeg"
"4171",9.166666667,2.2548,"5e836a3c2598d409928dae31","EC_0153.jpg"
"4172",7.314814815,3.4416,"5e836a3c2598d409928dae31","EC_0249.jpg"
"4173",9.314814815,2.2661,"5e836a3c2598d409928dae31","EC_0156.jpg"
"4174",2.675925926,2.188,"5e836a3c2598d409928dae31","EC_0038.jpg"
"4175",5.925925926,2.9887,"5e836a3c2598d409928dae31","EC_0015.jpg"
"4176",5.453703704,2.325,"5e836a3c2598d409928dae31","EC_0166.jpg"
"4177",4.861111111,2.6877,"5e836a3c2598d409928dae31","EC_0180.jpg"
"4178",6.490740741,2.1259,"5e836a3c2598d409928dae31","EC_0231.jpg"
"4179",6.240740741,2.1709,"5e836a3c2598d409928dae31","EC_0010.jpg"
"4180",9.194444444,2.1157,"5e836a3c2598d409928dae31","EC_0077.jpg"
"4181",8.111111111,2.2139,"5e836a3c2598d409928dae31","EC_0151.jpg"
"4182",7.453703704,2.278,"5e836a3c2598d409928dae31","EC_0170.jpg"
"4183",9.435185185,2.0695,"5e836a3c2598d409928dae31","EC_0203.jpg"
"4184",5.833333333,2.3504,"5e836a3c2598d409928dae31","EC_0229.jpg"
"4185",9.287037037,2.7051,"5e836a3c2598d409928dae31","EC_0090.jpg"
"4186",2.527777778,2.3678,"5e836a3c2598d409928dae31","EC_0176.jpg"
"4187",3.138888889,2.8244,"5e836a3c2598d409928dae31","EC_0033.jpeg"
"4188",7.75,1.9404,"5e836a3c2598d409928dae31","EC_0068.jpg"
"4189",9.296296296,2.2511,"5e836a3c2598d409928dae31","EC_0080.jpg"
"4190",0.194444444,2.6244,"5e836a3c2598d409928dae31","EC_0121.jpg"
"4191",9.138888889,2.3399,"5e836a3c2598d409928dae31","EC_0205.jpg"
"4192",2.851851852,2.3151,"5e836a3c2598d409928dae31","EC_0027.jpg"
"4193",6.564814815,2.0716,"5e836a3c2598d409928dae31","EC_0006.jpg"
"4194",8.712962963,2.3577,"5e836a3c2598d409928dae31","EC_0233.jpg"
"4195",3.898148148,2.3098,"5e836a3c2598d409928dae31","EC_0013.jpg"
"4196",1.037037037,2.5488,"5e836a3c2598d409928dae31","EC_0182.jpg"
"4197",0.111111111,2.2546,"5e836a3c2598d409928dae31","EC_0213.jpg"
"4198",5.564814815,2.3946,"5e836a3c2598d409928dae31","EC_0248.jpg"
"4199",8.037037037,2.2775,"5e836a3c2598d409928dae31","EC_0223.jpg"
"4200",7.277777778,2.5977,"5e836a3c2598d409928dae31","EC_0196.jpg"
"4201",4.272565569,3.2619,"5e9a2251a69f690b9cc31ede","EC_0118.jpg"
"4202",3.944998605,2.5307,"5e9a2251a69f690b9cc31ede","EC_0003.jpg"
"4203",5.15499442,2.9628,"5e9a2251a69f690b9cc31ede","EC_0002.jpg"
"4204",5.95992606,2.5804,"5e9a2251a69f690b9cc31ede","EC_0038.jpg"
"4205",2.084960938,2.4977,"5e9a2251a69f690b9cc31ede","EC_0067.jpg"
"4206",9.055245536,3.147,"5e9a2251a69f690b9cc31ede","EC_0036.jpeg"
"4207",4.006277902,2.7316,"5e9a2251a69f690b9cc31ede","EC_0059.jpg"
"4208",4.003976004,2.5969,"5e9a2251a69f690b9cc31ede","EC_0163.jpg"
"4209",9.303745815,3.0976,"5e9a2251a69f690b9cc31ede","EC_0211.jpg"
"4210",9.2464774,2.3624,"5e9a2251a69f690b9cc31ede","EC_0044.jpg"
"4211",2.021309989,3.3806,"5e9a2251a69f690b9cc31ede","EC_0232.jpg"
"4212",1.474051339,3.1976,"5e9a2251a69f690b9cc31ede","EC_0129.jpeg"
"4213",8.430559431,2.8985,"5e9a2251a69f690b9cc31ede","EC_0150.jpg"
"4214",4.973737444,2.947,"5e9a2251a69f690b9cc31ede","EC_0072.jpg"
"4215",3.036272321,2.8406,"5e9a2251a69f690b9cc31ede","EC_0034.jpg"
"4216",9.052873884,2.5136,"5e9a2251a69f690b9cc31ede","EC_0210.jpg"
"4217",3.949393136,2.741,"5e9a2251a69f690b9cc31ede","EC_0148.jpg"
"4218",4.919538225,2.9309,"5e9a2251a69f690b9cc31ede","EC_0223.jpg"
"4219",8.138671875,2.6572,"5e9a2251a69f690b9cc31ede","EC_0039.jpg"
"4220",8.915666853,2.6633,"5e9a2251a69f690b9cc31ede","EC_0082.jpg"
"4221",3.640032087,2.8635,"5e9a2251a69f690b9cc31ede","EC_0221.jpg"
"4222",3.030064174,3.2126,"5e9a2251a69f690b9cc31ede","EC_0064.jpg"
"4223",9.399379185,4.571,"5e9a2251a69f690b9cc31ede","EC_0219.jpg"
"4224",2.076346261,2.8742,"5e9a2251a69f690b9cc31ede","EC_0047.jpg"
"4225",0.130650112,4.6073,"5e9a2251a69f690b9cc31ede","EC_0033.jpeg"
"4226",1.370012556,3.6392,"5e9a2251a69f690b9cc31ede","EC_0096.jpg"
"4227",0.050223214,3.0308,"5e9a2251a69f690b9cc31ede","EC_0227.jpg"
"4228",5.498046875,3.3638,"5e9a2251a69f690b9cc31ede","EC_0249.jpg"
"4229",5.172572545,2.6977,"5e9a2251a69f690b9cc31ede","EC_0012.jpg"
"4230",2.7144601,2.5472,"5e9a2251a69f690b9cc31ede","EC_0017.jpg"
"4231",0.066336496,3.2475,"5e9a2251a69f690b9cc31ede","EC_0027.jpg"
"4232",4.397914342,2.7895,"5e9a2251a69f690b9cc31ede","EC_0236.jpg"
"4233",4.023332868,3.1298,"5e9a2251a69f690b9cc31ede","EC_0009.jpg"
"4234",5.033935547,4.763,"5e9a2251a69f690b9cc31ede","EC_0133.jpg"
"4235",0.054234096,3.9217,"5e9a2251a69f690b9cc31ede","EC_0161.jpg"
"4236",9.2386649,3.0302,"5e9a2251a69f690b9cc31ede","EC_0087.jpg"
"4237",4.999686105,2.7133,"5e9a2251a69f690b9cc31ede","EC_0022.jpg"
"4238",3.008544922,3.3134,"5e9a2251a69f690b9cc31ede","EC_0090.jpg"
"4239",1.986083984,3.097,"5e9a2251a69f690b9cc31ede","EC_0182.jpg"
"4240",2.0347726,3.4639,"5e9a2251a69f690b9cc31ede","EC_0230.jpg"
"4241",9.007010324,2.9627,"5e9a2251a69f690b9cc31ede","EC_0157.jpg"
"4242",5.005615234,2.7477,"5e9a2251a69f690b9cc31ede","EC_0228.jpg"
"4243",0.005789621,2.5296,"5e9a2251a69f690b9cc31ede","EC_0226.jpg"
"4244",1.17515346,3.8394,"5e9a2251a69f690b9cc31ede","EC_0242.jpg"
"4245",7.970842634,3.3154,"5e9a2251a69f690b9cc31ede","EC_0079.jpg"
"4246",4.907854353,3.991,"5e9a2251a69f690b9cc31ede","EC_0095.jpg"
"4247",5.457972935,3.5809,"5e9a2251a69f690b9cc31ede","EC_0028.jpg"
"4248",3.964808873,2.7294,"5e9a2251a69f690b9cc31ede","EC_0068.jpg"
"4249",5.655587333,2.8305,"5e9a2251a69f690b9cc31ede","EC_0124.jpeg"
"4250",4.992013114,2.5304,"5e9a2251a69f690b9cc31ede","EC_0100.jpg"
"4251",3.013427734,2.6806,"5e9a2251a69f690b9cc31ede","EC_0248.jpg"
"4252",9.957484654,2.4963,"5e9a2251a69f690b9cc31ede","EC_0029.jpg"
"4253",7.014962333,2.7975,"5e9a2251a69f690b9cc31ede","EC_0024.jpg"
"4254",6.017194475,3.4784,"5e9a2251a69f690b9cc31ede","EC_0010.jpg"
"4255",2.128104074,3.4638,"5e9a2251a69f690b9cc31ede","EC_0204.jpg"
"4256",1.38671875,2.4135,"5e9a2251a69f690b9cc31ede","EC_0032.jpg"
"4257",1.643101283,2.9049,"5e9a2251a69f690b9cc31ede","EC_0239.jpg"
"4258",7.935825893,3.2317,"5e9a2251a69f690b9cc31ede","EC_0098.jpg"
"4259",5.375906808,2.7811,"5e9a2251a69f690b9cc31ede","EC_0135.jpg"
"4260",5.534040179,2.2309,"5e9a2251a69f690b9cc31ede","EC_0037.jpg"
"4261",5.876360212,2.3643,"5e9a2251a69f690b9cc31ede","EC_0055.jpg"
"4262",3.757463728,2.3965,"5e9a2251a69f690b9cc31ede","EC_0213.jpg"
"4263",0.006975446,3.6308,"5e9a2251a69f690b9cc31ede","EC_0113.jpg"
"4264",5.043770926,2.5636,"5e9a2251a69f690b9cc31ede","EC_0250.jpg"
"4265",9.005092076,2.8125,"5e9a2251a69f690b9cc31ede","EC_0011.jpg"
"4266",4.55179269,2.6976,"5e9a2251a69f690b9cc31ede","EC_0013.jpg"
"4267",9.626081194,3.5144,"5e9a2251a69f690b9cc31ede","EC_0173.jpg"
"4268",5.425013951,3.762,"5e9a2251a69f690b9cc31ede","EC_0244.jpg"
"4269",4.9417899,2.7795,"5e9a2251a69f690b9cc31ede","EC_0149.jpg"
"4270",6.277413504,2.6969,"5e9a2251a69f690b9cc31ede","EC_0088.jpg"
"4271",5.001743862,3.3317,"5e9a2251a69f690b9cc31ede","EC_0209.jpg"
"4272",8.710205078,2.7648,"5e9a2251a69f690b9cc31ede","EC_0141.jpg"
"4273",8.866524833,3.2653,"5e9a2251a69f690b9cc31ede","EC_0172.jpg"
"4274",5.047328404,3.1986,"5e9a2251a69f690b9cc31ede","EC_0015.jpg"
"4275",7.712402344,2.9649,"5e9a2251a69f690b9cc31ede","EC_0132.jpg"
"4276",5.001325335,2.7402,"5e9a2251a69f690b9cc31ede","EC_0074.jpg"
"4277",2.158307757,3.3301,"5e9a2251a69f690b9cc31ede","EC_0197.jpg"
"4278",5.485037667,2.5147,"5e9a2251a69f690b9cc31ede","EC_0176.jpg"
"4279",0.285016741,2.5143,"5e9a2251a69f690b9cc31ede","EC_0049.jpg"
"4280",2.290352958,2.6468,"5e9a2251a69f690b9cc31ede","EC_0131.jpg"
"4281",2.759591239,2.4654,"5e9a2251a69f690b9cc31ede","EC_0099.jpg"
"4282",2.929338728,2.3808,"5e9a2251a69f690b9cc31ede","EC_0094.jpg"
"4283",1.551583426,2.8235,"5e9a2251a69f690b9cc31ede","EC_0237.jpg"
"4284",1.551583426,2.1634,"5e9a2251a69f690b9cc31ede","EC_0060.jpg"
"4285",2.794398717,2.6146,"5e9a2251a69f690b9cc31ede","EC_0070.jpg"
"4286",4.598876953,2.7812,"5e9a2251a69f690b9cc31ede","EC_0200.png"
"4287",4.670061384,2.3465,"5e9a2251a69f690b9cc31ede","EC_0171.jpg"
"4288",3.952392578,2.5294,"5e9a2251a69f690b9cc31ede","EC_0016.jpg"
"4289",6.771589007,3.7715,"5e9a2251a69f690b9cc31ede","EC_0160.jpg"
"4290",4.614501953,2.3808,"5e9a2251a69f690b9cc31ede","EC_0097.jpg"
"4291",4.062430246,2.8823,"5e9a2251a69f690b9cc31ede","EC_0077.jpg"
"4292",7.965192522,2.7301,"5e9a2251a69f690b9cc31ede","EC_0193.png"
"4293",4.983921596,2.6812,"5e9a2251a69f690b9cc31ede","EC_0108.jpg"
"4294",5.027518136,2.1633,"5e9a2251a69f690b9cc31ede","EC_0080.jpg"
"4295",5.906947545,2.4807,"5e9a2251a69f690b9cc31ede","EC_0092.jpg"
"4296",2.957938058,2.647,"5e9a2251a69f690b9cc31ede","EC_0165.jpg"
"4297",6.802176339,2.4815,"5e9a2251a69f690b9cc31ede","EC_0147.png"
"4298",5.064627511,3.364,"5e9a2251a69f690b9cc31ede","EC_0001.jpg"
"4299",3.65687779,2.7627,"5e9a2251a69f690b9cc31ede","EC_0202.jpg"
"4300",4.529366629,2.3959,"5e9a2251a69f690b9cc31ede","EC_0061.jpg"
"4301",3.98890904,2.8474,"5e9a2251a69f690b9cc31ede","EC_0104.jpg"
"4302",4.016357422,2.0297,"5e9a2251a69f690b9cc31ede","EC_0073.jpg"
"4303",5.482526507,2.2801,"5e9a2251a69f690b9cc31ede","EC_0195.jpg"
"4304",5.2386649,2.0303,"5e9a2251a69f690b9cc31ede","EC_0054.jpg"
"4305",7.830636161,2.3478,"5e9a2251a69f690b9cc31ede","EC_0062.jpg"
"4306",4.185023717,2.366,"5e9a2251a69f690b9cc31ede","EC_0224.jpg"
"4307",6.679164342,2.4909,"5e9a2251a69f690b9cc31ede","EC_0093.jpg"
"4308",5.061209542,2.2967,"5e9a2251a69f690b9cc31ede","EC_0196.jpg"
"4309",3.927908761,2.4149,"5e9a2251a69f690b9cc31ede","EC_0164.jpg"
"4310",4.291155134,2.4142,"5e9a2251a69f690b9cc31ede","EC_0185.jpg"
"4311",2.988699777,2.6313,"5e9a2251a69f690b9cc31ede","EC_0233.jpg"
"4312",2.543317522,2.2467,"5e9a2251a69f690b9cc31ede","EC_0214.jpg"
"4313",5.626046317,2.5641,"5e9a2251a69f690b9cc31ede","EC_0119.jpg"
"4314",7.712820871,2.6464,"5e9a2251a69f690b9cc31ede","EC_0057.jpeg"
"4315",3.911237444,2.6977,"5e9a2251a69f690b9cc31ede","EC_0084.jpg"
"4316",4.220842634,2.3821,"5e9a2251a69f690b9cc31ede","EC_0222.jpg"
"4317",9.36757115,3.2968,"5e9a2251a69f690b9cc31ede","EC_0207.jpg"
"4318",5.114501953,2.3569,"5e9a2251a69f690b9cc31ede","EC_0056.jpg"
"4319",4.769984654,2.3118,"5e9a2251a69f690b9cc31ede","EC_0234.jpg"
"4320",5.075090681,2.23,"5e9a2251a69f690b9cc31ede","EC_0170.jpg"
"4321",8.971993583,2.7799,"5e9a2251a69f690b9cc31ede","EC_0083.jpg"
"4322",0.189871652,3.0308,"5e9a2251a69f690b9cc31ede","EC_0162.jpg"
"4323",2.40398298,2.6128,"5e9a2251a69f690b9cc31ede","EC_0180.jpg"
"4324",1.195591518,2.896,"5e9a2251a69f690b9cc31ede","EC_0120.jpg"
"4325",2.239118304,3.0297,"5e9a2251a69f690b9cc31ede","EC_0246.jpg"
"4326",5.27054269,2.9145,"5e9a2251a69f690b9cc31ede","EC_0065.jpg"
"4327",8.735944475,2.446,"5e9a2251a69f690b9cc31ede","EC_0245.jpg"
"4328",4.923409598,2.8906,"5e9a2251a69f690b9cc31ede","EC_0069.jpg"
"4329",8.334402902,2.6801,"5e9a2251a69f690b9cc31ede","EC_0140.jpg"
"4330",1.037841797,3.6136,"5e9a2251a69f690b9cc31ede","EC_0121.jpg"
"4331",1.810930525,2.5312,"5e9a2251a69f690b9cc31ede","EC_0240.jpg"
"4332",1.386753627,2.164,"5e9a2251a69f690b9cc31ede","EC_0181.jpg"
"4333",8.408586775,2.546,"5e9a2251a69f690b9cc31ede","EC_0006.jpg"
"4334",2.872279576,2.7299,"5e9a2251a69f690b9cc31ede","EC_0103.jpg"
"4335",0.375837054,3.3645,"5e9a2251a69f690b9cc31ede","EC_0184.jpg"
"4336",9.995186942,4.1217,"5e9a2251a69f690b9cc31ede","EC_0199.jpg"
"4337",1.939801897,2.5292,"5e9a2251a69f690b9cc31ede","EC_0206.png"
"4338",1.983049665,2.3402,"5e9a2251a69f690b9cc31ede","EC_0134.jpg"
"4339",2.087611607,2.4891,"5e9a2251a69f690b9cc31ede","EC_0106.jpg"
"4340",0.742675781,2.9806,"5e9a2251a69f690b9cc31ede","EC_0040.jpg"
"4341",2.512486049,2.6503,"5e9a2251a69f690b9cc31ede","EC_0137.jpg"
"4342",8.134521484,3.1794,"5e9a2251a69f690b9cc31ede","EC_0156.jpg"
"4343",4.059709821,2.6125,"5e9a2251a69f690b9cc31ede","EC_0109.jpg"
"4344",4.977957589,2.3132,"5e9a2251a69f690b9cc31ede","EC_0046.jpg"
"4345",5.469935826,2.6474,"5e9a2251a69f690b9cc31ede","EC_0086.jpg"
"4346",4.633754185,2.3624,"5e9a2251a69f690b9cc31ede","EC_0151.jpg"
"4347",5.781563895,3.6895,"5e9a2251a69f690b9cc31ede","EC_0231.jpg"
"4348",4.750034877,2.5233,"5e9a2251a69f690b9cc31ede","EC_0066.jpg"
"4349",2.962960379,2.4467,"5e9a2251a69f690b9cc31ede","EC_0198.jpg"
"4350",1.989955357,2.5471,"5e9a2251a69f690b9cc31ede","EC_0007.jpg"
"4351",1.938720703,2.2644,"5e9a2251a69f690b9cc31ede","EC_0116.jpg"
"4352",2.947614397,2.1627,"5e9a2251a69f690b9cc31ede","EC_0051.jpg"
"4353",5.524727958,2.3651,"5e9a2251a69f690b9cc31ede","EC_0188.jpg"
"4354",5.615897042,2.2975,"5e9a2251a69f690b9cc31ede","EC_0168.jpeg"
"4355",0.072649275,2.6155,"5e9a2251a69f690b9cc31ede","EC_0048.jpg"
"4356",7.423793248,2.8471,"5e9a2251a69f690b9cc31ede","EC_0117.jpg"
"4357",5.596121652,2.3469,"5e9a2251a69f690b9cc31ede","EC_0018.jpg"
"4358",3.338274275,3.3806,"5e9a2251a69f690b9cc31ede","EC_0142.jpg"
"4359",1.662667411,3.0148,"5e9a2251a69f690b9cc31ede","EC_0081.jpg"
"4360",8.418212891,4.3071,"5e9a2251a69f690b9cc31ede","EC_0050.jpg"
"4361",4.544642857,2.4804,"5e9a2251a69f690b9cc31ede","EC_0167.jpg"
"4362",6.461251395,2.6822,"5e9a2251a69f690b9cc31ede","EC_0138.png"
"4363",1.310337612,2.6477,"5e9a2251a69f690b9cc31ede","EC_0125.jpeg"
"4364",1.222446987,2.2656,"5e9a2251a69f690b9cc31ede","EC_0111.jpg"
"4365",3.453648158,2.7307,"5e9a2251a69f690b9cc31ede","EC_0076.jpg"
"4366",5.504255022,2.6146,"5e9a2251a69f690b9cc31ede","EC_0187.jpeg"
"4367",0.637032645,3.4803,"5e9a2251a69f690b9cc31ede","EC_0089.jpg"
"4368",5.013776507,2.4239,"5e9a2251a69f690b9cc31ede","EC_0154.jpg"
"4369",1.3160226,2.4138,"5e9a2251a69f690b9cc31ede","EC_0019.jpg"
"4370",4.302455357,2.4986,"5e9a2251a69f690b9cc31ede","EC_0053.jpg"
"4371",0.763218471,2.6303,"5e9a2251a69f690b9cc31ede","EC_0235.jpg"
"4372",2.260567801,2.5467,"5e9a2251a69f690b9cc31ede","EC_0005.jpg"
"4373",4.089250837,2.2312,"5e9a2251a69f690b9cc31ede","EC_0203.jpg"
"4374",3.028913225,2.2644,"5e9a2251a69f690b9cc31ede","EC_0153.jpg"
"4375",3.108712333,2.2132,"5e9a2251a69f690b9cc31ede","EC_0030.jpg"
"4376",0.689174107,2.5301,"5e9a2251a69f690b9cc31ede","EC_0194.jpg"
"4377",1.028564453,2.0981,"5e9a2251a69f690b9cc31ede","EC_0174.jpg"
"4378",3.244768415,2.28,"5e9a2251a69f690b9cc31ede","EC_0102.jpg"
"4379",3.488734654,2.1482,"5e9a2251a69f690b9cc31ede","EC_0101.jpg"
"4380",6.680001395,2.3482,"5e9a2251a69f690b9cc31ede","EC_0085.jpg"
"4381",3.812081473,2.3644,"5e9a2251a69f690b9cc31ede","EC_0159.jpg"
"4382",0.411202567,2.6813,"5e9a2251a69f690b9cc31ede","EC_0123.jpeg"
"4383",5.049107143,2.4311,"5e9a2251a69f690b9cc31ede","EC_0020.jpg"
"4384",9.035749163,2.7138,"5e9a2251a69f690b9cc31ede","EC_0041.jpg"
"4385",5.080601283,2.3098,"5e9a2251a69f690b9cc31ede","EC_0158.jpg"
"4386",2.540562221,2.4473,"5e9a2251a69f690b9cc31ede","EC_0229.jpg"
"4387",4.953299386,2.5624,"5e9a2251a69f690b9cc31ede","EC_0241.jpg"
"4388",3.993617467,2.2063,"5e9a2251a69f690b9cc31ede","EC_0031.jpg"
"4389",8.719726563,3.2816,"5e9a2251a69f690b9cc31ede","EC_0177.jpg"
"4390",9.888044085,3.1315,"5e9a2251a69f690b9cc31ede","EC_0247.jpg"
"4391",4.745954241,2.5799,"5e9a2251a69f690b9cc31ede","EC_0201.jpg"
"4392",6.01109096,2.4975,"5e9a2251a69f690b9cc31ede","EC_0238.jpg"
"4393",8.834856306,2.8904,"5e9a2251a69f690b9cc31ede","EC_0136.jpg"
"4394",2.248151507,2.8803,"5e9a2251a69f690b9cc31ede","EC_0128.jpeg"
"4395",1.999058315,2.3974,"5e9a2251a69f690b9cc31ede","EC_0105.jpg"
"4396",5.807896205,2.4802,"5e9a2251a69f690b9cc31ede","EC_0008.jpg"
"4397",5.062988281,2.2967,"5e9a2251a69f690b9cc31ede","EC_0075.jpg"
"4398",7.228934152,2.6136,"5e9a2251a69f690b9cc31ede","EC_0063.jpg"
"4399",0.688162667,2.8974,"5e9a2251a69f690b9cc31ede","EC_0183.jpg"
"4400",0.692138672,2.1473,"5e9a2251a69f690b9cc31ede","EC_0169.png"
"4401",9.122209821,2.9131,"5e9a2251a69f690b9cc31ede","EC_0243.jpg"
"4402",5.00163923,2.3622,"5e9a2251a69f690b9cc31ede","EC_0014.jpg"
"4403",5.143240792,1.8969,"5e9a2251a69f690b9cc31ede","EC_0042.jpg"
"4404",6.130266462,2.1319,"5e9a2251a69f690b9cc31ede","EC_0139.png"
"4405",8.605224609,2.646,"5e9a2251a69f690b9cc31ede","EC_0152.jpg"
"4406",2.803885324,2.4809,"5e9a2251a69f690b9cc31ede","EC_0071.jpg"
"4407",3.883056641,2.2802,"5e9a2251a69f690b9cc31ede","EC_0166.jpg"
"4408",6.166643415,2.8646,"5e9a2251a69f690b9cc31ede","EC_0058.jpg"
"4409",8.095214844,2.3773,"5e9a2251a69f690b9cc31ede","EC_0115.jpg"
"4410",5.090262277,2.4142,"5e9a2251a69f690b9cc31ede","EC_0205.jpg"
"4411",8.997395833,5.435,"5ee38ef98c0c440172e022ac","EC_0132.jpg"
"4412",8.932291667,9.722,"5ee38ef98c0c440172e022ac","EC_0233.jpg"
"4413",9.934895833,6.025,"5ee38ef98c0c440172e022ac","EC_0246.jpg"
"4414",7.447916667,2.921,"5ee38ef98c0c440172e022ac","EC_0038.jpg"
"4415",8.3984375,4.069,"5ee38ef98c0c440172e022ac","EC_0203.jpg"
"4416",6.041666667,4.788,"5ee38ef98c0c440172e022ac","EC_0250.jpg"
"4417",6.9921875,3.326,"5ee38ef98c0c440172e022ac","EC_0053.jpg"
"4418",9.973958333,6.105,"5ee38ef98c0c440172e022ac","EC_0230.jpg"
"4419",6.979166667,5.207,"5ee38ef98c0c440172e022ac","EC_0209.jpg"
"4420",6.979166667,3.37,"5ee38ef98c0c440172e022ac","EC_0141.jpg"
"4421",9.921875,4.501,"5ee38ef98c0c440172e022ac","EC_0174.jpg"
"4422",0,6.863,"5ee38ef98c0c440172e022ac","EC_0069.jpg"
"4423",5.520833333,3.324,"5ee38ef98c0c440172e022ac","EC_0240.jpg"
"4424",5.520833333,2.746,"5ee38ef98c0c440172e022ac","EC_0205.jpg"
"4425",8.138020833,7.987,"5ee38ef98c0c440172e022ac","EC_0058.jpg"
"4426",9.166666667,3.662,"5ee38ef98c0c440172e022ac","EC_0030.jpg"
"4427",5.325520833,2.91,"5ee38ef98c0c440172e022ac","EC_0075.jpg"
"4428",8.385416667,5.901,"5ee38ef98c0c440172e022ac","EC_0105.jpg"
"4429",3.4765625,4.748,"5ee38ef98c0c440172e022ac","EC_0064.jpg"
"4430",5.572916667,5.918,"5ee38ef98c0c440172e022ac","EC_0033.jpeg"
"4431",8.177083333,2.58,"5ee38ef98c0c440172e022ac","EC_0100.jpg"
"4432",5.299479167,4.488,"5ee38ef98c0c440172e022ac","EC_0124.jpeg"
"4433",7.044270833,5.691,"5ee38ef98c0c440172e022ac","EC_0109.jpg"
"4434",8.5546875,2.99,"5ee38ef98c0c440172e022ac","EC_0102.jpg"
"4435",7.434895833,10.835,"5ee38ef98c0c440172e022ac","EC_0234.jpg"
"4436",5.989583333,6.874,"5ee38ef98c0c440172e022ac","EC_0140.jpg"
"4437",7.981770833,12.002,"5ee38ef98c0c440172e022ac","EC_0020.jpg"
"4438",3.90625,3.233,"5ee38ef98c0c440172e022ac","EC_0136.jpg"
"4439",7.864583333,2.382,"5ee38ef98c0c440172e022ac","EC_0213.jpg"
"4440",5.5859375,3.828,"5ee38ef98c0c440172e022ac","EC_0013.jpg"
"4441",9.947916667,6.301,"5ee38ef98c0c440172e022ac","EC_0161.jpg"
"4442",7.03125,3.562,"5ee38ef98c0c440172e022ac","EC_0153.jpg"
"4443",9.075520833,4.591,"5ee38ef98c0c440172e022ac","EC_0156.jpg"
"4444",8.033854167,9.927,"5ee38ef98c0c440172e022ac","EC_0188.jpg"
"4445",9.7265625,9.588,"5ee38ef98c0c440172e022ac","EC_0152.jpg"
"4446",7.864583333,2.228,"5ee38ef98c0c440172e022ac","EC_0171.jpg"
"4447",9.4140625,3.248,"5ee38ef98c0c440172e022ac","EC_0044.jpg"
"4448",8.997395833,29.726,"5ee38ef98c0c440172e022ac","EC_0128.jpeg"
"4449",6.731770833,2.776,"5ee38ef98c0c440172e022ac","EC_0247.jpg"
"4450",0.013020833,4.188,"5ee38ef98c0c440172e022ac","EC_0067.jpg"
"4451",7.552083333,2.924,"5ee38ef98c0c440172e022ac","EC_0068.jpg"
"4452",8.606770833,2.564,"5ee38ef98c0c440172e022ac","EC_0137.jpg"
"4453",10,5.139,"5ee38ef98c0c440172e022ac","EC_0160.jpg"
"4454",0.052083333,7.443,"5ee38ef98c0c440172e022ac","EC_0087.jpg"
"4455",3.072916667,6.775,"5ee38ef98c0c440172e022ac","EC_0183.jpg"
"4456",9.947916667,30.129,"5ee38ef98c0c440172e022ac","EC_0211.jpg"
"4457",5.078125,12.679,"5ee38ef98c0c440172e022ac","EC_0123.jpeg"
"4458",9.895833333,6.005,"5ee38ef98c0c440172e022ac","EC_0198.jpg"
"4459",4.947916667,11.402,"5ee38ef98c0c440172e022ac","EC_0150.jpg"
"4460",3.059895833,8.734,"5ee38ef98c0c440172e022ac","EC_0118.jpg"
"4461",10,8.664,"5ee38ef98c0c440172e022ac","EC_0057.jpeg"
"4462",9.9609375,8.718,"5ee38ef98c0c440172e022ac","EC_0039.jpg"
"4463",0.065104167,5.031,"5ee38ef98c0c440172e022ac","EC_0048.jpg"
"4464",8.098958333,7.654,"5ee38ef98c0c440172e022ac","EC_0113.jpg"
"4465",9.856770833,4.277,"5ee38ef98c0c440172e022ac","EC_0244.jpg"
"4466",8.932291667,14.786,"5ee38ef98c0c440172e022ac","EC_0201.jpg"
"4467",10,4.208,"5ee38ef98c0c440172e022ac","EC_0072.jpg"
"4468",9.947916667,185.589,"5ee38ef98c0c440172e022ac","EC_0104.jpg"
"4469",9.895833333,71.106,"5ee38ef98c0c440172e022ac","EC_0036.jpeg"
"4470",7.9296875,10.586,"5ee38ef98c0c440172e022ac","EC_0241.jpg"
"4471",7.864583333,8.768,"5ee38ef98c0c440172e022ac","EC_0022.jpg"
"4472",8.528645833,5.11,"5ee38ef98c0c440172e022ac","EC_0065.jpg"
"4473",4.947916667,3.521,"5ee38ef98c0c440172e022ac","EC_0042.jpg"
"4474",4.947916667,8.836,"5ee38ef98c0c440172e022ac","EC_0129.jpeg"
"4475",9.973958333,3.23,"5ee38ef98c0c440172e022ac","EC_0079.jpg"
"4476",7.9296875,3.606,"5ee38ef98c0c440172e022ac","EC_0054.jpg"
"4477",7.942708333,5.278,"5ee38ef98c0c440172e022ac","EC_0243.jpg"
"4478",8.880208333,7.181,"5ee38ef98c0c440172e022ac","EC_0097.jpg"
"4479",7.044270833,35.725,"5ee38ef98c0c440172e022ac","EC_0027.jpg"
"4480",9.908854167,10.473,"5ee38ef98c0c440172e022ac","EC_0047.jpg"
"4481",9.908854167,3.305,"5ee38ef98c0c440172e022ac","EC_0228.jpg"
"4482",5.416666667,3.701,"5ee38ef98c0c440172e022ac","EC_0001.jpg"
"4483",8.854166667,5.439,"5ee38ef98c0c440172e022ac","EC_0071.jpg"
"4484",9.869791667,4.387,"5ee38ef98c0c440172e022ac","EC_0088.jpg"
"4485",8.6328125,4.474,"5ee38ef98c0c440172e022ac","EC_0159.jpg"
"4486",9.518229167,3.636,"5ee38ef98c0c440172e022ac","EC_0237.jpg"
"4487",9.778645833,3.314,"5ee38ef98c0c440172e022ac","EC_0180.jpg"
"4488",8.59375,4.065,"5ee38ef98c0c440172e022ac","EC_0014.jpg"
"4489",9.700520833,3.181,"5ee38ef98c0c440172e022ac","EC_0195.jpg"
"4490",9.947916667,3.372,"5ee38ef98c0c440172e022ac","EC_0177.jpg"
"4491",9.791666667,2.937,"5ee38ef98c0c440172e022ac","EC_0173.jpg"
"4492",9.856770833,2.919,"5ee38ef98c0c440172e022ac","EC_0031.jpg"
"4493",9.856770833,3.42,"5ee38ef98c0c440172e022ac","EC_0148.jpg"
"4494",6.7578125,4.436,"5ee38ef98c0c440172e022ac","EC_0169.png"
"4495",2.838541667,2.821,"5ee38ef98c0c440172e022ac","EC_0117.jpg"
"4496",5.1953125,3.125,"5ee38ef98c0c440172e022ac","EC_0012.jpg"
"4497",7.408854167,3.772,"5ee38ef98c0c440172e022ac","EC_0125.jpeg"
"4498",8.645833333,4.307,"5ee38ef98c0c440172e022ac","EC_0147.png"
"4499",9.283854167,4.401,"5ee38ef98c0c440172e022ac","EC_0164.jpg"
"4500",9.752604167,2.741,"5ee38ef98c0c440172e022ac","EC_0238.jpg"
"4501",9.21875,3.826,"5ee38ef98c0c440172e022ac","EC_0139.png"
"4502",9.453125,5.764,"5ee38ef98c0c440172e022ac","EC_0154.jpg"
"4503",9.791666667,2.662,"5ee38ef98c0c440172e022ac","EC_0029.jpg"
"4504",8.268229167,4.933,"5ee38ef98c0c440172e022ac","EC_0185.jpg"
"4505",8.854166667,2.48,"5ee38ef98c0c440172e022ac","EC_0094.jpg"
"4506",9.505208333,4.006,"5ee38ef98c0c440172e022ac","EC_0015.jpg"
"4507",7.760416667,2.236,"5ee38ef98c0c440172e022ac","EC_0108.jpg"
"4508",9.8828125,4.135,"5ee38ef98c0c440172e022ac","EC_0081.jpg"
"4509",6.028645833,4.19,"5ee38ef98c0c440172e022ac","EC_0227.jpg"
"4510",7.96875,3.393,"5ee38ef98c0c440172e022ac","EC_0003.jpg"
"4511",8.971354167,3.498,"5ee38ef98c0c440172e022ac","EC_0074.jpg"
"4512",9.986979167,11.652,"5ee38ef98c0c440172e022ac","EC_0085.jpg"
"4513",9.947916667,5.313,"5ee38ef98c0c440172e022ac","EC_0200.png"
"4514",9.947916667,2.477,"5ee38ef98c0c440172e022ac","EC_0176.jpg"
"4515",9.947916667,2.753,"5ee38ef98c0c440172e022ac","EC_0210.jpg"
"4516",5.052083333,2.808,"5ee38ef98c0c440172e022ac","EC_0040.jpg"
"4517",6.614583333,3.273,"5ee38ef98c0c440172e022ac","EC_0017.jpg"
"4518",7.486979167,2.369,"5ee38ef98c0c440172e022ac","EC_0131.jpg"
"4519",8.880208333,6.221,"5ee38ef98c0c440172e022ac","EC_0232.jpg"
"4520",8.645833333,2.79,"5ee38ef98c0c440172e022ac","EC_0165.jpg"
"4521",9.153645833,2.461,"5ee38ef98c0c440172e022ac","EC_0149.jpg"
"4522",6.979166667,6.106,"5ee38ef98c0c440172e022ac","EC_0077.jpg"
"4523",9.388020833,3.303,"5ee38ef98c0c440172e022ac","EC_0028.jpg"
"4524",8.958333333,3.251,"5ee38ef98c0c440172e022ac","EC_0089.jpg"
"4525",9.947916667,4.295,"5ee38ef98c0c440172e022ac","EC_0115.jpg"
"4526",7.643229167,3.803,"5ee38ef98c0c440172e022ac","EC_0222.jpg"
"4527",9.075520833,3.086,"5ee38ef98c0c440172e022ac","EC_0060.jpg"
"4528",9.557291667,5.153,"5ee38ef98c0c440172e022ac","EC_0083.jpg"
"4529",9.466145833,4.586,"5ee38ef98c0c440172e022ac","EC_0196.jpg"
"4530",9.270833333,6.223,"5ee38ef98c0c440172e022ac","EC_0055.jpg"
"4531",7.447916667,4.402,"5ee38ef98c0c440172e022ac","EC_0142.jpg"
"4532",8.450520833,3.636,"5ee38ef98c0c440172e022ac","EC_0133.jpg"
"4533",4.973958333,63.825,"5ee38ef98c0c440172e022ac","EC_0121.jpg"
"4534",4.375,3.08,"5ee38ef98c0c440172e022ac","EC_0162.jpg"
"4535",9.518229167,596.42,"5ee38ef98c0c440172e022ac","EC_0090.jpg"
"4536",9.6875,3.789,"5ee38ef98c0c440172e022ac","EC_0242.jpg"
"4537",9.791666667,12.138,"5ee38ef98c0c440172e022ac","EC_0158.jpg"
"4538",9.947916667,15.743,"5ee38ef98c0c440172e022ac","EC_0229.jpg"
"4539",9.947916667,54.815,"5ee38ef98c0c440172e022ac","EC_0197.jpg"
"4540",9.947916667,2.481,"5ee38ef98c0c440172e022ac","EC_0239.jpg"
"4541",9.088541667,2.711,"5ee38ef98c0c440172e022ac","EC_0093.jpg"
"4542",9.088541667,3.09,"5ee38ef98c0c440172e022ac","EC_0245.jpg"
"4543",9.8828125,3.174,"5ee38ef98c0c440172e022ac","EC_0101.jpg"
"4544",8.0859375,1.992,"5ee38ef98c0c440172e022ac","EC_0168.jpeg"
"4545",8.9453125,1.788,"5ee38ef98c0c440172e022ac","EC_0170.jpg"
"4546",6.979166667,13.255,"5ee38ef98c0c440172e022ac","EC_0219.jpg"
"4547",5.559895833,3.432,"5ee38ef98c0c440172e022ac","EC_0019.jpg"
"4548",7.252604167,2.452,"5ee38ef98c0c440172e022ac","EC_0119.jpg"
"4549",9.8046875,3.691,"5ee38ef98c0c440172e022ac","EC_0193.png"
"4550",8.645833333,4.4,"5ee38ef98c0c440172e022ac","EC_0134.jpg"
"4551",9.505208333,3.775,"5ee38ef98c0c440172e022ac","EC_0223.jpg"
"4552",9.322916667,2.946,"5ee38ef98c0c440172e022ac","EC_0135.jpg"
"4553",9.322916667,2.441,"5ee38ef98c0c440172e022ac","EC_0166.jpg"
"4554",8.736979167,2.665,"5ee38ef98c0c440172e022ac","EC_0095.jpg"
"4555",9.153645833,3.148,"5ee38ef98c0c440172e022ac","EC_0202.jpg"
"4556",9.53125,2.981,"5ee38ef98c0c440172e022ac","EC_0066.jpg"
"4557",9.557291667,8.08,"5ee38ef98c0c440172e022ac","EC_0032.jpg"
"4558",9.4140625,562.459,"5ee38ef98c0c440172e022ac","EC_0167.jpg"
"4559",9.348958333,2.33,"5ee38ef98c0c440172e022ac","EC_0236.jpg"
"4560",9.348958333,2.408,"5ee38ef98c0c440172e022ac","EC_0086.jpg"
"4561",9.088541667,6.345,"5ee38ef98c0c440172e022ac","EC_0056.jpg"
"4562",9.427083333,2.77,"5ee38ef98c0c440172e022ac","EC_0049.jpg"
"4563",7.734375,4.576,"5ee38ef98c0c440172e022ac","EC_0099.jpg"
"4564",9.5703125,3.596,"5ee38ef98c0c440172e022ac","EC_0248.jpg"
"4565",9.8828125,449.174,"5ee38ef98c0c440172e022ac","EC_0062.jpg"
"4566",7.8515625,2.075,"5ee38ef98c0c440172e022ac","EC_0106.jpg"
"4567",7.578125,7.452,"5ee38ef98c0c440172e022ac","EC_0199.jpg"
"4568",9.908854167,10.354,"5ee38ef98c0c440172e022ac","EC_0005.jpg"
"4569",8.7109375,2.234,"5ee38ef98c0c440172e022ac","EC_0194.jpg"
"4570",9.322916667,3.505,"5ee38ef98c0c440172e022ac","EC_0018.jpg"
"4571",8.3203125,2.389,"5ee38ef98c0c440172e022ac","EC_0050.jpg"
"4572",9.752604167,2.369,"5ee38ef98c0c440172e022ac","EC_0010.jpg"
"4573",9.127604167,5.037,"5ee38ef98c0c440172e022ac","EC_0096.jpg"
"4574",9.7265625,4.873,"5ee38ef98c0c440172e022ac","EC_0016.jpg"
"4575",9.036458333,3.881,"5ee38ef98c0c440172e022ac","EC_0221.jpg"
"4576",9.5703125,4.474,"5ee38ef98c0c440172e022ac","EC_0080.jpg"
"4577",0.4296875,84.057,"5ee38ef98c0c440172e022ac","EC_0111.jpg"
"4578",3.802083333,2.666,"5ee38ef98c0c440172e022ac","EC_0182.jpg"
"4579",7.591145833,2.184,"5ee38ef98c0c440172e022ac","EC_0046.jpg"
"4580",5.9765625,2.161,"5ee38ef98c0c440172e022ac","EC_0214.jpg"
"4581",7.1875,1.562,"5ee38ef98c0c440172e022ac","EC_0120.jpg"
"4582",5.364583333,1.516,"5ee38ef98c0c440172e022ac","EC_0138.png"
"4583",7.8125,1.367,"5ee38ef98c0c440172e022ac","EC_0007.jpg"
"4584",7.669270833,2.541,"5ee38ef98c0c440172e022ac","EC_0076.jpg"
"4585",6.341145833,1.705,"5ee38ef98c0c440172e022ac","EC_0184.jpg"
"4586",7.578125,2.109,"5ee38ef98c0c440172e022ac","EC_0172.jpg"
"4587",6.796875,2.228,"5ee38ef98c0c440172e022ac","EC_0249.jpg"
"4588",7.981770833,1.492,"5ee38ef98c0c440172e022ac","EC_0163.jpg"
"4589",5.9375,2.231,"5ee38ef98c0c440172e022ac","EC_0204.jpg"
"4590",8.28125,1.231,"5ee38ef98c0c440172e022ac","EC_0070.jpg"
"4591",9.1015625,2.836,"5ee38ef98c0c440172e022ac","EC_0059.jpg"
"4592",8.880208333,6.325,"5ee38ef98c0c440172e022ac","EC_0092.jpg"
"4593",9.205729167,3.627,"5ee38ef98c0c440172e022ac","EC_0151.jpg"
"4594",8.4765625,3.141,"5ee38ef98c0c440172e022ac","EC_0061.jpg"
"4595",8.984375,3.122,"5ee38ef98c0c440172e022ac","EC_0037.jpg"
"4596",6.223958333,2.299,"5ee38ef98c0c440172e022ac","EC_0082.jpg"
"4597",4.505208333,2.311,"5ee38ef98c0c440172e022ac","EC_0006.jpg"
"4598",6.783854167,2.209,"5ee38ef98c0c440172e022ac","EC_0008.jpg"
"4599",7.421875,3.49,"5ee38ef98c0c440172e022ac","EC_0206.png"
"4600",5.9765625,1.914,"5ee38ef98c0c440172e022ac","EC_0073.jpg"
"4601",7.864583333,4.597,"5ee38ef98c0c440172e022ac","EC_0063.jpg"
"4602",5.559895833,2.796,"5ee38ef98c0c440172e022ac","EC_0098.jpg"
"4603",8.645833333,3.017,"5ee38ef98c0c440172e022ac","EC_0226.jpg"
"4604",7.096354167,3.109,"5ee38ef98c0c440172e022ac","EC_0011.jpg"
"4605",8.763020833,4.217,"5ee38ef98c0c440172e022ac","EC_0235.jpg"
"4606",7.213541667,2.19,"5ee38ef98c0c440172e022ac","EC_0207.jpg"
"4607",8.046875,8.8,"5ee38ef98c0c440172e022ac","EC_0041.jpg"
"4608",8.59375,2.033,"5ee38ef98c0c440172e022ac","EC_0224.jpg"
"4609",7.799479167,2.332,"5ee38ef98c0c440172e022ac","EC_0231.jpg"
"4610",9.088541667,8.898,"5ee38ef98c0c440172e022ac","EC_0009.jpg"
"4611",9.375,2.836,"5ee38ef98c0c440172e022ac","EC_0103.jpg"
"4612",9.8046875,3.389,"5ee38ef98c0c440172e022ac","EC_0116.jpg"
"4613",8.828125,3.719,"5ee38ef98c0c440172e022ac","EC_0024.jpg"
"4614",8.5546875,3.549,"5ee38ef98c0c440172e022ac","EC_0034.jpg"
"4615",9.3359375,3.574,"5ee38ef98c0c440172e022ac","EC_0187.jpeg"
"4616",9.322916667,7.295,"5ee38ef98c0c440172e022ac","EC_0157.jpg"
"4617",9.557291667,12.526,"5ee38ef98c0c440172e022ac","EC_0002.jpg"
"4618",8.697916667,2.385,"5ee38ef98c0c440172e022ac","EC_0181.jpg"
"4619",9.270833333,1.987,"5ee38ef98c0c440172e022ac","EC_0051.jpg"
"4620",7.578125,2.09,"5ee38ef98c0c440172e022ac","EC_0084.jpg"
"4621",6.953703562,4.0057,"5ee5e3b02eebe932ee9559c5","EC_0104.jpg"
"4622",8.000000848,2.7965,"5ee5e3b02eebe932ee9559c5","EC_0165.jpg"
"4623",3.953704128,4.3768,"5ee5e3b02eebe932ee9559c5","EC_0131.jpg"
"4624",8.027777495,2.9851,"5ee5e3b02eebe932ee9559c5","EC_0116.jpg"
"4625",7.972222787,2.9078,"5ee5e3b02eebe932ee9559c5","EC_0047.jpg"
"4626",8.027777495,3.6972,"5ee5e3b02eebe932ee9559c5","EC_0058.jpg"
"4627",2.990741023,6.1547,"5ee5e3b02eebe932ee9559c5","EC_0033.jpeg"
"4628",2.027777919,6.2578,"5ee5e3b02eebe932ee9559c5","EC_0241.jpg"
"4629",8.074073792,4.1762,"5ee5e3b02eebe932ee9559c5","EC_0061.jpg"
"4630",6.981481623,3.2069,"5ee5e3b02eebe932ee9559c5","EC_0089.jpg"
"4631",7.898148431,2.981,"5ee5e3b02eebe932ee9559c5","EC_0040.jpg"
"4632",5.018518942,3.7481,"5ee5e3b02eebe932ee9559c5","EC_0036.jpeg"
"4633",7.027777919,5.9479,"5ee5e3b02eebe932ee9559c5","EC_0242.jpg"
"4634",5.037037178,3.3904,"5ee5e3b02eebe932ee9559c5","EC_0027.jpg"
"4635",5.98148134,3.4582,"5ee5e3b02eebe932ee9559c5","EC_0136.jpg"
"4636",6.999999859,5.5886,"5ee5e3b02eebe932ee9559c5","EC_0028.jpg"
"4637",5,7.5323,"5ee5e3b02eebe932ee9559c5","EC_0011.jpg"
"4638",7.101852276,5.0604,"5ee5e3b02eebe932ee9559c5","EC_0123.jpeg"
"4639",6.009259401,3.8655,"5ee5e3b02eebe932ee9559c5","EC_0153.jpg"
"4640",7.009259683,5.2434,"5ee5e3b02eebe932ee9559c5","EC_0083.jpg"
"4641",4.990740882,9.9966,"5ee5e3b02eebe932ee9559c5","EC_0152.jpg"
"4642",7.111111394,3.1137,"5ee5e3b02eebe932ee9559c5","EC_0249.jpg"
"4643",4.981481764,8.0498,"5ee5e3b02eebe932ee9559c5","EC_0022.jpg"
"4644",7.824074074,4.3192,"5ee5e3b02eebe932ee9559c5","EC_0209.jpg"
"4645",7.972222787,4.4274,"5ee5e3b02eebe932ee9559c5","EC_0250.jpg"
"4646",5.953703986,6.5795,"5ee5e3b02eebe932ee9559c5","EC_0075.jpg"
"4647",7.907407549,3.4225,"5ee5e3b02eebe932ee9559c5","EC_0160.jpg"
"4648",6.972222505,5.3499,"5ee5e3b02eebe932ee9559c5","EC_0193.png"
"4649",6.88888903,3.3464,"5ee5e3b02eebe932ee9559c5","EC_0237.jpg"
"4650",4.981481764,3.9896,"5ee5e3b02eebe932ee9559c5","EC_0106.jpg"
"4651",6.953703562,4.6938,"5ee5e3b02eebe932ee9559c5","EC_0166.jpg"
"4652",4.04629672,4.4724,"5ee5e3b02eebe932ee9559c5","EC_0121.jpg"
"4653",7.916666667,2.7298,"5ee5e3b02eebe932ee9559c5","EC_0048.jpg"
"4654",8.055555556,2.8074,"5ee5e3b02eebe932ee9559c5","EC_0065.jpg"
"4655",4.037036896,4.499,"5ee5e3b02eebe932ee9559c5","EC_0206.png"
"4656",5.046296296,3.1602,"5ee5e3b02eebe932ee9559c5","EC_0184.jpg"
"4657",5.101851711,3.3143,"5ee5e3b02eebe932ee9559c5","EC_0187.jpeg"
"4658",5.018518942,2.5112,"5ee5e3b02eebe932ee9559c5","EC_0154.jpg"
"4659",6.101851993,3.1244,"5ee5e3b02eebe932ee9559c5","EC_0085.jpg"
"4660",7.990741023,3.5886,"5ee5e3b02eebe932ee9559c5","EC_0051.jpg"
"4661",4.01851866,3.909,"5ee5e3b02eebe932ee9559c5","EC_0231.jpg"
"4662",4.972222646,3.6226,"5ee5e3b02eebe932ee9559c5","EC_0055.jpg"
"4663",2.898148431,2.942,"5ee5e3b02eebe932ee9559c5","EC_0222.jpg"
"4664",4.962962822,3.4388,"5ee5e3b02eebe932ee9559c5","EC_0214.jpg"
"4665",4.962962822,5.7274,"5ee5e3b02eebe932ee9559c5","EC_0125.jpeg"
"4666",5,4.1437,"5ee5e3b02eebe932ee9559c5","EC_0196.jpg"
"4667",7.083333333,3.3105,"5ee5e3b02eebe932ee9559c5","EC_0163.jpg"
"4668",6.111111111,3.7494,"5ee5e3b02eebe932ee9559c5","EC_0024.jpg"
"4669",6.000000283,3.5238,"5ee5e3b02eebe932ee9559c5","EC_0095.jpg"
"4670",6.944444444,3.7413,"5ee5e3b02eebe932ee9559c5","EC_0239.jpg"
"4671",5.944444868,3.6913,"5ee5e3b02eebe932ee9559c5","EC_0044.jpg"
"4672",4.907407407,4.5792,"5ee5e3b02eebe932ee9559c5","EC_0182.jpg"
"4673",7.925925785,3.0111,"5ee5e3b02eebe932ee9559c5","EC_0096.jpg"
"4674",7.925925785,2.2406,"5ee5e3b02eebe932ee9559c5","EC_0135.jpg"
"4675",7.990741023,2.8319,"5ee5e3b02eebe932ee9559c5","EC_0093.jpg"
"4676",5.111111535,4.7261,"5ee5e3b02eebe932ee9559c5","EC_0201.jpg"
"4677",6.999999859,6.3922,"5ee5e3b02eebe932ee9559c5","EC_0080.jpg"
"4678",7.944444727,3.4742,"5ee5e3b02eebe932ee9559c5","EC_0248.jpg"
"4679",7.944444727,2.4579,"5ee5e3b02eebe932ee9559c5","EC_0172.jpg"
"4680",4.898148289,3.9428,"5ee5e3b02eebe932ee9559c5","EC_0128.jpeg"
"4681",5.861111394,2.6088,"5ee5e3b02eebe932ee9559c5","EC_0235.jpg"
"4682",7.037037037,3.5619,"5ee5e3b02eebe932ee9559c5","EC_0103.jpg"
"4683",6.925926208,3.022,"5ee5e3b02eebe932ee9559c5","EC_0150.jpg"
"4684",6.046296579,5.3573,"5ee5e3b02eebe932ee9559c5","EC_0064.jpg"
"4685",4.953703704,4.5557,"5ee5e3b02eebe932ee9559c5","EC_0099.jpg"
"4686",6.027777636,4.6229,"5ee5e3b02eebe932ee9559c5","EC_0149.jpg"
"4687",4.92592635,2.8302,"5ee5e3b02eebe932ee9559c5","EC_0228.jpg"
"4688",5.092592593,4.2538,"5ee5e3b02eebe932ee9559c5","EC_0221.jpg"
"4689",6.148148289,2.6481,"5ee5e3b02eebe932ee9559c5","EC_0094.jpg"
"4690",5.98148134,2.8587,"5ee5e3b02eebe932ee9559c5","EC_0018.jpg"
"4691",5.98148134,2.7574,"5ee5e3b02eebe932ee9559c5","EC_0158.jpg"
"4692",6.962963387,2.8406,"5ee5e3b02eebe932ee9559c5","EC_0010.jpg"
"4693",6.944444444,3.3949,"5ee5e3b02eebe932ee9559c5","EC_0138.png"
"4694",5.009259118,3.8901,"5ee5e3b02eebe932ee9559c5","EC_0151.jpg"
"4695",6.990740741,3.0101,"5ee5e3b02eebe932ee9559c5","EC_0167.jpg"
"4696",4.935185468,3.5594,"5ee5e3b02eebe932ee9559c5","EC_0042.jpg"
"4697",4.04629672,3.4618,"5ee5e3b02eebe932ee9559c5","EC_0171.jpg"
"4698",5.055555414,15.0376,"5ee5e3b02eebe932ee9559c5","EC_0072.jpg"
"4699",8.046297144,5.1655,"5ee5e3b02eebe932ee9559c5","EC_0073.jpg"
"4700",5.990741165,3.5271,"5ee5e3b02eebe932ee9559c5","EC_0068.jpg"
"4701",6.055555697,11.7067,"5ee5e3b02eebe932ee9559c5","EC_0194.jpg"
"4702",8.148148148,5.0236,"5ee5e3b02eebe932ee9559c5","EC_0062.jpg"
"4703",4.92592635,6.1234,"5ee5e3b02eebe932ee9559c5","EC_0090.jpg"
"4704",3.77777806,2.9577,"5ee5e3b02eebe932ee9559c5","EC_0227.jpg"
"4705",7.111111394,2.8132,"5ee5e3b02eebe932ee9559c5","EC_0159.jpg"
"4706",8.888888889,4.0901,"5ee5e3b02eebe932ee9559c5","EC_0071.jpg"
"4707",8.861110829,2.7394,"5ee5e3b02eebe932ee9559c5","EC_0245.jpg"
"4708",3.074074498,4.7842,"5ee5e3b02eebe932ee9559c5","EC_0232.jpg"
"4709",8.055555556,2.7906,"5ee5e3b02eebe932ee9559c5","EC_0210.jpg"
"4710",7.064815097,3.811,"5ee5e3b02eebe932ee9559c5","EC_0156.jpg"
"4711",5.98148134,3.0095,"5ee5e3b02eebe932ee9559c5","EC_0176.jpg"
"4712",4.148148431,3.5613,"5ee5e3b02eebe932ee9559c5","EC_0230.jpg"
"4713",4.12037037,5.0346,"5ee5e3b02eebe932ee9559c5","EC_0019.jpg"
"4714",5.185185185,2.4751,"5ee5e3b02eebe932ee9559c5","EC_0183.jpg"
"4715",7.064815097,3.0527,"5ee5e3b02eebe932ee9559c5","EC_0084.jpg"
"4716",7.935185609,4.1257,"5ee5e3b02eebe932ee9559c5","EC_0074.jpg"
"4717",7.907407549,2.8779,"5ee5e3b02eebe932ee9559c5","EC_0046.jpg"
"4718",7.851852134,2.6296,"5ee5e3b02eebe932ee9559c5","EC_0140.jpg"
"4719",7.944444727,6.1819,"5ee5e3b02eebe932ee9559c5","EC_0031.jpg"
"4720",6.898148148,3.0116,"5ee5e3b02eebe932ee9559c5","EC_0032.jpg"
"4721",6.074073933,4.3338,"5ee5e3b02eebe932ee9559c5","EC_0050.jpg"
"4722",7.083333333,2.7652,"5ee5e3b02eebe932ee9559c5","EC_0168.jpeg"
"4723",7.083333333,2.8464,"5ee5e3b02eebe932ee9559c5","EC_0199.jpg"
"4724",7.083333333,3.7477,"5ee5e3b02eebe932ee9559c5","EC_0203.jpg"
"4725",7.953703845,2.6242,"5ee5e3b02eebe932ee9559c5","EC_0092.jpg"
"4726",4.898148289,3.3436,"5ee5e3b02eebe932ee9559c5","EC_0148.jpg"
"4727",5.972222222,3.3563,"5ee5e3b02eebe932ee9559c5","EC_0173.jpg"
"4728",7.064815097,3.1238,"5ee5e3b02eebe932ee9559c5","EC_0233.jpg"
"4729",7.898148431,3.9745,"5ee5e3b02eebe932ee9559c5","EC_0229.jpg"
"4730",7.898148431,2.6609,"5ee5e3b02eebe932ee9559c5","EC_0006.jpg"
"4731",4.101852134,2.8407,"5ee5e3b02eebe932ee9559c5","EC_0162.jpg"
"4732",5.916666808,3.4415,"5ee5e3b02eebe932ee9559c5","EC_0132.jpg"
"4733",6.962963387,4.0917,"5ee5e3b02eebe932ee9559c5","EC_0098.jpg"
"4734",6.962963387,2.6414,"5ee5e3b02eebe932ee9559c5","EC_0060.jpg"
"4735",6.962963387,2.2456,"5ee5e3b02eebe932ee9559c5","EC_0039.jpg"
"4736",8.888888889,5.0087,"5ee5e3b02eebe932ee9559c5","EC_0234.jpg"
"4737",7.037037037,3.8275,"5ee5e3b02eebe932ee9559c5","EC_0012.jpg"
"4738",6.000000283,2.5446,"5ee5e3b02eebe932ee9559c5","EC_0113.jpg"
"4739",5.972222222,4.6393,"5ee5e3b02eebe932ee9559c5","EC_0069.jpg"
"4740",6.101851993,3.2975,"5ee5e3b02eebe932ee9559c5","EC_0181.jpg"
"4741",6.101851993,2.0397,"5ee5e3b02eebe932ee9559c5","EC_0017.jpg"
"4742",7.962962963,4.523,"5ee5e3b02eebe932ee9559c5","EC_0016.jpg"
"4743",4.972222646,4.5914,"5ee5e3b02eebe932ee9559c5","EC_0108.jpg"
"4744",8.166666384,3.1069,"5ee5e3b02eebe932ee9559c5","EC_0117.jpg"
"4745",3.027778202,3.0103,"5ee5e3b02eebe932ee9559c5","EC_0161.jpg"
"4746",5.046296296,4.6415,"5ee5e3b02eebe932ee9559c5","EC_0005.jpg"
"4747",8.009259259,5.3326,"5ee5e3b02eebe932ee9559c5","EC_0188.jpg"
"4748",5.037037178,4.1988,"5ee5e3b02eebe932ee9559c5","EC_0056.jpg"
"4749",5.055555414,2.6772,"5ee5e3b02eebe932ee9559c5","EC_0147.png"
"4750",5.055555414,2.7271,"5ee5e3b02eebe932ee9559c5","EC_0139.png"
"4751",8.074073792,6.5244,"5ee5e3b02eebe932ee9559c5","EC_0174.jpg"
"4752",8.083333616,2.7594,"5ee5e3b02eebe932ee9559c5","EC_0082.jpg"
"4753",5.046296296,2.6784,"5ee5e3b02eebe932ee9559c5","EC_0007.jpg"
"4754",8.046297144,2.8746,"5ee5e3b02eebe932ee9559c5","EC_0087.jpg"
"4755",7.861111252,2.5913,"5ee5e3b02eebe932ee9559c5","EC_0059.jpg"
"4756",6.88888903,3.6585,"5ee5e3b02eebe932ee9559c5","EC_0081.jpg"
"4757",5.046296296,4.3976,"5ee5e3b02eebe932ee9559c5","EC_0102.jpg"
"4758",5.046296296,2.4108,"5ee5e3b02eebe932ee9559c5","EC_0088.jpg"
"4759",6.953703562,3.2484,"5ee5e3b02eebe932ee9559c5","EC_0009.jpg"
"4760",6.972222505,3.6096,"5ee5e3b02eebe932ee9559c5","EC_0200.png"
"4761",8.027777495,2.9614,"5ee5e3b02eebe932ee9559c5","EC_0029.jpg"
"4762",3.101851852,2.4646,"5ee5e3b02eebe932ee9559c5","EC_0226.jpg"
"4763",6.981481623,3.625,"5ee5e3b02eebe932ee9559c5","EC_0115.jpg"
"4764",8.055555556,3.1713,"5ee5e3b02eebe932ee9559c5","EC_0247.jpg"
"4765",6.972222505,4.9261,"5ee5e3b02eebe932ee9559c5","EC_0238.jpg"
"4766",6.962963387,2.8399,"5ee5e3b02eebe932ee9559c5","EC_0120.jpg"
"4767",8.027777495,2.6577,"5ee5e3b02eebe932ee9559c5","EC_0240.jpg"
"4768",7.981481199,2.7646,"5ee5e3b02eebe932ee9559c5","EC_0198.jpg"
"4769",7.898148431,2.7262,"5ee5e3b02eebe932ee9559c5","EC_0014.jpg"
"4770",7.055555979,2.6646,"5ee5e3b02eebe932ee9559c5","EC_0119.jpg"
"4771",7.990741023,2.7889,"5ee5e3b02eebe932ee9559c5","EC_0034.jpg"
"4772",4.953703704,4.0626,"5ee5e3b02eebe932ee9559c5","EC_0129.jpeg"
"4773",6.074073933,2.7923,"5ee5e3b02eebe932ee9559c5","EC_0211.jpg"
"4774",5.046296296,2.8561,"5ee5e3b02eebe932ee9559c5","EC_0001.jpg"
"4775",6.981481623,2.8658,"5ee5e3b02eebe932ee9559c5","EC_0076.jpg"
"4776",6.120370229,2.6441,"5ee5e3b02eebe932ee9559c5","EC_0003.jpg"
"4777",7.981481199,2.7245,"5ee5e3b02eebe932ee9559c5","EC_0013.jpg"
"4778",8.046297144,3.7273,"5ee5e3b02eebe932ee9559c5","EC_0185.jpg"
"4779",8.055555556,2.5124,"5ee5e3b02eebe932ee9559c5","EC_0079.jpg"
"4780",4.824073933,3.7419,"5ee5e3b02eebe932ee9559c5","EC_0002.jpg"
"4781",7.074074215,3.4246,"5ee5e3b02eebe932ee9559c5","EC_0169.png"
"4782",8.083333616,2.498,"5ee5e3b02eebe932ee9559c5","EC_0037.jpg"
"4783",8.083333616,2.1585,"5ee5e3b02eebe932ee9559c5","EC_0057.jpeg"
"4784",3.101851852,5.223,"5ee5e3b02eebe932ee9559c5","EC_0067.jpg"
"4785",8.925926774,3.175,"5ee5e3b02eebe932ee9559c5","EC_0070.jpg"
"4786",7.074074215,2.9745,"5ee5e3b02eebe932ee9559c5","EC_0063.jpg"
"4787",7.074074215,2.9574,"5ee5e3b02eebe932ee9559c5","EC_0118.jpg"
"4788",8.120370088,2.345,"5ee5e3b02eebe932ee9559c5","EC_0049.jpg"
"4789",5.046296296,4.1756,"5ee5e3b02eebe932ee9559c5","EC_0097.jpg"
"4790",6.907407266,3.4827,"5ee5e3b02eebe932ee9559c5","EC_0053.jpg"
"4791",5.120370653,3.1735,"5ee5e3b02eebe932ee9559c5","EC_0015.jpg"
"4792",6.157407407,2.562,"5ee5e3b02eebe932ee9559c5","EC_0197.jpg"
"4793",6.037037461,3.7807,"5ee5e3b02eebe932ee9559c5","EC_0066.jpg"
"4794",6.129630053,4.6831,"5ee5e3b02eebe932ee9559c5","EC_0134.jpg"
"4795",4.972222646,2.9732,"5ee5e3b02eebe932ee9559c5","EC_0105.jpg"
"4796",7.925925785,4.745,"5ee5e3b02eebe932ee9559c5","EC_0170.jpg"
"4797",8.046297144,3.7905,"5ee5e3b02eebe932ee9559c5","EC_0142.jpg"
"4798",3.962963246,2.6409,"5ee5e3b02eebe932ee9559c5","EC_0213.jpg"
"4799",6.935185326,3.6248,"5ee5e3b02eebe932ee9559c5","EC_0086.jpg"
"4800",7.962962963,2.7716,"5ee5e3b02eebe932ee9559c5","EC_0207.jpg"
"4801",7.907407549,2.7114,"5ee5e3b02eebe932ee9559c5","EC_0204.jpg"
"4802",7.907407549,2.3077,"5ee5e3b02eebe932ee9559c5","EC_0030.jpg"
"4803",7.083333333,2.3291,"5ee5e3b02eebe932ee9559c5","EC_0137.jpg"
"4804",7.083333333,2.6265,"5ee5e3b02eebe932ee9559c5","EC_0101.jpg"
"4805",9.09259231,4.4561,"5ee5e3b02eebe932ee9559c5","EC_0041.jpg"
"4806",8.027777495,4.0252,"5ee5e3b02eebe932ee9559c5","EC_0157.jpg"
"4807",7.138888748,3.2744,"5ee5e3b02eebe932ee9559c5","EC_0202.jpg"
"4808",5.916666808,3.0407,"5ee5e3b02eebe932ee9559c5","EC_0244.jpg"
"4809",6.018518519,2.6472,"5ee5e3b02eebe932ee9559c5","EC_0141.jpg"
"4810",3.027778202,3.3754,"5ee5e3b02eebe932ee9559c5","EC_0124.jpeg"
"4811",8.03703732,2.7953,"5ee5e3b02eebe932ee9559c5","EC_0177.jpg"
"4812",6.944444444,2.8911,"5ee5e3b02eebe932ee9559c5","EC_0038.jpg"
"4813",7.888889313,2.4579,"5ee5e3b02eebe932ee9559c5","EC_0236.jpg"
"4814",5.055555414,4.3567,"5ee5e3b02eebe932ee9559c5","EC_0109.jpg"
"4815",1.944444444,3.8742,"5ee5e3b02eebe932ee9559c5","EC_0195.jpg"
"4816",5.166666949,2.7907,"5ee5e3b02eebe932ee9559c5","EC_0224.jpg"
"4817",6.999999859,3.174,"5ee5e3b02eebe932ee9559c5","EC_0077.jpg"
"4818",4.962962822,2.3943,"5ee5e3b02eebe932ee9559c5","EC_0020.jpg"
"4819",4.981481764,4.2215,"5ee5e3b02eebe932ee9559c5","EC_0111.jpg"
"4820",6.935185326,3.2265,"5ee5e3b02eebe932ee9559c5","EC_0246.jpg"
"4821",6.009259401,3.8065,"5ee5e3b02eebe932ee9559c5","EC_0054.jpg"
"4822",6.027777636,4.1268,"5ee5e3b02eebe932ee9559c5","EC_0100.jpg"
"4823",7.083333333,2.7421,"5ee5e3b02eebe932ee9559c5","EC_0243.jpg"
"4824",7.074074215,2.7236,"5ee5e3b02eebe932ee9559c5","EC_0133.jpg"
"4825",4.972222646,2.7072,"5ee5e3b02eebe932ee9559c5","EC_0223.jpg"
"4826",8.935185185,3.624,"5ee5e3b02eebe932ee9559c5","EC_0008.jpg"
"4827",6.944444444,3.4797,"5ee5e3b02eebe932ee9559c5","EC_0164.jpg"
"4828",4.962962822,3.1772,"5ee5e3b02eebe932ee9559c5","EC_0180.jpg"
"4829",5.138888889,3.0406,"5ee5e3b02eebe932ee9559c5","EC_0219.jpg"
"4830",6.138889171,2.5079,"5ee5e3b02eebe932ee9559c5","EC_0205.jpg"
"4831",9.700265576,2.8036,"5f0b72abf1f9950dce8c0f1e","EC_0008.jpg"
"4832",3.100795594,3.4546,"5f0b72abf1f9950dce8c0f1e","EC_0169.png"
"4833",5.08488096,2.8694,"5f0b72abf1f9950dce8c0f1e","EC_0165.jpg"
"4834",5.08488096,2.3527,"5f0b72abf1f9950dce8c0f1e","EC_0060.jpg"
"4835",6.347480592,3.2462,"5f0b72abf1f9950dce8c0f1e","EC_0148.jpg"
"4836",5.572944459,2.9527,"5f0b72abf1f9950dce8c0f1e","EC_0213.jpg"
"4837",5.010609918,2.8215,"5f0b72abf1f9950dce8c0f1e","EC_0141.jpg"
"4838",5.010609918,1.9812,"5f0b72abf1f9950dce8c0f1e","EC_0019.jpg"
"4839",8.034482597,3.1967,"5f0b72abf1f9950dce8c0f1e","EC_0106.jpg"
"4840",8.618037783,3.7462,"5f0b72abf1f9950dce8c0f1e","EC_0171.jpg"
"4841",9.880636605,3.5637,"5f0b72abf1f9950dce8c0f1e","EC_0050.jpg"
"4842",5.031830563,2.9794,"5f0b72abf1f9950dce8c0f1e","EC_0243.jpg"
"4843",2.644562658,2.8484,"5f0b72abf1f9950dce8c0f1e","EC_0013.jpg"
"4844",5,3.1967,"5f0b72abf1f9950dce8c0f1e","EC_0012.jpg"
"4845",3.737400369,3.3682,"5f0b72abf1f9950dce8c0f1e","EC_0136.jpg"
"4846",0.172413793,3.0025,"5f0b72abf1f9950dce8c0f1e","EC_0053.jpg"
"4847",3.6419103,3.3525,"5f0b72abf1f9950dce8c0f1e","EC_0163.jpg"
"4848",4.989390082,2.7921,"5f0b72abf1f9950dce8c0f1e","EC_0104.jpg"
"4849",6.432360743,2.5629,"5f0b72abf1f9950dce8c0f1e","EC_0034.jpg"
"4850",7.546419098,2.7492,"5f0b72abf1f9950dce8c0f1e","EC_0231.jpg"
"4851",7.546419098,2.5505,"5f0b72abf1f9950dce8c0f1e","EC_0051.jpg"
"4852",4.946949602,2.6463,"5f0b72abf1f9950dce8c0f1e","EC_0098.jpg"
"4853",5,2.1647,"5f0b72abf1f9950dce8c0f1e","EC_0092.jpg"
"4854",5,2.4658,"5f0b72abf1f9950dce8c0f1e","EC_0201.jpg"
"4855",6.496021058,2.9978,"5f0b72abf1f9950dce8c0f1e","EC_0062.jpg"
"4856",6.931034968,3.2813,"5f0b72abf1f9950dce8c0f1e","EC_0187.jpeg"
"4857",0.023872922,4.6212,"5f0b72abf1f9950dce8c0f1e","EC_0083.jpg"
"4858",0.023872922,2.3887,"5f0b72abf1f9950dce8c0f1e","EC_0048.jpg"
"4859",2.400530504,3.4809,"5f0b72abf1f9950dce8c0f1e","EC_0015.jpg"
"4860",8.862069937,3.1652,"5f0b72abf1f9950dce8c0f1e","EC_0009.jpg"
"4861",5.116710713,3.0457,"5f0b72abf1f9950dce8c0f1e","EC_0094.jpg"
"4862",6.846154008,5.545,"5f0b72abf1f9950dce8c0f1e","EC_0121.jpg"
"4863",5.445623828,2.4243,"5f0b72abf1f9950dce8c0f1e","EC_0056.jpg"
"4864",5.445623828,3.4293,"5f0b72abf1f9950dce8c0f1e","EC_0138.png"
"4865",0.066312997,5.3277,"5f0b72abf1f9950dce8c0f1e","EC_0227.jpg"
"4866",5.424403183,3.1638,"5f0b72abf1f9950dce8c0f1e","EC_0100.jpg"
"4867",8.214854435,3.0812,"5f0b72abf1f9950dce8c0f1e","EC_0038.jpg"
"4868",9.806366372,2.9643,"5f0b72abf1f9950dce8c0f1e","EC_0085.jpg"
"4869",9.806366372,2.3366,"5f0b72abf1f9950dce8c0f1e","EC_0167.jpg"
"4870",8.352784984,2.023,"5f0b72abf1f9950dce8c0f1e","EC_0196.jpg"
"4871",9.976128292,2.6967,"5f0b72abf1f9950dce8c0f1e","EC_0058.jpg"
"4872",0.013262599,3.9881,"5f0b72abf1f9950dce8c0f1e","EC_0235.jpg"
"4873",3.20689639,2.7112,"5f0b72abf1f9950dce8c0f1e","EC_0142.jpg"
"4874",6.909814324,3.3148,"5f0b72abf1f9950dce8c0f1e","EC_0003.jpg"
"4875",5.763926215,1.609,"5f0b72abf1f9950dce8c0f1e","EC_0157.jpg"
"4876",8.045093324,2.214,"5f0b72abf1f9950dce8c0f1e","EC_0137.jpg"
"4877",8.458886589,1.5204,"5f0b72abf1f9950dce8c0f1e","EC_0090.jpg"
"4878",5.806365886,1.5969,"5f0b72abf1f9950dce8c0f1e","EC_0101.jpg"
"4879",5.381962703,1.7311,"5f0b72abf1f9950dce8c0f1e","EC_0017.jpg"
"4880",5.127321441,1.6608,"5f0b72abf1f9950dce8c0f1e","EC_0041.jpg"
"4881",4.798408326,2.8802,"5f0b72abf1f9950dce8c0f1e","EC_0245.jpg"
"4882",7.673740539,2.5354,"5f0b72abf1f9950dce8c0f1e","EC_0230.jpg"
"4883",8.427056027,1.8037,"5f0b72abf1f9950dce8c0f1e","EC_0197.jpg"
"4884",3.450928544,1.5987,"5f0b72abf1f9950dce8c0f1e","EC_0016.jpg"
"4885",2.432361066,1.45,"5f0b72abf1f9950dce8c0f1e","EC_0006.jpg"
"4886",4.978780165,2.2472,"5f0b72abf1f9950dce8c0f1e","EC_0065.jpg"
"4887",8.511936987,2.9747,"5f0b72abf1f9950dce8c0f1e","EC_0111.jpg"
"4888",6.326259947,2.0989,"5f0b72abf1f9950dce8c0f1e","EC_0063.jpg"
"4889",5.095490878,2.0921,"5f0b72abf1f9950dce8c0f1e","EC_0027.jpg"
"4890",4.936339684,1.8669,"5f0b72abf1f9950dce8c0f1e","EC_0152.jpg"
"4891",3.716180533,1.5816,"5f0b72abf1f9950dce8c0f1e","EC_0042.jpg"
"4892",5.477453581,1.9136,"5f0b72abf1f9950dce8c0f1e","EC_0095.jpg"
"4893",6.952254804,1.4988,"5f0b72abf1f9950dce8c0f1e","EC_0159.jpg"
"4894",1.880636443,1.8746,"5f0b72abf1f9950dce8c0f1e","EC_0199.jpg"
"4895",2.771883289,1.4805,"5f0b72abf1f9950dce8c0f1e","EC_0209.jpg"
"4896",2.46419082,1.5399,"5f0b72abf1f9950dce8c0f1e","EC_0242.jpg"
"4897",9.572944945,2.4763,"5f0b72abf1f9950dce8c0f1e","EC_0084.jpg"
"4898",9.976128292,3.2343,"5f0b72abf1f9950dce8c0f1e","EC_0194.jpg"
"4899",0.03448284,3.6215,"5f0b72abf1f9950dce8c0f1e","EC_0156.jpg"
"4900",2.973474963,3.5856,"5f0b72abf1f9950dce8c0f1e","EC_0204.jpg"
"4901",2.46419082,3.5288,"5f0b72abf1f9950dce8c0f1e","EC_0183.jpg"
"4902",5.541113896,2.9482,"5f0b72abf1f9950dce8c0f1e","EC_0022.jpg"
"4903",5.106100796,2.0038,"5f0b72abf1f9950dce8c0f1e","EC_0162.jpg"
"4904",5.010609918,1.9285,"5f0b72abf1f9950dce8c0f1e","EC_0075.jpg"
"4905",2.496021382,2.2424,"5f0b72abf1f9950dce8c0f1e","EC_0082.jpg"
"4906",3.94960196,1.8557,"5f0b72abf1f9950dce8c0f1e","EC_0236.jpg"
"4907",7.079575435,1.7306,"5f0b72abf1f9950dce8c0f1e","EC_0005.jpg"
"4908",5.795755968,1.845,"5f0b72abf1f9950dce8c0f1e","EC_0161.jpg"
"4909",1.54111422,2.5463,"5f0b72abf1f9950dce8c0f1e","EC_0234.jpg"
"4910",4.511936501,2.5488,"5f0b72abf1f9950dce8c0f1e","EC_0168.jpeg"
"4911",7.748010772,2.5593,"5f0b72abf1f9950dce8c0f1e","EC_0132.jpg"
"4912",0.787798328,3.2257,"5f0b72abf1f9950dce8c0f1e","EC_0113.jpg"
"4913",0.809018568,1.7425,"5f0b72abf1f9950dce8c0f1e","EC_0054.jpg"
"4914",0.363395145,2.1068,"5f0b72abf1f9950dce8c0f1e","EC_0180.jpg"
"4915",3.864721809,2.5648,"5f0b72abf1f9950dce8c0f1e","EC_0036.jpeg"
"4916",5.04244048,1.954,"5f0b72abf1f9950dce8c0f1e","EC_0246.jpg"
"4917",6.740053212,2.3127,"5f0b72abf1f9950dce8c0f1e","EC_0150.jpg"
"4918",5.159151194,1.6745,"5f0b72abf1f9950dce8c0f1e","EC_0131.jpg"
"4919",4.830238889,1.4124,"5f0b72abf1f9950dce8c0f1e","EC_0211.jpg"
"4920",6.75066313,1.9005,"5f0b72abf1f9950dce8c0f1e","EC_0193.png"
"4921",6.75066313,1.3223,"5f0b72abf1f9950dce8c0f1e","EC_0125.jpeg"
"4922",8.013262761,1.6214,"5f0b72abf1f9950dce8c0f1e","EC_0149.jpg"
"4923",8.724138579,2.08,"5f0b72abf1f9950dce8c0f1e","EC_0237.jpg"
"4924",4.734748011,1.6496,"5f0b72abf1f9950dce8c0f1e","EC_0249.jpg"
"4925",3.610079737,1.5237,"5f0b72abf1f9950dce8c0f1e","EC_0210.jpg"
"4926",5.286472634,1.5213,"5f0b72abf1f9950dce8c0f1e","EC_0109.jpg"
"4927",1.870026525,1.9514,"5f0b72abf1f9950dce8c0f1e","EC_0202.jpg"
"4928",5.031830563,4.3197,"5f0b72abf1f9950dce8c0f1e","EC_0124.jpeg"
"4929",4.777188491,1.6661,"5f0b72abf1f9950dce8c0f1e","EC_0158.jpg"
"4930",6.633952417,3.5328,"5f0b72abf1f9950dce8c0f1e","EC_0103.jpg"
"4931",6.602121854,2.1545,"5f0b72abf1f9950dce8c0f1e","EC_0032.jpg"
"4932",7.408488549,1.5009,"5f0b72abf1f9950dce8c0f1e","EC_0086.jpg"
"4933",3.440318626,1.6488,"5f0b72abf1f9950dce8c0f1e","EC_0115.jpg"
"4934",4.522546419,1.5301,"5f0b72abf1f9950dce8c0f1e","EC_0172.jpg"
"4935",5.053050398,1.5456,"5f0b72abf1f9950dce8c0f1e","EC_0018.jpg"
"4936",8.257294915,1.696,"5f0b72abf1f9950dce8c0f1e","EC_0238.jpg"
"4937",5.519894061,1.9712,"5f0b72abf1f9950dce8c0f1e","EC_0099.jpg"
"4938",8.119363557,1.9192,"5f0b72abf1f9950dce8c0f1e","EC_0135.jpg"
"4939",3.726790451,1.6544,"5f0b72abf1f9950dce8c0f1e","EC_0061.jpg"
"4940",4.925729767,1.693,"5f0b72abf1f9950dce8c0f1e","EC_0181.jpg"
"4941",5.435013101,1.5172,"5f0b72abf1f9950dce8c0f1e","EC_0184.jpg"
"4942",7.122015915,1.7478,"5f0b72abf1f9950dce8c0f1e","EC_0166.jpg"
"4943",4.904509122,1.9134,"5f0b72abf1f9950dce8c0f1e","EC_0001.jpg"
"4944",8.257294915,1.9986,"5f0b72abf1f9950dce8c0f1e","EC_0240.jpg"
"4945",2.570291615,1.7357,"5f0b72abf1f9950dce8c0f1e","EC_0195.jpg"
"4946",5.212201592,1.4027,"5f0b72abf1f9950dce8c0f1e","EC_0049.jpg"
"4947",4.946949602,1.3183,"5f0b72abf1f9950dce8c0f1e","EC_0134.jpg"
"4948",6.135279,1.5471,"5f0b72abf1f9950dce8c0f1e","EC_0046.jpg"
"4949",5.148541276,1.5232,"5f0b72abf1f9950dce8c0f1e","EC_0140.jpg"
"4950",7.472148865,2.6403,"5f0b72abf1f9950dce8c0f1e","EC_0244.jpg"
"4951",4.522546419,1.8,"5f0b72abf1f9950dce8c0f1e","EC_0072.jpg"
"4952",7.546419098,3.1083,"5f0b72abf1f9950dce8c0f1e","EC_0203.jpg"
"4953",7.938992528,10.0818,"5f0b72abf1f9950dce8c0f1e","EC_0173.jpg"
"4954",5.657825419,2.3225,"5f0b72abf1f9950dce8c0f1e","EC_0105.jpg"
"4955",7.323607589,1.619,"5f0b72abf1f9950dce8c0f1e","EC_0080.jpg"
"4956",5.08488096,2.521,"5f0b72abf1f9950dce8c0f1e","EC_0081.jpg"
"4957",9.986737401,3.2448,"5f0b72abf1f9950dce8c0f1e","EC_0074.jpg"
"4958",9.053050074,1.6117,"5f0b72abf1f9950dce8c0f1e","EC_0153.jpg"
"4959",0.893899123,3.1776,"5f0b72abf1f9950dce8c0f1e","EC_0247.jpg"
"4960",4.883289287,2.5181,"5f0b72abf1f9950dce8c0f1e","EC_0031.jpg"
"4961",9.233422722,3.1719,"5f0b72abf1f9950dce8c0f1e","EC_0079.jpg"
"4962",5.70026509,1.7053,"5f0b72abf1f9950dce8c0f1e","EC_0118.jpg"
"4963",4.851458724,1.6474,"5f0b72abf1f9950dce8c0f1e","EC_0007.jpg"
"4964",6.973474639,1.7035,"5f0b72abf1f9950dce8c0f1e","EC_0067.jpg"
"4965",4.055702756,1.6726,"5f0b72abf1f9950dce8c0f1e","EC_0010.jpg"
"4966",6.994695284,1.8168,"5f0b72abf1f9950dce8c0f1e","EC_0020.jpg"
"4967",9.031830239,1.7578,"5f0b72abf1f9950dce8c0f1e","EC_0047.jpg"
"4968",7.175066313,2.1859,"5f0b72abf1f9950dce8c0f1e","EC_0123.jpeg"
"4969",4.893899204,1.7916,"5f0b72abf1f9950dce8c0f1e","EC_0116.jpg"
"4970",4.95755952,2.0975,"5f0b72abf1f9950dce8c0f1e","EC_0071.jpg"
"4971",9.413793751,3.0538,"5f0b72abf1f9950dce8c0f1e","EC_0170.jpg"
"4972",3.6419103,1.9151,"5f0b72abf1f9950dce8c0f1e","EC_0182.jpg"
"4973",1.668434851,2.5383,"5f0b72abf1f9950dce8c0f1e","EC_0073.jpg"
"4974",5.594164294,1.6326,"5f0b72abf1f9950dce8c0f1e","EC_0223.jpg"
"4975",1.4774535,1.6885,"5f0b72abf1f9950dce8c0f1e","EC_0232.jpg"
"4976",4.95755952,1.7364,"5f0b72abf1f9950dce8c0f1e","EC_0030.jpg"
"4977",7.663129812,1.7671,"5f0b72abf1f9950dce8c0f1e","EC_0206.png"
"4978",8.777188977,1.3991,"5f0b72abf1f9950dce8c0f1e","EC_0119.jpg"
"4979",1.742705894,1.8577,"5f0b72abf1f9950dce8c0f1e","EC_0226.jpg"
"4980",9.095491364,1.7104,"5f0b72abf1f9950dce8c0f1e","EC_0198.jpg"
"4981",7.726790937,2.8132,"5f0b72abf1f9950dce8c0f1e","EC_0117.jpg"
"4982",3.928382125,2.0468,"5f0b72abf1f9950dce8c0f1e","EC_0129.jpeg"
"4983",2.793103934,1.7639,"5f0b72abf1f9950dce8c0f1e","EC_0087.jpg"
"4984",6.644562334,1.921,"5f0b72abf1f9950dce8c0f1e","EC_0151.jpg"
"4985",8.023872679,1.6305,"5f0b72abf1f9950dce8c0f1e","EC_0233.jpg"
"4986",4.862069451,1.7972,"5f0b72abf1f9950dce8c0f1e","EC_0164.jpg"
"4987",8.299734586,1.8794,"5f0b72abf1f9950dce8c0f1e","EC_0222.jpg"
"4988",5.870027011,2.6647,"5f0b72abf1f9950dce8c0f1e","EC_0002.jpg"
"4989",4.267904347,1.7644,"5f0b72abf1f9950dce8c0f1e","EC_0024.jpg"
"4990",8.172413955,1.7832,"5f0b72abf1f9950dce8c0f1e","EC_0055.jpg"
"4991",2.336870188,1.8943,"5f0b72abf1f9950dce8c0f1e","EC_0176.jpg"
"4992",8.755969141,2.0844,"5f0b72abf1f9950dce8c0f1e","EC_0044.jpg"
"4993",4.978780165,1.9285,"5f0b72abf1f9950dce8c0f1e","EC_0241.jpg"
"4994",8.204244518,1.7315,"5f0b72abf1f9950dce8c0f1e","EC_0177.jpg"
"4995",9.954906838,2.7804,"5f0b72abf1f9950dce8c0f1e","EC_0221.jpg"
"4996",5,1.7296,"5f0b72abf1f9950dce8c0f1e","EC_0040.jpg"
"4997",7.366048069,1.7248,"5f0b72abf1f9950dce8c0f1e","EC_0089.jpg"
"4998",8.267904833,1.8274,"5f0b72abf1f9950dce8c0f1e","EC_0200.png"
"4999",9.488063984,1.7819,"5f0b72abf1f9950dce8c0f1e","EC_0097.jpg"
"5000",4.968170247,1.8042,"5f0b72abf1f9950dce8c0f1e","EC_0070.jpg"
"5001",5.848806366,2.5287,"5f0b72abf1f9950dce8c0f1e","EC_0139.png"
"5002",7.461538947,12.3117,"5f0b72abf1f9950dce8c0f1e","EC_0066.jpg"
"5003",8.819628647,1.804,"5f0b72abf1f9950dce8c0f1e","EC_0108.jpg"
"5004",4.64986786,1.7441,"5f0b72abf1f9950dce8c0f1e","EC_0069.jpg"
"5005",7.302387754,1.8967,"5f0b72abf1f9950dce8c0f1e","EC_0250.jpg"
"5006",8.267904833,1.569,"5f0b72abf1f9950dce8c0f1e","EC_0068.jpg"
"5007",9.254642557,1.6923,"5f0b72abf1f9950dce8c0f1e","EC_0214.jpg"
"5008",5.074271043,1.821,"5f0b72abf1f9950dce8c0f1e","EC_0028.jpg"
"5009",6.920424241,1.6036,"5f0b72abf1f9950dce8c0f1e","EC_0037.jpg"
"5010",9.127321926,4.3434,"5f0b72abf1f9950dce8c0f1e","EC_0059.jpg"
"5011",9.063660801,2.0296,"5f0b72abf1f9950dce8c0f1e","EC_0224.jpg"
"5012",8.93634017,2.6451,"5f0b72abf1f9950dce8c0f1e","EC_0077.jpg"
"5013",5.159151194,1.4729,"5f0b72abf1f9950dce8c0f1e","EC_0120.jpg"
"5014",4.766578573,1.6881,"5f0b72abf1f9950dce8c0f1e","EC_0174.jpg"
"5015",2.389920586,2.0169,"5f0b72abf1f9950dce8c0f1e","EC_0205.jpg"
"5016",4.978780165,2.3308,"5f0b72abf1f9950dce8c0f1e","EC_0133.jpg"
"5017",7.620690141,1.8981,"5f0b72abf1f9950dce8c0f1e","EC_0029.jpg"
"5018",6.538461538,1.7858,"5f0b72abf1f9950dce8c0f1e","EC_0096.jpg"
"5019",4.893899204,1.8972,"5f0b72abf1f9950dce8c0f1e","EC_0185.jpg"
"5020",8.161804037,1.8888,"5f0b72abf1f9950dce8c0f1e","EC_0093.jpg"
"5021",9.806366372,2.2477,"5f0b72abf1f9950dce8c0f1e","EC_0014.jpg"
"5022",9.806366372,1.6316,"5f0b72abf1f9950dce8c0f1e","EC_0128.jpeg"
"5023",6.082228602,1.7046,"5f0b72abf1f9950dce8c0f1e","EC_0229.jpg"
"5024",4.978780165,2.0123,"5f0b72abf1f9950dce8c0f1e","EC_0147.png"
"5025",8.989390568,2.024,"5f0b72abf1f9950dce8c0f1e","EC_0102.jpg"
"5026",5.137931358,2.1863,"5f0b72abf1f9950dce8c0f1e","EC_0088.jpg"
"5027",8.161804037,2.183,"5f0b72abf1f9950dce8c0f1e","EC_0248.jpg"
"5028",3.631299573,2.3211,"5f0b72abf1f9950dce8c0f1e","EC_0228.jpg"
"5029",8.564987385,1.7282,"5f0b72abf1f9950dce8c0f1e","EC_0207.jpg"
"5030",9.275862393,1.4976,"5f0b72abf1f9950dce8c0f1e","EC_0239.jpg"
"5031",8.798408812,3.342,"5f0b72abf1f9950dce8c0f1e","EC_0160.jpg"
"5032",6.326259947,1.4923,"5f0b72abf1f9950dce8c0f1e","EC_0154.jpg"
"5033",6.230769069,17.4558,"5f0b72abf1f9950dce8c0f1e","EC_0011.jpg"
"5034",7.992042926,1.8962,"5f0b72abf1f9950dce8c0f1e","EC_0039.jpg"
"5035",8.405836191,14.6227,"5f0b72abf1f9950dce8c0f1e","EC_0064.jpg"
"5036",6.188329398,1.6335,"5f0b72abf1f9950dce8c0f1e","EC_0076.jpg"
"5037",8.989390568,2.2644,"5f0b72abf1f9950dce8c0f1e","EC_0219.jpg"
"5038",4.787798408,1.7023,"5f0b72abf1f9950dce8c0f1e","EC_0033.jpeg"
"5039",8.257294915,1.7311,"5f0b72abf1f9950dce8c0f1e","EC_0057.jpeg"
"5040",9.848806042,1.5042,"5f0b72abf1f9950dce8c0f1e","EC_0188.jpg"
"5041",6.078958511,4.2777,"5f2ed19ba38b5b2741c007b6","EC_0012.jpg"
"5042",9.058185418,2.8529,"5f2ed19ba38b5b2741c007b6","EC_0211.jpg"
"5043",5.122186343,4.1637,"5f2ed19ba38b5b2741c007b6","EC_0084.jpg"
"5044",7.307825883,2.9125,"5f2ed19ba38b5b2741c007b6","EC_0063.jpg"
"5045",4.873272578,3.9766,"5f2ed19ba38b5b2741c007b6","EC_0088.jpg"
"5046",6.44588232,2.5077,"5f2ed19ba38b5b2741c007b6","EC_0157.jpg"
"5047",3.168526491,3.4079,"5f2ed19ba38b5b2741c007b6","EC_0094.jpg"
"5048",3.789405028,3.2755,"5f2ed19ba38b5b2741c007b6","EC_0019.jpg"
"5049",7.018687725,3.0226,"5f2ed19ba38b5b2741c007b6","EC_0137.jpg"
"5050",3.421277205,4.1838,"5f2ed19ba38b5b2741c007b6","EC_0068.jpg"
"5051",9.57037131,3.5515,"5f2ed19ba38b5b2741c007b6","EC_0020.jpg"
"5052",1.825057268,3.3533,"5f2ed19ba38b5b2741c007b6","EC_0231.jpg"
"5053",8.143181006,3.0987,"5f2ed19ba38b5b2741c007b6","EC_0057.jpeg"
"5054",4.954666297,3.9341,"5f2ed19ba38b5b2741c007b6","EC_0241.jpg"
"5055",7.864045302,2.6627,"5f2ed19ba38b5b2741c007b6","EC_0109.jpg"
"5056",7.094966571,2.4748,"5f2ed19ba38b5b2741c007b6","EC_0047.jpg"
"5057",9.911514918,2.5426,"5f2ed19ba38b5b2741c007b6","EC_0060.jpg"
"5058",7.512733936,2.548,"5f2ed19ba38b5b2741c007b6","EC_0136.jpg"
"5059",6.614521345,3.9427,"5f2ed19ba38b5b2741c007b6","EC_0105.jpg"
"5060",0.61097463,2.6405,"5f2ed19ba38b5b2741c007b6","EC_0080.jpg"
"5061",2.159315348,2.5059,"5f2ed19ba38b5b2741c007b6","EC_0076.jpg"
"5062",3.386117617,2.2297,"5f2ed19ba38b5b2741c007b6","EC_0154.jpg"
"5063",2.943673134,2.6424,"5f2ed19ba38b5b2741c007b6","EC_0044.jpg"
"5064",6.147216956,2.9421,"5f2ed19ba38b5b2741c007b6","EC_0163.jpg"
"5065",9.079362551,2.4774,"5f2ed19ba38b5b2741c007b6","EC_0149.jpg"
"5066",8.871048292,2.7583,"5f2ed19ba38b5b2741c007b6","EC_0150.jpg"
"5067",2.877372106,2.5756,"5f2ed19ba38b5b2741c007b6","EC_0027.jpg"
"5068",6.033432484,3.8273,"5f2ed19ba38b5b2741c007b6","EC_0056.jpg"
"5069",5.960249901,2.4804,"5f2ed19ba38b5b2741c007b6","EC_0198.jpg"
"5070",3.456168175,3.1481,"5f2ed19ba38b5b2741c007b6","EC_0201.jpg"
"5071",6.802531083,2.5919,"5f2ed19ba38b5b2741c007b6","EC_0018.jpg"
"5072",8.505242666,2.6825,"5f2ed19ba38b5b2741c007b6","EC_0167.jpg"
"5073",8.721409639,2.6584,"5f2ed19ba38b5b2741c007b6","EC_0118.jpg"
"5074",8.992276192,3.5117,"5f2ed19ba38b5b2741c007b6","EC_0064.jpg"
"5075",8.904472987,3.0115,"5f2ed19ba38b5b2741c007b6","EC_0032.jpg"
"5076",4.749943415,2.8273,"5f2ed19ba38b5b2741c007b6","EC_0165.jpg"
"5077",6.744029522,2.4258,"5f2ed19ba38b5b2741c007b6","EC_0172.jpg"
"5078",7.982058525,4.6559,"5f2ed19ba38b5b2741c007b6","EC_0033.jpeg"
"5079",1.831394831,3.3938,"5f2ed19ba38b5b2741c007b6","EC_0042.jpg"
"5080",1.989911,3.1895,"5f2ed19ba38b5b2741c007b6","EC_0246.jpg"
"5081",8.646317323,2.809,"5f2ed19ba38b5b2741c007b6","EC_0081.jpg"
"5082",5.724474589,2.7893,"5f2ed19ba38b5b2741c007b6","EC_0244.jpg"
"5083",9.89516894,3.1448,"5f2ed19ba38b5b2741c007b6","EC_0106.jpg"
"5084",6.693813006,3.2841,"5f2ed19ba38b5b2741c007b6","EC_0048.jpg"
"5085",8.690178394,2.3112,"5f2ed19ba38b5b2741c007b6","EC_0010.jpg"
"5086",8.327288628,2.8768,"5f2ed19ba38b5b2741c007b6","EC_0197.jpg"
"5087",8.283952077,3.1445,"5f2ed19ba38b5b2741c007b6","EC_0095.jpg"
"5088",3.689494133,3.0292,"5f2ed19ba38b5b2741c007b6","EC_0214.jpg"
"5089",3.4892718,3.5734,"5f2ed19ba38b5b2741c007b6","EC_0170.jpg"
"5090",3.409578005,3.075,"5f2ed19ba38b5b2741c007b6","EC_0058.jpg"
"5091",2.08014528,3.0514,"5f2ed19ba38b5b2741c007b6","EC_0182.jpg"
"5092",2.366545995,2.9393,"5f2ed19ba38b5b2741c007b6","EC_0164.jpg"
"5093",8.571227392,2.6581,"5f2ed19ba38b5b2741c007b6","EC_0050.jpg"
"5094",8.475520611,2.6572,"5f2ed19ba38b5b2741c007b6","EC_0168.jpeg"
"5095",6.20121479,2.5745,"5f2ed19ba38b5b2741c007b6","EC_0070.jpg"
"5096",2.796369394,2.4425,"5f2ed19ba38b5b2741c007b6","EC_0158.jpg"
"5097",8.666872978,2.9232,"5f2ed19ba38b5b2741c007b6","EC_0171.jpg"
"5098",8.659367561,2.2402,"5f2ed19ba38b5b2741c007b6","EC_0245.jpg"
"5099",2.705692053,3.6056,"5f2ed19ba38b5b2741c007b6","EC_0247.jpg"
"5100",3.156627019,2.6598,"5f2ed19ba38b5b2741c007b6","EC_0193.png"
"5101",3.086774349,3.2098,"5f2ed19ba38b5b2741c007b6","EC_0207.jpg"
"5102",8.355702559,2.4991,"5f2ed19ba38b5b2741c007b6","EC_0123.jpeg"
"5103",9.336975416,2.8757,"5f2ed19ba38b5b2741c007b6","EC_0103.jpg"
"5104",3.851354122,3.4701,"5f2ed19ba38b5b2741c007b6","EC_0014.jpg"
"5105",3.340787093,2.931,"5f2ed19ba38b5b2741c007b6","EC_0099.jpg"
"5106",8.185960452,2.5764,"5f2ed19ba38b5b2741c007b6","EC_0069.jpg"
"5107",6.297069391,3.9088,"5f2ed19ba38b5b2741c007b6","EC_0067.jpg"
"5108",2.63381362,2.778,"5f2ed19ba38b5b2741c007b6","EC_0034.jpg"
"5109",6.48134311,3.1156,"5f2ed19ba38b5b2741c007b6","EC_0049.jpg"
"5110",6.340493361,2.8401,"5f2ed19ba38b5b2741c007b6","EC_0062.jpg"
"5111",6.424397628,4.4064,"5f2ed19ba38b5b2741c007b6","EC_0101.jpg"
"5112",0.025795698,5.2334,"5f2ed19ba38b5b2741c007b6","EC_0206.png"
"5113",2.361524502,3.8557,"5f2ed19ba38b5b2741c007b6","EC_0077.jpg"
"5114",1.778337161,3.3902,"5f2ed19ba38b5b2741c007b6","EC_0059.jpg"
"5115",3.339688778,2.8312,"5f2ed19ba38b5b2741c007b6","EC_0223.jpg"
"5116",3.214493593,3.3242,"5f2ed19ba38b5b2741c007b6","EC_0204.jpg"
"5117",0.66278855,3.0737,"5f2ed19ba38b5b2741c007b6","EC_0235.jpg"
"5118",1.92024072,3.4073,"5f2ed19ba38b5b2741c007b6","EC_0199.jpg"
"5119",8.651192188,2.8339,"5f2ed19ba38b5b2741c007b6","EC_0098.jpg"
"5120",0.152151585,3.9905,"5f2ed19ba38b5b2741c007b6","EC_0183.jpg"
"5121",4.437860648,2.6398,"5f2ed19ba38b5b2741c007b6","EC_0013.jpg"
"5122",0.000948906,3.3429,"5f2ed19ba38b5b2741c007b6","EC_0184.jpg"
"5123",2.963049412,2.8131,"5f2ed19ba38b5b2741c007b6","EC_0187.jpeg"
"5124",3.394421736,3.2408,"5f2ed19ba38b5b2741c007b6","EC_0203.jpg"
"5125",7.297422886,2.7587,"5f2ed19ba38b5b2741c007b6","EC_0007.jpg"
"5126",7.544519901,3.2586,"5f2ed19ba38b5b2741c007b6","EC_0132.jpg"
"5127",8.799581528,2.6253,"5f2ed19ba38b5b2741c007b6","EC_0087.jpg"
"5128",7.295706272,3.4637,"5f2ed19ba38b5b2741c007b6","EC_0159.jpg"
"5129",1.350946029,2.7078,"5f2ed19ba38b5b2741c007b6","EC_0097.jpg"
"5130",1.875528097,2.344,"5f2ed19ba38b5b2741c007b6","EC_0053.jpg"
"5131",2.050064802,1.8659,"5f2ed19ba38b5b2741c007b6","EC_0213.jpg"
"5132",6.14014864,2.9917,"5f2ed19ba38b5b2741c007b6","EC_0232.jpg"
"5133",6.394782861,2.7565,"5f2ed19ba38b5b2741c007b6","EC_0022.jpg"
"5134",6.533659299,2.7404,"5f2ed19ba38b5b2741c007b6","EC_0138.png"
"5135",2.514559428,3.4254,"5f2ed19ba38b5b2741c007b6","EC_0188.jpg"
"5136",6.646506786,2.644,"5f2ed19ba38b5b2741c007b6","EC_0250.jpg"
"5137",1.931502819,2.844,"5f2ed19ba38b5b2741c007b6","EC_0124.jpeg"
"5138",2.619614601,2.4243,"5f2ed19ba38b5b2741c007b6","EC_0226.jpg"
"5139",5.476341248,3.0438,"5f2ed19ba38b5b2741c007b6","EC_0061.jpg"
"5140",2.159245412,2.8103,"5f2ed19ba38b5b2741c007b6","EC_0024.jpg"
"5141",6.809197267,3.5571,"5f2ed19ba38b5b2741c007b6","EC_0249.jpg"
"5142",4.598733584,3.3428,"5f2ed19ba38b5b2741c007b6","EC_0089.jpg"
"5143",5.037109852,3.4248,"5f2ed19ba38b5b2741c007b6","EC_0051.jpg"
"5144",5.907132626,3.4878,"5f2ed19ba38b5b2741c007b6","EC_0129.jpeg"
"5145",9.888588587,2.9807,"5f2ed19ba38b5b2741c007b6","EC_0152.jpg"
"5146",9.869818687,2.2008,"5f2ed19ba38b5b2741c007b6","EC_0202.jpg"
"5147",9.871695836,2.8068,"5f2ed19ba38b5b2741c007b6","EC_0166.jpg"
"5148",9.737195969,3.2947,"5f2ed19ba38b5b2741c007b6","EC_0195.jpg"
"5149",9.707765579,2.9256,"5f2ed19ba38b5b2741c007b6","EC_0180.jpg"
"5150",4.146374067,2.6975,"5f2ed19ba38b5b2741c007b6","EC_0040.jpg"
"5151",4.287436008,2.3919,"5f2ed19ba38b5b2741c007b6","EC_0141.jpg"
"5152",2.852403323,2.3468,"5f2ed19ba38b5b2741c007b6","EC_0037.jpg"
"5153",2.905380726,2.2977,"5f2ed19ba38b5b2741c007b6","EC_0148.jpg"
"5154",2.567507426,2.9629,"5f2ed19ba38b5b2741c007b6","EC_0036.jpeg"
"5155",2.473667463,2.8059,"5f2ed19ba38b5b2741c007b6","EC_0009.jpg"
"5156",6.087651253,3.0566,"5f2ed19ba38b5b2741c007b6","EC_0135.jpg"
"5157",6.025722822,2.2089,"5f2ed19ba38b5b2741c007b6","EC_0176.jpg"
"5158",6.824901899,2.4981,"5f2ed19ba38b5b2741c007b6","EC_0221.jpg"
"5159",2.188450893,2.7584,"5f2ed19ba38b5b2741c007b6","EC_0111.jpg"
"5160",1.952420076,3.1302,"5f2ed19ba38b5b2741c007b6","EC_0227.jpg"
"5161",5.372778575,3.2426,"5f2ed19ba38b5b2741c007b6","EC_0011.jpg"
"5162",8.932062785,2.7007,"5f2ed19ba38b5b2741c007b6","EC_0108.jpg"
"5163",6.912718614,3.6248,"5f2ed19ba38b5b2741c007b6","EC_0015.jpg"
"5164",2.585526307,2.9649,"5f2ed19ba38b5b2741c007b6","EC_0134.jpg"
"5165",2.657157183,2.4296,"5f2ed19ba38b5b2741c007b6","EC_0017.jpg"
"5166",8.210076491,3.9392,"5f2ed19ba38b5b2741c007b6","EC_0016.jpg"
"5167",6.326317787,3.3589,"5f2ed19ba38b5b2741c007b6","EC_0140.jpg"
"5168",2.216911713,3.1679,"5f2ed19ba38b5b2741c007b6","EC_0133.jpg"
"5169",9.89180247,2.9767,"5f2ed19ba38b5b2741c007b6","EC_0100.jpg"
"5170",6.406811078,2.884,"5f2ed19ba38b5b2741c007b6","EC_0065.jpg"
"5171",9.967443148,2.6285,"5f2ed19ba38b5b2741c007b6","EC_0041.jpg"
"5172",0.253338416,3.45,"5f2ed19ba38b5b2741c007b6","EC_0240.jpg"
"5173",6.843812466,4.0159,"5f2ed19ba38b5b2741c007b6","EC_0092.jpg"
"5174",6.082811356,4.7386,"5f2ed19ba38b5b2741c007b6","EC_0001.jpg"
"5175",2.578314145,2.4824,"5f2ed19ba38b5b2741c007b6","EC_0236.jpg"
"5176",0.057237546,3.0108,"5f2ed19ba38b5b2741c007b6","EC_0194.jpg"
"5177",4.672227701,3.4069,"5f2ed19ba38b5b2741c007b6","EC_0222.jpg"
"5178",1.872346799,3.0232,"5f2ed19ba38b5b2741c007b6","EC_0230.jpg"
"5179",7.929791609,3.0231,"5f2ed19ba38b5b2741c007b6","EC_0128.jpeg"
"5180",9.024427732,2.7066,"5f2ed19ba38b5b2741c007b6","EC_0196.jpg"
"5181",2.198201815,2.9223,"5f2ed19ba38b5b2741c007b6","EC_0085.jpg"
"5182",6.530590852,2.8434,"5f2ed19ba38b5b2741c007b6","EC_0090.jpg"
"5183",0.321557919,2.8429,"5f2ed19ba38b5b2741c007b6","EC_0038.jpg"
"5184",5.83075126,3.4228,"5f2ed19ba38b5b2741c007b6","EC_0029.jpg"
"5185",2.809897264,2.4926,"5f2ed19ba38b5b2741c007b6","EC_0177.jpg"
"5186",2.528616587,3.2232,"5f2ed19ba38b5b2741c007b6","EC_0185.jpg"
"5187",0.737380981,2.8267,"5f2ed19ba38b5b2741c007b6","EC_0161.jpg"
"5188",0.679200093,2.3403,"5f2ed19ba38b5b2741c007b6","EC_0113.jpg"
"5189",2.760744095,2.3769,"5f2ed19ba38b5b2741c007b6","EC_0074.jpg"
"5190",9.866283735,3.1431,"5f2ed19ba38b5b2741c007b6","EC_0153.jpg"
"5191",8.011834621,3.24,"5f2ed19ba38b5b2741c007b6","EC_0239.jpg"
"5192",5.853807131,2.8235,"5f2ed19ba38b5b2741c007b6","EC_0083.jpg"
"5193",9.89440759,3.4822,"5f2ed19ba38b5b2741c007b6","EC_0079.jpg"
"5194",1.970962286,2.8737,"5f2ed19ba38b5b2741c007b6","EC_0116.jpg"
"5195",4.575487773,2.324,"5f2ed19ba38b5b2741c007b6","EC_0228.jpg"
"5196",6.956166426,2.1385,"5f2ed19ba38b5b2741c007b6","EC_0210.jpg"
"5197",8.321488698,2.3455,"5f2ed19ba38b5b2741c007b6","EC_0002.jpg"
"5198",8.543347518,2.743,"5f2ed19ba38b5b2741c007b6","EC_0119.jpg"
"5199",8.543347518,4.5589,"5f2ed19ba38b5b2741c007b6","EC_0117.jpg"
"5200",9.470864932,2.4731,"5f2ed19ba38b5b2741c007b6","EC_0006.jpg"
"5201",2.723959684,2.3323,"5f2ed19ba38b5b2741c007b6","EC_0055.jpg"
"5202",2.812164625,2.8816,"5f2ed19ba38b5b2741c007b6","EC_0242.jpg"
"5203",2.56791234,2.7972,"5f2ed19ba38b5b2741c007b6","EC_0121.jpg"
"5204",5.369312763,2.4099,"5f2ed19ba38b5b2741c007b6","EC_0039.jpg"
"5205",3.258589904,2.5602,"5f2ed19ba38b5b2741c007b6","EC_0125.jpeg"
"5206",0.385414759,2.4429,"5f2ed19ba38b5b2741c007b6","EC_0162.jpg"
"5207",0.608048042,2.7914,"5f2ed19ba38b5b2741c007b6","EC_0181.jpg"
"5208",6.634218693,2.7742,"5f2ed19ba38b5b2741c007b6","EC_0028.jpg"
"5209",8.59904925,3.7178,"5f2ed19ba38b5b2741c007b6","EC_0174.jpg"
"5210",2.301613887,3.0407,"5f2ed19ba38b5b2741c007b6","EC_0131.jpg"
"5211",2.362575134,2.9455,"5f2ed19ba38b5b2741c007b6","EC_0008.jpg"
"5212",9.996840159,3.1143,"5f2ed19ba38b5b2741c007b6","EC_0243.jpg"
"5213",1.972781022,2.6422,"5f2ed19ba38b5b2741c007b6","EC_0248.jpg"
"5214",2.615609169,2.5264,"5f2ed19ba38b5b2741c007b6","EC_0156.jpg"
"5215",3.293013573,2.2426,"5f2ed19ba38b5b2741c007b6","EC_0169.png"
"5216",2.823227247,2.3597,"5f2ed19ba38b5b2741c007b6","EC_0147.png"
"5217",2.73877581,2.2407,"5f2ed19ba38b5b2741c007b6","EC_0237.jpg"
"5218",2.472272714,2.606,"5f2ed19ba38b5b2741c007b6","EC_0102.jpg"
"5219",1.623576482,2.4029,"5f2ed19ba38b5b2741c007b6","EC_0093.jpg"
"5220",6.252529621,3.1925,"5f2ed19ba38b5b2741c007b6","EC_0120.jpg"
"5221",1.460567713,2.7659,"5f2ed19ba38b5b2741c007b6","EC_0005.jpg"
"5222",8.381008307,2.609,"5f2ed19ba38b5b2741c007b6","EC_0082.jpg"
"5223",1.910047531,2.3085,"5f2ed19ba38b5b2741c007b6","EC_0200.png"
"5224",2.828009129,2.2743,"5f2ed19ba38b5b2741c007b6","EC_0096.jpg"
"5225",4.00209109,3.7862,"5f2ed19ba38b5b2741c007b6","EC_0031.jpg"
"5226",7.063455582,3.6424,"5f2ed19ba38b5b2741c007b6","EC_0151.jpg"
"5227",6.929164728,3.011,"5f2ed19ba38b5b2741c007b6","EC_0173.jpg"
"5228",9.68439738,2.9935,"5f2ed19ba38b5b2741c007b6","EC_0066.jpg"
"5229",2.790403366,2.2443,"5f2ed19ba38b5b2741c007b6","EC_0054.jpg"
"5230",1.492917538,3.661,"5f2ed19ba38b5b2741c007b6","EC_0073.jpg"
"5231",5.316440264,4.074,"5f2ed19ba38b5b2741c007b6","EC_0139.png"
"5232",4.580539862,2.5218,"5f2ed19ba38b5b2741c007b6","EC_0205.jpg"
"5233",2.834690412,2.2626,"5f2ed19ba38b5b2741c007b6","EC_0075.jpg"
"5234",2.340121667,2.6263,"5f2ed19ba38b5b2741c007b6","EC_0003.jpg"
"5235",8.028316498,2.7405,"5f2ed19ba38b5b2741c007b6","EC_0238.jpg"
"5236",8.092124462,2.8962,"5f2ed19ba38b5b2741c007b6","EC_0086.jpg"
"5237",2.920498053,2.2095,"5f2ed19ba38b5b2741c007b6","EC_0224.jpg"
"5238",5.511599382,2.6618,"5f2ed19ba38b5b2741c007b6","EC_0234.jpg"
"5239",6.081946691,2.3921,"5f2ed19ba38b5b2741c007b6","EC_0219.jpg"
"5240",9.910934766,2.8138,"5f2ed19ba38b5b2741c007b6","EC_0104.jpg"
"5241",2.888669173,3.0628,"5f2ed19ba38b5b2741c007b6","EC_0072.jpg"
"5242",3.111229738,2.307,"5f2ed19ba38b5b2741c007b6","EC_0160.jpg"
"5243",2.306900819,2.5231,"5f2ed19ba38b5b2741c007b6","EC_0046.jpg"
"5244",2.004688581,2.3402,"5f2ed19ba38b5b2741c007b6","EC_0030.jpg"
"5245",6.501046022,2.2927,"5f2ed19ba38b5b2741c007b6","EC_0209.jpg"
"5246",2.671683629,2.8833,"5f2ed19ba38b5b2741c007b6","EC_0229.jpg"
"5247",7.30139335,2.5512,"5f2ed19ba38b5b2741c007b6","EC_0115.jpg"
"5248",3.044771353,2.0613,"5f2ed19ba38b5b2741c007b6","EC_0142.jpg"
"5249",5.214724541,5.5293,"5f2ed19ba38b5b2741c007b6","EC_0233.jpg"
"5250",1.193128427,2.2969,"5f2ed19ba38b5b2741c007b6","EC_0071.jpg"
"5251",9.039782545,4.2384,"5f49f3262a3d07563d14a7f1","EC_0084.jpg"
"5252",7.060273405,4.8663,"5f49f3262a3d07563d14a7f1","EC_0128.jpeg"
"5253",9.000712801,3.2765,"5f49f3262a3d07563d14a7f1","EC_0167.jpg"
"5254",8.974667258,5.7855,"5f49f3262a3d07563d14a7f1","EC_0181.jpg"
"5255",7.021203661,4.907,"5f49f3262a3d07563d14a7f1","EC_0153.jpg"
"5256",5.914240932,4.7139,"5f49f3262a3d07563d14a7f1","EC_0243.jpg"
"5257",9.013737003,3.0662,"5f49f3262a3d07563d14a7f1","EC_0085.jpg"
"5258",2.046383481,3.6167,"5f49f3262a3d07563d14a7f1","EC_0148.jpg"
"5259",5.966333447,2.9384,"5f49f3262a3d07563d14a7f1","EC_0009.jpg"
"5260",7.984912331,4.4074,"5f49f3262a3d07563d14a7f1","EC_0152.jpg"
"5261",4.038916107,3.8059,"5f49f3262a3d07563d14a7f1","EC_0005.jpg"
"5262",5.979356933,3.6245,"5f49f3262a3d07563d14a7f1","EC_0072.jpg"
"5263",8.974667258,3.2619,"5f49f3262a3d07563d14a7f1","EC_0193.png"
"5264",3.062184666,5.4576,"5f49f3262a3d07563d14a7f1","EC_0231.jpg"
"5265",2.111498767,3.3077,"5f49f3262a3d07563d14a7f1","EC_0059.jpg"
"5266",7.073296176,2.5995,"5f49f3262a3d07563d14a7f1","EC_0055.jpg"
"5267",7.945843302,3.2051,"5f49f3262a3d07563d14a7f1","EC_0246.jpg"
"5268",6.982134632,4.2179,"5f49f3262a3d07563d14a7f1","EC_0199.jpg"
"5269",8.050027617,3.2,"5f49f3262a3d07563d14a7f1","EC_0002.jpg"
"5270",8.961644487,3.2167,"5f49f3262a3d07563d14a7f1","EC_0001.jpg"
"5271",7.997935817,3.4239,"5f49f3262a3d07563d14a7f1","EC_0164.jpg"
"5272",4.976578519,3.2329,"5f49f3262a3d07563d14a7f1","EC_0200.png"
"5273",7.060273405,3.3325,"5f49f3262a3d07563d14a7f1","EC_0003.jpg"
"5274",7.945843302,3.4328,"5f49f3262a3d07563d14a7f1","EC_0081.jpg"
"5275",3.973800821,2.9163,"5f49f3262a3d07563d14a7f1","EC_0203.jpg"
"5276",3.023114922,2.8331,"5f49f3262a3d07563d14a7f1","EC_0056.jpg"
"5277",8.896529201,3.4597,"5f49f3262a3d07563d14a7f1","EC_0228.jpg"
"5278",6.995157403,2.8548,"5f49f3262a3d07563d14a7f1","EC_0233.jpg"
"5279",9.886284129,3.9592,"5f49f3262a3d07563d14a7f1","EC_0132.jpg"
"5280",5.966333447,2.5351,"5f49f3262a3d07563d14a7f1","EC_0057.jpeg"
"5281",6.969111146,3.6498,"5f49f3262a3d07563d14a7f1","EC_0142.jpg"
"5282",7.997935817,2.5903,"5f49f3262a3d07563d14a7f1","EC_0211.jpg"
"5283",2.99706938,3.7031,"5f49f3262a3d07563d14a7f1","EC_0097.jpg"
"5284",2.007314094,3.8998,"5f49f3262a3d07563d14a7f1","EC_0238.jpg"
"5285",4.012869849,4.1995,"5f49f3262a3d07563d14a7f1","EC_0187.jpeg"
"5286",9.052805316,2.6109,"5f49f3262a3d07563d14a7f1","EC_0150.jpg"
"5287",8.037004846,2.6555,"5f49f3262a3d07563d14a7f1","EC_0092.jpg"
"5288",3.947754563,3.7537,"5f49f3262a3d07563d14a7f1","EC_0227.jpg"
"5289",5.966333447,2.8999,"5f49f3262a3d07563d14a7f1","EC_0131.jpg"
"5290",7.021203661,2.6496,"5f49f3262a3d07563d14a7f1","EC_0221.jpg"
"5291",9.886284129,3.299,"5f49f3262a3d07563d14a7f1","EC_0242.jpg"
"5292",6.969111146,2.9213,"5f49f3262a3d07563d14a7f1","EC_0030.jpg"
"5293",8.883504999,2.9496,"5f49f3262a3d07563d14a7f1","EC_0207.jpg"
"5294",8.102120132,2.9622,"5f49f3262a3d07563d14a7f1","EC_0248.jpg"
"5295",0.95244388,4.4137,"5f49f3262a3d07563d14a7f1","EC_0123.jpeg"
"5296",3.023114922,3.9406,"5f49f3262a3d07563d14a7f1","EC_0019.jpg"
"5297",7.060273405,2.9834,"5f49f3262a3d07563d14a7f1","EC_0173.jpg"
"5298",8.974667258,2.5666,"5f49f3262a3d07563d14a7f1","EC_0223.jpg"
"5299",8.037004846,3.3585,"5f49f3262a3d07563d14a7f1","EC_0016.jpg"
"5300",8.010958588,3.4783,"5f49f3262a3d07563d14a7f1","EC_0177.jpg"
"5301",5.093786321,5.6318,"5f49f3262a3d07563d14a7f1","EC_0185.jpg"
"5302",9.039782545,3.9764,"5f49f3262a3d07563d14a7f1","EC_0020.jpg"
"5303",7.125388691,4.0331,"5f49f3262a3d07563d14a7f1","EC_0168.jpeg"
"5304",1.981268194,4.8074,"5f49f3262a3d07563d14a7f1","EC_0237.jpg"
"5305",8.037004846,5.01,"5f49f3262a3d07563d14a7f1","EC_0149.jpg"
"5306",7.021203661,5.842,"5f49f3262a3d07563d14a7f1","EC_0129.jpeg"
"5307",0.145012398,4.1897,"5f49f3262a3d07563d14a7f1","EC_0184.jpg"
"5308",9.990467728,3.1535,"5f49f3262a3d07563d14a7f1","EC_0210.jpg"
"5309",5.002624777,4.0794,"5f49f3262a3d07563d14a7f1","EC_0037.jpg"
"5310",8.98769003,6.4408,"5f49f3262a3d07563d14a7f1","EC_0086.jpg"
"5311",2.033360352,6.224,"5f49f3262a3d07563d14a7f1","EC_0162.jpg"
"5312",9.886284129,4.8079,"5f49f3262a3d07563d14a7f1","EC_0041.jpg"
"5313",8.063051104,4.1455,"5f49f3262a3d07563d14a7f1","EC_0245.jpg"
"5314",8.974667258,3.1954,"5f49f3262a3d07563d14a7f1","EC_0073.jpg"
"5315",6.969111146,6.0409,"5f49f3262a3d07563d14a7f1","EC_0018.jpg"
"5316",9.000712801,3.9831,"5f49f3262a3d07563d14a7f1","EC_0090.jpg"
"5317",2.85381532,3.2785,"5f49f3262a3d07563d14a7f1","EC_0121.jpg"
"5318",5.197971351,2.5947,"5f49f3262a3d07563d14a7f1","EC_0101.jpg"
"5319",6.956088375,3.061,"5f49f3262a3d07563d14a7f1","EC_0017.jpg"
"5320",7.932819816,3.7025,"5f49f3262a3d07563d14a7f1","EC_0014.jpg"
"5321",8.948621716,2.9329,"5f49f3262a3d07563d14a7f1","EC_0241.jpg"
"5322",9.886284129,3.5745,"5f49f3262a3d07563d14a7f1","EC_0157.jpg"
"5323",6.005402476,3.5918,"5f49f3262a3d07563d14a7f1","EC_0105.jpg"
"5324",6.956088375,2.7333,"5f49f3262a3d07563d14a7f1","EC_0198.jpg"
"5325",7.880728016,2.599,"5f49f3262a3d07563d14a7f1","EC_0049.jpg"
"5326",4.976578519,3.1041,"5f49f3262a3d07563d14a7f1","EC_0247.jpg"
"5327",6.005402476,3.7384,"5f49f3262a3d07563d14a7f1","EC_0093.jpg"
"5328",7.984912331,2.9706,"5f49f3262a3d07563d14a7f1","EC_0089.jpg"
"5329",3.908685534,4.7249,"5f49f3262a3d07563d14a7f1","EC_0147.png"
"5330",7.00818089,3.2332,"5f49f3262a3d07563d14a7f1","EC_0077.jpg"
"5331",9.821167411,4.0768,"5f49f3262a3d07563d14a7f1","EC_0136.jpg"
"5332",6.956088375,2.583,"5f49f3262a3d07563d14a7f1","EC_0160.jpg"
"5333",8.02398136,2.4665,"5f49f3262a3d07563d14a7f1","EC_0113.jpg"
"5334",9.104897831,3.2454,"5f49f3262a3d07563d14a7f1","EC_0031.jpg"
"5335",3.088230924,4.083,"5f49f3262a3d07563d14a7f1","EC_0222.jpg"
"5336",5.028671035,3.1314,"5f49f3262a3d07563d14a7f1","EC_0230.jpg"
"5337",4.025893336,4.0912,"5f49f3262a3d07563d14a7f1","EC_0075.jpg"
"5338",3.114277181,3.7575,"5f49f3262a3d07563d14a7f1","EC_0134.jpg"
"5339",7.945843302,3.2742,"5f49f3262a3d07563d14a7f1","EC_0034.jpg"
"5340",8.909551972,4.3567,"5f49f3262a3d07563d14a7f1","EC_0067.jpg"
"5341",0.861282337,3.3869,"5f49f3262a3d07563d14a7f1","EC_0058.jpg"
"5342",9.8993069,3.737,"5f49f3262a3d07563d14a7f1","EC_0044.jpg"
"5343",4.025893336,5.3412,"5f49f3262a3d07563d14a7f1","EC_0061.jpg"
"5344",2.944976864,3.9987,"5f49f3262a3d07563d14a7f1","EC_0213.jpg"
"5345",8.948621716,2.8879,"5f49f3262a3d07563d14a7f1","EC_0106.jpg"
"5346",6.031448733,3.4238,"5f49f3262a3d07563d14a7f1","EC_0244.jpg"
"5347",6.982134632,2.9663,"5f49f3262a3d07563d14a7f1","EC_0151.jpg"
"5348",6.031448733,3.7999,"5f49f3262a3d07563d14a7f1","EC_0062.jpg"
"5349",6.930042117,2.7995,"5f49f3262a3d07563d14a7f1","EC_0174.jpg"
"5350",4.091008622,4.0169,"5f49f3262a3d07563d14a7f1","EC_0008.jpg"
"5351",8.010958588,2.8601,"5f49f3262a3d07563d14a7f1","EC_0170.jpg"
"5352",4.169147395,4.7728,"5f49f3262a3d07563d14a7f1","EC_0236.jpg"
"5353",8.935597514,4.8458,"5f49f3262a3d07563d14a7f1","EC_0083.jpg"
"5354",5.901218161,5.3075,"5f49f3262a3d07563d14a7f1","EC_0011.jpg"
"5355",8.037004846,3.4157,"5f49f3262a3d07563d14a7f1","EC_0064.jpg"
"5356",3.010092151,3.4811,"5f49f3262a3d07563d14a7f1","EC_0109.jpg"
"5357",6.135633764,3.3921,"5f49f3262a3d07563d14a7f1","EC_0015.jpg"
"5358",2.892884349,3.4166,"5f49f3262a3d07563d14a7f1","EC_0182.jpg"
"5359",1.030582653,3.4051,"5f49f3262a3d07563d14a7f1","EC_0214.jpg"
"5360",5.966333447,4.5411,"5f49f3262a3d07563d14a7f1","EC_0250.jpg"
"5361",1.017559524,3.8244,"5f49f3262a3d07563d14a7f1","EC_0206.png"
"5362",2.163591282,3.1497,"5f49f3262a3d07563d14a7f1","EC_0201.jpg"
"5363",7.060273405,2.5996,"5f49f3262a3d07563d14a7f1","EC_0038.jpg"
"5364",5.953310676,3.5698,"5f49f3262a3d07563d14a7f1","EC_0139.png"
"5365",4.976578519,3.0349,"5f49f3262a3d07563d14a7f1","EC_0094.jpg"
"5366",6.943064888,4.6164,"5f49f3262a3d07563d14a7f1","EC_0195.jpg"
"5367",7.97188956,3.3396,"5f49f3262a3d07563d14a7f1","EC_0133.jpg"
"5368",9.065829518,3.0877,"5f49f3262a3d07563d14a7f1","EC_0234.jpg"
"5369",5.966333447,2.6907,"5f49f3262a3d07563d14a7f1","EC_0099.jpg"
"5370",3.166368981,3.6441,"5f49f3262a3d07563d14a7f1","EC_0024.jpg"
"5371",6.04447222,2.5558,"5f49f3262a3d07563d14a7f1","EC_0074.jpg"
"5372",6.005402476,2.9878,"5f49f3262a3d07563d14a7f1","EC_0070.jpg"
"5373",7.97188956,3.0494,"5f49f3262a3d07563d14a7f1","EC_0051.jpg"
"5374",2.827769063,3.6666,"5f49f3262a3d07563d14a7f1","EC_0232.jpg"
"5375",8.896529201,3.0504,"5f49f3262a3d07563d14a7f1","EC_0209.jpg"
"5376",5.849125645,2.9954,"5f49f3262a3d07563d14a7f1","EC_0202.jpg"
"5377",0.770120793,2.7332,"5f49f3262a3d07563d14a7f1","EC_0194.jpg"
"5378",7.932819816,4.7915,"5f49f3262a3d07563d14a7f1","EC_0229.jpg"
"5379",6.031448733,3.6658,"5f49f3262a3d07563d14a7f1","EC_0183.jpg"
"5380",9.912329671,3.2985,"5f49f3262a3d07563d14a7f1","EC_0079.jpg"
"5381",6.109587506,2.7664,"5f49f3262a3d07563d14a7f1","EC_0240.jpg"
"5382",7.281665522,3.2352,"5f49f3262a3d07563d14a7f1","EC_0117.jpg"
"5383",1.030582653,3.3332,"5f49f3262a3d07563d14a7f1","EC_0111.jpg"
"5384",6.890973088,3.3264,"5f49f3262a3d07563d14a7f1","EC_0120.jpg"
"5385",8.010958588,3.6748,"5f49f3262a3d07563d14a7f1","EC_0104.jpg"
"5386",3.010092151,2.9245,"5f49f3262a3d07563d14a7f1","EC_0042.jpg"
"5387",2.033360352,5.3373,"5f49f3262a3d07563d14a7f1","EC_0169.png"
"5388",8.948621716,2.9166,"5f49f3262a3d07563d14a7f1","EC_0032.jpg"
"5389",8.935597514,4.0073,"5f49f3262a3d07563d14a7f1","EC_0102.jpg"
"5390",5.953310676,3.5515,"5f49f3262a3d07563d14a7f1","EC_0135.jpg"
"5391",9.938375213,4.5517,"5f49f3262a3d07563d14a7f1","EC_0063.jpg"
"5392",8.037004846,3.0995,"5f49f3262a3d07563d14a7f1","EC_0159.jpg"
"5393",6.930042117,3.9335,"5f49f3262a3d07563d14a7f1","EC_0118.jpg"
"5394",8.102120132,2.8997,"5f49f3262a3d07563d14a7f1","EC_0076.jpg"
"5395",0.926397981,3.2662,"5f49f3262a3d07563d14a7f1","EC_0235.jpg"
"5396",7.97188956,3.0092,"5f49f3262a3d07563d14a7f1","EC_0137.jpg"
"5397",5.002624777,4.6998,"5f49f3262a3d07563d14a7f1","EC_0006.jpg"
"5398",5.953310676,4.0436,"5f49f3262a3d07563d14a7f1","EC_0166.jpg"
"5399",8.076073875,3.0496,"5f49f3262a3d07563d14a7f1","EC_0138.png"
"5400",7.97188956,3.3923,"5f49f3262a3d07563d14a7f1","EC_0239.jpg"
"5401",6.930042117,3.357,"5f49f3262a3d07563d14a7f1","EC_0027.jpg"
"5402",8.974667258,3.0544,"5f49f3262a3d07563d14a7f1","EC_0163.jpg"
"5403",6.04447222,5.6747,"5f49f3262a3d07563d14a7f1","EC_0098.jpg"
"5404",5.979356933,4.6907,"5f49f3262a3d07563d14a7f1","EC_0040.jpg"
"5405",8.870482228,3.3925,"5f49f3262a3d07563d14a7f1","EC_0060.jpg"
"5406",7.958866073,3.4196,"5f49f3262a3d07563d14a7f1","EC_0119.jpg"
"5407",6.031448733,3.9389,"5f49f3262a3d07563d14a7f1","EC_0103.jpg"
"5408",3.062184666,2.7914,"5f49f3262a3d07563d14a7f1","EC_0071.jpg"
"5409",4.963555748,3.4666,"5f49f3262a3d07563d14a7f1","EC_0036.jpeg"
"5410",8.076073875,2.9158,"5f49f3262a3d07563d14a7f1","EC_0022.jpg"
"5411",8.922574743,3.2759,"5f49f3262a3d07563d14a7f1","EC_0171.jpg"
"5412",9.052805316,4.8649,"5f49f3262a3d07563d14a7f1","EC_0082.jpg"
"5413",2.99706938,4.3231,"5f49f3262a3d07563d14a7f1","EC_0095.jpg"
"5414",4.051939594,3.2662,"5f49f3262a3d07563d14a7f1","EC_0172.jpg"
"5415",4.950532262,2.9163,"5f49f3262a3d07563d14a7f1","EC_0048.jpg"
"5416",3.986823592,2.7384,"5f49f3262a3d07563d14a7f1","EC_0204.jpg"
"5417",8.063051104,3.1339,"5f49f3262a3d07563d14a7f1","EC_0205.jpg"
"5418",3.921708306,4.9346,"5f49f3262a3d07563d14a7f1","EC_0140.jpg"
"5419",8.02398136,3.3048,"5f49f3262a3d07563d14a7f1","EC_0066.jpg"
"5420",9.990467728,2.9855,"5f49f3262a3d07563d14a7f1","EC_0013.jpg"
"5421",9.925352442,2.6883,"5f49f3262a3d07563d14a7f1","EC_0219.jpg"
"5422",1.994291323,2.7831,"5f49f3262a3d07563d14a7f1","EC_0249.jpg"
"5423",7.984912331,3.0496,"5f49f3262a3d07563d14a7f1","EC_0141.jpg"
"5424",5.979356933,3.8623,"5f49f3262a3d07563d14a7f1","EC_0197.jpg"
"5425",0.014781468,2.7999,"5f49f3262a3d07563d14a7f1","EC_0161.jpg"
"5426",6.04447222,2.6277,"5f49f3262a3d07563d14a7f1","EC_0156.jpg"
"5427",8.050027617,2.8537,"5f49f3262a3d07563d14a7f1","EC_0180.jpg"
"5428",5.015648264,4.64,"5f49f3262a3d07563d14a7f1","EC_0176.jpg"
"5429",7.047249919,3.2997,"5f49f3262a3d07563d14a7f1","EC_0029.jpg"
"5430",9.130944804,2.5667,"5f49f3262a3d07563d14a7f1","EC_0050.jpg"
"5431",7.086318947,3.0498,"5f49f3262a3d07563d14a7f1","EC_0028.jpg"
"5432",2.99706938,3.0052,"5f49f3262a3d07563d14a7f1","EC_0088.jpg"
"5433",4.976578519,3.1829,"5f49f3262a3d07563d14a7f1","EC_0154.jpg"
"5434",0.053850855,5.6746,"5f49f3262a3d07563d14a7f1","EC_0033.jpeg"
"5435",6.005402476,3.4663,"5f49f3262a3d07563d14a7f1","EC_0115.jpg"
"5436",5.940287189,4.7907,"5f49f3262a3d07563d14a7f1","EC_0053.jpg"
"5437",6.956088375,3.1747,"5f49f3262a3d07563d14a7f1","EC_0116.jpg"
"5438",8.02398136,3.4038,"5f49f3262a3d07563d14a7f1","EC_0046.jpg"
"5439",8.98769003,2.7099,"5f49f3262a3d07563d14a7f1","EC_0007.jpg"
"5440",0.978490138,4.0828,"5f49f3262a3d07563d14a7f1","EC_0012.jpg"
"5441",9.860237156,2.9333,"5f49f3262a3d07563d14a7f1","EC_0010.jpg"
"5442",7.034227147,2.9778,"5f49f3262a3d07563d14a7f1","EC_0065.jpg"
"5443",7.984912331,4.4835,"5f49f3262a3d07563d14a7f1","EC_0087.jpg"
"5444",4.963555748,4.0266,"5f49f3262a3d07563d14a7f1","EC_0039.jpg"
"5445",3.049161179,2.657,"5f49f3262a3d07563d14a7f1","EC_0054.jpg"
"5446",8.050027617,2.9665,"5f49f3262a3d07563d14a7f1","EC_0068.jpg"
"5447",5.940287189,3.1742,"5f49f3262a3d07563d14a7f1","EC_0196.jpg"
"5448",5.966333447,4.1778,"5f49f3262a3d07563d14a7f1","EC_0080.jpg"
"5449",0.991513267,3.0331,"5f49f3262a3d07563d14a7f1","EC_0226.jpg"
"5450",6.070518477,3.1593,"5f49f3262a3d07563d14a7f1","EC_0188.jpg"
"5451",7.97188956,3.2098,"5f49f3262a3d07563d14a7f1","EC_0158.jpg"
"5452",5.940287189,2.8005,"5f49f3262a3d07563d14a7f1","EC_0124.jpeg"
"5453",8.98769003,3.6618,"5f49f3262a3d07563d14a7f1","EC_0096.jpg"
"5454",3.895662048,3.6743,"5f49f3262a3d07563d14a7f1","EC_0047.jpg"
"5455",6.252841565,2.3666,"5f49f3262a3d07563d14a7f1","EC_0224.jpg"
"5456",6.930042117,2.8996,"5f49f3262a3d07563d14a7f1","EC_0125.jpeg"
"5457",7.047249919,3.5352,"5f49f3262a3d07563d14a7f1","EC_0069.jpg"
"5458",6.083541249,3.7573,"5f49f3262a3d07563d14a7f1","EC_0165.jpg"
"5459",5.979356933,6.4576,"5f49f3262a3d07563d14a7f1","EC_0100.jpg"
"5460",9.026759774,4.8766,"5f49f3262a3d07563d14a7f1","EC_0108.jpg"
"5461",6,8.5132,"5fbb2540b981f7c1e0fca5ff","EC_0184.jpg"
"5462",8.055555556,3.0374,"5fbb2540b981f7c1e0fca5ff","EC_0092.jpg"
"5463",9.083333333,4.9736,"5fbb2540b981f7c1e0fca5ff","EC_0042.jpg"
"5464",3.935185185,3.5873,"5fbb2540b981f7c1e0fca5ff","EC_0029.jpg"
"5465",6.972222222,3.5457,"5fbb2540b981f7c1e0fca5ff","EC_0230.jpg"
"5466",9.916666667,4.9505,"5fbb2540b981f7c1e0fca5ff","EC_0140.jpg"
"5467",8.972222222,3.7621,"5fbb2540b981f7c1e0fca5ff","EC_0157.jpg"
"5468",8.898148148,4.5037,"5fbb2540b981f7c1e0fca5ff","EC_0200.png"
"5469",6.962962963,3.4233,"5fbb2540b981f7c1e0fca5ff","EC_0057.jpeg"
"5470",3,4.0355,"5fbb2540b981f7c1e0fca5ff","EC_0097.jpg"
"5471",7.962962963,3.2157,"5fbb2540b981f7c1e0fca5ff","EC_0048.jpg"
"5472",5.12037037,3.8042,"5fbb2540b981f7c1e0fca5ff","EC_0105.jpg"
"5473",4.87962963,2.9067,"5fbb2540b981f7c1e0fca5ff","EC_0121.jpg"
"5474",8.009259259,3.8515,"5fbb2540b981f7c1e0fca5ff","EC_0065.jpg"
"5475",8.962962963,4.6766,"5fbb2540b981f7c1e0fca5ff","EC_0185.jpg"
"5476",8.055555556,3.5118,"5fbb2540b981f7c1e0fca5ff","EC_0099.jpg"
"5477",7.935185185,3.7082,"5fbb2540b981f7c1e0fca5ff","EC_0134.jpg"
"5478",9.972222222,3.9989,"5fbb2540b981f7c1e0fca5ff","EC_0174.jpg"
"5479",3.009259259,2.8874,"5fbb2540b981f7c1e0fca5ff","EC_0194.jpg"
"5480",9.064814815,4.7312,"5fbb2540b981f7c1e0fca5ff","EC_0086.jpg"
"5481",2.962962963,4.5163,"5fbb2540b981f7c1e0fca5ff","EC_0201.jpg"
"5482",5.018518519,3.1712,"5fbb2540b981f7c1e0fca5ff","EC_0059.jpg"
"5483",4,3.5703,"5fbb2540b981f7c1e0fca5ff","EC_0158.jpg"
"5484",8.148148148,3.2117,"5fbb2540b981f7c1e0fca5ff","EC_0003.jpg"
"5485",6.046296296,4.8862,"5fbb2540b981f7c1e0fca5ff","EC_0006.jpg"
"5486",6.972222222,3.527,"5fbb2540b981f7c1e0fca5ff","EC_0118.jpg"
"5487",3.138888889,3.2375,"5fbb2540b981f7c1e0fca5ff","EC_0244.jpg"
"5488",2.055555556,3.4984,"5fbb2540b981f7c1e0fca5ff","EC_0019.jpg"
"5489",2.046296296,2.6731,"5fbb2540b981f7c1e0fca5ff","EC_0147.png"
"5490",3.055555556,3.1921,"5fbb2540b981f7c1e0fca5ff","EC_0119.jpg"
"5491",2.018518519,3.2587,"5fbb2540b981f7c1e0fca5ff","EC_0109.jpg"
"5492",4.027777778,3.9507,"5fbb2540b981f7c1e0fca5ff","EC_0181.jpg"
"5493",5.074074074,2.8772,"5fbb2540b981f7c1e0fca5ff","EC_0187.jpeg"
"5494",5.805555556,3.8039,"5fbb2540b981f7c1e0fca5ff","EC_0064.jpg"
"5495",7.037037037,2.9568,"5fbb2540b981f7c1e0fca5ff","EC_0032.jpg"
"5496",3.972222222,3.5556,"5fbb2540b981f7c1e0fca5ff","EC_0165.jpg"
"5497",2.925925926,3.3164,"5fbb2540b981f7c1e0fca5ff","EC_0150.jpg"
"5498",6.962962963,4.4879,"5fbb2540b981f7c1e0fca5ff","EC_0083.jpg"
"5499",0.907407407,3.6256,"5fbb2540b981f7c1e0fca5ff","EC_0213.jpg"
"5500",2.935185185,4.819,"5fbb2540b981f7c1e0fca5ff","EC_0040.jpg"
"5501",7.944444444,4.856,"5fbb2540b981f7c1e0fca5ff","EC_0209.jpg"
"5502",2.87962963,3.3123,"5fbb2540b981f7c1e0fca5ff","EC_0182.jpg"
"5503",1.037037037,3.1576,"5fbb2540b981f7c1e0fca5ff","EC_0176.jpg"
"5504",8.944444444,4.0284,"5fbb2540b981f7c1e0fca5ff","EC_0133.jpg"
"5505",6.037037037,3.8378,"5fbb2540b981f7c1e0fca5ff","EC_0020.jpg"
"5506",5.12962963,4.3371,"5fbb2540b981f7c1e0fca5ff","EC_0073.jpg"
"5507",9.009259259,3.2367,"5fbb2540b981f7c1e0fca5ff","EC_0103.jpg"
"5508",4.074074074,3.5836,"5fbb2540b981f7c1e0fca5ff","EC_0234.jpg"
"5509",6.87962963,3.5257,"5fbb2540b981f7c1e0fca5ff","EC_0089.jpg"
"5510",5.509259259,6.3644,"5fbb2540b981f7c1e0fca5ff","EC_0050.jpg"
"5511",8.962962963,3.1502,"5fbb2540b981f7c1e0fca5ff","EC_0096.jpg"
"5512",8.009259259,4.021,"5fbb2540b981f7c1e0fca5ff","EC_0138.png"
"5513",4.009259259,2.8707,"5fbb2540b981f7c1e0fca5ff","EC_0017.jpg"
"5514",8.111111111,3.1934,"5fbb2540b981f7c1e0fca5ff","EC_0152.jpg"
"5515",3.990740741,16.7247,"5fbb2540b981f7c1e0fca5ff","EC_0056.jpg"
"5516",6.972222222,7.2983,"5fbb2540b981f7c1e0fca5ff","EC_0229.jpg"
"5517",9.12037037,4.9573,"5fbb2540b981f7c1e0fca5ff","EC_0044.jpg"
"5518",5.972222222,3.2531,"5fbb2540b981f7c1e0fca5ff","EC_0205.jpg"
"5519",3.925925926,6.09,"5fbb2540b981f7c1e0fca5ff","EC_0164.jpg"
"5520",5.018518519,4.3658,"5fbb2540b981f7c1e0fca5ff","EC_0236.jpg"
"5521",9,3.238,"5fbb2540b981f7c1e0fca5ff","EC_0117.jpg"
"5522",6.472222222,6.2733,"5fbb2540b981f7c1e0fca5ff","EC_0116.jpg"
"5523",4.018518519,3.3836,"5fbb2540b981f7c1e0fca5ff","EC_0093.jpg"
"5524",3.916666667,3.1666,"5fbb2540b981f7c1e0fca5ff","EC_0024.jpg"
"5525",1.962962963,3.7166,"5fbb2540b981f7c1e0fca5ff","EC_0161.jpg"
"5526",7.925925926,3.6951,"5fbb2540b981f7c1e0fca5ff","EC_0142.jpg"
"5527",8.972222222,3.0033,"5fbb2540b981f7c1e0fca5ff","EC_0085.jpg"
"5528",8.944444444,3.1062,"5fbb2540b981f7c1e0fca5ff","EC_0163.jpg"
"5529",6.046296296,4.3896,"5fbb2540b981f7c1e0fca5ff","EC_0108.jpg"
"5530",9.944444444,3.5759,"5fbb2540b981f7c1e0fca5ff","EC_0247.jpg"
"5531",2.944444444,4.0605,"5fbb2540b981f7c1e0fca5ff","EC_0036.jpeg"
"5532",8.333333333,4.8063,"5fbb2540b981f7c1e0fca5ff","EC_0242.jpg"
"5533",2.027777778,3.6039,"5fbb2540b981f7c1e0fca5ff","EC_0005.jpg"
"5534",8.185185185,3.1553,"5fbb2540b981f7c1e0fca5ff","EC_0120.jpg"
"5535",3.953703704,3.0759,"5fbb2540b981f7c1e0fca5ff","EC_0237.jpg"
"5536",9.953703704,3.1335,"5fbb2540b981f7c1e0fca5ff","EC_0034.jpg"
"5537",6.898148148,3.158,"5fbb2540b981f7c1e0fca5ff","EC_0060.jpg"
"5538",7.972222222,3.1332,"5fbb2540b981f7c1e0fca5ff","EC_0098.jpg"
"5539",4.962962963,3.5538,"5fbb2540b981f7c1e0fca5ff","EC_0233.jpg"
"5540",4.953703704,2.8358,"5fbb2540b981f7c1e0fca5ff","EC_0069.jpg"
"5541",9.018518519,3.3846,"5fbb2540b981f7c1e0fca5ff","EC_0151.jpg"
"5542",6.861111111,3.5833,"5fbb2540b981f7c1e0fca5ff","EC_0049.jpg"
"5543",9.435185185,4.333,"5fbb2540b981f7c1e0fca5ff","EC_0041.jpg"
"5544",8.009259259,4.6392,"5fbb2540b981f7c1e0fca5ff","EC_0180.jpg"
"5545",7.018518519,4.4233,"5fbb2540b981f7c1e0fca5ff","EC_0087.jpg"
"5546",4.972222222,3.8487,"5fbb2540b981f7c1e0fca5ff","EC_0053.jpg"
"5547",8.064814815,4.1834,"5fbb2540b981f7c1e0fca5ff","EC_0197.jpg"
"5548",4.009259259,3.8817,"5fbb2540b981f7c1e0fca5ff","EC_0193.png"
"5549",6.009259259,4.6591,"5fbb2540b981f7c1e0fca5ff","EC_0011.jpg"
"5550",5,4.164,"5fbb2540b981f7c1e0fca5ff","EC_0226.jpg"
"5551",4.981481481,2.9734,"5fbb2540b981f7c1e0fca5ff","EC_0115.jpg"
"5552",4.814814815,4.9669,"5fbb2540b981f7c1e0fca5ff","EC_0046.jpg"
"5553",5.009259259,2.831,"5fbb2540b981f7c1e0fca5ff","EC_0095.jpg"
"5554",4.231481481,4.0352,"5fbb2540b981f7c1e0fca5ff","EC_0055.jpg"
"5555",8.046296296,2.9556,"5fbb2540b981f7c1e0fca5ff","EC_0173.jpg"
"5556",1.981481481,3.0228,"5fbb2540b981f7c1e0fca5ff","EC_0162.jpg"
"5557",7,3.271,"5fbb2540b981f7c1e0fca5ff","EC_0062.jpg"
"5558",6.972222222,3.4499,"5fbb2540b981f7c1e0fca5ff","EC_0106.jpg"
"5559",9.990740741,3.6597,"5fbb2540b981f7c1e0fca5ff","EC_0077.jpg"
"5560",9.037037037,4.3296,"5fbb2540b981f7c1e0fca5ff","EC_0104.jpg"
"5561",9.074074074,126.1893,"5fbb2540b981f7c1e0fca5ff","EC_0159.jpg"
"5562",5.953703704,3.625,"5fbb2540b981f7c1e0fca5ff","EC_0204.jpg"
"5563",6.990740741,7.3861,"5fbb2540b981f7c1e0fca5ff","EC_0183.jpg"
"5564",7.907407407,4.905,"5fbb2540b981f7c1e0fca5ff","EC_0198.jpg"
"5565",7.055555556,8.779,"5fbb2540b981f7c1e0fca5ff","EC_0139.png"
"5566",5.981481481,14.0448,"5fbb2540b981f7c1e0fca5ff","EC_0166.jpg"
"5567",4.953703704,2.9438,"5fbb2540b981f7c1e0fca5ff","EC_0058.jpg"
"5568",8.018518519,3.5941,"5fbb2540b981f7c1e0fca5ff","EC_0080.jpg"
"5569",3.962962963,4.2009,"5fbb2540b981f7c1e0fca5ff","EC_0039.jpg"
"5570",7.018518519,3.5178,"5fbb2540b981f7c1e0fca5ff","EC_0207.jpg"
"5571",9.009259259,3.0653,"5fbb2540b981f7c1e0fca5ff","EC_0168.jpeg"
"5572",8.009259259,2.8955,"5fbb2540b981f7c1e0fca5ff","EC_0153.jpg"
"5573",8.055555556,2.7771,"5fbb2540b981f7c1e0fca5ff","EC_0171.jpg"
"5574",4.935185185,3.0035,"5fbb2540b981f7c1e0fca5ff","EC_0061.jpg"
"5575",8,3.6107,"5fbb2540b981f7c1e0fca5ff","EC_0088.jpg"
"5576",7.046296296,4.4422,"5fbb2540b981f7c1e0fca5ff","EC_0102.jpg"
"5577",7.453703704,4.1787,"5fbb2540b981f7c1e0fca5ff","EC_0018.jpg"
"5578",5.990740741,3.7436,"5fbb2540b981f7c1e0fca5ff","EC_0160.jpg"
"5579",6.074074074,3.1957,"5fbb2540b981f7c1e0fca5ff","EC_0022.jpg"
"5580",7.092592593,4.1824,"5fbb2540b981f7c1e0fca5ff","EC_0248.jpg"
"5581",7.055555556,3.7709,"5fbb2540b981f7c1e0fca5ff","EC_0079.jpg"
"5582",3.972222222,4.023,"5fbb2540b981f7c1e0fca5ff","EC_0232.jpg"
"5583",7.87037037,4.5883,"5fbb2540b981f7c1e0fca5ff","EC_0245.jpg"
"5584",8.083333333,4.1242,"5fbb2540b981f7c1e0fca5ff","EC_0156.jpg"
"5585",7.37962963,3.9607,"5fbb2540b981f7c1e0fca5ff","EC_0047.jpg"
"5586",5.944444444,3.2709,"5fbb2540b981f7c1e0fca5ff","EC_0211.jpg"
"5587",5.962962963,4.8446,"5fbb2540b981f7c1e0fca5ff","EC_0124.jpeg"
"5588",6.935185185,2.8719,"5fbb2540b981f7c1e0fca5ff","EC_0172.jpg"
"5589",8.907407407,4.5433,"5fbb2540b981f7c1e0fca5ff","EC_0219.jpg"
"5590",8.074074074,3.4708,"5fbb2540b981f7c1e0fca5ff","EC_0012.jpg"
"5591",7.111111111,5.0052,"5fbb2540b981f7c1e0fca5ff","EC_0131.jpg"
"5592",5.990740741,8.4367,"5fbb2540b981f7c1e0fca5ff","EC_0015.jpg"
"5593",7.611111111,4.4587,"5fbb2540b981f7c1e0fca5ff","EC_0231.jpg"
"5594",6.981481481,3.6207,"5fbb2540b981f7c1e0fca5ff","EC_0076.jpg"
"5595",10,5.3748,"5fbb2540b981f7c1e0fca5ff","EC_0008.jpg"
"5596",7.268518519,4.0615,"5fbb2540b981f7c1e0fca5ff","EC_0177.jpg"
"5597",6.981481481,3.1586,"5fbb2540b981f7c1e0fca5ff","EC_0001.jpg"
"5598",5.962962963,3.4545,"5fbb2540b981f7c1e0fca5ff","EC_0100.jpg"
"5599",5.925925926,6.2649,"5fbb2540b981f7c1e0fca5ff","EC_0129.jpeg"
"5600",8.898148148,6.0596,"5fbb2540b981f7c1e0fca5ff","EC_0010.jpg"
"5601",5.009259259,3.5497,"5fbb2540b981f7c1e0fca5ff","EC_0235.jpg"
"5602",7,3.816,"5fbb2540b981f7c1e0fca5ff","EC_0123.jpeg"
"5603",9.009259259,3.2346,"5fbb2540b981f7c1e0fca5ff","EC_0063.jpg"
"5604",3.055555556,3.6228,"5fbb2540b981f7c1e0fca5ff","EC_0113.jpg"
"5605",4.916666667,8.0139,"5fbb2540b981f7c1e0fca5ff","EC_0033.jpeg"
"5606",7.027777778,3.104,"5fbb2540b981f7c1e0fca5ff","EC_0075.jpg"
"5607",0.990740741,2.6731,"5fbb2540b981f7c1e0fca5ff","EC_0214.jpg"
"5608",1.212962963,4.7343,"5fbb2540b981f7c1e0fca5ff","EC_0027.jpg"
"5609",7.953703704,5.0203,"5fbb2540b981f7c1e0fca5ff","EC_0016.jpg"
"5610",4,4.4447,"5fbb2540b981f7c1e0fca5ff","EC_0090.jpg"
"5611",4.027777778,3.1727,"5fbb2540b981f7c1e0fca5ff","EC_0128.jpeg"
"5612",8.981481481,5.1012,"5fbb2540b981f7c1e0fca5ff","EC_0051.jpg"
"5613",5.990740741,3.8714,"5fbb2540b981f7c1e0fca5ff","EC_0239.jpg"
"5614",9.277777778,4.4852,"5fbb2540b981f7c1e0fca5ff","EC_0074.jpg"
"5615",5.87962963,3.3874,"5fbb2540b981f7c1e0fca5ff","EC_0038.jpg"
"5616",5.972222222,3.1043,"5fbb2540b981f7c1e0fca5ff","EC_0203.jpg"
"5617",6.944444444,4.0115,"5fbb2540b981f7c1e0fca5ff","EC_0066.jpg"
"5618",7,4.8566,"5fbb2540b981f7c1e0fca5ff","EC_0082.jpg"
"5619",6.018518519,2.8,"5fbb2540b981f7c1e0fca5ff","EC_0154.jpg"
"5620",5.981481481,3.763,"5fbb2540b981f7c1e0fca5ff","EC_0071.jpg"
"5621",7.490740741,4.9128,"5fbb2540b981f7c1e0fca5ff","EC_0084.jpg"
"5622",3.916666667,4.0272,"5fbb2540b981f7c1e0fca5ff","EC_0067.jpg"
"5623",7.981481481,4.3439,"5fbb2540b981f7c1e0fca5ff","EC_0170.jpg"
"5624",9.722222222,4.0624,"5fbb2540b981f7c1e0fca5ff","EC_0009.jpg"
"5625",8.935185185,4.5928,"5fbb2540b981f7c1e0fca5ff","EC_0030.jpg"
"5626",5.055555556,3.4711,"5fbb2540b981f7c1e0fca5ff","EC_0206.png"
"5627",8.009259259,3.271,"5fbb2540b981f7c1e0fca5ff","EC_0014.jpg"
"5628",4.981481481,4.8146,"5fbb2540b981f7c1e0fca5ff","EC_0169.png"
"5629",5.953703704,3.3187,"5fbb2540b981f7c1e0fca5ff","EC_0195.jpg"
"5630",7.925925926,3.046,"5fbb2540b981f7c1e0fca5ff","EC_0224.jpg"
"5631",8.027777778,3.4436,"5fbb2540b981f7c1e0fca5ff","EC_0068.jpg"
"5632",9,3.5271,"5fbb2540b981f7c1e0fca5ff","EC_0223.jpg"
"5633",4.972222222,3.7533,"5fbb2540b981f7c1e0fca5ff","EC_0250.jpg"
"5634",3.916666667,2.7753,"5fbb2540b981f7c1e0fca5ff","EC_0054.jpg"
"5635",2.083333333,2.7865,"5fbb2540b981f7c1e0fca5ff","EC_0028.jpg"
"5636",9.925925926,6.7399,"5fbb2540b981f7c1e0fca5ff","EC_0249.jpg"
"5637",8.851851852,3.92,"5fbb2540b981f7c1e0fca5ff","EC_0013.jpg"
"5638",3.055555556,2.6549,"5fbb2540b981f7c1e0fca5ff","EC_0135.jpg"
"5639",7.888888889,2.6716,"5fbb2540b981f7c1e0fca5ff","EC_0141.jpg"
"5640",7.388888889,3.9791,"5fbb2540b981f7c1e0fca5ff","EC_0196.jpg"
"5641",3.87962963,4.06,"5fbb2540b981f7c1e0fca5ff","EC_0125.jpeg"
"5642",5.925925926,4.6145,"5fbb2540b981f7c1e0fca5ff","EC_0149.jpg"
"5643",9,4.1329,"5fbb2540b981f7c1e0fca5ff","EC_0199.jpg"
"5644",9,3.8279,"5fbb2540b981f7c1e0fca5ff","EC_0037.jpg"
"5645",6.87037037,2.9666,"5fbb2540b981f7c1e0fca5ff","EC_0246.jpg"
"5646",9.018518519,3.0693,"5fbb2540b981f7c1e0fca5ff","EC_0167.jpg"
"5647",9.018518519,3.257,"5fbb2540b981f7c1e0fca5ff","EC_0136.jpg"
"5648",9.037037037,3.1335,"5fbb2540b981f7c1e0fca5ff","EC_0228.jpg"
"5649",4.990740741,3.0022,"5fbb2540b981f7c1e0fca5ff","EC_0148.jpg"
"5650",4.981481481,10.4435,"5fbb2540b981f7c1e0fca5ff","EC_0111.jpg"
"5651",9.925925926,3.8526,"5fbb2540b981f7c1e0fca5ff","EC_0243.jpg"
"5652",9.962962963,2.8527,"5fbb2540b981f7c1e0fca5ff","EC_0188.jpg"
"5653",9.027777778,3.0685,"5fbb2540b981f7c1e0fca5ff","EC_0081.jpg"
"5654",8.972222222,4.7798,"5fbb2540b981f7c1e0fca5ff","EC_0094.jpg"
"5655",9,2.5761,"5fbb2540b981f7c1e0fca5ff","EC_0070.jpg"
"5656",6.953703704,2.6563,"5fbb2540b981f7c1e0fca5ff","EC_0221.jpg"
"5657",7.462962963,3.476,"5fbb2540b981f7c1e0fca5ff","EC_0031.jpg"
"5658",9,3.6665,"5fbb2540b981f7c1e0fca5ff","EC_0072.jpg"
"5659",1,4.8121,"5fbb2540b981f7c1e0fca5ff","EC_0227.jpg"
"5660",2,3.1121,"5fbb2540b981f7c1e0fca5ff","EC_0007.jpg"
"5661",6.009259259,6.5723,"5fbb2540b981f7c1e0fca5ff","EC_0002.jpg"
"5662",6,3.9644,"5fbb2540b981f7c1e0fca5ff","EC_0210.jpg"
"5663",8,4.483,"5fbb2540b981f7c1e0fca5ff","EC_0238.jpg"
"5664",5.416666667,4.3232,"5fbb2540b981f7c1e0fca5ff","EC_0132.jpg"
"5665",2.037037037,3.7397,"5fbb2540b981f7c1e0fca5ff","EC_0240.jpg"
"5666",0.981481481,2.8536,"5fbb2540b981f7c1e0fca5ff","EC_0222.jpg"
"5667",5.972222222,4.1029,"5fbb2540b981f7c1e0fca5ff","EC_0202.jpg"
"5668",5.953703704,3.3279,"5fbb2540b981f7c1e0fca5ff","EC_0101.jpg"
"5669",9.981481481,3.2744,"5fbb2540b981f7c1e0fca5ff","EC_0137.jpg"
"5670",6.018518519,3.9048,"5fbb2540b981f7c1e0fca5ff","EC_0241.jpg"
"5671",2.002314815,7.089,"5fd7782dee03dc08d3f3f491","EC_0204.jpg"
"5672",0.046296296,5.012,"5fd7782dee03dc08d3f3f491","EC_0059.jpg"
"5673",3.171296296,6.42,"5fd7782dee03dc08d3f3f491","EC_0030.jpg"
"5674",5.9375,3.957,"5fd7782dee03dc08d3f3f491","EC_0137.jpg"
"5675",3.981481481,4.884,"5fd7782dee03dc08d3f3f491","EC_0119.jpg"
"5676",7.118055556,5.42,"5fd7782dee03dc08d3f3f491","EC_0051.jpg"
"5677",6.921296296,3.759,"5fd7782dee03dc08d3f3f491","EC_0070.jpg"
"5678",7.997685185,3.709,"5fd7782dee03dc08d3f3f491","EC_0174.jpg"
"5679",0.092592593,4.983,"5fd7782dee03dc08d3f3f491","EC_0169.png"
"5680",1.006944444,5.363,"5fd7782dee03dc08d3f3f491","EC_0185.jpg"
"5681",9.097222222,4.613,"5fd7782dee03dc08d3f3f491","EC_0211.jpg"
"5682",3.981481481,4.666,"5fd7782dee03dc08d3f3f491","EC_0172.jpg"
"5683",0.023148148,3.459,"5fd7782dee03dc08d3f3f491","EC_0184.jpg"
"5684",0.023148148,2.532,"5fd7782dee03dc08d3f3f491","EC_0153.jpg"
"5685",7.025462963,5.161,"5fd7782dee03dc08d3f3f491","EC_0219.jpg"
"5686",0.023148148,7.18,"5fd7782dee03dc08d3f3f491","EC_0233.jpg"
"5687",5.833333333,5.391,"5fd7782dee03dc08d3f3f491","EC_0102.jpg"
"5688",0.081018519,3.956,"5fd7782dee03dc08d3f3f491","EC_0187.jpeg"
"5689",1.898148148,3.34,"5fd7782dee03dc08d3f3f491","EC_0040.jpg"
"5690",3.194444444,3.718,"5fd7782dee03dc08d3f3f491","EC_0237.jpg"
"5691",6.157407407,3.809,"5fd7782dee03dc08d3f3f491","EC_0181.jpg"
"5692",7.002314815,3.52,"5fd7782dee03dc08d3f3f491","EC_0085.jpg"
"5693",8.020833333,3.976,"5fd7782dee03dc08d3f3f491","EC_0188.jpg"
"5694",0.115740741,3.086,"5fd7782dee03dc08d3f3f491","EC_0097.jpg"
"5695",9.108796296,4.234,"5fd7782dee03dc08d3f3f491","EC_0072.jpg"
"5696",4.976851852,3.543,"5fd7782dee03dc08d3f3f491","EC_0197.jpg"
"5697",0.081018519,3.286,"5fd7782dee03dc08d3f3f491","EC_0231.jpg"
"5698",0.081018519,2.267,"5fd7782dee03dc08d3f3f491","EC_0054.jpg"
"5699",0.081018519,2.758,"5fd7782dee03dc08d3f3f491","EC_0154.jpg"
"5700",1.921296296,6.181,"5fd7782dee03dc08d3f3f491","EC_0094.jpg"
"5701",0.069444444,3.147,"5fd7782dee03dc08d3f3f491","EC_0176.jpg"
"5702",0.069444444,3.257,"5fd7782dee03dc08d3f3f491","EC_0213.jpg"
"5703",2.928240741,4.912,"5fd7782dee03dc08d3f3f491","EC_0241.jpg"
"5704",8.923611111,4.854,"5fd7782dee03dc08d3f3f491","EC_0203.jpg"
"5705",7.905092593,5.894,"5fd7782dee03dc08d3f3f491","EC_0160.jpg"
"5706",9.085648148,4.147,"5fd7782dee03dc08d3f3f491","EC_0109.jpg"
"5707",0.023148148,3.598,"5fd7782dee03dc08d3f3f491","EC_0224.jpg"
"5708",4.768518519,4.185,"5fd7782dee03dc08d3f3f491","EC_0139.png"
"5709",0.069444444,4.577,"5fd7782dee03dc08d3f3f491","EC_0111.jpg"
"5710",3.090277778,4.465,"5fd7782dee03dc08d3f3f491","EC_0158.jpg"
"5711",3.055555556,7.112,"5fd7782dee03dc08d3f3f491","EC_0003.jpg"
"5712",5.05787037,5.131,"5fd7782dee03dc08d3f3f491","EC_0042.jpg"
"5713",7.048611111,4.594,"5fd7782dee03dc08d3f3f491","EC_0084.jpg"
"5714",6.19212963,6.202,"5fd7782dee03dc08d3f3f491","EC_0123.jpeg"
"5715",3.564814815,4.597,"5fd7782dee03dc08d3f3f491","EC_0147.png"
"5716",0.208333333,3.643,"5fd7782dee03dc08d3f3f491","EC_0002.jpg"
"5717",1.909722222,4.591,"5fd7782dee03dc08d3f3f491","EC_0214.jpg"
"5718",0.092592593,2.763,"5fd7782dee03dc08d3f3f491","EC_0238.jpg"
"5719",9.988425926,5.185,"5fd7782dee03dc08d3f3f491","EC_0199.jpg"
"5720",0.046296296,4.015,"5fd7782dee03dc08d3f3f491","EC_0028.jpg"
"5721",5.902777778,8.71,"5fd7782dee03dc08d3f3f491","EC_0129.jpeg"
"5722",2.962962963,3.975,"5fd7782dee03dc08d3f3f491","EC_0034.jpg"
"5723",7.12962963,3.859,"5fd7782dee03dc08d3f3f491","EC_0100.jpg"
"5724",4.768518519,5.948,"5fd7782dee03dc08d3f3f491","EC_0057.jpeg"
"5725",5.9375,3.068,"5fd7782dee03dc08d3f3f491","EC_0182.jpg"
"5726",3.981481481,5.051,"5fd7782dee03dc08d3f3f491","EC_0092.jpg"
"5727",0.011574074,4.174,"5fd7782dee03dc08d3f3f491","EC_0250.jpg"
"5728",7.939814815,3.928,"5fd7782dee03dc08d3f3f491","EC_0047.jpg"
"5729",8.888888889,3.445,"5fd7782dee03dc08d3f3f491","EC_0081.jpg"
"5730",7.118055556,4.029,"5fd7782dee03dc08d3f3f491","EC_0235.jpg"
"5731",0.99537037,4.235,"5fd7782dee03dc08d3f3f491","EC_0020.jpg"
"5732",9.606481481,4.285,"5fd7782dee03dc08d3f3f491","EC_0159.jpg"
"5733",0.127314815,3.761,"5fd7782dee03dc08d3f3f491","EC_0125.jpeg"
"5734",4.027777778,3.517,"5fd7782dee03dc08d3f3f491","EC_0165.jpg"
"5735",4.976851852,4.702,"5fd7782dee03dc08d3f3f491","EC_0066.jpg"
"5736",6.018518519,5.238,"5fd7782dee03dc08d3f3f491","EC_0060.jpg"
"5737",0.196759259,3.982,"5fd7782dee03dc08d3f3f491","EC_0128.jpeg"
"5738",0.196759259,2.582,"5fd7782dee03dc08d3f3f491","EC_0236.jpg"
"5739",0.219907407,2.865,"5fd7782dee03dc08d3f3f491","EC_0166.jpg"
"5740",0.127314815,3.432,"5fd7782dee03dc08d3f3f491","EC_0036.jpeg"
"5741",4.00462963,5.747,"5fd7782dee03dc08d3f3f491","EC_0087.jpg"
"5742",7.083333333,4.469,"5fd7782dee03dc08d3f3f491","EC_0013.jpg"
"5743",9.895833333,4.415,"5fd7782dee03dc08d3f3f491","EC_0136.jpg"
"5744",0.104166667,4.312,"5fd7782dee03dc08d3f3f491","EC_0017.jpg"
"5745",2.118055556,4.042,"5fd7782dee03dc08d3f3f491","EC_0086.jpg"
"5746",3.321759259,6.778,"5fd7782dee03dc08d3f3f491","EC_0201.jpg"
"5747",2.164351852,4.211,"5fd7782dee03dc08d3f3f491","EC_0106.jpg"
"5748",0.069444444,3.518,"5fd7782dee03dc08d3f3f491","EC_0148.jpg"
"5749",0.081018519,2.56,"5fd7782dee03dc08d3f3f491","EC_0121.jpg"
"5750",6.944444444,6.277,"5fd7782dee03dc08d3f3f491","EC_0163.jpg"
"5751",3.865740741,3.016,"5fd7782dee03dc08d3f3f491","EC_0029.jpg"
"5752",8.796296296,5.36,"5fd7782dee03dc08d3f3f491","EC_0247.jpg"
"5753",0.138888889,3.97,"5fd7782dee03dc08d3f3f491","EC_0065.jpg"
"5754",4.861111111,4.215,"5fd7782dee03dc08d3f3f491","EC_0243.jpg"
"5755",0.810185185,6.44,"5fd7782dee03dc08d3f3f491","EC_0044.jpg"
"5756",3.148148148,5.435,"5fd7782dee03dc08d3f3f491","EC_0012.jpg"
"5757",0.104166667,3.4,"5fd7782dee03dc08d3f3f491","EC_0202.jpg"
"5758",0.104166667,2.483,"5fd7782dee03dc08d3f3f491","EC_0010.jpg"
"5759",0.081018519,2.693,"5fd7782dee03dc08d3f3f491","EC_0069.jpg"
"5760",3.865740741,4.903,"5fd7782dee03dc08d3f3f491","EC_0008.jpg"
"5761",2.847222222,3.915,"5fd7782dee03dc08d3f3f491","EC_0183.jpg"
"5762",0,4.258,"5fd7782dee03dc08d3f3f491","EC_0089.jpg"
"5763",0.05787037,3.712,"5fd7782dee03dc08d3f3f491","EC_0162.jpg"
"5764",8.18287037,4.549,"5fd7782dee03dc08d3f3f491","EC_0138.png"
"5765",1.81712963,7.24,"5fd7782dee03dc08d3f3f491","EC_0062.jpg"
"5766",1.180555556,4.624,"5fd7782dee03dc08d3f3f491","EC_0180.jpg"
"5767",0.115740741,5.621,"5fd7782dee03dc08d3f3f491","EC_0170.jpg"
"5768",0.115740741,3.568,"5fd7782dee03dc08d3f3f491","EC_0132.jpg"
"5769",6.574074074,7.606,"5fd7782dee03dc08d3f3f491","EC_0018.jpg"
"5770",4.930555556,11.167,"5fd7782dee03dc08d3f3f491","EC_0073.jpg"
"5771",6.157407407,3.986,"5fd7782dee03dc08d3f3f491","EC_0245.jpg"
"5772",7.291666667,3.216,"5fd7782dee03dc08d3f3f491","EC_0173.jpg"
"5773",7.951388889,5.648,"5fd7782dee03dc08d3f3f491","EC_0050.jpg"
"5774",0.046296296,2.85,"5fd7782dee03dc08d3f3f491","EC_0161.jpg"
"5775",2.24537037,4.042,"5fd7782dee03dc08d3f3f491","EC_0151.jpg"
"5776",0.046296296,5.968,"5fd7782dee03dc08d3f3f491","EC_0009.jpg"
"5777",4.872685185,6.601,"5fd7782dee03dc08d3f3f491","EC_0229.jpg"
"5778",2.164351852,3.511,"5fd7782dee03dc08d3f3f491","EC_0095.jpg"
"5779",0.023148148,5.942,"5fd7782dee03dc08d3f3f491","EC_0027.jpg"
"5780",0.023148148,2.248,"5fd7782dee03dc08d3f3f491","EC_0071.jpg"
"5781",0.034722222,3.378,"5fd7782dee03dc08d3f3f491","EC_0090.jpg"
"5782",0.011574074,4.4,"5fd7782dee03dc08d3f3f491","EC_0228.jpg"
"5783",0,2.409,"5fd7782dee03dc08d3f3f491","EC_0232.jpg"
"5784",0.046296296,6.046,"5fd7782dee03dc08d3f3f491","EC_0120.jpg"
"5785",2.951388889,4.596,"5fd7782dee03dc08d3f3f491","EC_0046.jpg"
"5786",1.006944444,3.68,"5fd7782dee03dc08d3f3f491","EC_0075.jpg"
"5787",5.138888889,4.032,"5fd7782dee03dc08d3f3f491","EC_0117.jpg"
"5788",8.368055556,5.142,"5fd7782dee03dc08d3f3f491","EC_0037.jpg"
"5789",0.092592593,3.624,"5fd7782dee03dc08d3f3f491","EC_0131.jpg"
"5790",9.895833333,4.094,"5fd7782dee03dc08d3f3f491","EC_0207.jpg"
"5791",6.238425926,3.159,"5fd7782dee03dc08d3f3f491","EC_0193.png"
"5792",0.173611111,2.995,"5fd7782dee03dc08d3f3f491","EC_0142.jpg"
"5793",0.173611111,2.102,"5fd7782dee03dc08d3f3f491","EC_0194.jpg"
"5794",4.918981481,3.84,"5fd7782dee03dc08d3f3f491","EC_0099.jpg"
"5795",0.219907407,3.475,"5fd7782dee03dc08d3f3f491","EC_0053.jpg"
"5796",0.219907407,2.803,"5fd7782dee03dc08d3f3f491","EC_0124.jpeg"
"5797",7.025462963,5.504,"5fd7782dee03dc08d3f3f491","EC_0140.jpg"
"5798",9.976851852,4.442,"5fd7782dee03dc08d3f3f491","EC_0041.jpg"
"5799",9.00462963,3.931,"5fd7782dee03dc08d3f3f491","EC_0150.jpg"
"5800",7.87037037,4.058,"5fd7782dee03dc08d3f3f491","EC_0083.jpg"
"5801",2.118055556,5.986,"5fd7782dee03dc08d3f3f491","EC_0032.jpg"
"5802",0.115740741,3.164,"5fd7782dee03dc08d3f3f491","EC_0226.jpg"
"5803",1.342592593,4.009,"5fd7782dee03dc08d3f3f491","EC_0039.jpg"
"5804",0.474537037,3.09,"5fd7782dee03dc08d3f3f491","EC_0088.jpg"
"5805",2.083333333,5.926,"5fd7782dee03dc08d3f3f491","EC_0196.jpg"
"5806",2.083333333,3.763,"5fd7782dee03dc08d3f3f491","EC_0244.jpg"
"5807",6.967592593,3.667,"5fd7782dee03dc08d3f3f491","EC_0210.jpg"
"5808",0.046296296,4.267,"5fd7782dee03dc08d3f3f491","EC_0206.png"
"5809",3.865740741,3.977,"5fd7782dee03dc08d3f3f491","EC_0006.jpg"
"5810",3.043981481,4.896,"5fd7782dee03dc08d3f3f491","EC_0205.jpg"
"5811",5.127314815,4.101,"5fd7782dee03dc08d3f3f491","EC_0014.jpg"
"5812",2.048611111,4.078,"5fd7782dee03dc08d3f3f491","EC_0068.jpg"
"5813",7.835648148,4.12,"5fd7782dee03dc08d3f3f491","EC_0103.jpg"
"5814",9.861111111,5.09,"5fd7782dee03dc08d3f3f491","EC_0082.jpg"
"5815",7.858796296,5.002,"5fd7782dee03dc08d3f3f491","EC_0016.jpg"
"5816",5.05787037,6.896,"5fd7782dee03dc08d3f3f491","EC_0246.jpg"
"5817",0.023148148,5.627,"5fd7782dee03dc08d3f3f491","EC_0049.jpg"
"5818",6.921296296,5.123,"5fd7782dee03dc08d3f3f491","EC_0134.jpg"
"5819",4.039351852,3.932,"5fd7782dee03dc08d3f3f491","EC_0064.jpg"
"5820",6.81712963,3.227,"5fd7782dee03dc08d3f3f491","EC_0061.jpg"
"5821",3.043981481,3.809,"5fd7782dee03dc08d3f3f491","EC_0198.jpg"
"5822",7.75462963,3.922,"5fd7782dee03dc08d3f3f491","EC_0118.jpg"
"5823",0.138888889,7.831,"5fd7782dee03dc08d3f3f491","EC_0033.jpeg"
"5824",5.196759259,4.248,"5fd7782dee03dc08d3f3f491","EC_0093.jpg"
"5825",5.069444444,6.701,"5fd7782dee03dc08d3f3f491","EC_0133.jpg"
"5826",0.104166667,5.513,"5fd7782dee03dc08d3f3f491","EC_0077.jpg"
"5827",0.104166667,4.983,"5fd7782dee03dc08d3f3f491","EC_0149.jpg"
"5828",0.104166667,2.526,"5fd7782dee03dc08d3f3f491","EC_0101.jpg"
"5829",2.083333333,3.748,"5fd7782dee03dc08d3f3f491","EC_0096.jpg"
"5830",0.081018519,5.775,"5fd7782dee03dc08d3f3f491","EC_0038.jpg"
"5831",0.196759259,6.366,"5fd7782dee03dc08d3f3f491","EC_0067.jpg"
"5832",2.222222222,5.126,"5fd7782dee03dc08d3f3f491","EC_0249.jpg"
"5833",0.023148148,3.375,"5fd7782dee03dc08d3f3f491","EC_0230.jpg"
"5834",1.921296296,3.561,"5fd7782dee03dc08d3f3f491","EC_0005.jpg"
"5835",4.189814815,3.309,"5fd7782dee03dc08d3f3f491","EC_0015.jpg"
"5836",0.9375,4.109,"5fd7782dee03dc08d3f3f491","EC_0221.jpg"
"5837",9.884259259,4.261,"5fd7782dee03dc08d3f3f491","EC_0104.jpg"
"5838",0.05787037,3.832,"5fd7782dee03dc08d3f3f491","EC_0242.jpg"
"5839",0.05787037,2.549,"5fd7782dee03dc08d3f3f491","EC_0019.jpg"
"5840",9.930555556,3.715,"5fd7782dee03dc08d3f3f491","EC_0156.jpg"
"5841",1.122685185,5.06,"5fd7782dee03dc08d3f3f491","EC_0195.jpg"
"5842",2.881944444,4.709,"5fd7782dee03dc08d3f3f491","EC_0080.jpg"
"5843",2.986111111,3.274,"5fd7782dee03dc08d3f3f491","EC_0168.jpeg"
"5844",1.030092593,4.274,"5fd7782dee03dc08d3f3f491","EC_0048.jpg"
"5845",7.916666667,4.118,"5fd7782dee03dc08d3f3f491","EC_0079.jpg"
"5846",0.358796296,3.081,"5fd7782dee03dc08d3f3f491","EC_0152.jpg"
"5847",9.074074074,3.668,"5fd7782dee03dc08d3f3f491","EC_0058.jpg"
"5848",5.856481481,6.011,"5fd7782dee03dc08d3f3f491","EC_0011.jpg"
"5849",0.05787037,2.992,"5fd7782dee03dc08d3f3f491","EC_0171.jpg"
"5850",7.118055556,3.197,"5fd7782dee03dc08d3f3f491","EC_0098.jpg"
"5851",0.069444444,3.12,"5fd7782dee03dc08d3f3f491","EC_0113.jpg"
"5852",9.675925926,4.72,"5fd7782dee03dc08d3f3f491","EC_0157.jpg"
"5853",5.138888889,3.204,"5fd7782dee03dc08d3f3f491","EC_0234.jpg"
"5854",0.023148148,2.677,"5fd7782dee03dc08d3f3f491","EC_0055.jpg"
"5855",7.800925926,4.901,"5fd7782dee03dc08d3f3f491","EC_0074.jpg"
"5856",5.335648148,3.944,"5fd7782dee03dc08d3f3f491","EC_0001.jpg"
"5857",4.074074074,3.577,"5fd7782dee03dc08d3f3f491","EC_0248.jpg"
"5858",3.009259259,4.469,"5fd7782dee03dc08d3f3f491","EC_0239.jpg"
"5859",0.162037037,3.997,"5fd7782dee03dc08d3f3f491","EC_0167.jpg"
"5860",0.162037037,2.697,"5fd7782dee03dc08d3f3f491","EC_0024.jpg"
"5861",8.009259259,4.516,"5fd7782dee03dc08d3f3f491","EC_0200.png"
"5862",0.081018519,3.008,"5fd7782dee03dc08d3f3f491","EC_0115.jpg"
"5863",6.111111111,3.218,"5fd7782dee03dc08d3f3f491","EC_0105.jpg"
"5864",3.80787037,4.502,"5fd7782dee03dc08d3f3f491","EC_0209.jpg"
"5865",1.342592593,4.277,"5fd7782dee03dc08d3f3f491","EC_0223.jpg"
"5866",0.115740741,3.695,"5fd7782dee03dc08d3f3f491","EC_0240.jpg"
"5867",4.930555556,5.657,"5fd7782dee03dc08d3f3f491","EC_0177.jpg"
"5868",6.157407407,4.391,"5fd7782dee03dc08d3f3f491","EC_0031.jpg"
"5869",5.671296296,3.702,"5fd7782dee03dc08d3f3f491","EC_0022.jpg"
"5870",0.196759259,4.4,"5fd7782dee03dc08d3f3f491","EC_0116.jpg"
"5871",0.05787037,188.29,"5fd7782dee03dc08d3f3f491","EC_0076.jpg"
"5872",4.976851852,10.803,"5fd7782dee03dc08d3f3f491","EC_0108.jpg"
"5873",0.046296296,4.262,"5fd7782dee03dc08d3f3f491","EC_0056.jpg"
"5874",3.993055556,4.983,"5fd7782dee03dc08d3f3f491","EC_0141.jpg"
"5875",0.844907407,3.688,"5fd7782dee03dc08d3f3f491","EC_0007.jpg"
"5876",0.069444444,8.28,"5fd7782dee03dc08d3f3f491","EC_0227.jpg"
"5877",5.37037037,9.289,"5fd7782dee03dc08d3f3f491","EC_0063.jpg"
"5878",3.946759259,5.525,"5fd7782dee03dc08d3f3f491","EC_0135.jpg"
"5879",0.069444444,9.844,"5fd7782dee03dc08d3f3f491","EC_0164.jpg"
"5880",0.115740741,15.759,"5fd7782dee03dc08d3f3f491","EC_0222.jpg"
"5881",6.027777778,3.956,"5ffb8c5b60571908f3ac19fa","EC_0249.jpg"
"5882",5.009259259,3.5283,"5ffb8c5b60571908f3ac19fa","EC_0232.jpg"
"5883",7.092592593,3.0064,"5ffb8c5b60571908f3ac19fa","EC_0248.jpg"
"5884",7.972222222,2.8062,"5ffb8c5b60571908f3ac19fa","EC_0082.jpg"
"5885",6.972222222,3.8871,"5ffb8c5b60571908f3ac19fa","EC_0250.jpg"
"5886",3.935185185,4.2719,"5ffb8c5b60571908f3ac19fa","EC_0241.jpg"
"5887",4.990740741,3.234,"5ffb8c5b60571908f3ac19fa","EC_0067.jpg"
"5888",1.972222222,3.6341,"5ffb8c5b60571908f3ac19fa","EC_0204.jpg"
"5889",8.962962963,3.2007,"5ffb8c5b60571908f3ac19fa","EC_0219.jpg"
"5890",8.037037037,3.2455,"5ffb8c5b60571908f3ac19fa","EC_0164.jpg"
"5891",5.990740741,2.6112,"5ffb8c5b60571908f3ac19fa","EC_0180.jpg"
"5892",6.009259259,2.8312,"5ffb8c5b60571908f3ac19fa","EC_0113.jpg"
"5893",5.055555556,3.6259,"5ffb8c5b60571908f3ac19fa","EC_0013.jpg"
"5894",8.981481481,3.0312,"5ffb8c5b60571908f3ac19fa","EC_0002.jpg"
"5895",8.027777778,2.4274,"5ffb8c5b60571908f3ac19fa","EC_0022.jpg"
"5896",7.907407407,3.2424,"5ffb8c5b60571908f3ac19fa","EC_0141.jpg"
"5897",3.981481481,3.0894,"5ffb8c5b60571908f3ac19fa","EC_0109.jpg"
"5898",5.018518519,3.1304,"5ffb8c5b60571908f3ac19fa","EC_0197.jpg"
"5899",9.037037037,3.1923,"5ffb8c5b60571908f3ac19fa","EC_0209.jpg"
"5900",6.962962963,2.8729,"5ffb8c5b60571908f3ac19fa","EC_0142.jpg"
"5901",6.055555556,3.0825,"5ffb8c5b60571908f3ac19fa","EC_0036.jpeg"
"5902",4.962962963,2.7337,"5ffb8c5b60571908f3ac19fa","EC_0095.jpg"
"5903",8.064814815,3.0843,"5ffb8c5b60571908f3ac19fa","EC_0039.jpg"
"5904",6.046296296,3.0895,"5ffb8c5b60571908f3ac19fa","EC_0033.jpeg"
"5905",7.990740741,2.8174,"5ffb8c5b60571908f3ac19fa","EC_0070.jpg"
"5906",5.064814815,3.8675,"5ffb8c5b60571908f3ac19fa","EC_0009.jpg"
"5907",6,2.6843,"5ffb8c5b60571908f3ac19fa","EC_0060.jpg"
"5908",7.916666667,2.7175,"5ffb8c5b60571908f3ac19fa","EC_0168.jpeg"
"5909",7,2.7482,"5ffb8c5b60571908f3ac19fa","EC_0150.jpg"
"5910",8.972222222,3.4068,"5ffb8c5b60571908f3ac19fa","EC_0077.jpg"
"5911",6.953703704,2.5565,"5ffb8c5b60571908f3ac19fa","EC_0214.jpg"
"5912",7.935185185,2.6964,"5ffb8c5b60571908f3ac19fa","EC_0085.jpg"
"5913",4,4.1285,"5ffb8c5b60571908f3ac19fa","EC_0201.jpg"
"5914",6.018518519,2.8013,"5ffb8c5b60571908f3ac19fa","EC_0108.jpg"
"5915",6.055555556,3.1253,"5ffb8c5b60571908f3ac19fa","EC_0128.jpeg"
"5916",6.027777778,3.4673,"5ffb8c5b60571908f3ac19fa","EC_0081.jpg"
"5917",9.055555556,3.267,"5ffb8c5b60571908f3ac19fa","EC_0105.jpg"
"5918",7.916666667,2.8845,"5ffb8c5b60571908f3ac19fa","EC_0096.jpg"
"5919",9.018518519,3.0364,"5ffb8c5b60571908f3ac19fa","EC_0230.jpg"
"5920",7.953703704,3.6809,"5ffb8c5b60571908f3ac19fa","EC_0165.jpg"
"5921",6.101851852,2.9383,"5ffb8c5b60571908f3ac19fa","EC_0003.jpg"
"5922",7.009259259,2.892,"5ffb8c5b60571908f3ac19fa","EC_0047.jpg"
"5923",7.981481481,3.2424,"5ffb8c5b60571908f3ac19fa","EC_0028.jpg"
"5924",5.990740741,2.6593,"5ffb8c5b60571908f3ac19fa","EC_0024.jpg"
"5925",5.981481481,3.5495,"5ffb8c5b60571908f3ac19fa","EC_0176.jpg"
"5926",7.064814815,2.7718,"5ffb8c5b60571908f3ac19fa","EC_0152.jpg"
"5927",8.046296296,2.7156,"5ffb8c5b60571908f3ac19fa","EC_0094.jpg"
"5928",9.925925926,3.5993,"5ffb8c5b60571908f3ac19fa","EC_0123.jpeg"
"5929",6.972222222,2.4059,"5ffb8c5b60571908f3ac19fa","EC_0048.jpg"
"5930",6.185185185,2.825,"5ffb8c5b60571908f3ac19fa","EC_0196.jpg"
"5931",9.046296296,4.2899,"5ffb8c5b60571908f3ac19fa","EC_0031.jpg"
"5932",6.916666667,2.8897,"5ffb8c5b60571908f3ac19fa","EC_0089.jpg"
"5933",7.657407407,3.2822,"5ffb8c5b60571908f3ac19fa","EC_0092.jpg"
"5934",7.185185185,3.6081,"5ffb8c5b60571908f3ac19fa","EC_0001.jpg"
"5935",3.046296296,5.8393,"5ffb8c5b60571908f3ac19fa","EC_0121.jpg"
"5936",7.981481481,2.8086,"5ffb8c5b60571908f3ac19fa","EC_0058.jpg"
"5937",4.398148148,5.0308,"5ffb8c5b60571908f3ac19fa","EC_0183.jpg"
"5938",5.055555556,3.4651,"5ffb8c5b60571908f3ac19fa","EC_0202.jpg"
"5939",6.990740741,2.7593,"5ffb8c5b60571908f3ac19fa","EC_0018.jpg"
"5940",6.37962963,2.9396,"5ffb8c5b60571908f3ac19fa","EC_0020.jpg"
"5941",7.703703704,2.798,"5ffb8c5b60571908f3ac19fa","EC_0224.jpg"
"5942",9.518518519,2.6421,"5ffb8c5b60571908f3ac19fa","EC_0074.jpg"
"5943",10,4.5653,"5ffb8c5b60571908f3ac19fa","EC_0136.jpg"
"5944",8.175925926,3.1588,"5ffb8c5b60571908f3ac19fa","EC_0174.jpg"
"5945",8.101851852,2.8839,"5ffb8c5b60571908f3ac19fa","EC_0098.jpg"
"5946",6.981481481,2.7051,"5ffb8c5b60571908f3ac19fa","EC_0007.jpg"
"5947",5.537037037,6.3099,"5ffb8c5b60571908f3ac19fa","EC_0011.jpg"
"5948",6.009259259,2.6403,"5ffb8c5b60571908f3ac19fa","EC_0040.jpg"
"5949",7.027777778,2.7586,"5ffb8c5b60571908f3ac19fa","EC_0221.jpg"
"5950",7,3.1918,"5ffb8c5b60571908f3ac19fa","EC_0069.jpg"
"5951",7.981481481,2.6776,"5ffb8c5b60571908f3ac19fa","EC_0032.jpg"
"5952",4.953703704,4.0916,"5ffb8c5b60571908f3ac19fa","EC_0222.jpg"
"5953",7.916666667,3.0599,"5ffb8c5b60571908f3ac19fa","EC_0156.jpg"
"5954",7.018518519,2.7417,"5ffb8c5b60571908f3ac19fa","EC_0116.jpg"
"5955",8.981481481,2.5989,"5ffb8c5b60571908f3ac19fa","EC_0157.jpg"
"5956",4.046296296,3.0248,"5ffb8c5b60571908f3ac19fa","EC_0005.jpg"
"5957",5.972222222,3.6924,"5ffb8c5b60571908f3ac19fa","EC_0090.jpg"
"5958",5.546296296,3.2249,"5ffb8c5b60571908f3ac19fa","EC_0088.jpg"
"5959",7.916666667,2.699,"5ffb8c5b60571908f3ac19fa","EC_0073.jpg"
"5960",6.101851852,2.2606,"5ffb8c5b60571908f3ac19fa","EC_0166.jpg"
"5961",6.814814815,4.0595,"5ffb8c5b60571908f3ac19fa","EC_0147.png"
"5962",7.527777778,4.4366,"5ffb8c5b60571908f3ac19fa","EC_0245.jpg"
"5963",8.092592593,2.7254,"5ffb8c5b60571908f3ac19fa","EC_0008.jpg"
"5964",9.157407407,3.4477,"5ffb8c5b60571908f3ac19fa","EC_0104.jpg"
"5965",4.75,3.6417,"5ffb8c5b60571908f3ac19fa","EC_0223.jpg"
"5966",5.861111111,2.5923,"5ffb8c5b60571908f3ac19fa","EC_0132.jpg"
"5967",5.925925926,3.0753,"5ffb8c5b60571908f3ac19fa","EC_0049.jpg"
"5968",5.101851852,3.2805,"5ffb8c5b60571908f3ac19fa","EC_0198.jpg"
"5969",3.074074074,4.3036,"5ffb8c5b60571908f3ac19fa","EC_0015.jpg"
"5970",6.935185185,2.7587,"5ffb8c5b60571908f3ac19fa","EC_0017.jpg"
"5971",5,3.3249,"5ffb8c5b60571908f3ac19fa","EC_0041.jpg"
"5972",7.907407407,2.7595,"5ffb8c5b60571908f3ac19fa","EC_0034.jpg"
"5973",7.027777778,2.4895,"5ffb8c5b60571908f3ac19fa","EC_0100.jpg"
"5974",7.490740741,3.9154,"5ffb8c5b60571908f3ac19fa","EC_0229.jpg"
"5975",8.981481481,2.9225,"5ffb8c5b60571908f3ac19fa","EC_0014.jpg"
"5976",7.916666667,2.5642,"5ffb8c5b60571908f3ac19fa","EC_0159.jpg"
"5977",4.027777778,2.9227,"5ffb8c5b60571908f3ac19fa","EC_0237.jpg"
"5978",6.009259259,2.9557,"5ffb8c5b60571908f3ac19fa","EC_0177.jpg"
"5979",7.537037037,3.6061,"5ffb8c5b60571908f3ac19fa","EC_0188.jpg"
"5980",5.009259259,3.0223,"5ffb8c5b60571908f3ac19fa","EC_0195.jpg"
"5981",8.074074074,2.6655,"5ffb8c5b60571908f3ac19fa","EC_0038.jpg"
"5982",9.018518519,2.3338,"5ffb8c5b60571908f3ac19fa","EC_0205.jpg"
"5983",8,3.4841,"5ffb8c5b60571908f3ac19fa","EC_0006.jpg"
"5984",9.648148148,3.1218,"5ffb8c5b60571908f3ac19fa","EC_0037.jpg"
"5985",8.453703704,2.7339,"5ffb8c5b60571908f3ac19fa","EC_0102.jpg"
"5986",6.953703704,2.3357,"5ffb8c5b60571908f3ac19fa","EC_0054.jpg"
"5987",8.009259259,2.5336,"5ffb8c5b60571908f3ac19fa","EC_0029.jpg"
"5988",7.018518519,3.6781,"5ffb8c5b60571908f3ac19fa","EC_0210.jpg"
"5989",5.018518519,3.2005,"5ffb8c5b60571908f3ac19fa","EC_0169.png"
"5990",5.481481481,5.7984,"5ffb8c5b60571908f3ac19fa","EC_0206.png"
"5991",7.018518519,2.7197,"5ffb8c5b60571908f3ac19fa","EC_0153.jpg"
"5992",7.981481481,2.7835,"5ffb8c5b60571908f3ac19fa","EC_0076.jpg"
"5993",9.055555556,2.8513,"5ffb8c5b60571908f3ac19fa","EC_0137.jpg"
"5994",7.972222222,3.3179,"5ffb8c5b60571908f3ac19fa","EC_0125.jpeg"
"5995",8.916666667,2.8547,"5ffb8c5b60571908f3ac19fa","EC_0115.jpg"
"5996",9.731481481,2.7857,"5ffb8c5b60571908f3ac19fa","EC_0211.jpg"
"5997",6.018518519,2.5838,"5ffb8c5b60571908f3ac19fa","EC_0226.jpg"
"5998",8.018518519,3.1843,"5ffb8c5b60571908f3ac19fa","EC_0172.jpg"
"5999",6.027777778,3.7309,"5ffb8c5b60571908f3ac19fa","EC_0140.jpg"
"6000",6.925925926,2.4391,"5ffb8c5b60571908f3ac19fa","EC_0016.jpg"
"6001",5.101851852,6.6062,"5ffb8c5b60571908f3ac19fa","EC_0235.jpg"
"6002",6.787037037,3.168,"5ffb8c5b60571908f3ac19fa","EC_0061.jpg"
"6003",6.935185185,2.8173,"5ffb8c5b60571908f3ac19fa","EC_0118.jpg"
"6004",7.194444444,2.853,"5ffb8c5b60571908f3ac19fa","EC_0193.png"
"6005",8.009259259,2.8673,"5ffb8c5b60571908f3ac19fa","EC_0167.jpg"
"6006",6.018518519,3.6547,"5ffb8c5b60571908f3ac19fa","EC_0236.jpg"
"6007",7.027777778,2.4339,"5ffb8c5b60571908f3ac19fa","EC_0010.jpg"
"6008",7.972222222,3.0786,"5ffb8c5b60571908f3ac19fa","EC_0163.jpg"
"6009",6.981481481,2.6509,"5ffb8c5b60571908f3ac19fa","EC_0233.jpg"
"6010",4.962962963,2.8042,"5ffb8c5b60571908f3ac19fa","EC_0019.jpg"
"6011",8.564814815,3.6335,"5ffb8c5b60571908f3ac19fa","EC_0079.jpg"
"6012",7.824074074,2.6361,"5ffb8c5b60571908f3ac19fa","EC_0135.jpg"
"6013",7.092592593,2.7906,"5ffb8c5b60571908f3ac19fa","EC_0139.png"
"6014",5.916666667,3.186,"5ffb8c5b60571908f3ac19fa","EC_0075.jpg"
"6015",7,4.1292,"5ffb8c5b60571908f3ac19fa","EC_0242.jpg"
"6016",4.046296296,3.4278,"5ffb8c5b60571908f3ac19fa","EC_0227.jpg"
"6017",4.685185185,3.6289,"5ffb8c5b60571908f3ac19fa","EC_0042.jpg"
"6018",6.962962963,2.8407,"5ffb8c5b60571908f3ac19fa","EC_0151.jpg"
"6019",6.583333333,4.0382,"5ffb8c5b60571908f3ac19fa","EC_0111.jpg"
"6020",7.046296296,2.5403,"5ffb8c5b60571908f3ac19fa","EC_0160.jpg"
"6021",5.111111111,3.131,"5ffb8c5b60571908f3ac19fa","EC_0027.jpg"
"6022",7.12037037,2.6251,"5ffb8c5b60571908f3ac19fa","EC_0050.jpg"
"6023",4.944444444,2.8781,"5ffb8c5b60571908f3ac19fa","EC_0012.jpg"
"6024",5.888888889,2.8503,"5ffb8c5b60571908f3ac19fa","EC_0187.jpeg"
"6025",5.009259259,3.6,"5ffb8c5b60571908f3ac19fa","EC_0097.jpg"
"6026",9.138888889,3.1007,"5ffb8c5b60571908f3ac19fa","EC_0244.jpg"
"6027",8.027777778,2.7665,"5ffb8c5b60571908f3ac19fa","EC_0030.jpg"
"6028",7.944444444,3.0845,"5ffb8c5b60571908f3ac19fa","EC_0247.jpg"
"6029",7.157407407,2.5827,"5ffb8c5b60571908f3ac19fa","EC_0182.jpg"
"6030",8.166666667,3.3198,"5ffb8c5b60571908f3ac19fa","EC_0246.jpg"
"6031",9.212962963,2.6418,"5ffb8c5b60571908f3ac19fa","EC_0072.jpg"
"6032",8.027777778,3.6255,"5ffb8c5b60571908f3ac19fa","EC_0071.jpg"
"6033",6,3.1585,"5ffb8c5b60571908f3ac19fa","EC_0228.jpg"
"6034",8.027777778,2.7808,"5ffb8c5b60571908f3ac19fa","EC_0044.jpg"
"6035",3.064814815,2.9753,"5ffb8c5b60571908f3ac19fa","EC_0162.jpg"
"6036",4.981481481,2.3289,"5ffb8c5b60571908f3ac19fa","EC_0134.jpg"
"6037",6.092592593,2.4153,"5ffb8c5b60571908f3ac19fa","EC_0056.jpg"
"6038",7.666666667,2.8933,"5ffb8c5b60571908f3ac19fa","EC_0185.jpg"
"6039",6.962962963,2.642,"5ffb8c5b60571908f3ac19fa","EC_0154.jpg"
"6040",6.657407407,2.3585,"5ffb8c5b60571908f3ac19fa","EC_0055.jpg"
"6041",7.175925926,3.6196,"5ffb8c5b60571908f3ac19fa","EC_0238.jpg"
"6042",7.916666667,2.6631,"5ffb8c5b60571908f3ac19fa","EC_0046.jpg"
"6043",3.092592593,3.132,"5ffb8c5b60571908f3ac19fa","EC_0194.jpg"
"6044",8.037037037,3.1198,"5ffb8c5b60571908f3ac19fa","EC_0086.jpg"
"6045",6.953703704,3.3841,"5ffb8c5b60571908f3ac19fa","EC_0171.jpg"
"6046",6.018518519,2.5343,"5ffb8c5b60571908f3ac19fa","EC_0066.jpg"
"6047",9.166666667,2.334,"5ffb8c5b60571908f3ac19fa","EC_0057.jpeg"
"6048",7.222222222,3.2655,"5ffb8c5b60571908f3ac19fa","EC_0124.jpeg"
"6049",7.62962963,2.7145,"5ffb8c5b60571908f3ac19fa","EC_0170.jpg"
"6050",6.944444444,3.2699,"5ffb8c5b60571908f3ac19fa","EC_0131.jpg"
"6051",8,2.4975,"5ffb8c5b60571908f3ac19fa","EC_0203.jpg"
"6052",7.75,2.8063,"5ffb8c5b60571908f3ac19fa","EC_0119.jpg"
"6053",7.87962963,3.2061,"5ffb8c5b60571908f3ac19fa","EC_0083.jpg"
"6054",4.046296296,4.0561,"5ffb8c5b60571908f3ac19fa","EC_0239.jpg"
"6055",4.935185185,2.2584,"5ffb8c5b60571908f3ac19fa","EC_0158.jpg"
"6056",6.583333333,2.7842,"5ffb8c5b60571908f3ac19fa","EC_0053.jpg"
"6057",5.046296296,2.7672,"5ffb8c5b60571908f3ac19fa","EC_0213.jpg"
"6058",8.435185185,2.4029,"5ffb8c5b60571908f3ac19fa","EC_0243.jpg"
"6059",2.018518519,2.7342,"5ffb8c5b60571908f3ac19fa","EC_0161.jpg"
"6060",8.175925926,3.5844,"5ffb8c5b60571908f3ac19fa","EC_0149.jpg"
"6061",6.944444444,2.4896,"5ffb8c5b60571908f3ac19fa","EC_0064.jpg"
"6062",5.75,2.9175,"5ffb8c5b60571908f3ac19fa","EC_0106.jpg"
"6063",7.222222222,2.5172,"5ffb8c5b60571908f3ac19fa","EC_0133.jpg"
"6064",6.944444444,2.7394,"5ffb8c5b60571908f3ac19fa","EC_0101.jpg"
"6065",6.185185185,3.8001,"5ffb8c5b60571908f3ac19fa","EC_0099.jpg"
"6066",2.925925926,3.355,"5ffb8c5b60571908f3ac19fa","EC_0200.png"
"6067",7.074074074,2.6338,"5ffb8c5b60571908f3ac19fa","EC_0051.jpg"
"6068",5.101851852,2.8084,"5ffb8c5b60571908f3ac19fa","EC_0240.jpg"
"6069",6.907407407,3.3342,"5ffb8c5b60571908f3ac19fa","EC_0129.jpeg"
"6070",10,3.5503,"5ffb8c5b60571908f3ac19fa","EC_0207.jpg"
"6071",7.009259259,2.4892,"5ffb8c5b60571908f3ac19fa","EC_0181.jpg"
"6072",3.037037037,3.6253,"5ffb8c5b60571908f3ac19fa","EC_0059.jpg"
"6073",6.916666667,3.7555,"5ffb8c5b60571908f3ac19fa","EC_0117.jpg"
"6074",9.259259259,2.8255,"5ffb8c5b60571908f3ac19fa","EC_0138.png"
"6075",8.481481481,2.4949,"5ffb8c5b60571908f3ac19fa","EC_0068.jpg"
"6076",7.027777778,3.3395,"5ffb8c5b60571908f3ac19fa","EC_0063.jpg"
"6077",8.537037037,2.9895,"5ffb8c5b60571908f3ac19fa","EC_0080.jpg"
"6078",3.009259259,3.6327,"5ffb8c5b60571908f3ac19fa","EC_0199.jpg"
"6079",7.935185185,3.2561,"5ffb8c5b60571908f3ac19fa","EC_0103.jpg"
"6080",7.027777778,3.2252,"5ffb8c5b60571908f3ac19fa","EC_0148.jpg"
"6081",7.944444444,3.0421,"5ffb8c5b60571908f3ac19fa","EC_0120.jpg"
"6082",6.046296296,2.5004,"5ffb8c5b60571908f3ac19fa","EC_0231.jpg"
"6083",6.944444444,2.5188,"5ffb8c5b60571908f3ac19fa","EC_0093.jpg"
"6084",2.111111111,3.7895,"5ffb8c5b60571908f3ac19fa","EC_0184.jpg"
"6085",3.148148148,3.3171,"5ffb8c5b60571908f3ac19fa","EC_0173.jpg"
"6086",8.324074074,2.8916,"5ffb8c5b60571908f3ac19fa","EC_0087.jpg"
"6087",8.101851852,3.0494,"5ffb8c5b60571908f3ac19fa","EC_0062.jpg"
"6088",7.888888889,3.2336,"5ffb8c5b60571908f3ac19fa","EC_0084.jpg"
"6089",6.055555556,2.5009,"5ffb8c5b60571908f3ac19fa","EC_0234.jpg"
"6090",6.462962963,4.1973,"5ffb8c5b60571908f3ac19fa","EC_0065.jpg"
"6091",0,4.5264,"5ffe235ea848b74a3b3ccd07","EC_0027.jpg"
"6092",4.953703704,3.7384,"5ffe235ea848b74a3b3ccd07","EC_0238.jpg"
"6093",6,3.4804,"5ffe235ea848b74a3b3ccd07","EC_0222.jpg"
"6094",10,4.8118,"5ffe235ea848b74a3b3ccd07","EC_0013.jpg"
"6095",6.935185185,3.9857,"5ffe235ea848b74a3b3ccd07","EC_0079.jpg"
"6096",6.972222222,2.9886,"5ffe235ea848b74a3b3ccd07","EC_0135.jpg"
"6097",1.166666667,3.212,"5ffe235ea848b74a3b3ccd07","EC_0036.jpeg"
"6098",0.37962963,4.3561,"5ffe235ea848b74a3b3ccd07","EC_0181.jpg"
"6099",9.722222222,3.2404,"5ffe235ea848b74a3b3ccd07","EC_0010.jpg"
"6100",2.546296296,3.9347,"5ffe235ea848b74a3b3ccd07","EC_0020.jpg"
"6101",4.833333333,2.698,"5ffe235ea848b74a3b3ccd07","EC_0017.jpg"
"6102",9.009259259,2.6731,"5ffe235ea848b74a3b3ccd07","EC_0207.jpg"
"6103",6.925925926,2.7711,"5ffe235ea848b74a3b3ccd07","EC_0089.jpg"
"6104",7.018518519,3.9008,"5ffe235ea848b74a3b3ccd07","EC_0248.jpg"
"6105",8.194444444,2.6095,"5ffe235ea848b74a3b3ccd07","EC_0081.jpg"
"6106",0.916666667,3.9952,"5ffe235ea848b74a3b3ccd07","EC_0123.jpeg"
"6107",9.037037037,2.2735,"5ffe235ea848b74a3b3ccd07","EC_0137.jpg"
"6108",8.981481481,2.4205,"5ffe235ea848b74a3b3ccd07","EC_0242.jpg"
"6109",7.027777778,2.8875,"5ffe235ea848b74a3b3ccd07","EC_0098.jpg"
"6110",6.111111111,2.6101,"5ffe235ea848b74a3b3ccd07","EC_0197.jpg"
"6111",1.527777778,2.3649,"5ffe235ea848b74a3b3ccd07","EC_0214.jpg"
"6112",0.611111111,2.4707,"5ffe235ea848b74a3b3ccd07","EC_0183.jpg"
"6113",0,3.2914,"5ffe235ea848b74a3b3ccd07","EC_0113.jpg"
"6114",0.148148148,5.5812,"5ffe235ea848b74a3b3ccd07","EC_0176.jpg"
"6115",1.555555556,2.3432,"5ffe235ea848b74a3b3ccd07","EC_0154.jpg"
"6116",1.194444444,2.7268,"5ffe235ea848b74a3b3ccd07","EC_0088.jpg"
"6117",1.833333333,3.254,"5ffe235ea848b74a3b3ccd07","EC_0230.jpg"
"6118",1.194444444,3.5151,"5ffe235ea848b74a3b3ccd07","EC_0194.jpg"
"6119",7.583333333,5.2407,"5ffe235ea848b74a3b3ccd07","EC_0243.jpg"
"6120",3.62962963,2.8967,"5ffe235ea848b74a3b3ccd07","EC_0153.jpg"
"6121",4.222222222,3.992,"5ffe235ea848b74a3b3ccd07","EC_0105.jpg"
"6122",4.981481481,2.441,"5ffe235ea848b74a3b3ccd07","EC_0047.jpg"
"6123",5.611111111,2.8739,"5ffe235ea848b74a3b3ccd07","EC_0239.jpg"
"6124",0.703703704,2.9422,"5ffe235ea848b74a3b3ccd07","EC_0228.jpg"
"6125",6.277777778,3.0588,"5ffe235ea848b74a3b3ccd07","EC_0014.jpg"
"6126",0.444444444,3.8456,"5ffe235ea848b74a3b3ccd07","EC_0148.jpg"
"6127",2.12962963,6.2472,"5ffe235ea848b74a3b3ccd07","EC_0185.jpg"
"6128",0.87037037,2.4372,"5ffe235ea848b74a3b3ccd07","EC_0039.jpg"
"6129",1.148148148,2.9881,"5ffe235ea848b74a3b3ccd07","EC_0069.jpg"
"6130",2.009259259,2.6671,"5ffe235ea848b74a3b3ccd07","EC_0236.jpg"
"6131",5.898148148,2.6611,"5ffe235ea848b74a3b3ccd07","EC_0080.jpg"
"6132",7.157407407,2.4499,"5ffe235ea848b74a3b3ccd07","EC_0234.jpg"
"6133",1.925925926,2.2459,"5ffe235ea848b74a3b3ccd07","EC_0029.jpg"
"6134",7.75,2.8688,"5ffe235ea848b74a3b3ccd07","EC_0223.jpg"
"6135",9.564814815,2.3998,"5ffe235ea848b74a3b3ccd07","EC_0157.jpg"
"6136",8.824074074,2.8261,"5ffe235ea848b74a3b3ccd07","EC_0065.jpg"
"6137",0.037037037,4.6331,"5ffe235ea848b74a3b3ccd07","EC_0199.jpg"
"6138",2.111111111,4.5262,"5ffe235ea848b74a3b3ccd07","EC_0136.jpg"
"6139",1.277777778,8.0833,"5ffe235ea848b74a3b3ccd07","EC_0140.jpg"
"6140",0.435185185,15.4131,"5ffe235ea848b74a3b3ccd07","EC_0059.jpg"
"6141",2.972222222,5.5573,"5ffe235ea848b74a3b3ccd07","EC_0058.jpg"
"6142",1.25,2.8432,"5ffe235ea848b74a3b3ccd07","EC_0097.jpg"
"6143",7.027777778,3.1881,"5ffe235ea848b74a3b3ccd07","EC_0245.jpg"
"6144",8.333333333,2.2694,"5ffe235ea848b74a3b3ccd07","EC_0001.jpg"
"6145",4.481481481,2.1613,"5ffe235ea848b74a3b3ccd07","EC_0246.jpg"
"6146",6.833333333,2.2852,"5ffe235ea848b74a3b3ccd07","EC_0031.jpg"
"6147",2.083333333,3.5836,"5ffe235ea848b74a3b3ccd07","EC_0121.jpg"
"6148",3.064814815,3.4242,"5ffe235ea848b74a3b3ccd07","EC_0237.jpg"
"6149",0.981481481,3.5306,"5ffe235ea848b74a3b3ccd07","EC_0042.jpg"
"6150",2.259259259,2.4103,"5ffe235ea848b74a3b3ccd07","EC_0164.jpg"
"6151",1,2.8051,"5ffe235ea848b74a3b3ccd07","EC_0040.jpg"
"6152",7.111111111,3.5358,"5ffe235ea848b74a3b3ccd07","EC_0116.jpg"
"6153",7.962962963,2.8157,"5ffe235ea848b74a3b3ccd07","EC_0083.jpg"
"6154",5.935185185,2.5374,"5ffe235ea848b74a3b3ccd07","EC_0171.jpg"
"6155",3.212962963,2.6667,"5ffe235ea848b74a3b3ccd07","EC_0196.jpg"
"6156",3.722222222,6.056,"5ffe235ea848b74a3b3ccd07","EC_0011.jpg"
"6157",7.537037037,2.4165,"5ffe235ea848b74a3b3ccd07","EC_0050.jpg"
"6158",1.203703704,3.1656,"5ffe235ea848b74a3b3ccd07","EC_0213.jpg"
"6159",3.194444444,2.6631,"5ffe235ea848b74a3b3ccd07","EC_0108.jpg"
"6160",6.796296296,3.0187,"5ffe235ea848b74a3b3ccd07","EC_0068.jpg"
"6161",8.324074074,2.3577,"5ffe235ea848b74a3b3ccd07","EC_0205.jpg"
"6162",6.972222222,4.0654,"5ffe235ea848b74a3b3ccd07","EC_0209.jpg"
"6163",1.175925926,2.7491,"5ffe235ea848b74a3b3ccd07","EC_0054.jpg"
"6164",7.916666667,2.6223,"5ffe235ea848b74a3b3ccd07","EC_0096.jpg"
"6165",6.953703704,3.3791,"5ffe235ea848b74a3b3ccd07","EC_0076.jpg"
"6166",7.675925926,3.1532,"5ffe235ea848b74a3b3ccd07","EC_0151.jpg"
"6167",0.472222222,2.6879,"5ffe235ea848b74a3b3ccd07","EC_0033.jpeg"
"6168",6.601851852,2.4374,"5ffe235ea848b74a3b3ccd07","EC_0060.jpg"
"6169",8.740740741,2.3771,"5ffe235ea848b74a3b3ccd07","EC_0008.jpg"
"6170",0.759259259,2.5227,"5ffe235ea848b74a3b3ccd07","EC_0182.jpg"
"6171",4.759259259,3.6027,"5ffe235ea848b74a3b3ccd07","EC_0149.jpg"
"6172",7.472222222,2.6057,"5ffe235ea848b74a3b3ccd07","EC_0061.jpg"
"6173",3.018518519,3.2314,"5ffe235ea848b74a3b3ccd07","EC_0090.jpg"
"6174",4.527777778,3.0882,"5ffe235ea848b74a3b3ccd07","EC_0193.png"
"6175",6.564814815,2.3685,"5ffe235ea848b74a3b3ccd07","EC_0074.jpg"
"6176",8.101851852,2.4404,"5ffe235ea848b74a3b3ccd07","EC_0240.jpg"
"6177",0.944444444,4.0973,"5ffe235ea848b74a3b3ccd07","EC_0232.jpg"
"6178",0.583333333,2.3442,"5ffe235ea848b74a3b3ccd07","EC_0028.jpg"
"6179",7.027777778,2.8212,"5ffe235ea848b74a3b3ccd07","EC_0044.jpg"
"6180",4.75,2.3417,"5ffe235ea848b74a3b3ccd07","EC_0142.jpg"
"6181",6.462962963,2.6291,"5ffe235ea848b74a3b3ccd07","EC_0071.jpg"
"6182",0.462962963,2.6513,"5ffe235ea848b74a3b3ccd07","EC_0161.jpg"
"6183",0.722222222,2.3282,"5ffe235ea848b74a3b3ccd07","EC_0203.jpg"
"6184",5.222222222,2.7853,"5ffe235ea848b74a3b3ccd07","EC_0139.png"
"6185",7.361111111,2.3541,"5ffe235ea848b74a3b3ccd07","EC_0051.jpg"
"6186",5.944444444,2.9768,"5ffe235ea848b74a3b3ccd07","EC_0231.jpg"
"6187",7.231481481,2.4749,"5ffe235ea848b74a3b3ccd07","EC_0132.jpg"
"6188",8.472222222,2.5713,"5ffe235ea848b74a3b3ccd07","EC_0082.jpg"
"6189",3.046296296,2.7429,"5ffe235ea848b74a3b3ccd07","EC_0202.jpg"
"6190",0.87037037,2.7721,"5ffe235ea848b74a3b3ccd07","EC_0206.png"
"6191",6.12037037,3.2403,"5ffe235ea848b74a3b3ccd07","EC_0064.jpg"
"6192",7.898148148,3.125,"5ffe235ea848b74a3b3ccd07","EC_0241.jpg"
"6193",7.277777778,3.035,"5ffe235ea848b74a3b3ccd07","EC_0038.jpg"
"6194",2.925925926,2.9015,"5ffe235ea848b74a3b3ccd07","EC_0166.jpg"
"6195",7.157407407,2.1824,"5ffe235ea848b74a3b3ccd07","EC_0119.jpg"
"6196",7.027777778,2.6475,"5ffe235ea848b74a3b3ccd07","EC_0198.jpg"
"6197",3.555555556,2.5546,"5ffe235ea848b74a3b3ccd07","EC_0180.jpg"
"6198",1.583333333,2.4347,"5ffe235ea848b74a3b3ccd07","EC_0128.jpeg"
"6199",8.62037037,2.8245,"5ffe235ea848b74a3b3ccd07","EC_0087.jpg"
"6200",1.194444444,3.0799,"5ffe235ea848b74a3b3ccd07","EC_0005.jpg"
"6201",0.166666667,3.0045,"5ffe235ea848b74a3b3ccd07","EC_0129.jpeg"
"6202",7.064814815,2.5208,"5ffe235ea848b74a3b3ccd07","EC_0041.jpg"
"6203",7.537037037,2.7235,"5ffe235ea848b74a3b3ccd07","EC_0152.jpg"
"6204",0.305555556,3.286,"5ffe235ea848b74a3b3ccd07","EC_0204.jpg"
"6205",5,2.6208,"5ffe235ea848b74a3b3ccd07","EC_0109.jpg"
"6206",0.12962963,2.9564,"5ffe235ea848b74a3b3ccd07","EC_0162.jpg"
"6207",2.074074074,3.3067,"5ffe235ea848b74a3b3ccd07","EC_0150.jpg"
"6208",6.972222222,2.7378,"5ffe235ea848b74a3b3ccd07","EC_0160.jpg"
"6209",7.768518519,2.7085,"5ffe235ea848b74a3b3ccd07","EC_0073.jpg"
"6210",6.453703704,3.3552,"5ffe235ea848b74a3b3ccd07","EC_0229.jpg"
"6211",2.953703704,2.8559,"5ffe235ea848b74a3b3ccd07","EC_0118.jpg"
"6212",5.055555556,2.2814,"5ffe235ea848b74a3b3ccd07","EC_0211.jpg"
"6213",5.824074074,2.5298,"5ffe235ea848b74a3b3ccd07","EC_0235.jpg"
"6214",6.925925926,3.2451,"5ffe235ea848b74a3b3ccd07","EC_0170.jpg"
"6215",0.277777778,2.9846,"5ffe235ea848b74a3b3ccd07","EC_0195.jpg"
"6216",6.842592593,2.6631,"5ffe235ea848b74a3b3ccd07","EC_0219.jpg"
"6217",7.361111111,3.1952,"5ffe235ea848b74a3b3ccd07","EC_0102.jpg"
"6218",8.018518519,2.6063,"5ffe235ea848b74a3b3ccd07","EC_0046.jpg"
"6219",6.166666667,2.5069,"5ffe235ea848b74a3b3ccd07","EC_0037.jpg"
"6220",4.972222222,2.928,"5ffe235ea848b74a3b3ccd07","EC_0177.jpg"
"6221",7.231481481,2.5788,"5ffe235ea848b74a3b3ccd07","EC_0133.jpg"
"6222",6.592592593,2.5966,"5ffe235ea848b74a3b3ccd07","EC_0159.jpg"
"6223",5.555555556,4.0723,"5ffe235ea848b74a3b3ccd07","EC_0163.jpg"
"6224",6.796296296,2.417,"5ffe235ea848b74a3b3ccd07","EC_0007.jpg"
"6225",7.296296296,2.8813,"5ffe235ea848b74a3b3ccd07","EC_0247.jpg"
"6226",7.916666667,2.354,"5ffe235ea848b74a3b3ccd07","EC_0070.jpg"
"6227",4.138888889,2.9328,"5ffe235ea848b74a3b3ccd07","EC_0224.jpg"
"6228",8.75,2.5886,"5ffe235ea848b74a3b3ccd07","EC_0030.jpg"
"6229",8.759259259,2.8185,"5ffe235ea848b74a3b3ccd07","EC_0016.jpg"
"6230",7.935185185,2.8724,"5ffe235ea848b74a3b3ccd07","EC_0250.jpg"
"6231",7.027777778,2.9546,"5ffe235ea848b74a3b3ccd07","EC_0168.jpeg"
"6232",8.37037037,2.5081,"5ffe235ea848b74a3b3ccd07","EC_0104.jpg"
"6233",4.009259259,2.6547,"5ffe235ea848b74a3b3ccd07","EC_0022.jpg"
"6234",0.046296296,2.8208,"5ffe235ea848b74a3b3ccd07","EC_0227.jpg"
"6235",3.111111111,3.2995,"5ffe235ea848b74a3b3ccd07","EC_0092.jpg"
"6236",1.222222222,2.5486,"5ffe235ea848b74a3b3ccd07","EC_0075.jpg"
"6237",5.953703704,2.6447,"5ffe235ea848b74a3b3ccd07","EC_0095.jpg"
"6238",1,3.5278,"5ffe235ea848b74a3b3ccd07","EC_0226.jpg"
"6239",6.833333333,2.4461,"5ffe235ea848b74a3b3ccd07","EC_0141.jpg"
"6240",0.111111111,3.3158,"5ffe235ea848b74a3b3ccd07","EC_0184.jpg"
"6241",0.027777778,2.5312,"5ffe235ea848b74a3b3ccd07","EC_0124.jpeg"
"6242",0.842592593,3.5161,"5ffe235ea848b74a3b3ccd07","EC_0055.jpg"
"6243",3,2.9113,"5ffe235ea848b74a3b3ccd07","EC_0221.jpg"
"6244",4.111111111,3.1494,"5ffe235ea848b74a3b3ccd07","EC_0012.jpg"
"6245",4.712962963,2.938,"5ffe235ea848b74a3b3ccd07","EC_0233.jpg"
"6246",0.287037037,3.1166,"5ffe235ea848b74a3b3ccd07","EC_0002.jpg"
"6247",0.675925926,2.8929,"5ffe235ea848b74a3b3ccd07","EC_0056.jpg"
"6248",5.342592593,3.225,"5ffe235ea848b74a3b3ccd07","EC_0249.jpg"
"6249",8.805555556,2.7975,"5ffe235ea848b74a3b3ccd07","EC_0086.jpg"
"6250",6.666666667,2.4137,"5ffe235ea848b74a3b3ccd07","EC_0057.jpeg"
"6251",3.361111111,5.3394,"5ffe235ea848b74a3b3ccd07","EC_0099.jpg"
"6252",2.712962963,2.4,"5ffe235ea848b74a3b3ccd07","EC_0101.jpg"
"6253",1.546296296,3.2092,"5ffe235ea848b74a3b3ccd07","EC_0169.png"
"6254",3.259259259,2.4922,"5ffe235ea848b74a3b3ccd07","EC_0147.png"
"6255",4.851851852,2.7159,"5ffe235ea848b74a3b3ccd07","EC_0006.jpg"
"6256",2.75,2.5947,"5ffe235ea848b74a3b3ccd07","EC_0201.jpg"
"6257",5.611111111,3.1119,"5ffe235ea848b74a3b3ccd07","EC_0158.jpg"
"6258",4.805555556,4.2393,"5ffe235ea848b74a3b3ccd07","EC_0120.jpg"
"6259",0.916666667,2.3871,"5ffe235ea848b74a3b3ccd07","EC_0019.jpg"
"6260",7.833333333,2.6387,"5ffe235ea848b74a3b3ccd07","EC_0063.jpg"
"6261",0.925925926,2.521,"5ffe235ea848b74a3b3ccd07","EC_0125.jpeg"
"6262",2.555555556,2.3829,"5ffe235ea848b74a3b3ccd07","EC_0094.jpg"
"6263",3.962962963,27.0316,"5ffe235ea848b74a3b3ccd07","EC_0103.jpg"
"6264",2.175925926,3.1913,"5ffe235ea848b74a3b3ccd07","EC_0165.jpg"
"6265",0.462962963,2.7492,"5ffe235ea848b74a3b3ccd07","EC_0024.jpg"
"6266",7.037037037,2.4704,"5ffe235ea848b74a3b3ccd07","EC_0077.jpg"
"6267",7.722222222,2.422,"5ffe235ea848b74a3b3ccd07","EC_0200.png"
"6268",6.611111111,2.5709,"5ffe235ea848b74a3b3ccd07","EC_0032.jpg"
"6269",3.861111111,2.7841,"5ffe235ea848b74a3b3ccd07","EC_0093.jpg"
"6270",6.527777778,2.631,"5ffe235ea848b74a3b3ccd07","EC_0167.jpg"
"6271",7.351851852,2.6546,"5ffe235ea848b74a3b3ccd07","EC_0066.jpg"
"6272",7.972222222,2.8081,"5ffe235ea848b74a3b3ccd07","EC_0018.jpg"
"6273",8.194444444,2.5087,"5ffe235ea848b74a3b3ccd07","EC_0009.jpg"
"6274",6.851851852,2.9393,"5ffe235ea848b74a3b3ccd07","EC_0084.jpg"
"6275",4.111111111,2.5906,"5ffe235ea848b74a3b3ccd07","EC_0106.jpg"
"6276",8,2.3466,"5ffe235ea848b74a3b3ccd07","EC_0138.png"
"6277",2.805555556,2.4489,"5ffe235ea848b74a3b3ccd07","EC_0210.jpg"
"6278",7.083333333,3.1546,"5ffe235ea848b74a3b3ccd07","EC_0034.jpg"
"6279",2.925925926,2.9211,"5ffe235ea848b74a3b3ccd07","EC_0174.jpg"
"6280",6.944444444,3.1553,"5ffe235ea848b74a3b3ccd07","EC_0131.jpg"
"6281",6.333333333,2.7241,"5ffe235ea848b74a3b3ccd07","EC_0048.jpg"
"6282",5.685185185,3.3388,"5ffe235ea848b74a3b3ccd07","EC_0173.jpg"
"6283",4.268518519,2.5875,"5ffe235ea848b74a3b3ccd07","EC_0244.jpg"
"6284",6.555555556,2.6994,"5ffe235ea848b74a3b3ccd07","EC_0062.jpg"
"6285",2.166666667,2.4874,"5ffe235ea848b74a3b3ccd07","EC_0049.jpg"
"6286",5.574074074,2.4986,"5ffe235ea848b74a3b3ccd07","EC_0134.jpg"
"6287",1.62962963,2.2409,"5ffe235ea848b74a3b3ccd07","EC_0115.jpg"
"6288",1.277777778,3.4942,"5ffe235ea848b74a3b3ccd07","EC_0111.jpg"
"6289",7.416666667,2.3636,"5ffe235ea848b74a3b3ccd07","EC_0172.jpg"
"6290",7.981481481,2.1145,"5ffe235ea848b74a3b3ccd07","EC_0117.jpg"
"6291",6.166666667,3.6784,"5ffe235ea848b74a3b3ccd07","EC_0003.jpg"
"6292",1.453703704,2.4108,"5ffe235ea848b74a3b3ccd07","EC_0187.jpeg"
"6293",6.083333333,2.2373,"5ffe235ea848b74a3b3ccd07","EC_0072.jpg"
"6294",6.972222222,2.4455,"5ffe235ea848b74a3b3ccd07","EC_0156.jpg"
"6295",3.277777778,2.5591,"5ffe235ea848b74a3b3ccd07","EC_0188.jpg"
"6296",0.962962963,6.3945,"5ffe235ea848b74a3b3ccd07","EC_0067.jpg"
"6297",2.25,3.4005,"5ffe235ea848b74a3b3ccd07","EC_0053.jpg"
"6298",2.648148148,3.424,"5ffe235ea848b74a3b3ccd07","EC_0015.jpg"
"6299",7.861111111,2.7038,"5ffe235ea848b74a3b3ccd07","EC_0085.jpg"
"6300",7.055555556,2.7713,"5ffe235ea848b74a3b3ccd07","EC_0100.jpg"
"6301",7.37037037,4.1571,"606dfa579ce4f86f0c7d3568","EC_0131.jpg"
"6302",4.333333333,2.483,"606dfa579ce4f86f0c7d3568","EC_0119.jpg"
"6303",6.37037037,2.5951,"606dfa579ce4f86f0c7d3568","EC_0051.jpg"
"6304",6.333333333,2.3304,"606dfa579ce4f86f0c7d3568","EC_0100.jpg"
"6305",3.222222222,4.2126,"606dfa579ce4f86f0c7d3568","EC_0011.jpg"
"6306",5.027777778,2.9567,"606dfa579ce4f86f0c7d3568","EC_0138.png"
"6307",5.009259259,2.5627,"606dfa579ce4f86f0c7d3568","EC_0038.jpg"
"6308",3.601851852,2.8618,"606dfa579ce4f86f0c7d3568","EC_0230.jpg"
"6309",4.342592593,2.5227,"606dfa579ce4f86f0c7d3568","EC_0044.jpg"
"6310",5.305555556,2.4075,"606dfa579ce4f86f0c7d3568","EC_0104.jpg"
"6311",5.62962963,3.278,"606dfa579ce4f86f0c7d3568","EC_0068.jpg"
"6312",1.916666667,2.4243,"606dfa579ce4f86f0c7d3568","EC_0184.jpg"
"6313",6.453703704,3.6587,"606dfa579ce4f86f0c7d3568","EC_0016.jpg"
"6314",4.083333333,4.0343,"606dfa579ce4f86f0c7d3568","EC_0134.jpg"
"6315",3.305555556,2.425,"606dfa579ce4f86f0c7d3568","EC_0147.png"
"6316",2.351851852,2.2417,"606dfa579ce4f86f0c7d3568","EC_0056.jpg"
"6317",6.87037037,2.7904,"606dfa579ce4f86f0c7d3568","EC_0058.jpg"
"6318",1.740740741,2.6289,"606dfa579ce4f86f0c7d3568","EC_0013.jpg"
"6319",6,4.5271,"606dfa579ce4f86f0c7d3568","EC_0001.jpg"
"6320",2.064814815,3.2326,"606dfa579ce4f86f0c7d3568","EC_0046.jpg"
"6321",4.296296296,2.7441,"606dfa579ce4f86f0c7d3568","EC_0250.jpg"
"6322",2.185185185,2.3248,"606dfa579ce4f86f0c7d3568","EC_0180.jpg"
"6323",6.916666667,3.4314,"606dfa579ce4f86f0c7d3568","EC_0002.jpg"
"6324",3.861111111,2.5628,"606dfa579ce4f86f0c7d3568","EC_0096.jpg"
"6325",1.37962963,2.8535,"606dfa579ce4f86f0c7d3568","EC_0128.jpeg"
"6326",1.138888889,2.2245,"606dfa579ce4f86f0c7d3568","EC_0161.jpg"
"6327",3.037037037,2.794,"606dfa579ce4f86f0c7d3568","EC_0243.jpg"
"6328",2.175925926,2.4589,"606dfa579ce4f86f0c7d3568","EC_0201.jpg"
"6329",2.777777778,2.3612,"606dfa579ce4f86f0c7d3568","EC_0227.jpg"
"6330",3.851851852,3.4211,"606dfa579ce4f86f0c7d3568","EC_0211.jpg"
"6331",4.731481481,3.8914,"606dfa579ce4f86f0c7d3568","EC_0152.jpg"
"6332",1.87962963,3.3642,"606dfa579ce4f86f0c7d3568","EC_0010.jpg"
"6333",3.055555556,3.0759,"606dfa579ce4f86f0c7d3568","EC_0224.jpg"
"6334",7.537037037,3.9836,"606dfa579ce4f86f0c7d3568","EC_0207.jpg"
"6335",2.101851852,2.8515,"606dfa579ce4f86f0c7d3568","EC_0238.jpg"
"6336",2.259259259,2.1041,"606dfa579ce4f86f0c7d3568","EC_0055.jpg"
"6337",1.25,3.5766,"606dfa579ce4f86f0c7d3568","EC_0105.jpg"
"6338",2.203703704,2.5532,"606dfa579ce4f86f0c7d3568","EC_0042.jpg"
"6339",3.472222222,2.7404,"606dfa579ce4f86f0c7d3568","EC_0117.jpg"
"6340",1.796296296,2.9118,"606dfa579ce4f86f0c7d3568","EC_0109.jpg"
"6341",1.888888889,2.2121,"606dfa579ce4f86f0c7d3568","EC_0235.jpg"
"6342",0.185185185,2.5022,"606dfa579ce4f86f0c7d3568","EC_0095.jpg"
"6343",1.851851852,2.6752,"606dfa579ce4f86f0c7d3568","EC_0182.jpg"
"6344",2.25,2.6131,"606dfa579ce4f86f0c7d3568","EC_0226.jpg"
"6345",0.962962963,2.8807,"606dfa579ce4f86f0c7d3568","EC_0185.jpg"
"6346",0.666666667,2.3421,"606dfa579ce4f86f0c7d3568","EC_0195.jpg"
"6347",6.925925926,3.0946,"606dfa579ce4f86f0c7d3568","EC_0041.jpg"
"6348",1.194444444,4.0673,"606dfa579ce4f86f0c7d3568","EC_0123.jpeg"
"6349",2.166666667,2.7971,"606dfa579ce4f86f0c7d3568","EC_0049.jpg"
"6350",0.861111111,2.5072,"606dfa579ce4f86f0c7d3568","EC_0158.jpg"
"6351",5.592592593,2.9434,"606dfa579ce4f86f0c7d3568","EC_0070.jpg"
"6352",2.333333333,2.4175,"606dfa579ce4f86f0c7d3568","EC_0139.png"
"6353",1.546296296,2.7834,"606dfa579ce4f86f0c7d3568","EC_0019.jpg"
"6354",3.462962963,4.178,"606dfa579ce4f86f0c7d3568","EC_0202.jpg"
"6355",0.518518519,2.896,"606dfa579ce4f86f0c7d3568","EC_0206.png"
"6356",4.101851852,3.7683,"606dfa579ce4f86f0c7d3568","EC_0166.jpg"
"6357",1.87962963,4.6773,"606dfa579ce4f86f0c7d3568","EC_0174.jpg"
"6358",2.444444444,2.5458,"606dfa579ce4f86f0c7d3568","EC_0164.jpg"
"6359",0.453703704,2.809,"606dfa579ce4f86f0c7d3568","EC_0222.jpg"
"6360",2.824074074,3.9586,"606dfa579ce4f86f0c7d3568","EC_0022.jpg"
"6361",1.046296296,2.5817,"606dfa579ce4f86f0c7d3568","EC_0113.jpg"
"6362",2.62037037,3.7332,"606dfa579ce4f86f0c7d3568","EC_0200.png"
"6363",0.981481481,3.0481,"606dfa579ce4f86f0c7d3568","EC_0221.jpg"
"6364",3.740740741,3.5893,"606dfa579ce4f86f0c7d3568","EC_0012.jpg"
"6365",5.453703704,2.5895,"606dfa579ce4f86f0c7d3568","EC_0057.jpeg"
"6366",2.5,3.1639,"606dfa579ce4f86f0c7d3568","EC_0196.jpg"
"6367",1.351851852,2.9092,"606dfa579ce4f86f0c7d3568","EC_0203.jpg"
"6368",7.694444444,4.0328,"606dfa579ce4f86f0c7d3568","EC_0229.jpg"
"6369",8.148148148,3.5056,"606dfa579ce4f86f0c7d3568","EC_0086.jpg"
"6370",5.611111111,2.5768,"606dfa579ce4f86f0c7d3568","EC_0034.jpg"
"6371",4.731481481,3.6785,"606dfa579ce4f86f0c7d3568","EC_0136.jpg"
"6372",3.712962963,3.571,"606dfa579ce4f86f0c7d3568","EC_0073.jpg"
"6373",3.435185185,4.357,"606dfa579ce4f86f0c7d3568","EC_0075.jpg"
"6374",1.277777778,2.8614,"606dfa579ce4f86f0c7d3568","EC_0124.jpeg"
"6375",1.759259259,2.7156,"606dfa579ce4f86f0c7d3568","EC_0053.jpg"
"6376",2.259259259,3.0802,"606dfa579ce4f86f0c7d3568","EC_0063.jpg"
"6377",3.12037037,2.5792,"606dfa579ce4f86f0c7d3568","EC_0029.jpg"
"6378",1.962962963,3.1305,"606dfa579ce4f86f0c7d3568","EC_0106.jpg"
"6379",0.398148148,3.6436,"606dfa579ce4f86f0c7d3568","EC_0234.jpg"
"6380",5.87037037,3.3664,"606dfa579ce4f86f0c7d3568","EC_0084.jpg"
"6381",6.675925926,2.9198,"606dfa579ce4f86f0c7d3568","EC_0006.jpg"
"6382",1.212962963,2.6738,"606dfa579ce4f86f0c7d3568","EC_0176.jpg"
"6383",4.064814815,3.5799,"606dfa579ce4f86f0c7d3568","EC_0228.jpg"
"6384",2.333333333,2.7922,"606dfa579ce4f86f0c7d3568","EC_0231.jpg"
"6385",5.518518519,4.995,"606dfa579ce4f86f0c7d3568","EC_0183.jpg"
"6386",1.009259259,2.7002,"606dfa579ce4f86f0c7d3568","EC_0036.jpeg"
"6387",1.361111111,2.7345,"606dfa579ce4f86f0c7d3568","EC_0060.jpg"
"6388",6.416666667,4.2101,"606dfa579ce4f86f0c7d3568","EC_0077.jpg"
"6389",1.333333333,3.2072,"606dfa579ce4f86f0c7d3568","EC_0169.png"
"6390",0.5,3.5741,"606dfa579ce4f86f0c7d3568","EC_0129.jpeg"
"6391",1.222222222,2.471,"606dfa579ce4f86f0c7d3568","EC_0005.jpg"
"6392",3.425925926,4.4688,"606dfa579ce4f86f0c7d3568","EC_0205.jpg"
"6393",3.972222222,6.7212,"606dfa579ce4f86f0c7d3568","EC_0247.jpg"
"6394",6.203703704,3.9577,"606dfa579ce4f86f0c7d3568","EC_0168.jpeg"
"6395",5.342592593,6.9927,"606dfa579ce4f86f0c7d3568","EC_0111.jpg"
"6396",3.703703704,2.7514,"606dfa579ce4f86f0c7d3568","EC_0066.jpg"
"6397",5.555555556,2.6486,"606dfa579ce4f86f0c7d3568","EC_0133.jpg"
"6398",3.212962963,2.9066,"606dfa579ce4f86f0c7d3568","EC_0047.jpg"
"6399",4.231481481,4.6982,"606dfa579ce4f86f0c7d3568","EC_0156.jpg"
"6400",4.842592593,6.0093,"606dfa579ce4f86f0c7d3568","EC_0008.jpg"
"6401",6.703703704,4.1262,"606dfa579ce4f86f0c7d3568","EC_0140.jpg"
"6402",4.703703704,4.3256,"606dfa579ce4f86f0c7d3568","EC_0079.jpg"
"6403",2.592592593,2.2877,"606dfa579ce4f86f0c7d3568","EC_0017.jpg"
"6404",4.046296296,3.1375,"606dfa579ce4f86f0c7d3568","EC_0014.jpg"
"6405",2.546296296,3.2325,"606dfa579ce4f86f0c7d3568","EC_0059.jpg"
"6406",4.87037037,3.1259,"606dfa579ce4f86f0c7d3568","EC_0040.jpg"
"6407",7.509259259,3.2907,"606dfa579ce4f86f0c7d3568","EC_0098.jpg"
"6408",5.916666667,3.0886,"606dfa579ce4f86f0c7d3568","EC_0188.jpg"
"6409",1.611111111,2.7855,"606dfa579ce4f86f0c7d3568","EC_0125.jpeg"
"6410",1.916666667,3.9015,"606dfa579ce4f86f0c7d3568","EC_0085.jpg"
"6411",5.444444444,3.3682,"606dfa579ce4f86f0c7d3568","EC_0009.jpg"
"6412",3.296296296,3.0021,"606dfa579ce4f86f0c7d3568","EC_0061.jpg"
"6413",4.074074074,3.9337,"606dfa579ce4f86f0c7d3568","EC_0039.jpg"
"6414",4.796296296,4.3295,"606dfa579ce4f86f0c7d3568","EC_0219.jpg"
"6415",5.703703704,2.5324,"606dfa579ce4f86f0c7d3568","EC_0074.jpg"
"6416",4.564814815,3.4719,"606dfa579ce4f86f0c7d3568","EC_0115.jpg"
"6417",8.259259259,2.8336,"606dfa579ce4f86f0c7d3568","EC_0157.jpg"
"6418",4.398148148,3.4825,"606dfa579ce4f86f0c7d3568","EC_0236.jpg"
"6419",1.805555556,2.8323,"606dfa579ce4f86f0c7d3568","EC_0132.jpg"
"6420",2.518518519,2.8514,"606dfa579ce4f86f0c7d3568","EC_0062.jpg"
"6421",5.62962963,3.5857,"606dfa579ce4f86f0c7d3568","EC_0172.jpg"
"6422",0.240740741,4.7558,"606dfa579ce4f86f0c7d3568","EC_0241.jpg"
"6423",0.87962963,3.4456,"606dfa579ce4f86f0c7d3568","EC_0148.jpg"
"6424",1.425925926,2.6501,"606dfa579ce4f86f0c7d3568","EC_0244.jpg"
"6425",5.972222222,5.161,"606dfa579ce4f86f0c7d3568","EC_0142.jpg"
"6426",4.62962963,4.2907,"606dfa579ce4f86f0c7d3568","EC_0028.jpg"
"6427",6.37037037,3.4382,"606dfa579ce4f86f0c7d3568","EC_0081.jpg"
"6428",5.787037037,2.7655,"606dfa579ce4f86f0c7d3568","EC_0076.jpg"
"6429",8.759259259,3.1879,"606dfa579ce4f86f0c7d3568","EC_0099.jpg"
"6430",8.814814815,4.7584,"606dfa579ce4f86f0c7d3568","EC_0097.jpg"
"6431",3.25,4.1497,"606dfa579ce4f86f0c7d3568","EC_0245.jpg"
"6432",0.296296296,2.8393,"606dfa579ce4f86f0c7d3568","EC_0240.jpg"
"6433",7.037037037,2.4907,"606dfa579ce4f86f0c7d3568","EC_0037.jpg"
"6434",2.62037037,2.7798,"606dfa579ce4f86f0c7d3568","EC_0102.jpg"
"6435",3.490740741,3.259,"606dfa579ce4f86f0c7d3568","EC_0120.jpg"
"6436",7.314814815,2.4854,"606dfa579ce4f86f0c7d3568","EC_0141.jpg"
"6437",8.416666667,2.4277,"606dfa579ce4f86f0c7d3568","EC_0092.jpg"
"6438",3.990740741,3.0994,"606dfa579ce4f86f0c7d3568","EC_0214.jpg"
"6439",3.064814815,3.0042,"606dfa579ce4f86f0c7d3568","EC_0242.jpg"
"6440",7.518518519,2.1946,"606dfa579ce4f86f0c7d3568","EC_0246.jpg"
"6441",8.259259259,2.5561,"606dfa579ce4f86f0c7d3568","EC_0151.jpg"
"6442",4.944444444,2.4211,"606dfa579ce4f86f0c7d3568","EC_0154.jpg"
"6443",3.027777778,3.2131,"606dfa579ce4f86f0c7d3568","EC_0015.jpg"
"6444",7.509259259,2.89,"606dfa579ce4f86f0c7d3568","EC_0030.jpg"
"6445",4.907407407,2.4472,"606dfa579ce4f86f0c7d3568","EC_0198.jpg"
"6446",7.092592593,2.6988,"606dfa579ce4f86f0c7d3568","EC_0209.jpg"
"6447",6.027777778,2.8447,"606dfa579ce4f86f0c7d3568","EC_0249.jpg"
"6448",5.703703704,2.5972,"606dfa579ce4f86f0c7d3568","EC_0167.jpg"
"6449",2.509259259,2.298,"606dfa579ce4f86f0c7d3568","EC_0048.jpg"
"6450",0.574074074,3.4066,"606dfa579ce4f86f0c7d3568","EC_0083.jpg"
"6451",1.888888889,2.9883,"606dfa579ce4f86f0c7d3568","EC_0088.jpg"
"6452",1.731481481,3.2491,"606dfa579ce4f86f0c7d3568","EC_0103.jpg"
"6453",7.925925926,3.0345,"606dfa579ce4f86f0c7d3568","EC_0181.jpg"
"6454",6.12962963,2.3539,"606dfa579ce4f86f0c7d3568","EC_0159.jpg"
"6455",5.027777778,3.0471,"606dfa579ce4f86f0c7d3568","EC_0173.jpg"
"6456",2.083333333,2.3703,"606dfa579ce4f86f0c7d3568","EC_0032.jpg"
"6457",1.768518519,4.1254,"606dfa579ce4f86f0c7d3568","EC_0149.jpg"
"6458",3.685185185,3.5931,"606dfa579ce4f86f0c7d3568","EC_0071.jpg"
"6459",1.064814815,4.2286,"606dfa579ce4f86f0c7d3568","EC_0020.jpg"
"6460",1.018518519,2.7492,"606dfa579ce4f86f0c7d3568","EC_0090.jpg"
"6461",0.018518519,3.4118,"606dfa579ce4f86f0c7d3568","EC_0121.jpg"
"6462",2.453703704,3.1626,"606dfa579ce4f86f0c7d3568","EC_0024.jpg"
"6463",6.777777778,2.4001,"606dfa579ce4f86f0c7d3568","EC_0177.jpg"
"6464",2.314814815,2.8342,"606dfa579ce4f86f0c7d3568","EC_0187.jpeg"
"6465",0.564814815,2.598,"606dfa579ce4f86f0c7d3568","EC_0067.jpg"
"6466",6.601851852,2.5531,"606dfa579ce4f86f0c7d3568","EC_0137.jpg"
"6467",3.722222222,2.9885,"606dfa579ce4f86f0c7d3568","EC_0213.jpg"
"6468",2.203703704,2.578,"606dfa579ce4f86f0c7d3568","EC_0054.jpg"
"6469",1.768518519,2.3382,"606dfa579ce4f86f0c7d3568","EC_0003.jpg"
"6470",2.435185185,5.9226,"606dfa579ce4f86f0c7d3568","EC_0165.jpg"
"6471",3.027777778,3.0084,"606dfa579ce4f86f0c7d3568","EC_0135.jpg"
"6472",2.166666667,3.8695,"606dfa579ce4f86f0c7d3568","EC_0108.jpg"
"6473",0.462962963,2.4833,"606dfa579ce4f86f0c7d3568","EC_0162.jpg"
"6474",0.907407407,3.1188,"606dfa579ce4f86f0c7d3568","EC_0018.jpg"
"6475",7.388888889,2.3683,"606dfa579ce4f86f0c7d3568","EC_0093.jpg"
"6476",7.138888889,2.4643,"606dfa579ce4f86f0c7d3568","EC_0072.jpg"
"6477",5.361111111,3.1384,"606dfa579ce4f86f0c7d3568","EC_0248.jpg"
"6478",4.203703704,11.4683,"606dfa579ce4f86f0c7d3568","EC_0031.jpg"
"6479",2.092592593,4.5484,"606dfa579ce4f86f0c7d3568","EC_0163.jpg"
"6480",2.12037037,3.529,"606dfa579ce4f86f0c7d3568","EC_0087.jpg"
"6481",7.268518519,6.337,"606dfa579ce4f86f0c7d3568","EC_0080.jpg"
"6482",2.972222222,3.2331,"606dfa579ce4f86f0c7d3568","EC_0160.jpg"
"6483",1.231481481,2.3366,"606dfa579ce4f86f0c7d3568","EC_0232.jpg"
"6484",1.37037037,2.5682,"606dfa579ce4f86f0c7d3568","EC_0194.jpg"
"6485",1.740740741,3.2164,"606dfa579ce4f86f0c7d3568","EC_0089.jpg"
"6486",0.935185185,2.2657,"606dfa579ce4f86f0c7d3568","EC_0007.jpg"
"6487",1.805555556,2.4717,"606dfa579ce4f86f0c7d3568","EC_0239.jpg"
"6488",5.731481481,2.9027,"606dfa579ce4f86f0c7d3568","EC_0193.png"
"6489",0.694444444,2.3869,"606dfa579ce4f86f0c7d3568","EC_0223.jpg"
"6490",0.925925926,3.3079,"606dfa579ce4f86f0c7d3568","EC_0199.jpg"
"6491",1.361111111,2.1592,"606dfa579ce4f86f0c7d3568","EC_0064.jpg"
"6492",4.296296296,2.7482,"606dfa579ce4f86f0c7d3568","EC_0171.jpg"
"6493",2.37037037,2.392,"606dfa579ce4f86f0c7d3568","EC_0204.jpg"
"6494",6.861111111,2.5854,"606dfa579ce4f86f0c7d3568","EC_0094.jpg"
"6495",2.611111111,3.468,"606dfa579ce4f86f0c7d3568","EC_0210.jpg"
"6496",1.759259259,2.2542,"606dfa579ce4f86f0c7d3568","EC_0233.jpg"
"6497",1.944444444,3.477,"606dfa579ce4f86f0c7d3568","EC_0050.jpg"
"6498",2.25,2.8039,"606dfa579ce4f86f0c7d3568","EC_0170.jpg"
"6499",1.175925926,3.4366,"606dfa579ce4f86f0c7d3568","EC_0065.jpg"
"6500",2.638888889,2.4728,"606dfa579ce4f86f0c7d3568","EC_0101.jpg"
"6501",6.268518519,2.6186,"606dfa579ce4f86f0c7d3568","EC_0069.jpg"
"6502",1.194444444,2.9128,"606dfa579ce4f86f0c7d3568","EC_0033.jpeg"
"6503",1.805555556,2.5878,"606dfa579ce4f86f0c7d3568","EC_0150.jpg"
"6504",2.574074074,2.2879,"606dfa579ce4f86f0c7d3568","EC_0197.jpg"
"6505",3.305555556,2.4673,"606dfa579ce4f86f0c7d3568","EC_0082.jpg"
"6506",5.444444444,3.1531,"606dfa579ce4f86f0c7d3568","EC_0116.jpg"
"6507",5.75,2.5788,"606dfa579ce4f86f0c7d3568","EC_0118.jpg"
"6508",2.888888889,2.4236,"606dfa579ce4f86f0c7d3568","EC_0027.jpg"
"6509",4.962962963,2.5484,"606dfa579ce4f86f0c7d3568","EC_0153.jpg"
"6510",2.888888889,2.6619,"606dfa579ce4f86f0c7d3568","EC_0237.jpg"
"6511",7.999192595,6.3655,"60737b97d01c3800e734921d","EC_0116.jpg"
"6512",0,4.9304,"60737b97d01c3800e734921d","EC_0019.jpg"
"6513",7.999192595,4.3855,"60737b97d01c3800e734921d","EC_0010.jpg"
"6514",4.911273096,2.982,"60737b97d01c3800e734921d","EC_0095.jpg"
"6515",0.122224457,5.0141,"60737b97d01c3800e734921d","EC_0132.jpg"
"6516",9.922208739,4.6045,"60737b97d01c3800e734921d","EC_0044.jpg"
"6517",4.966744537,3.8057,"60737b97d01c3800e734921d","EC_0166.jpg"
"6518",7.074666104,6.4819,"60737b97d01c3800e734921d","EC_0171.jpg"
"6519",0.048262226,5.4532,"60737b97d01c3800e734921d","EC_0204.jpg"
"6520",0.066752396,3.1725,"60737b97d01c3800e734921d","EC_0128.jpeg"
"6521",7.000704183,6.091,"60737b97d01c3800e734921d","EC_0200.png"
"6522",5.003726118,2.9923,"60737b97d01c3800e734921d","EC_0150.jpg"
"6523",0.029771746,3.8528,"60737b97d01c3800e734921d","EC_0165.jpg"
"6524",0.048262226,3.7919,"60737b97d01c3800e734921d","EC_0131.jpg"
"6525",9.959189699,3.7192,"60737b97d01c3800e734921d","EC_0177.jpg"
"6526",8.036173555,6.6643,"60737b97d01c3800e734921d","EC_0229.jpg"
"6527",9.99617066,4.8949,"60737b97d01c3800e734921d","EC_0039.jpg"
"6528",7.093155963,5.7935,"60737b97d01c3800e734921d","EC_0222.jpg"
"6529",0.029771746,3.2284,"60737b97d01c3800e734921d","EC_0134.jpg"
"6530",4.985235638,3.2661,"60737b97d01c3800e734921d","EC_0182.jpg"
"6531",7.962211634,4.0537,"60737b97d01c3800e734921d","EC_0120.jpg"
"6532",9.959189699,4.0751,"60737b97d01c3800e734921d","EC_0081.jpg"
"6533",9.99617066,3.7519,"60737b97d01c3800e734921d","EC_0070.jpg"
"6534",0.048262226,2.693,"60737b97d01c3800e734921d","EC_0214.jpg"
"6535",0.048262226,2.0991,"60737b97d01c3800e734921d","EC_0088.jpg"
"6536",0.048262226,2.4343,"60737b97d01c3800e734921d","EC_0011.jpg"
"6537",0.048262226,2.4607,"60737b97d01c3800e734921d","EC_0213.jpg"
"6538",7.056175003,3.989,"60737b97d01c3800e734921d","EC_0232.jpg"
"6539",9.959189699,2.8651,"60737b97d01c3800e734921d","EC_0048.jpg"
"6540",9.977679559,3.0923,"60737b97d01c3800e734921d","EC_0092.jpg"
"6541",5.040707078,4.0279,"60737b97d01c3800e734921d","EC_0197.jpg"
"6542",7.111647064,6.4751,"60737b97d01c3800e734921d","EC_0170.jpg"
"6543",8.942210187,4.9585,"60737b97d01c3800e734921d","EC_0125.jpeg"
"6544",0.066752396,4.2727,"60737b97d01c3800e734921d","EC_0203.jpg"
"6545",5.077688039,3.8242,"60737b97d01c3800e734921d","EC_0236.jpg"
"6546",0.029771746,3.2387,"60737b97d01c3800e734921d","EC_0027.jpg"
"6547",6.963723223,3.089,"60737b97d01c3800e734921d","EC_0154.jpg"
"6548",0.066752396,4.6299,"60737b97d01c3800e734921d","EC_0241.jpg"
"6549",7.000704183,4.5676,"60737b97d01c3800e734921d","EC_0017.jpg"
"6550",9.99617066,3.384,"60737b97d01c3800e734921d","EC_0106.jpg"
"6551",9.940697357,3.0684,"60737b97d01c3800e734921d","EC_0073.jpg"
"6552",7.000704183,5.3322,"60737b97d01c3800e734921d","EC_0198.jpg"
"6553",8.979191147,4.6583,"60737b97d01c3800e734921d","EC_0099.jpg"
"6554",6.908251161,3.1683,"60737b97d01c3800e734921d","EC_0221.jpg"
"6555",6.982213082,3.3523,"60737b97d01c3800e734921d","EC_0138.png"
"6556",0.066752396,4.5416,"60737b97d01c3800e734921d","EC_0080.jpg"
"6557",9.940697357,3.5194,"60737b97d01c3800e734921d","EC_0172.jpg"
"6558",6.963723223,3.3221,"60737b97d01c3800e734921d","EC_0049.jpg"
"6559",9.977679559,3.0983,"60737b97d01c3800e734921d","EC_0104.jpg"
"6560",9.940697357,2.6941,"60737b97d01c3800e734921d","EC_0237.jpg"
"6561",7.074666104,4.2635,"60737b97d01c3800e734921d","EC_0156.jpg"
"6562",10,3.4779,"60737b97d01c3800e734921d","EC_0014.jpg"
"6563",0.011281266,4.2086,"60737b97d01c3800e734921d","EC_0067.jpg"
"6564",7.037685143,3.3988,"60737b97d01c3800e734921d","EC_0201.jpg"
"6565",9.922208739,3.3766,"60737b97d01c3800e734921d","EC_0050.jpg"
"6566",0.020526506,5.8181,"60737b97d01c3800e734921d","EC_0161.jpg"
"6567",9.98692573,5.1321,"60737b97d01c3800e734921d","EC_0210.jpg"
"6568",9.968434629,4.0985,"60737b97d01c3800e734921d","EC_0160.jpg"
"6569",9.949944769,4.8424,"60737b97d01c3800e734921d","EC_0084.jpg"
"6570",9.968434629,13.1391,"60737b97d01c3800e734921d","EC_0139.png"
"6571",0.002036026,3.7686,"60737b97d01c3800e734921d","EC_0159.jpg"
"6572",4.939009127,5.4012,"60737b97d01c3800e734921d","EC_0005.jpg"
"6573",5.049951387,6.2094,"60737b97d01c3800e734921d","EC_0098.jpg"
"6574",0.002036026,4.736,"60737b97d01c3800e734921d","EC_0090.jpg"
"6575",0.039016986,4.1174,"60737b97d01c3800e734921d","EC_0140.jpg"
"6576",6.917496091,7.5959,"60737b97d01c3800e734921d","EC_0149.jpg"
"6577",9.949944769,4.2749,"60737b97d01c3800e734921d","EC_0051.jpg"
"6578",10,3.3074,"60737b97d01c3800e734921d","EC_0079.jpg"
"6579",9.98692573,4.3072,"60737b97d01c3800e734921d","EC_0022.jpg"
"6580",4.975990087,3.9734,"60737b97d01c3800e734921d","EC_0059.jpg"
"6581",9.98692573,7.0023,"60737b97d01c3800e734921d","EC_0117.jpg"
"6582",7.971456564,4.0387,"60737b97d01c3800e734921d","EC_0235.jpg"
"6583",0.039016986,4.0428,"60737b97d01c3800e734921d","EC_0032.jpg"
"6584",0.020526506,3.3552,"60737b97d01c3800e734921d","EC_0082.jpg"
"6585",3.977501055,5.033,"60737b97d01c3800e734921d","EC_0240.jpg"
"6586",9.968434629,2.8141,"60737b97d01c3800e734921d","EC_0209.jpg"
"6587",0.075997947,3.5297,"60737b97d01c3800e734921d","EC_0185.jpg"
"6588",0.075997947,3.392,"60737b97d01c3800e734921d","EC_0147.png"
"6589",6.935987192,4.156,"60737b97d01c3800e734921d","EC_0164.jpg"
"6590",6.972968152,4.0563,"60737b97d01c3800e734921d","EC_0234.jpg"
"6591",0.075997947,2.7342,"60737b97d01c3800e734921d","EC_0038.jpg"
"6592",9.98692573,3.5671,"60737b97d01c3800e734921d","EC_0123.jpeg"
"6593",0.002036026,4.893,"60737b97d01c3800e734921d","EC_0151.jpg"
"6594",9.912963809,3.4169,"60737b97d01c3800e734921d","EC_0157.jpg"
"6595",0.075997947,4.3938,"60737b97d01c3800e734921d","EC_0056.jpg"
"6596",0.057507466,2.8639,"60737b97d01c3800e734921d","EC_0034.jpg"
"6597",5.068442488,2.5593,"60737b97d01c3800e734921d","EC_0176.jpg"
"6598",9.931453669,3.5553,"60737b97d01c3800e734921d","EC_0108.jpg"
"6599",0.094488737,2.688,"60737b97d01c3800e734921d","EC_0053.jpg"
"6600",6.991458012,4.1599,"60737b97d01c3800e734921d","EC_0046.jpg"
"6601",7.934475604,2.9625,"60737b97d01c3800e734921d","EC_0153.jpg"
"6602",8.988436077,2.9931,"60737b97d01c3800e734921d","EC_0068.jpg"
"6603",8.100890546,4.915,"60737b97d01c3800e734921d","EC_0102.jpg"
"6604",9.912963809,3.0218,"60737b97d01c3800e734921d","EC_0244.jpg"
"6605",8.969946217,4.0558,"60737b97d01c3800e734921d","EC_0219.jpg"
"6606",0.075997947,3.9414,"60737b97d01c3800e734921d","EC_0188.jpg"
"6607",7.009949113,3.0466,"60737b97d01c3800e734921d","EC_0238.jpg"
"6608",5.9929696,4.8165,"60737b97d01c3800e734921d","EC_0042.jpg"
"6609",7.989947665,4.7849,"60737b97d01c3800e734921d","EC_0137.jpg"
"6610",0.020526506,3.0396,"60737b97d01c3800e734921d","EC_0199.jpg"
"6611",0.057507466,8.7161,"60737b97d01c3800e734921d","EC_0097.jpg"
"6612",0,5.1296,"60737b97d01c3800e734921d","EC_0121.jpg"
"6613",9.949944769,3.1563,"60737b97d01c3800e734921d","EC_0119.jpg"
"6614",9.98692573,5.1236,"60737b97d01c3800e734921d","EC_0096.jpg"
"6615",0.039016986,6.6678,"60737b97d01c3800e734921d","EC_0085.jpg"
"6616",9.98692573,2.5991,"60737b97d01c3800e734921d","EC_0047.jpg"
"6617",0.094488737,2.856,"60737b97d01c3800e734921d","EC_0124.jpeg"
"6618",0.039016986,2.1489,"60737b97d01c3800e734921d","EC_0242.jpg"
"6619",0.039016986,2.8099,"60737b97d01c3800e734921d","EC_0065.jpg"
"6620",0.039016986,1.8366,"60737b97d01c3800e734921d","EC_0187.jpeg"
"6621",0.039016986,2.0969,"60737b97d01c3800e734921d","EC_0247.jpg"
"6622",9.98692573,2.8568,"60737b97d01c3800e734921d","EC_0037.jpg"
"6623",0.039016986,3.0195,"60737b97d01c3800e734921d","EC_0184.jpg"
"6624",9.968434629,2.64,"60737b97d01c3800e734921d","EC_0057.jpeg"
"6625",6.991458012,3.8211,"60737b97d01c3800e734921d","EC_0064.jpg"
"6626",5.95598864,3.6035,"60737b97d01c3800e734921d","EC_0250.jpg"
"6627",6.01146008,3.7575,"60737b97d01c3800e734921d","EC_0118.jpg"
"6628",0.020526506,4.8344,"60737b97d01c3800e734921d","EC_0103.jpg"
"6629",0.002036026,3.5992,"60737b97d01c3800e734921d","EC_0075.jpg"
"6630",9.968434629,2.6257,"60737b97d01c3800e734921d","EC_0168.jpeg"
"6631",9.949944769,2.6139,"60737b97d01c3800e734921d","EC_0093.jpg"
"6632",9.894472708,2.8982,"60737b97d01c3800e734921d","EC_0135.jpg"
"6633",0.020526506,4.9231,"60737b97d01c3800e734921d","EC_0174.jpg"
"6634",6.972968152,3.1634,"60737b97d01c3800e734921d","EC_0142.jpg"
"6635",9.949944769,2.9639,"60737b97d01c3800e734921d","EC_0072.jpg"
"6636",9.949944769,2.6899,"60737b97d01c3800e734921d","EC_0015.jpg"
"6637",6.899006232,4.2654,"60737b97d01c3800e734921d","EC_0194.jpg"
"6638",0,3.4199,"60737b97d01c3800e734921d","EC_0012.jpg"
"6639",0.057507466,3.2324,"60737b97d01c3800e734921d","EC_0089.jpg"
"6640",0.039016986,3.073,"60737b97d01c3800e734921d","EC_0060.jpg"
"6641",9.968434629,3.6111,"60737b97d01c3800e734921d","EC_0227.jpg"
"6642",0.020526506,5.8837,"60737b97d01c3800e734921d","EC_0111.jpg"
"6643",9.949944769,3.7874,"60737b97d01c3800e734921d","EC_0029.jpg"
"6644",0.002036026,3.8483,"60737b97d01c3800e734921d","EC_0196.jpg"
"6645",0.039016986,3.6761,"60737b97d01c3800e734921d","EC_0086.jpg"
"6646",0.039016986,2.1777,"60737b97d01c3800e734921d","EC_0101.jpg"
"6647",0.039016986,1.9619,"60737b97d01c3800e734921d","EC_0136.jpg"
"6648",0.039016986,2.443,"60737b97d01c3800e734921d","EC_0228.jpg"
"6649",9.912963809,4.2106,"60737b97d01c3800e734921d","EC_0245.jpg"
"6650",0.020526506,3.504,"60737b97d01c3800e734921d","EC_0173.jpg"
"6651",0.020526506,1.9186,"60737b97d01c3800e734921d","EC_0113.jpg"
"6652",5.9929696,5.1417,"60737b97d01c3800e734921d","EC_0207.jpg"
"6653",7.934475604,4.5046,"60737b97d01c3800e734921d","EC_0062.jpg"
"6654",3.922029614,3.67,"60737b97d01c3800e734921d","EC_0109.jpg"
"6655",6.991458012,3.5554,"60737b97d01c3800e734921d","EC_0148.jpg"
"6656",6.04844104,4.5508,"60737b97d01c3800e734921d","EC_0007.jpg"
"6657",9.968434629,3.9941,"60737b97d01c3800e734921d","EC_0031.jpg"
"6658",0.075997947,7.2864,"60737b97d01c3800e734921d","EC_0058.jpg"
"6659",0.075997947,2.4643,"60737b97d01c3800e734921d","EC_0016.jpg"
"6660",5.95598864,4.8241,"60737b97d01c3800e734921d","EC_0008.jpg"
"6661",8.969946217,3.3337,"60737b97d01c3800e734921d","EC_0013.jpg"
"6662",0.057507466,3.0365,"60737b97d01c3800e734921d","EC_0133.jpg"
"6663",0.057507466,4.1629,"60737b97d01c3800e734921d","EC_0033.jpeg"
"6664",9.949944769,2.7294,"60737b97d01c3800e734921d","EC_0030.jpg"
"6665",9.949944769,3.1045,"60737b97d01c3800e734921d","EC_0167.jpg"
"6666",0.002036026,3.3803,"60737b97d01c3800e734921d","EC_0055.jpg"
"6667",0.002036026,2.0655,"60737b97d01c3800e734921d","EC_0036.jpeg"
"6668",9.931453669,2.9953,"60737b97d01c3800e734921d","EC_0211.jpg"
"6669",0,3.2222,"60737b97d01c3800e734921d","EC_0009.jpg"
"6670",10,4.801,"60737b97d01c3800e734921d","EC_0018.jpg"
"6671",5.95598864,3.6683,"60737b97d01c3800e734921d","EC_0180.jpg"
"6672",9.931453669,2.3829,"60737b97d01c3800e734921d","EC_0020.jpg"
"6673",9.949944769,3.5287,"60737b97d01c3800e734921d","EC_0239.jpg"
"6674",9.931453669,3.4725,"60737b97d01c3800e734921d","EC_0024.jpg"
"6675",6.899006232,3.111,"60737b97d01c3800e734921d","EC_0158.jpg"
"6676",8.951455116,3.6769,"60737b97d01c3800e734921d","EC_0249.jpg"
"6677",8.951455116,3.0818,"60737b97d01c3800e734921d","EC_0248.jpg"
"6678",0,4.6815,"60737b97d01c3800e734921d","EC_0195.jpg"
"6679",7.989947665,2.6767,"60737b97d01c3800e734921d","EC_0094.jpg"
"6680",9.968434629,3.56,"60737b97d01c3800e734921d","EC_0002.jpg"
"6681",5.012971048,3.1186,"60737b97d01c3800e734921d","EC_0193.png"
"6682",0.020526506,3.4586,"60737b97d01c3800e734921d","EC_0076.jpg"
"6683",0.057507466,3.2234,"60737b97d01c3800e734921d","EC_0162.jpg"
"6684",8.026928625,3.4687,"60737b97d01c3800e734921d","EC_0231.jpg"
"6685",0.020526506,4.2059,"60737b97d01c3800e734921d","EC_0006.jpg"
"6686",0.057507466,3.2962,"60737b97d01c3800e734921d","EC_0129.jpeg"
"6687",7.065421174,3.9615,"60737b97d01c3800e734921d","EC_0169.png"
"6688",0.002036026,2.7079,"60737b97d01c3800e734921d","EC_0003.jpg"
"6689",0.094488737,2.4821,"60737b97d01c3800e734921d","EC_0105.jpg"
"6690",7.065421174,3.2493,"60737b97d01c3800e734921d","EC_0087.jpg"
"6691",6.972968152,4.0824,"60737b97d01c3800e734921d","EC_0224.jpg"
"6692",0.039016986,3.0775,"60737b97d01c3800e734921d","EC_0041.jpg"
"6693",0.075997947,3.0427,"60737b97d01c3800e734921d","EC_0206.png"
"6694",0.075997947,2.2596,"60737b97d01c3800e734921d","EC_0083.jpg"
"6695",9.968434629,3.0524,"60737b97d01c3800e734921d","EC_0205.jpg"
"6696",3.108446004,3.4161,"60737b97d01c3800e734921d","EC_0077.jpg"
"6697",0.075997947,3.2259,"60737b97d01c3800e734921d","EC_0223.jpg"
"6698",9.894472708,3.3925,"60737b97d01c3800e734921d","EC_0163.jpg"
"6699",9.912963809,3.9908,"60737b97d01c3800e734921d","EC_0233.jpg"
"6700",0.002036026,3.7656,"60737b97d01c3800e734921d","EC_0183.jpg"
"6701",6.935987192,4.0764,"60737b97d01c3800e734921d","EC_0066.jpg"
"6702",7.009949113,3.9138,"60737b97d01c3800e734921d","EC_0230.jpg"
"6703",7.046930073,2.8988,"60737b97d01c3800e734921d","EC_0071.jpg"
"6704",0.039016986,2.541,"60737b97d01c3800e734921d","EC_0001.jpg"
"6705",9.949944769,3.2567,"60737b97d01c3800e734921d","EC_0226.jpg"
"6706",0.002036026,2.6347,"60737b97d01c3800e734921d","EC_0100.jpg"
"6707",0.002036026,2.058,"60737b97d01c3800e734921d","EC_0040.jpg"
"6708",0.002036026,1.8219,"60737b97d01c3800e734921d","EC_0054.jpg"
"6709",4.939009127,6.0726,"60737b97d01c3800e734921d","EC_0063.jpg"
"6710",7.879004784,3.7516,"60737b97d01c3800e734921d","EC_0202.jpg"
"6711",0.075997947,3.7535,"60737b97d01c3800e734921d","EC_0069.jpg"
"6712",9.968434629,3.0219,"60737b97d01c3800e734921d","EC_0028.jpg"
"6713",9.931453669,3.9065,"60737b97d01c3800e734921d","EC_0115.jpg"
"6714",7.952966705,3.3397,"60737b97d01c3800e734921d","EC_0246.jpg"
"6715",0,3.4384,"60737b97d01c3800e734921d","EC_0181.jpg"
"6716",10,3.3929,"60737b97d01c3800e734921d","EC_0074.jpg"
"6717",8.988436077,2.9194,"60737b97d01c3800e734921d","EC_0152.jpg"
"6718",10,3.8401,"60737b97d01c3800e734921d","EC_0243.jpg"
"6719",9.949944769,3.143,"60737b97d01c3800e734921d","EC_0141.jpg"
"6720",9.98692573,3.1197,"60737b97d01c3800e734921d","EC_0061.jpg"
"6721",9.997794257,4.7266,"607db957e9d570c7c2657b8d","EC_0063.jpg"
"6722",9.992730035,3.072,"607db957e9d570c7c2657b8d","EC_0098.jpg"
"6723",9.971752591,3.2709,"607db957e9d570c7c2657b8d","EC_0166.jpg"
"6724",5.005570306,3.7135,"607db957e9d570c7c2657b8d","EC_0010.jpg"
"6725",0.970486111,4.5431,"607db957e9d570c7c2657b8d","EC_0134.jpg"
"6726",0.975115882,2.9204,"607db957e9d570c7c2657b8d","EC_0101.jpg"
"6727",6.957646688,3.2548,"607db957e9d570c7c2657b8d","EC_0224.jpg"
"6728",9.982421875,2.9053,"607db957e9d570c7c2657b8d","EC_0156.jpg"
"6729",0.007414712,3.9518,"607db957e9d570c7c2657b8d","EC_0005.jpg"
"6730",7.007234361,3.4052,"607db957e9d570c7c2657b8d","EC_0188.jpg"
"6731",7.986039056,2.7628,"607db957e9d570c7c2657b8d","EC_0197.jpg"
"6732",8.967195299,3.7007,"607db957e9d570c7c2657b8d","EC_0163.jpg"
"6733",2.050021701,4.7875,"607db957e9d570c7c2657b8d","EC_0097.jpg"
"6734",0.030164931,3.907,"607db957e9d570c7c2657b8d","EC_0011.jpg"
"6735",9.910626729,3.4105,"607db957e9d570c7c2657b8d","EC_0221.jpg"
"6736",7.918909709,3.9148,"607db957e9d570c7c2657b8d","EC_0092.jpg"
"6737",5.013708327,7.1289,"607db957e9d570c7c2657b8d","EC_0167.jpg"
"6738",6.009947035,4.7401,"607db957e9d570c7c2657b8d","EC_0239.jpg"
"6739",9.913050334,4.7678,"607db957e9d570c7c2657b8d","EC_0196.jpg"
"6740",9.953233507,3.013,"607db957e9d570c7c2657b8d","EC_0118.jpg"
"6741",0.127929688,5.6105,"607db957e9d570c7c2657b8d","EC_0041.jpg"
"6742",4.963361104,4.0958,"607db957e9d570c7c2657b8d","EC_0027.jpg"
"6743",4.963361104,2.5387,"607db957e9d570c7c2657b8d","EC_0141.jpg"
"6744",0.933268229,3.6043,"607db957e9d570c7c2657b8d","EC_0057.jpeg"
"6745",9.936993917,8.0006,"607db957e9d570c7c2657b8d","EC_0076.jpg"
"6746",8.053059896,3.2129,"607db957e9d570c7c2657b8d","EC_0115.jpg"
"6747",1.957682292,3.9431,"607db957e9d570c7c2657b8d","EC_0158.jpg"
"6748",9.987160577,3.0289,"607db957e9d570c7c2657b8d","EC_0008.jpg"
"6749",6.065863715,3.6063,"607db957e9d570c7c2657b8d","EC_0180.jpg"
"6750",0.079065535,7.5841,"607db957e9d570c7c2657b8d","EC_0056.jpg"
"6751",5.057545132,3.4722,"607db957e9d570c7c2657b8d","EC_0039.jpg"
"6752",8.053964403,3.5983,"607db957e9d570c7c2657b8d","EC_0152.jpg"
"6753",0.009765625,4.985,"607db957e9d570c7c2657b8d","EC_0242.jpg"
"6754",9.938947042,3.2215,"607db957e9d570c7c2657b8d","EC_0073.jpg"
"6755",9.994032118,2.5883,"607db957e9d570c7c2657b8d","EC_0108.jpg"
"6756",1.031467014,7.003,"607db957e9d570c7c2657b8d","EC_0213.jpg"
"6757",4.961046007,2.9641,"607db957e9d570c7c2657b8d","EC_0154.jpg"
"6758",4.961046007,3.5217,"607db957e9d570c7c2657b8d","EC_0037.jpg"
"6759",7.083189223,4.2975,"607db957e9d570c7c2657b8d","EC_0116.jpg"
"6760",0.066912757,4.0006,"607db957e9d570c7c2657b8d","EC_0204.jpg"
"6761",8.016095479,5.3824,"607db957e9d570c7c2657b8d","EC_0241.jpg"
"6762",9.979673598,4.566,"607db957e9d570c7c2657b8d","EC_0205.jpg"
"6763",9.986219618,4.1841,"607db957e9d570c7c2657b8d","EC_0007.jpg"
"6764",6.977575514,6.2606,"607db957e9d570c7c2657b8d","EC_0121.jpg"
"6765",6.960503472,3.6542,"607db957e9d570c7c2657b8d","EC_0240.jpg"
"6766",9.955403646,3.0932,"607db957e9d570c7c2657b8d","EC_0003.jpg"
"6767",9.99439409,2.7139,"607db957e9d570c7c2657b8d","EC_0132.jpg"
"6768",5.959491306,5.3743,"607db957e9d570c7c2657b8d","EC_0060.jpg"
"6769",0.00394249,4.8513,"607db957e9d570c7c2657b8d","EC_0032.jpg"
"6770",8.953342014,5.6302,"607db957e9d570c7c2657b8d","EC_0120.jpg"
"6771",6.952148438,3.1795,"607db957e9d570c7c2657b8d","EC_0237.jpg"
"6772",2.957610236,3.1474,"607db957e9d570c7c2657b8d","EC_0150.jpg"
"6773",2.023871528,66.4634,"607db957e9d570c7c2657b8d","EC_0119.jpg"
"6774",9.980216132,3.1451,"607db957e9d570c7c2657b8d","EC_0058.jpg"
"6775",9.980216132,3.155,"607db957e9d570c7c2657b8d","EC_0131.jpg"
"6776",1.936451382,6.5232,"607db957e9d570c7c2657b8d","EC_0195.jpg"
"6777",7.961227417,3.8626,"607db957e9d570c7c2657b8d","EC_0183.jpg"
"6778",9.991138882,4.651,"607db957e9d570c7c2657b8d","EC_0198.jpg"
"6779",9.939272563,2.5815,"607db957e9d570c7c2657b8d","EC_0054.jpg"
"6780",4.979709201,3.6482,"607db957e9d570c7c2657b8d","EC_0064.jpg"
"6781",9.974645827,3.7389,"607db957e9d570c7c2657b8d","EC_0207.jpg"
"6782",0.004340278,3.3407,"607db957e9d570c7c2657b8d","EC_0034.jpg"
"6783",7.880099826,3.0464,"607db957e9d570c7c2657b8d","EC_0182.jpg"
"6784",9.138888889,4.0247,"607db957e9d570c7c2657b8d","EC_0187.jpeg"
"6785",0.024161021,4.128,"607db957e9d570c7c2657b8d","EC_0230.jpg"
"6786",0.024161021,3.6482,"607db957e9d570c7c2657b8d","EC_0117.jpg"
"6787",9.92516666,3.4418,"607db957e9d570c7c2657b8d","EC_0209.jpg"
"6788",9.946795993,4.1916,"607db957e9d570c7c2657b8d","EC_0083.jpg"
"6789",0.914641486,4.4826,"607db957e9d570c7c2657b8d","EC_0013.jpg"
"6790",3.049804688,3.2476,"607db957e9d570c7c2657b8d","EC_0203.jpg"
"6791",4.918692695,2.5832,"607db957e9d570c7c2657b8d","EC_0153.jpg"
"6792",9.914569431,4.3231,"607db957e9d570c7c2657b8d","EC_0233.jpg"
"6793",9.90375434,2.8812,"607db957e9d570c7c2657b8d","EC_0062.jpg"
"6794",8.07830641,4.515,"607db957e9d570c7c2657b8d","EC_0072.jpg"
"6795",9.944372389,4.934,"607db957e9d570c7c2657b8d","EC_0170.jpg"
"6796",4.997432285,9.9293,"607db957e9d570c7c2657b8d","EC_0148.jpg"
"6797",7.963758681,4.9633,"607db957e9d570c7c2657b8d","EC_0226.jpg"
"6798",4.95862325,2.7373,"607db957e9d570c7c2657b8d","EC_0171.jpg"
"6799",9.898256938,3.1213,"607db957e9d570c7c2657b8d","EC_0055.jpg"
"6800",9.943467882,3.1553,"607db957e9d570c7c2657b8d","EC_0031.jpg"
"6801",6.105939229,3.959,"607db957e9d570c7c2657b8d","EC_0019.jpg"
"6802",0.010959201,4.0589,"607db957e9d570c7c2657b8d","EC_0244.jpg"
"6803",2.89984809,4.5696,"607db957e9d570c7c2657b8d","EC_0084.jpg"
"6804",2.012189229,3.4626,"607db957e9d570c7c2657b8d","EC_0065.jpg"
"6805",0.081850476,5.3346,"607db957e9d570c7c2657b8d","EC_0075.jpg"
"6806",8.915364583,2.9708,"607db957e9d570c7c2657b8d","EC_0040.jpg"
"6807",2.027524736,3.9281,"607db957e9d570c7c2657b8d","EC_0053.jpg"
"6808",9.930809021,4.621,"607db957e9d570c7c2657b8d","EC_0020.jpg"
"6809",4.925745646,3.1562,"607db957e9d570c7c2657b8d","EC_0176.jpg"
"6810",5.066913181,3.9089,"607db957e9d570c7c2657b8d","EC_0093.jpg"
"6811",9.989511278,3.1058,"607db957e9d570c7c2657b8d","EC_0247.jpg"
"6812",1.038628472,4.9912,"607db957e9d570c7c2657b8d","EC_0049.jpg"
"6813",0.010018879,4.2312,"607db957e9d570c7c2657b8d","EC_0103.jpg"
"6814",4.960576375,4.2963,"607db957e9d570c7c2657b8d","EC_0071.jpg"
"6815",8.074001736,3.4798,"607db957e9d570c7c2657b8d","EC_0096.jpg"
"6816",1.915654076,29.026,"607db957e9d570c7c2657b8d","EC_0111.jpg"
"6817",8.979817708,2.9547,"607db957e9d570c7c2657b8d","EC_0236.jpg"
"6818",9.860641479,3.2483,"607db957e9d570c7c2657b8d","EC_0219.jpg"
"6819",2.08922916,7.0472,"607db957e9d570c7c2657b8d","EC_0077.jpg"
"6820",5.025246514,3.9474,"607db957e9d570c7c2657b8d","EC_0044.jpg"
"6821",7.972005208,3.0609,"607db957e9d570c7c2657b8d","EC_0181.jpg"
"6822",5.003834195,3.4544,"607db957e9d570c7c2657b8d","EC_0161.jpg"
"6823",9.956742181,5.8248,"607db957e9d570c7c2657b8d","EC_0002.jpg"
"6824",9.956742181,2.1207,"607db957e9d570c7c2657b8d","EC_0028.jpg"
"6825",6.027705722,4.0973,"607db957e9d570c7c2657b8d","EC_0012.jpg"
"6826",0.967447917,3.6024,"607db957e9d570c7c2657b8d","EC_0138.png"
"6827",7.92126041,3.3654,"607db957e9d570c7c2657b8d","EC_0109.jpg"
"6828",9.800528632,2.9631,"607db957e9d570c7c2657b8d","EC_0246.jpg"
"6829",9.800528632,2.2643,"607db957e9d570c7c2657b8d","EC_0194.jpg"
"6830",4.99486457,6.1074,"607db957e9d570c7c2657b8d","EC_0036.jpeg"
"6831",1.050492181,6.517,"607db957e9d570c7c2657b8d","EC_0249.jpg"
"6832",1.04586241,2.5559,"607db957e9d570c7c2657b8d","EC_0014.jpg"
"6833",9.952944438,3.0625,"607db957e9d570c7c2657b8d","EC_0193.png"
"6834",9.952944438,2.1387,"607db957e9d570c7c2657b8d","EC_0157.jpg"
"6835",9.952944438,2.2306,"607db957e9d570c7c2657b8d","EC_0046.jpg"
"6836",9.041052077,3.4801,"607db957e9d570c7c2657b8d","EC_0210.jpg"
"6837",5.010815091,5.7474,"607db957e9d570c7c2657b8d","EC_0102.jpg"
"6838",0.880099826,3.5956,"607db957e9d570c7c2657b8d","EC_0095.jpg"
"6839",0.880099826,5.9332,"607db957e9d570c7c2657b8d","EC_0129.jpeg"
"6840",7.032805549,4.0369,"607db957e9d570c7c2657b8d","EC_0169.png"
"6841",8.998517354,4.2262,"607db957e9d570c7c2657b8d","EC_0185.jpg"
"6842",9.987486098,2.9299,"607db957e9d570c7c2657b8d","EC_0200.png"
"6843",5.023510403,2.5889,"607db957e9d570c7c2657b8d","EC_0113.jpg"
"6844",9.919090271,3.0926,"607db957e9d570c7c2657b8d","EC_0082.jpg"
"6845",0.101056205,3.3376,"607db957e9d570c7c2657b8d","EC_0038.jpg"
"6846",7.039135403,3.4702,"607db957e9d570c7c2657b8d","EC_0159.jpg"
"6847",7.045898438,24.2833,"607db957e9d570c7c2657b8d","EC_0086.jpg"
"6848",8.919704861,4.1098,"607db957e9d570c7c2657b8d","EC_0174.jpg"
"6849",9.90892707,4.2503,"607db957e9d570c7c2657b8d","EC_0124.jpeg"
"6850",4.998046875,3.406,"607db957e9d570c7c2657b8d","EC_0201.jpg"
"6851",9.934498257,3.0239,"607db957e9d570c7c2657b8d","EC_0149.jpg"
"6852",9.934498257,2.4047,"607db957e9d570c7c2657b8d","EC_0079.jpg"
"6853",4.987992181,3.822,"607db957e9d570c7c2657b8d","EC_0080.jpg"
"6854",8.957790799,3.1385,"607db957e9d570c7c2657b8d","EC_0050.jpg"
"6855",5.002423604,3.1229,"607db957e9d570c7c2657b8d","EC_0139.png"
"6856",0.047200521,5.0346,"607db957e9d570c7c2657b8d","EC_0223.jpg"
"6857",2.029911889,4.1334,"607db957e9d570c7c2657b8d","EC_0009.jpg"
"6858",9.958984375,4.2401,"607db957e9d570c7c2657b8d","EC_0202.jpg"
"6859",0.013057073,4.1335,"607db957e9d570c7c2657b8d","EC_0184.jpg"
"6860",5.06080034,3.6612,"607db957e9d570c7c2657b8d","EC_0234.jpg"
"6861",9.989040799,3.0299,"607db957e9d570c7c2657b8d","EC_0136.jpg"
"6862",9.951678806,2.5161,"607db957e9d570c7c2657b8d","EC_0068.jpg"
"6863",9.951678806,1.9624,"607db957e9d570c7c2657b8d","EC_0104.jpg"
"6864",8.039822049,3.4037,"607db957e9d570c7c2657b8d","EC_0105.jpg"
"6865",6.05096266,4.1596,"607db957e9d570c7c2657b8d","EC_0231.jpg"
"6866",8.945782979,3.1134,"607db957e9d570c7c2657b8d","EC_0006.jpg"
"6867",0.986473083,3.3474,"607db957e9d570c7c2657b8d","EC_0090.jpg"
"6868",9.973018222,4.8068,"607db957e9d570c7c2657b8d","EC_0199.jpg"
"6869",4.981084188,2.8369,"607db957e9d570c7c2657b8d","EC_0047.jpg"
"6870",8.02875434,3.118,"607db957e9d570c7c2657b8d","EC_0250.jpg"
"6871",9.941008674,2.8301,"607db957e9d570c7c2657b8d","EC_0106.jpg"
"6872",9.104673598,3.8301,"607db957e9d570c7c2657b8d","EC_0069.jpg"
"6873",1.949906243,3.3816,"607db957e9d570c7c2657b8d","EC_0243.jpg"
"6874",4.985496521,2.8802,"607db957e9d570c7c2657b8d","EC_0222.jpg"
"6875",7.916883681,2.8706,"607db957e9d570c7c2657b8d","EC_0172.jpg"
"6876",9.03924391,2.7305,"607db957e9d570c7c2657b8d","EC_0238.jpg"
"6877",5.036097209,3.6442,"607db957e9d570c7c2657b8d","EC_0211.jpg"
"6878",9.944263882,2.9129,"607db957e9d570c7c2657b8d","EC_0030.jpg"
"6879",9.944263882,2.3243,"607db957e9d570c7c2657b8d","EC_0029.jpg"
"6880",2.007269965,8.5549,"607db957e9d570c7c2657b8d","EC_0206.png"
"6881",9.890697903,2.9132,"607db957e9d570c7c2657b8d","EC_0140.jpg"
"6882",0.083622826,3.1889,"607db957e9d570c7c2657b8d","EC_0173.jpg"
"6883",1.143446181,4.1413,"607db957e9d570c7c2657b8d","EC_0088.jpg"
"6884",1.147714403,3.2259,"607db957e9d570c7c2657b8d","EC_0089.jpg"
"6885",6.938078986,4.7427,"607db957e9d570c7c2657b8d","EC_0018.jpg"
"6886",4.960611979,2.8468,"607db957e9d570c7c2657b8d","EC_0227.jpg"
"6887",9.965060764,3.5398,"607db957e9d570c7c2657b8d","EC_0151.jpg"
"6888",4.999964396,3.4387,"607db957e9d570c7c2657b8d","EC_0142.jpg"
"6889",9.941189236,3.0467,"607db957e9d570c7c2657b8d","EC_0016.jpg"
"6890",9.941189236,2.2299,"607db957e9d570c7c2657b8d","EC_0147.png"
"6891",9.941189236,2.5798,"607db957e9d570c7c2657b8d","EC_0099.jpg"
"6892",0.045536889,3.1626,"607db957e9d570c7c2657b8d","EC_0066.jpg"
"6893",7.888744778,5.4939,"607db957e9d570c7c2657b8d","EC_0074.jpg"
"6894",9.998372396,10.4543,"607db957e9d570c7c2657b8d","EC_0067.jpg"
"6895",1.042173174,2.9506,"607db957e9d570c7c2657b8d","EC_0042.jpg"
"6896",9.118381076,3.0461,"607db957e9d570c7c2657b8d","EC_0165.jpg"
"6897",9.973235236,3.1895,"607db957e9d570c7c2657b8d","EC_0168.jpeg"
"6898",9.973235236,2.0708,"607db957e9d570c7c2657b8d","EC_0061.jpg"
"6899",6.027886285,3.1893,"607db957e9d570c7c2657b8d","EC_0085.jpg"
"6900",6.027886285,3.1212,"607db957e9d570c7c2657b8d","EC_0248.jpg"
"6901",9.932617188,2.7531,"607db957e9d570c7c2657b8d","EC_0001.jpg"
"6902",9.932617188,1.9199,"607db957e9d570c7c2657b8d","EC_0135.jpg"
"6903",7.014287313,36.6705,"607db957e9d570c7c2657b8d","EC_0128.jpeg"
"6904",7.02094184,2.4481,"607db957e9d570c7c2657b8d","EC_0177.jpg"
"6905",0.170428382,3.8386,"607db957e9d570c7c2657b8d","EC_0235.jpg"
"6906",0.094075521,5.6539,"607db957e9d570c7c2657b8d","EC_0033.jpeg"
"6907",4.989439223,3.2198,"607db957e9d570c7c2657b8d","EC_0094.jpg"
"6908",7.013636271,3.2063,"607db957e9d570c7c2657b8d","EC_0160.jpg"
"6909",9.982204861,3.056,"607db957e9d570c7c2657b8d","EC_0081.jpg"
"6910",9.982204861,1.982,"607db957e9d570c7c2657b8d","EC_0087.jpg"
"6911",9.982204861,2.2037,"607db957e9d570c7c2657b8d","EC_0228.jpg"
"6912",0.071433809,5.606,"607db957e9d570c7c2657b8d","EC_0048.jpg"
"6913",4.971644084,3.5909,"607db957e9d570c7c2657b8d","EC_0059.jpg"
"6914",4.971644084,2.9597,"607db957e9d570c7c2657b8d","EC_0024.jpg"
"6915",4.971644084,2.888,"607db957e9d570c7c2657b8d","EC_0232.jpg"
"6916",8.018337674,3.3621,"607db957e9d570c7c2657b8d","EC_0229.jpg"
"6917",8.016167535,2.8078,"607db957e9d570c7c2657b8d","EC_0245.jpg"
"6918",9.956344604,4.5757,"607db957e9d570c7c2657b8d","EC_0123.jpeg"
"6919",9.956344604,1.9928,"607db957e9d570c7c2657b8d","EC_0133.jpg"
"6920",6.959925334,3.4587,"607db957e9d570c7c2657b8d","EC_0214.jpg"
"6921",8.904586792,3.2307,"607db957e9d570c7c2657b8d","EC_0015.jpg"
"6922",8.010778639,3.3965,"607db957e9d570c7c2657b8d","EC_0070.jpg"
"6923",9.028862847,2.9056,"607db957e9d570c7c2657b8d","EC_0022.jpg"
"6924",9.028862847,2.2308,"607db957e9d570c7c2657b8d","EC_0164.jpg"
"6925",4.989005195,3.2634,"607db957e9d570c7c2657b8d","EC_0100.jpg"
"6926",4.99406857,2.2372,"607db957e9d570c7c2657b8d","EC_0137.jpg"
"6927",2.030707465,5.7018,"607db957e9d570c7c2657b8d","EC_0125.jpeg"
"6928",4.992404514,3.4384,"607db957e9d570c7c2657b8d","EC_0017.jpg"
"6929",4.975658841,5.2462,"607db957e9d570c7c2657b8d","EC_0051.jpg"
"6930",4.975658841,2.1631,"607db957e9d570c7c2657b8d","EC_0162.jpg"
"6931",5.009259259,3.0053,"608f39d2c76e436967135846","EC_0136.jpg"
"6932",9.953703704,3.2051,"608f39d2c76e436967135846","EC_0010.jpg"
"6933",7.990740741,2.5132,"608f39d2c76e436967135846","EC_0017.jpg"
"6934",6.009259259,4.0065,"608f39d2c76e436967135846","EC_0231.jpg"
"6935",5.037037037,2.759,"608f39d2c76e436967135846","EC_0224.jpg"
"6936",7.962962963,3.4884,"608f39d2c76e436967135846","EC_0012.jpg"
"6937",9.018518519,3.9571,"608f39d2c76e436967135846","EC_0209.jpg"
"6938",1.990740741,3.6391,"608f39d2c76e436967135846","EC_0115.jpg"
"6939",1.111111111,4.9838,"608f39d2c76e436967135846","EC_0183.jpg"
"6940",9.018518519,5.4049,"608f39d2c76e436967135846","EC_0166.jpg"
"6941",5.972222222,2.9915,"608f39d2c76e436967135846","EC_0182.jpg"
"6942",1.166666667,4.2497,"608f39d2c76e436967135846","EC_0018.jpg"
"6943",9.972222222,3.2051,"608f39d2c76e436967135846","EC_0059.jpg"
"6944",8.944444444,3.5262,"608f39d2c76e436967135846","EC_0092.jpg"
"6945",0.027777778,2.6221,"608f39d2c76e436967135846","EC_0213.jpg"
"6946",2.027777778,2.6491,"608f39d2c76e436967135846","EC_0236.jpg"
"6947",4.972222222,3.1439,"608f39d2c76e436967135846","EC_0015.jpg"
"6948",5.962962963,2.5752,"608f39d2c76e436967135846","EC_0250.jpg"
"6949",9.962962963,5.705,"608f39d2c76e436967135846","EC_0172.jpg"
"6950",0.046296296,2.939,"608f39d2c76e436967135846","EC_0159.jpg"
"6951",5.009259259,2.4952,"608f39d2c76e436967135846","EC_0223.jpg"
"6952",5.907407407,2.7318,"608f39d2c76e436967135846","EC_0177.jpg"
"6953",7.046296296,3.2129,"608f39d2c76e436967135846","EC_0160.jpg"
"6954",4.907407407,2.7384,"608f39d2c76e436967135846","EC_0187.jpeg"
"6955",0,2.9086,"608f39d2c76e436967135846","EC_0067.jpg"
"6956",0.018518519,2.4384,"608f39d2c76e436967135846","EC_0105.jpg"
"6957",0.018518519,2.1577,"608f39d2c76e436967135846","EC_0214.jpg"
"6958",0.018518519,2.8101,"608f39d2c76e436967135846","EC_0103.jpg"
"6959",0.018518519,1.8897,"608f39d2c76e436967135846","EC_0161.jpg"
"6960",4.87962963,2.7405,"608f39d2c76e436967135846","EC_0054.jpg"
"6961",0.027777778,3.6112,"608f39d2c76e436967135846","EC_0234.jpg"
"6962",9.990740741,3.9245,"608f39d2c76e436967135846","EC_0246.jpg"
"6963",5.037037037,5.0304,"608f39d2c76e436967135846","EC_0008.jpg"
"6964",0.027777778,3.5385,"608f39d2c76e436967135846","EC_0204.jpg"
"6965",8.009259259,3.998,"608f39d2c76e436967135846","EC_0163.jpg"
"6966",5.092592593,4.7726,"608f39d2c76e436967135846","EC_0171.jpg"
"6967",9.953703704,3.4553,"608f39d2c76e436967135846","EC_0149.jpg"
"6968",9.953703704,2.722,"608f39d2c76e436967135846","EC_0132.jpg"
"6969",4.990740741,3.496,"608f39d2c76e436967135846","EC_0141.jpg"
"6970",9.972222222,2.5606,"608f39d2c76e436967135846","EC_0153.jpg"
"6971",9.907407407,4.9436,"608f39d2c76e436967135846","EC_0104.jpg"
"6972",9.925925926,2.1481,"608f39d2c76e436967135846","EC_0088.jpg"
"6973",9.925925926,2.0825,"608f39d2c76e436967135846","EC_0051.jpg"
"6974",6.101851852,3.1717,"608f39d2c76e436967135846","EC_0147.png"
"6975",7.138888889,2.7226,"608f39d2c76e436967135846","EC_0102.jpg"
"6976",5.138888889,3.055,"608f39d2c76e436967135846","EC_0229.jpg"
"6977",5.009259259,7.3725,"608f39d2c76e436967135846","EC_0129.jpeg"
"6978",9.981481481,2.7125,"608f39d2c76e436967135846","EC_0003.jpg"
"6979",4.861111111,4.0266,"608f39d2c76e436967135846","EC_0176.jpg"
"6980",8.009259259,3.6322,"608f39d2c76e436967135846","EC_0031.jpg"
"6981",7.935185185,3.0216,"608f39d2c76e436967135846","EC_0079.jpg"
"6982",0.009259259,3.3337,"608f39d2c76e436967135846","EC_0047.jpg"
"6983",9.898148148,3.3154,"608f39d2c76e436967135846","EC_0101.jpg"
"6984",0,3.8977,"608f39d2c76e436967135846","EC_0124.jpeg"
"6985",4.925925926,2.8667,"608f39d2c76e436967135846","EC_0087.jpg"
"6986",2.064814815,2.8833,"608f39d2c76e436967135846","EC_0113.jpg"
"6987",9.990740741,2.6025,"608f39d2c76e436967135846","EC_0135.jpg"
"6988",0.111111111,3.2885,"608f39d2c76e436967135846","EC_0100.jpg"
"6989",0.111111111,2.5334,"608f39d2c76e436967135846","EC_0039.jpg"
"6990",0.018518519,4.8834,"608f39d2c76e436967135846","EC_0169.png"
"6991",0.101851852,2.5502,"608f39d2c76e436967135846","EC_0195.jpg"
"6992",9.925925926,3.1668,"608f39d2c76e436967135846","EC_0098.jpg"
"6993",7.981481481,4.0738,"608f39d2c76e436967135846","EC_0086.jpg"
"6994",5.018518519,3.0351,"608f39d2c76e436967135846","EC_0068.jpg"
"6995",0.083333333,3.4768,"608f39d2c76e436967135846","EC_0030.jpg"
"6996",9.972222222,4.1225,"608f39d2c76e436967135846","EC_0119.jpg"
"6997",9.972222222,2.1503,"608f39d2c76e436967135846","EC_0006.jpg"
"6998",4.981481481,2.8334,"608f39d2c76e436967135846","EC_0038.jpg"
"6999",9.944444444,3.1688,"608f39d2c76e436967135846","EC_0085.jpg"
"7000",0.092592593,4.4555,"608f39d2c76e436967135846","EC_0243.jpg"
"7001",7.953703704,2.8004,"608f39d2c76e436967135846","EC_0137.jpg"
"7002",8.083333333,2.5671,"608f39d2c76e436967135846","EC_0211.jpg"
"7003",0,3.6837,"608f39d2c76e436967135846","EC_0044.jpg"
"7004",0,1.8668,"608f39d2c76e436967135846","EC_0244.jpg"
"7005",9.027777778,3.8563,"608f39d2c76e436967135846","EC_0210.jpg"
"7006",0,3.4295,"608f39d2c76e436967135846","EC_0001.jpg"
"7007",4.990740741,2.6166,"608f39d2c76e436967135846","EC_0073.jpg"
"7008",4.990740741,2.5995,"608f39d2c76e436967135846","EC_0185.jpg"
"7009",0.074074074,3.5333,"608f39d2c76e436967135846","EC_0131.jpg"
"7010",0.12962963,1.9232,"608f39d2c76e436967135846","EC_0058.jpg"
"7011",9.972222222,3.785,"608f39d2c76e436967135846","EC_0082.jpg"
"7012",0,3.117,"608f39d2c76e436967135846","EC_0049.jpg"
"7013",5.055555556,2.8885,"608f39d2c76e436967135846","EC_0235.jpg"
"7014",0.037037037,3.9758,"608f39d2c76e436967135846","EC_0241.jpg"
"7015",5.027777778,3.4501,"608f39d2c76e436967135846","EC_0093.jpg"
"7016",5.027777778,1.939,"608f39d2c76e436967135846","EC_0057.jpeg"
"7017",9.944444444,6.2443,"608f39d2c76e436967135846","EC_0170.jpg"
"7018",0,3.1859,"608f39d2c76e436967135846","EC_0140.jpg"
"7019",9.972222222,3.6886,"608f39d2c76e436967135846","EC_0232.jpg"
"7020",9.972222222,2.0228,"608f39d2c76e436967135846","EC_0188.jpg"
"7021",0.009259259,2.7001,"608f39d2c76e436967135846","EC_0019.jpg"
"7022",5,2.9571,"608f39d2c76e436967135846","EC_0056.jpg"
"7023",0,2.9909,"608f39d2c76e436967135846","EC_0029.jpg"
"7024",5.046296296,3.0332,"608f39d2c76e436967135846","EC_0063.jpg"
"7025",0.009259259,3.0505,"608f39d2c76e436967135846","EC_0125.jpeg"
"7026",0.027777778,2.5665,"608f39d2c76e436967135846","EC_0240.jpg"
"7027",0.027777778,3.35,"608f39d2c76e436967135846","EC_0011.jpg"
"7028",0.027777778,1.9167,"608f39d2c76e436967135846","EC_0005.jpg"
"7029",4.953703704,3.237,"608f39d2c76e436967135846","EC_0118.jpg"
"7030",4.953703704,2.0177,"608f39d2c76e436967135846","EC_0154.jpg"
"7031",0.046296296,4.536,"608f39d2c76e436967135846","EC_0173.jpg"
"7032",0.046296296,2.2502,"608f39d2c76e436967135846","EC_0066.jpg"
"7033",0.046296296,5.2619,"608f39d2c76e436967135846","EC_0077.jpg"
"7034",0.027777778,2.687,"608f39d2c76e436967135846","EC_0032.jpg"
"7035",0.027777778,2.0667,"608f39d2c76e436967135846","EC_0094.jpg"
"7036",4.944444444,2.7167,"608f39d2c76e436967135846","EC_0060.jpg"
"7037",9.981481481,4.3053,"608f39d2c76e436967135846","EC_0040.jpg"
"7038",5.037037037,3.0679,"608f39d2c76e436967135846","EC_0207.jpg"
"7039",0.046296296,3.3041,"608f39d2c76e436967135846","EC_0046.jpg"
"7040",0.046296296,2.2362,"608f39d2c76e436967135846","EC_0064.jpg"
"7041",4.990740741,3.5496,"608f39d2c76e436967135846","EC_0134.jpg"
"7042",0.046296296,3.102,"608f39d2c76e436967135846","EC_0081.jpg"
"7043",5.888888889,3.6496,"608f39d2c76e436967135846","EC_0099.jpg"
"7044",0.027777778,3.3409,"608f39d2c76e436967135846","EC_0111.jpg"
"7045",6.092592593,3.2693,"608f39d2c76e436967135846","EC_0074.jpg"
"7046",0.027777778,4.3666,"608f39d2c76e436967135846","EC_0194.jpg"
"7047",0.027777778,1.9669,"608f39d2c76e436967135846","EC_0200.png"
"7048",9.953703704,3.484,"608f39d2c76e436967135846","EC_0070.jpg"
"7049",0.055555556,2.4503,"608f39d2c76e436967135846","EC_0226.jpg"
"7050",5.009259259,2.6669,"608f39d2c76e436967135846","EC_0237.jpg"
"7051",3.990740741,2.9006,"608f39d2c76e436967135846","EC_0164.jpg"
"7052",5.018518519,2.6908,"608f39d2c76e436967135846","EC_0227.jpg"
"7053",5.018518519,2.0222,"608f39d2c76e436967135846","EC_0180.jpg"
"7054",9.916666667,3.5333,"608f39d2c76e436967135846","EC_0009.jpg"
"7055",0.009259259,2.6837,"608f39d2c76e436967135846","EC_0221.jpg"
"7056",10,3.4331,"608f39d2c76e436967135846","EC_0184.jpg"
"7057",5.981481481,4.145,"608f39d2c76e436967135846","EC_0014.jpg"
"7058",6.092592593,3.0517,"608f39d2c76e436967135846","EC_0181.jpg"
"7059",6.972222222,3.6499,"608f39d2c76e436967135846","EC_0248.jpg"
"7060",0,4.2544,"608f39d2c76e436967135846","EC_0109.jpg"
"7061",0,3.7493,"608f39d2c76e436967135846","EC_0024.jpg"
"7062",0.046296296,3.2336,"608f39d2c76e436967135846","EC_0042.jpg"
"7063",5.962962963,4.2228,"608f39d2c76e436967135846","EC_0167.jpg"
"7064",5.824074074,3.877,"608f39d2c76e436967135846","EC_0249.jpg"
"7065",0.018518519,2.6212,"608f39d2c76e436967135846","EC_0205.jpg"
"7066",9.925925926,3.7171,"608f39d2c76e436967135846","EC_0116.jpg"
"7067",4.990740741,3.0004,"608f39d2c76e436967135846","EC_0230.jpg"
"7068",0.055555556,2.717,"608f39d2c76e436967135846","EC_0247.jpg"
"7069",0.027777778,3.4676,"608f39d2c76e436967135846","EC_0165.jpg"
"7070",6.12037037,3.8332,"608f39d2c76e436967135846","EC_0117.jpg"
"7071",0,4.9386,"608f39d2c76e436967135846","EC_0097.jpg"
"7072",0,1.8212,"608f39d2c76e436967135846","EC_0162.jpg"
"7073",9.981481481,2.8501,"608f39d2c76e436967135846","EC_0156.jpg"
"7074",0.009259259,2.87,"608f39d2c76e436967135846","EC_0201.jpg"
"7075",9.990740741,2.5396,"608f39d2c76e436967135846","EC_0061.jpg"
"7076",0.018518519,4.5327,"608f39d2c76e436967135846","EC_0033.jpeg"
"7077",5.027777778,5.6953,"608f39d2c76e436967135846","EC_0080.jpg"
"7078",5.027777778,2.0217,"608f39d2c76e436967135846","EC_0222.jpg"
"7079",0,3.4756,"608f39d2c76e436967135846","EC_0199.jpg"
"7080",0,4.6424,"608f39d2c76e436967135846","EC_0022.jpg"
"7081",0,6.0047,"608f39d2c76e436967135846","EC_0075.jpg"
"7082",4.953703704,3.0589,"608f39d2c76e436967135846","EC_0020.jpg"
"7083",4.981481481,2.7099,"608f39d2c76e436967135846","EC_0072.jpg"
"7084",0.018518519,7.5607,"608f39d2c76e436967135846","EC_0108.jpg"
"7085",0.018518519,2.3261,"608f39d2c76e436967135846","EC_0121.jpg"
"7086",6.981481481,3.2456,"608f39d2c76e436967135846","EC_0151.jpg"
"7087",9.944444444,3.0157,"608f39d2c76e436967135846","EC_0219.jpg"
"7088",0,4.9716,"608f39d2c76e436967135846","EC_0041.jpg"
"7089",5.898148148,3.9728,"608f39d2c76e436967135846","EC_0202.jpg"
"7090",0.009259259,3.0619,"608f39d2c76e436967135846","EC_0016.jpg"
"7091",9.981481481,2.8086,"608f39d2c76e436967135846","EC_0050.jpg"
"7092",0.009259259,2.6454,"608f39d2c76e436967135846","EC_0128.jpeg"
"7093",0.009259259,4.7881,"608f39d2c76e436967135846","EC_0203.jpg"
"7094",0.009259259,2.7312,"608f39d2c76e436967135846","EC_0065.jpg"
"7095",5.009259259,3.372,"608f39d2c76e436967135846","EC_0133.jpg"
"7096",0,4.3882,"608f39d2c76e436967135846","EC_0062.jpg"
"7097",0,3.4425,"608f39d2c76e436967135846","EC_0036.jpeg"
"7098",0,3.1168,"608f39d2c76e436967135846","EC_0242.jpg"
"7099",5.990740741,2.55,"608f39d2c76e436967135846","EC_0238.jpg"
"7100",0,6.0497,"608f39d2c76e436967135846","EC_0239.jpg"
"7101",0,3.7167,"608f39d2c76e436967135846","EC_0123.jpeg"
"7102",5.962962963,3.4836,"608f39d2c76e436967135846","EC_0084.jpg"
"7103",0.018518519,2.8001,"608f39d2c76e436967135846","EC_0007.jpg"
"7104",7.046296296,2.9836,"608f39d2c76e436967135846","EC_0037.jpg"
"7105",0,3.219,"608f39d2c76e436967135846","EC_0196.jpg"
"7106",0.018518519,5.3386,"608f39d2c76e436967135846","EC_0152.jpg"
"7107",5.111111111,2.7999,"608f39d2c76e436967135846","EC_0069.jpg"
"7108",6.925925926,3.017,"608f39d2c76e436967135846","EC_0053.jpg"
"7109",10,3.0333,"608f39d2c76e436967135846","EC_0198.jpg"
"7110",0,2.9999,"608f39d2c76e436967135846","EC_0120.jpg"
"7111",0,3.0003,"608f39d2c76e436967135846","EC_0013.jpg"
"7112",10,3.3333,"608f39d2c76e436967135846","EC_0157.jpg"
"7113",9.981481481,2.85,"608f39d2c76e436967135846","EC_0245.jpg"
"7114",0,3.5857,"608f39d2c76e436967135846","EC_0048.jpg"
"7115",5.962962963,3.2481,"608f39d2c76e436967135846","EC_0142.jpg"
"7116",0,3.5581,"608f39d2c76e436967135846","EC_0095.jpg"
"7117",4.990740741,2.6499,"608f39d2c76e436967135846","EC_0139.png"
"7118",9,3.1685,"608f39d2c76e436967135846","EC_0193.png"
"7119",9.027777778,3.0835,"608f39d2c76e436967135846","EC_0034.jpg"
"7120",0,5.1333,"608f39d2c76e436967135846","EC_0090.jpg"
"7121",6.972222222,3.5434,"608f39d2c76e436967135846","EC_0206.png"
"7122",8.287037037,2.1503,"608f39d2c76e436967135846","EC_0168.jpeg"
"7123",0.027777778,2.4702,"608f39d2c76e436967135846","EC_0150.jpg"
"7124",0,3.3834,"608f39d2c76e436967135846","EC_0002.jpg"
"7125",5.972222222,2.969,"608f39d2c76e436967135846","EC_0174.jpg"
"7126",0.009259259,2.9355,"608f39d2c76e436967135846","EC_0148.jpg"
"7127",9.990740741,2.9835,"608f39d2c76e436967135846","EC_0197.jpg"
"7128",0.064814815,2.7669,"608f39d2c76e436967135846","EC_0106.jpg"
"7129",0,3.4834,"608f39d2c76e436967135846","EC_0027.jpg"
"7130",0,2.8166,"608f39d2c76e436967135846","EC_0028.jpg"
"7131",6.027777778,3.1028,"608f39d2c76e436967135846","EC_0096.jpg"
"7132",7.157407407,3.0729,"608f39d2c76e436967135846","EC_0083.jpg"
"7133",6.953703704,2.4336,"608f39d2c76e436967135846","EC_0071.jpg"
"7134",0.009259259,3.5041,"608f39d2c76e436967135846","EC_0228.jpg"
"7135",4.972222222,2.8496,"608f39d2c76e436967135846","EC_0158.jpg"
"7136",4.972222222,2.038,"608f39d2c76e436967135846","EC_0055.jpg"
"7137",6.166666667,2.867,"608f39d2c76e436967135846","EC_0138.png"
"7138",2,4.3868,"608f39d2c76e436967135846","EC_0089.jpg"
"7139",5,2.9502,"608f39d2c76e436967135846","EC_0233.jpg"
"7140",7.953703704,3.4334,"608f39d2c76e436967135846","EC_0076.jpg"
"7141",4.010172144,3.6545,"60d79091b5af3686cb75f026","EC_0067.jpg"
"7142",3.994522692,4.4702,"60d79091b5af3686cb75f026","EC_0044.jpg"
"7143",3.110328638,3.2367,"60d79091b5af3686cb75f026","EC_0128.jpeg"
"7144",0.888106416,3.4306,"60d79091b5af3686cb75f026","EC_0166.jpg"
"7145",4.002347418,3.5584,"60d79091b5af3686cb75f026","EC_0201.jpg"
"7146",0.058685446,6.869,"60d79091b5af3686cb75f026","EC_0232.jpg"
"7147",5.121283255,3.8186,"60d79091b5af3686cb75f026","EC_0014.jpg"
"7148",3.91627543,11.1852,"60d79091b5af3686cb75f026","EC_0087.jpg"
"7149",2.116588419,3.1467,"60d79091b5af3686cb75f026","EC_0115.jpg"
"7150",1.983568075,5.3772,"60d79091b5af3686cb75f026","EC_0153.jpg"
"7151",1.091549296,3.6493,"60d79091b5af3686cb75f026","EC_0105.jpg"
"7152",0.066510172,2.3096,"60d79091b5af3686cb75f026","EC_0213.jpg"
"7153",4.002347418,2.3654,"60d79091b5af3686cb75f026","EC_0227.jpg"
"7154",3.791079812,2.8283,"60d79091b5af3686cb75f026","EC_0003.jpg"
"7155",7.01486698,4.3647,"60d79091b5af3686cb75f026","EC_0037.jpg"
"7156",2.022691706,13.4811,"60d79091b5af3686cb75f026","EC_0002.jpg"
"7157",4.111893584,4.4553,"60d79091b5af3686cb75f026","EC_0233.jpg"
"7158",1.185446009,4.1066,"60d79091b5af3686cb75f026","EC_0198.jpg"
"7159",7.061815336,3.208,"60d79091b5af3686cb75f026","EC_0034.jpg"
"7160",0.058685446,2.9127,"60d79091b5af3686cb75f026","EC_0098.jpg"
"7161",4.956964006,7.5324,"60d79091b5af3686cb75f026","EC_0038.jpg"
"7162",2.953834116,2.4587,"60d79091b5af3686cb75f026","EC_0245.jpg"
"7163",4.072769953,3.2676,"60d79091b5af3686cb75f026","EC_0173.jpg"
"7164",1.91314554,2.9531,"60d79091b5af3686cb75f026","EC_0195.jpg"
"7165",1.075899844,18.7741,"60d79091b5af3686cb75f026","EC_0015.jpg"
"7166",6.881846635,3.5581,"60d79091b5af3686cb75f026","EC_0123.jpeg"
"7167",2.100938967,4.2216,"60d79091b5af3686cb75f026","EC_0231.jpg"
"7168",8.133802817,6.2236,"60d79091b5af3686cb75f026","EC_0211.jpg"
"7169",0.097809077,2.635,"60d79091b5af3686cb75f026","EC_0099.jpg"
"7170",0.011737089,6.6767,"60d79091b5af3686cb75f026","EC_0194.jpg"
"7171",2.085289515,4.7338,"60d79091b5af3686cb75f026","EC_0117.jpg"
"7172",0.136932707,2.3707,"60d79091b5af3686cb75f026","EC_0047.jpg"
"7173",3.838028169,14.712,"60d79091b5af3686cb75f026","EC_0040.jpg"
"7174",5.856807512,5.1607,"60d79091b5af3686cb75f026","EC_0229.jpg"
"7175",3.861502347,15.3474,"60d79091b5af3686cb75f026","EC_0093.jpg"
"7176",3.118153365,5.3872,"60d79091b5af3686cb75f026","EC_0113.jpg"
"7177",2.077464789,3.4949,"60d79091b5af3686cb75f026","EC_0204.jpg"
"7178",6.388888889,3.2953,"60d79091b5af3686cb75f026","EC_0096.jpg"
"7179",6.08372457,1.947,"60d79091b5af3686cb75f026","EC_0106.jpg"
"7180",3.172926448,2.9418,"60d79091b5af3686cb75f026","EC_0121.jpg"
"7181",4.041471049,2.9277,"60d79091b5af3686cb75f026","EC_0012.jpg"
"7182",4.111893584,2.0992,"60d79091b5af3686cb75f026","EC_0223.jpg"
"7183",3.282472613,6.861,"60d79091b5af3686cb75f026","EC_0181.jpg"
"7184",4.886541471,5.8966,"60d79091b5af3686cb75f026","EC_0151.jpg"
"7185",5.661189358,6.4699,"60d79091b5af3686cb75f026","EC_0210.jpg"
"7186",5.911580595,4.0911,"60d79091b5af3686cb75f026","EC_0235.jpg"
"7187",3.032081377,2.5302,"60d79091b5af3686cb75f026","EC_0006.jpg"
"7188",3.008607199,2.1715,"60d79091b5af3686cb75f026","EC_0236.jpg"
"7189",1.975743349,2.6105,"60d79091b5af3686cb75f026","EC_0163.jpg"
"7190",3.493740219,3.6303,"60d79091b5af3686cb75f026","EC_0009.jpg"
"7191",2.140062598,5.9685,"60d79091b5af3686cb75f026","EC_0230.jpg"
"7192",3.133802817,15.7453,"60d79091b5af3686cb75f026","EC_0039.jpg"
"7193",4.182316119,6.6722,"60d79091b5af3686cb75f026","EC_0188.jpg"
"7194",2.249608764,2.9669,"60d79091b5af3686cb75f026","EC_0246.jpg"
"7195",5.19170579,2.2927,"60d79091b5af3686cb75f026","EC_0103.jpg"
"7196",4.424882629,6.258,"60d79091b5af3686cb75f026","EC_0084.jpg"
"7197",5.011737089,7.5623,"60d79091b5af3686cb75f026","EC_0007.jpg"
"7198",3.830203443,8.3254,"60d79091b5af3686cb75f026","EC_0187.jpeg"
"7199",3.305946792,2.5543,"60d79091b5af3686cb75f026","EC_0116.jpg"
"7200",3.008607199,5.8586,"60d79091b5af3686cb75f026","EC_0016.jpg"
"7201",2.883411581,3.0564,"60d79091b5af3686cb75f026","EC_0029.jpg"
"7202",9.370109546,2.953,"60d79091b5af3686cb75f026","EC_0185.jpg"
"7203",3.047730829,2.8869,"60d79091b5af3686cb75f026","EC_0097.jpg"
"7204",1.991392801,5.7081,"60d79091b5af3686cb75f026","EC_0013.jpg"
"7205",3.884976526,8.5616,"60d79091b5af3686cb75f026","EC_0066.jpg"
"7206",2.163536776,4.5977,"60d79091b5af3686cb75f026","EC_0226.jpg"
"7207",3.525039124,2.6736,"60d79091b5af3686cb75f026","EC_0051.jpg"
"7208",9.84741784,4.1537,"60d79091b5af3686cb75f026","EC_0033.jpeg"
"7209",0.019561815,3.4866,"60d79091b5af3686cb75f026","EC_0019.jpg"
"7210",3.963223787,3.5843,"60d79091b5af3686cb75f026","EC_0071.jpg"
"7211",2.030516432,6.2545,"60d79091b5af3686cb75f026","EC_0024.jpg"
"7212",2.656494523,2.0398,"60d79091b5af3686cb75f026","EC_0207.jpg"
"7213",3.180751174,5.1943,"60d79091b5af3686cb75f026","EC_0169.png"
"7214",3.798904538,3.5404,"60d79091b5af3686cb75f026","EC_0131.jpg"
"7215",3.165101721,2.4447,"60d79091b5af3686cb75f026","EC_0156.jpg"
"7216",4.080594679,8.1246,"60d79091b5af3686cb75f026","EC_0129.jpeg"
"7217",4.049295775,4.3001,"60d79091b5af3686cb75f026","EC_0224.jpg"
"7218",2.961658842,6.4446,"60d79091b5af3686cb75f026","EC_0183.jpg"
"7219",5.63771518,6.0048,"60d79091b5af3686cb75f026","EC_0209.jpg"
"7220",3.204225352,2.2496,"60d79091b5af3686cb75f026","EC_0238.jpg"
"7221",5.105633803,20.9432,"60d79091b5af3686cb75f026","EC_0073.jpg"
"7222",4.174491393,3.1194,"60d79091b5af3686cb75f026","EC_0082.jpg"
"7223",5.160406886,2.1658,"60d79091b5af3686cb75f026","EC_0249.jpg"
"7224",9.072769953,2.438,"60d79091b5af3686cb75f026","EC_0104.jpg"
"7225",2.891236307,2.0456,"60d79091b5af3686cb75f026","EC_0138.png"
"7226",3.149452269,2.8375,"60d79091b5af3686cb75f026","EC_0234.jpg"
"7227",4.143192488,5.3316,"60d79091b5af3686cb75f026","EC_0031.jpg"
"7228",4.010172144,2.0749,"60d79091b5af3686cb75f026","EC_0049.jpg"
"7229",1.842723005,2.5969,"60d79091b5af3686cb75f026","EC_0079.jpg"
"7230",0.269953052,3.1789,"60d79091b5af3686cb75f026","EC_0196.jpg"
"7231",5.402973396,4.2968,"60d79091b5af3686cb75f026","EC_0172.jpg"
"7232",4.010172144,23.1918,"60d79091b5af3686cb75f026","EC_0250.jpg"
"7233",1.639280125,3.2299,"60d79091b5af3686cb75f026","EC_0140.jpg"
"7234",2.938184664,11.4,"60d79091b5af3686cb75f026","EC_0027.jpg"
"7235",0.168231612,2.7039,"60d79091b5af3686cb75f026","EC_0214.jpg"
"7236",2.030516432,2.7198,"60d79091b5af3686cb75f026","EC_0100.jpg"
"7237",1.068075117,2.7194,"60d79091b5af3686cb75f026","EC_0141.jpg"
"7238",0.19170579,5.1451,"60d79091b5af3686cb75f026","EC_0161.jpg"
"7239",3.165101721,3.1031,"60d79091b5af3686cb75f026","EC_0074.jpg"
"7240",4.432707355,2.7918,"60d79091b5af3686cb75f026","EC_0077.jpg"
"7241",4.550078247,2.2326,"60d79091b5af3686cb75f026","EC_0062.jpg"
"7242",7.578247261,1.9474,"60d79091b5af3686cb75f026","EC_0017.jpg"
"7243",3.556338028,2.0469,"60d79091b5af3686cb75f026","EC_0176.jpg"
"7244",4.683098592,2.3783,"60d79091b5af3686cb75f026","EC_0133.jpg"
"7245",0.15258216,4.4295,"60d79091b5af3686cb75f026","EC_0054.jpg"
"7246",7.633020344,4.0326,"60d79091b5af3686cb75f026","EC_0174.jpg"
"7247",2.852112676,3.2679,"60d79091b5af3686cb75f026","EC_0053.jpg"
"7248",3.712832551,4.7278,"60d79091b5af3686cb75f026","EC_0118.jpg"
"7249",5.136932707,3.1899,"60d79091b5af3686cb75f026","EC_0058.jpg"
"7250",4.127543036,4.8543,"60d79091b5af3686cb75f026","EC_0095.jpg"
"7251",6.451486698,2.8029,"60d79091b5af3686cb75f026","EC_0036.jpeg"
"7252",2.406103286,3.068,"60d79091b5af3686cb75f026","EC_0111.jpg"
"7253",5.449921753,1.8575,"60d79091b5af3686cb75f026","EC_0203.jpg"
"7254",6.834898279,1.944,"60d79091b5af3686cb75f026","EC_0142.jpg"
"7255",4.80829421,1.9836,"60d79091b5af3686cb75f026","EC_0182.jpg"
"7256",2.961658842,1.8443,"60d79091b5af3686cb75f026","EC_0001.jpg"
"7257",6.780125196,2.0745,"60d79091b5af3686cb75f026","EC_0108.jpg"
"7258",7.241784038,1.9333,"60d79091b5af3686cb75f026","EC_0243.jpg"
"7259",6.592331768,2.1587,"60d79091b5af3686cb75f026","EC_0032.jpg"
"7260",7.773865415,2.7246,"60d79091b5af3686cb75f026","EC_0157.jpg"
"7261",7.038341158,2.2876,"60d79091b5af3686cb75f026","EC_0193.png"
"7262",5.731611894,2.2021,"60d79091b5af3686cb75f026","EC_0046.jpg"
"7263",4.886541471,4.6369,"60d79091b5af3686cb75f026","EC_0248.jpg"
"7264",7.366979656,3.8676,"60d79091b5af3686cb75f026","EC_0041.jpg"
"7265",5.700312989,2.7073,"60d79091b5af3686cb75f026","EC_0219.jpg"
"7266",3.924100156,4.9195,"60d79091b5af3686cb75f026","EC_0160.jpg"
"7267",2.781690141,21.9085,"60d79091b5af3686cb75f026","EC_0109.jpg"
"7268",3.235524257,3.5837,"60d79091b5af3686cb75f026","EC_0197.jpg"
"7269",6.240219092,6.1059,"60d79091b5af3686cb75f026","EC_0070.jpg"
"7270",5.324726135,1.9974,"60d79091b5af3686cb75f026","EC_0242.jpg"
"7271",6.881846635,4.0686,"60d79091b5af3686cb75f026","EC_0167.jpg"
"7272",6.334115806,2.7155,"60d79091b5af3686cb75f026","EC_0102.jpg"
"7273",5.888106416,1.9118,"60d79091b5af3686cb75f026","EC_0065.jpg"
"7274",5.285602504,3.0262,"60d79091b5af3686cb75f026","EC_0148.jpg"
"7275",9.385758998,6.6281,"60d79091b5af3686cb75f026","EC_0200.png"
"7276",5.919405321,15.1757,"60d79091b5af3686cb75f026","EC_0135.jpg"
"7277",5.872456964,148.0517,"60d79091b5af3686cb75f026","EC_0168.jpeg"
"7278",4.956964006,6.9623,"60d79091b5af3686cb75f026","EC_0056.jpg"
"7279",4.761345853,18.2409,"60d79091b5af3686cb75f026","EC_0184.jpg"
"7280",4.784820031,8.664,"60d79091b5af3686cb75f026","EC_0137.jpg"
"7281",3.149452269,21.0893,"60d79091b5af3686cb75f026","EC_0061.jpg"
"7282",1.920970266,6.1923,"60d79091b5af3686cb75f026","EC_0005.jpg"
"7283",2.773865415,4.8958,"60d79091b5af3686cb75f026","EC_0205.jpg"
"7284",4.268388106,15.2184,"60d79091b5af3686cb75f026","EC_0064.jpg"
"7285",3.91627543,8.0414,"60d79091b5af3686cb75f026","EC_0083.jpg"
"7286",3.908450704,4.3767,"60d79091b5af3686cb75f026","EC_0228.jpg"
"7287",5.183881064,16.0431,"60d79091b5af3686cb75f026","EC_0042.jpg"
"7288",1.764475743,7.7157,"60d79091b5af3686cb75f026","EC_0162.jpg"
"7289",4.495305164,6.7009,"60d79091b5af3686cb75f026","EC_0055.jpg"
"7290",4.878716745,15.0745,"60d79091b5af3686cb75f026","EC_0221.jpg"
"7291",3.63458529,4.4752,"60d79091b5af3686cb75f026","EC_0177.jpg"
"7292",8.345070423,3.4286,"60d79091b5af3686cb75f026","EC_0134.jpg"
"7293",5.277777778,17.1718,"60d79091b5af3686cb75f026","EC_0028.jpg"
"7294",2.100938967,6.4902,"60d79091b5af3686cb75f026","EC_0240.jpg"
"7295",2.093114241,3.3547,"60d79091b5af3686cb75f026","EC_0159.jpg"
"7296",5.019561815,2.885,"60d79091b5af3686cb75f026","EC_0125.jpeg"
"7297",6.044600939,2.377,"60d79091b5af3686cb75f026","EC_0132.jpg"
"7298",5.935054773,2.768,"60d79091b5af3686cb75f026","EC_0068.jpg"
"7299",7.108763693,6.629,"60d79091b5af3686cb75f026","EC_0020.jpg"
"7300",4.589201878,2.68,"60d79091b5af3686cb75f026","EC_0136.jpg"
"7301",1.889671362,4.2527,"60d79091b5af3686cb75f026","EC_0152.jpg"
"7302",7.445226917,2.3177,"60d79091b5af3686cb75f026","EC_0094.jpg"
"7303",9.855242567,3.9057,"60d79091b5af3686cb75f026","EC_0222.jpg"
"7304",3.814553991,2.2581,"60d79091b5af3686cb75f026","EC_0101.jpg"
"7305",4.831768388,2.4022,"60d79091b5af3686cb75f026","EC_0085.jpg"
"7306",7.093114241,2.528,"60d79091b5af3686cb75f026","EC_0030.jpg"
"7307",0.825508607,3.131,"60d79091b5af3686cb75f026","EC_0241.jpg"
"7308",4.229264476,2.8506,"60d79091b5af3686cb75f026","EC_0139.png"
"7309",3.243348983,6.9577,"60d79091b5af3686cb75f026","EC_0149.jpg"
"7310",5.113458529,2.7342,"60d79091b5af3686cb75f026","EC_0057.jpeg"
"7311",9.831768388,3.4756,"60d79091b5af3686cb75f026","EC_0008.jpg"
"7312",7.390453834,14.3835,"60d79091b5af3686cb75f026","EC_0089.jpg"
"7313",5.418622848,5.7531,"60d79091b5af3686cb75f026","EC_0119.jpg"
"7314",3.853677621,4.5409,"60d79091b5af3686cb75f026","EC_0147.png"
"7315",7.953834116,4.3807,"60d79091b5af3686cb75f026","EC_0080.jpg"
"7316",5.246478873,4.4017,"60d79091b5af3686cb75f026","EC_0154.jpg"
"7317",5.003912363,2.665,"60d79091b5af3686cb75f026","EC_0180.jpg"
"7318",7.507824726,3.6926,"60d79091b5af3686cb75f026","EC_0060.jpg"
"7319",8.423317684,3.8127,"60d79091b5af3686cb75f026","EC_0018.jpg"
"7320",6.255868545,5.8724,"60d79091b5af3686cb75f026","EC_0239.jpg"
"7321",9.784820031,3.2207,"60d79091b5af3686cb75f026","EC_0059.jpg"
"7322",0,4.2877,"60d79091b5af3686cb75f026","EC_0124.jpeg"
"7323",3.947574335,6.1055,"60d79091b5af3686cb75f026","EC_0164.jpg"
"7324",6.240219092,9.7047,"60d79091b5af3686cb75f026","EC_0202.jpg"
"7325",4.745696401,3.7287,"60d79091b5af3686cb75f026","EC_0150.jpg"
"7326",4.886541471,12.6952,"60d79091b5af3686cb75f026","EC_0072.jpg"
"7327",2.085289515,3.5112,"60d79091b5af3686cb75f026","EC_0075.jpg"
"7328",4.010172144,2.2089,"60d79091b5af3686cb75f026","EC_0086.jpg"
"7329",3.258998435,3.407,"60d79091b5af3686cb75f026","EC_0158.jpg"
"7330",4.753521127,6.2412,"60d79091b5af3686cb75f026","EC_0170.jpg"
"7331",1.561032864,6.5154,"60d79091b5af3686cb75f026","EC_0206.png"
"7332",3.947574335,16.2068,"60d79091b5af3686cb75f026","EC_0022.jpg"
"7333",2.883411581,4.9825,"60d79091b5af3686cb75f026","EC_0081.jpg"
"7334",5.160406886,4.1948,"60d79091b5af3686cb75f026","EC_0237.jpg"
"7335",1.310641628,9.3042,"60d79091b5af3686cb75f026","EC_0165.jpg"
"7336",2.507824726,3.7095,"60d79091b5af3686cb75f026","EC_0011.jpg"
"7337",0.457746479,8.1813,"60d79091b5af3686cb75f026","EC_0120.jpg"
"7338",1.91314554,12.1258,"60d79091b5af3686cb75f026","EC_0244.jpg"
"7339",8.133802817,3.3046,"60d79091b5af3686cb75f026","EC_0010.jpg"
"7340",2.625195618,9.6235,"60d79091b5af3686cb75f026","EC_0088.jpg"
"7341",2.038341158,3.2602,"60d79091b5af3686cb75f026","EC_0247.jpg"
"7342",4.080594679,3.0804,"60d79091b5af3686cb75f026","EC_0063.jpg"
"7343",5.324726135,3.5245,"60d79091b5af3686cb75f026","EC_0092.jpg"
"7344",2.312206573,5.1689,"60d79091b5af3686cb75f026","EC_0076.jpg"
"7345",1.498435055,7.9408,"60d79091b5af3686cb75f026","EC_0069.jpg"
"7346",3.650234742,2.4683,"60d79091b5af3686cb75f026","EC_0050.jpg"
"7347",3.305946792,3.9812,"60d79091b5af3686cb75f026","EC_0048.jpg"
"7348",2.719092332,3.4076,"60d79091b5af3686cb75f026","EC_0199.jpg"
"7349",5.794209703,19.7982,"60d79091b5af3686cb75f026","EC_0090.jpg"
"7350",1.044600939,2.7554,"60d79091b5af3686cb75f026","EC_0171.jpg"
"7351",9.973958333,4.5263,"60fc2ec58ad0da367daee3c1","EC_0060.jpg"
"7352",9.986979167,3.1768,"60fc2ec58ad0da367daee3c1","EC_0188.jpg"
"7353",9.0625,3.7338,"60fc2ec58ad0da367daee3c1","EC_0185.jpg"
"7354",0.052083333,3.4273,"60fc2ec58ad0da367daee3c1","EC_0201.jpg"
"7355",9.934895833,4.0623,"60fc2ec58ad0da367daee3c1","EC_0087.jpg"
"7356",5.078125,2.5588,"60fc2ec58ad0da367daee3c1","EC_0013.jpg"
"7357",5.078125,2.4625,"60fc2ec58ad0da367daee3c1","EC_0018.jpg"
"7358",7.838541667,2.5944,"60fc2ec58ad0da367daee3c1","EC_0081.jpg"
"7359",9.0234375,2.5414,"60fc2ec58ad0da367daee3c1","EC_0069.jpg"
"7360",9.0234375,2.2959,"60fc2ec58ad0da367daee3c1","EC_0027.jpg"
"7361",1.197916667,3.2275,"60fc2ec58ad0da367daee3c1","EC_0150.jpg"
"7362",8.723958333,2.5334,"60fc2ec58ad0da367daee3c1","EC_0223.jpg"
"7363",3.893229167,2.6601,"60fc2ec58ad0da367daee3c1","EC_0139.png"
"7364",3.0859375,2.635,"60fc2ec58ad0da367daee3c1","EC_0154.jpg"
"7365",9.153645833,2.611,"60fc2ec58ad0da367daee3c1","EC_0238.jpg"
"7366",1.888020833,2.615,"60fc2ec58ad0da367daee3c1","EC_0187.jpeg"
"7367",0.924479167,2.5461,"60fc2ec58ad0da367daee3c1","EC_0148.jpg"
"7368",8.033854167,3.3174,"60fc2ec58ad0da367daee3c1","EC_0124.jpeg"
"7369",6.158854167,5.1849,"60fc2ec58ad0da367daee3c1","EC_0012.jpg"
"7370",7.8515625,5.05,"60fc2ec58ad0da367daee3c1","EC_0247.jpg"
"7371",7.8515625,2.4283,"60fc2ec58ad0da367daee3c1","EC_0022.jpg"
"7372",4.9609375,2.7591,"60fc2ec58ad0da367daee3c1","EC_0211.jpg"
"7373",9.895833333,3.3181,"60fc2ec58ad0da367daee3c1","EC_0170.jpg"
"7374",1.041666667,2.9446,"60fc2ec58ad0da367daee3c1","EC_0082.jpg"
"7375",9.934895833,4.0618,"60fc2ec58ad0da367daee3c1","EC_0098.jpg"
"7376",4.986979167,2.6447,"60fc2ec58ad0da367daee3c1","EC_0016.jpg"
"7377",4.986979167,2.6609,"60fc2ec58ad0da367daee3c1","EC_0089.jpg"
"7378",5.104166667,3.0776,"60fc2ec58ad0da367daee3c1","EC_0202.jpg"
"7379",9.153645833,3.6949,"60fc2ec58ad0da367daee3c1","EC_0092.jpg"
"7380",9.9609375,2.4948,"60fc2ec58ad0da367daee3c1","EC_0037.jpg"
"7381",1.927083333,2.8616,"60fc2ec58ad0da367daee3c1","EC_0019.jpg"
"7382",6.848958333,3.2614,"60fc2ec58ad0da367daee3c1","EC_0055.jpg"
"7383",8.606770833,2.9122,"60fc2ec58ad0da367daee3c1","EC_0096.jpg"
"7384",9.583333333,2.9832,"60fc2ec58ad0da367daee3c1","EC_0242.jpg"
"7385",9.583333333,2.1946,"60fc2ec58ad0da367daee3c1","EC_0006.jpg"
"7386",2.916666667,3.2297,"60fc2ec58ad0da367daee3c1","EC_0100.jpg"
"7387",7.1875,2.6761,"60fc2ec58ad0da367daee3c1","EC_0104.jpg"
"7388",8.971354167,3.5741,"60fc2ec58ad0da367daee3c1","EC_0157.jpg"
"7389",0.625,2.8613,"60fc2ec58ad0da367daee3c1","EC_0162.jpg"
"7390",7.03125,2.9782,"60fc2ec58ad0da367daee3c1","EC_0103.jpg"
"7391",2.838541667,2.878,"60fc2ec58ad0da367daee3c1","EC_0181.jpg"
"7392",9.986979167,3.3262,"60fc2ec58ad0da367daee3c1","EC_0064.jpg"
"7393",9.986979167,2.4498,"60fc2ec58ad0da367daee3c1","EC_0015.jpg"
"7394",3.997395833,3.4215,"60fc2ec58ad0da367daee3c1","EC_0046.jpg"
"7395",9.0234375,2.8019,"60fc2ec58ad0da367daee3c1","EC_0136.jpg"
"7396",8.880208333,2.3953,"60fc2ec58ad0da367daee3c1","EC_0041.jpg"
"7397",8.984375,2.8108,"60fc2ec58ad0da367daee3c1","EC_0048.jpg"
"7398",0.6640625,3.2601,"60fc2ec58ad0da367daee3c1","EC_0199.jpg"
"7399",0.872395833,2.778,"60fc2ec58ad0da367daee3c1","EC_0219.jpg"
"7400",8.802083333,2.7951,"60fc2ec58ad0da367daee3c1","EC_0156.jpg"
"7401",6.640625,3.0278,"60fc2ec58ad0da367daee3c1","EC_0002.jpg"
"7402",6.028645833,2.878,"60fc2ec58ad0da367daee3c1","EC_0118.jpg"
"7403",3.9453125,3.3752,"60fc2ec58ad0da367daee3c1","EC_0040.jpg"
"7404",7.916666667,2.4127,"60fc2ec58ad0da367daee3c1","EC_0177.jpg"
"7405",9.817708333,2.9269,"60fc2ec58ad0da367daee3c1","EC_0106.jpg"
"7406",5.924479167,2.7174,"60fc2ec58ad0da367daee3c1","EC_0054.jpg"
"7407",8.385416667,3.9112,"60fc2ec58ad0da367daee3c1","EC_0232.jpg"
"7408",9.010416667,2.7963,"60fc2ec58ad0da367daee3c1","EC_0034.jpg"
"7409",6.067708333,4.0506,"60fc2ec58ad0da367daee3c1","EC_0097.jpg"
"7410",9.453125,2.5145,"60fc2ec58ad0da367daee3c1","EC_0224.jpg"
"7411",2.604166667,2.9495,"60fc2ec58ad0da367daee3c1","EC_0131.jpg"
"7412",2.604166667,2.5679,"60fc2ec58ad0da367daee3c1","EC_0086.jpg"
"7413",0.729166667,2.5167,"60fc2ec58ad0da367daee3c1","EC_0047.jpg"
"7414",1.158854167,4.6264,"60fc2ec58ad0da367daee3c1","EC_0010.jpg"
"7415",5.390625,3.4676,"60fc2ec58ad0da367daee3c1","EC_0214.jpg"
"7416",9.4921875,2.2611,"60fc2ec58ad0da367daee3c1","EC_0167.jpg"
"7417",9.84375,2.328,"60fc2ec58ad0da367daee3c1","EC_0073.jpg"
"7418",4.791666667,3.5097,"60fc2ec58ad0da367daee3c1","EC_0206.png"
"7419",3.111979167,2.5278,"60fc2ec58ad0da367daee3c1","EC_0226.jpg"
"7420",0.8203125,3.0952,"60fc2ec58ad0da367daee3c1","EC_0195.jpg"
"7421",7.942708333,2.7946,"60fc2ec58ad0da367daee3c1","EC_0051.jpg"
"7422",7.942708333,3.9098,"60fc2ec58ad0da367daee3c1","EC_0158.jpg"
"7423",8.958333333,2.4011,"60fc2ec58ad0da367daee3c1","EC_0093.jpg"
"7424",8.958333333,2.245,"60fc2ec58ad0da367daee3c1","EC_0203.jpg"
"7425",9.84375,2.5785,"60fc2ec58ad0da367daee3c1","EC_0123.jpeg"
"7426",9.84375,2.0957,"60fc2ec58ad0da367daee3c1","EC_0236.jpg"
"7427",9.84375,2.1098,"60fc2ec58ad0da367daee3c1","EC_0061.jpg"
"7428",9.84375,2.0434,"60fc2ec58ad0da367daee3c1","EC_0237.jpg"
"7429",6.223958333,3.0947,"60fc2ec58ad0da367daee3c1","EC_0076.jpg"
"7430",7.057291667,2.4834,"60fc2ec58ad0da367daee3c1","EC_0108.jpg"
"7431",1.692708333,3.4105,"60fc2ec58ad0da367daee3c1","EC_0005.jpg"
"7432",8.880208333,2.4781,"60fc2ec58ad0da367daee3c1","EC_0213.jpg"
"7433",9.791666667,2.3677,"60fc2ec58ad0da367daee3c1","EC_0196.jpg"
"7434",9.84375,2.1499,"60fc2ec58ad0da367daee3c1","EC_0039.jpg"
"7435",6.783854167,3.1767,"60fc2ec58ad0da367daee3c1","EC_0094.jpg"
"7436",2.083333333,2.6495,"60fc2ec58ad0da367daee3c1","EC_0183.jpg"
"7437",5.572916667,2.5528,"60fc2ec58ad0da367daee3c1","EC_0090.jpg"
"7438",8.75,2.6166,"60fc2ec58ad0da367daee3c1","EC_0245.jpg"
"7439",3.723958333,2.6322,"60fc2ec58ad0da367daee3c1","EC_0147.png"
"7440",2.65625,2.4776,"60fc2ec58ad0da367daee3c1","EC_0095.jpg"
"7441",2.65625,2.1516,"60fc2ec58ad0da367daee3c1","EC_0222.jpg"
"7442",8.958333333,3.0648,"60fc2ec58ad0da367daee3c1","EC_0137.jpg"
"7443",7.955729167,2.3989,"60fc2ec58ad0da367daee3c1","EC_0007.jpg"
"7444",9.895833333,2.4699,"60fc2ec58ad0da367daee3c1","EC_0074.jpg"
"7445",8.020833333,2.899,"60fc2ec58ad0da367daee3c1","EC_0134.jpg"
"7446",8.020833333,2.2162,"60fc2ec58ad0da367daee3c1","EC_0042.jpg"
"7447",9.9609375,3.1449,"60fc2ec58ad0da367daee3c1","EC_0135.jpg"
"7448",9.947916667,2.0773,"60fc2ec58ad0da367daee3c1","EC_0152.jpg"
"7449",9.947916667,4.3414,"60fc2ec58ad0da367daee3c1","EC_0080.jpg"
"7450",1.640625,2.7111,"60fc2ec58ad0da367daee3c1","EC_0140.jpg"
"7451",9.674479167,2.696,"60fc2ec58ad0da367daee3c1","EC_0063.jpg"
"7452",9.7265625,2.2494,"60fc2ec58ad0da367daee3c1","EC_0077.jpg"
"7453",9.7265625,2.0778,"60fc2ec58ad0da367daee3c1","EC_0066.jpg"
"7454",3.0078125,2.3601,"60fc2ec58ad0da367daee3c1","EC_0142.jpg"
"7455",0.442708333,2.933,"60fc2ec58ad0da367daee3c1","EC_0161.jpg"
"7456",6.692708333,2.4267,"60fc2ec58ad0da367daee3c1","EC_0193.png"
"7457",6.705729167,2.3783,"60fc2ec58ad0da367daee3c1","EC_0053.jpg"
"7458",1.080729167,2.6777,"60fc2ec58ad0da367daee3c1","EC_0235.jpg"
"7459",2.526041667,2.833,"60fc2ec58ad0da367daee3c1","EC_0174.jpg"
"7460",2.994791667,2.5443,"60fc2ec58ad0da367daee3c1","EC_0194.jpg"
"7461",1.236979167,4.2244,"60fc2ec58ad0da367daee3c1","EC_0229.jpg"
"7462",7.4609375,2.5664,"60fc2ec58ad0da367daee3c1","EC_0176.jpg"
"7463",7.955729167,2.3502,"60fc2ec58ad0da367daee3c1","EC_0083.jpg"
"7464",9.296875,2.6783,"60fc2ec58ad0da367daee3c1","EC_0246.jpg"
"7465",9.53125,2.1833,"60fc2ec58ad0da367daee3c1","EC_0166.jpg"
"7466",9.53125,5.8269,"60fc2ec58ad0da367daee3c1","EC_0159.jpg"
"7467",0.026041667,2.733,"60fc2ec58ad0da367daee3c1","EC_0227.jpg"
"7468",6.940104167,2.9781,"60fc2ec58ad0da367daee3c1","EC_0036.jpeg"
"7469",7.6953125,2.2779,"60fc2ec58ad0da367daee3c1","EC_0231.jpg"
"7470",9.986979167,3.4939,"60fc2ec58ad0da367daee3c1","EC_0171.jpg"
"7471",6.979166667,3.9117,"60fc2ec58ad0da367daee3c1","EC_0129.jpeg"
"7472",1.4453125,3.1776,"60fc2ec58ad0da367daee3c1","EC_0011.jpg"
"7473",4.8046875,2.3444,"60fc2ec58ad0da367daee3c1","EC_0050.jpg"
"7474",9.986979167,2.9616,"60fc2ec58ad0da367daee3c1","EC_0028.jpg"
"7475",9.986979167,1.8506,"60fc2ec58ad0da367daee3c1","EC_0172.jpg"
"7476",9.986979167,1.8958,"60fc2ec58ad0da367daee3c1","EC_0160.jpg"
"7477",9.986979167,2.1429,"60fc2ec58ad0da367daee3c1","EC_0003.jpg"
"7478",9.986979167,2.3944,"60fc2ec58ad0da367daee3c1","EC_0239.jpg"
"7479",4.8046875,2.7329,"60fc2ec58ad0da367daee3c1","EC_0132.jpg"
"7480",6.640625,2.4671,"60fc2ec58ad0da367daee3c1","EC_0128.jpeg"
"7481",0.520833333,2.6284,"60fc2ec58ad0da367daee3c1","EC_0059.jpg"
"7482",6.09375,2.7616,"60fc2ec58ad0da367daee3c1","EC_0075.jpg"
"7483",2.903645833,3.5602,"60fc2ec58ad0da367daee3c1","EC_0210.jpg"
"7484",2.903645833,2.5092,"60fc2ec58ad0da367daee3c1","EC_0068.jpg"
"7485",9.934895833,3.0116,"60fc2ec58ad0da367daee3c1","EC_0209.jpg"
"7486",9.934895833,1.8176,"60fc2ec58ad0da367daee3c1","EC_0072.jpg"
"7487",0.924479167,2.8445,"60fc2ec58ad0da367daee3c1","EC_0204.jpg"
"7488",9.856770833,2.7435,"60fc2ec58ad0da367daee3c1","EC_0138.png"
"7489",9.856770833,1.9295,"60fc2ec58ad0da367daee3c1","EC_0029.jpg"
"7490",2.096354167,3.3914,"60fc2ec58ad0da367daee3c1","EC_0149.jpg"
"7491",8.0078125,2.2768,"60fc2ec58ad0da367daee3c1","EC_0014.jpg"
"7492",7.317708333,3.4576,"60fc2ec58ad0da367daee3c1","EC_0249.jpg"
"7493",9.856770833,2.4347,"60fc2ec58ad0da367daee3c1","EC_0168.jpeg"
"7494",9.856770833,2.1935,"60fc2ec58ad0da367daee3c1","EC_0240.jpg"
"7495",9.856770833,1.9783,"60fc2ec58ad0da367daee3c1","EC_0207.jpg"
"7496",6.653645833,2.528,"60fc2ec58ad0da367daee3c1","EC_0088.jpg"
"7497",9.244791667,2.4951,"60fc2ec58ad0da367daee3c1","EC_0071.jpg"
"7498",4.466145833,2.6272,"60fc2ec58ad0da367daee3c1","EC_0119.jpg"
"7499",8.815104167,2.3941,"60fc2ec58ad0da367daee3c1","EC_0153.jpg"
"7500",0.572916667,3.0604,"60fc2ec58ad0da367daee3c1","EC_0067.jpg"
"7501",9.908854167,2.3831,"60fc2ec58ad0da367daee3c1","EC_0057.jpeg"
"7502",9.283854167,2.3502,"60fc2ec58ad0da367daee3c1","EC_0030.jpg"
"7503",9.6875,2.4505,"60fc2ec58ad0da367daee3c1","EC_0173.jpg"
"7504",6.901041667,3.3446,"60fc2ec58ad0da367daee3c1","EC_0233.jpg"
"7505",6.940104167,2.5445,"60fc2ec58ad0da367daee3c1","EC_0234.jpg"
"7506",6.953125,2.611,"60fc2ec58ad0da367daee3c1","EC_0230.jpg"
"7507",9.609375,2.2617,"60fc2ec58ad0da367daee3c1","EC_0141.jpg"
"7508",1.536458333,3.1783,"60fc2ec58ad0da367daee3c1","EC_0121.jpg"
"7509",9.908854167,2.3791,"60fc2ec58ad0da367daee3c1","EC_0032.jpg"
"7510",9.908854167,2.0931,"60fc2ec58ad0da367daee3c1","EC_0205.jpg"
"7511",4.791666667,2.2949,"60fc2ec58ad0da367daee3c1","EC_0031.jpg"
"7512",7.799479167,3.0192,"60fc2ec58ad0da367daee3c1","EC_0084.jpg"
"7513",0.78125,2.85,"60fc2ec58ad0da367daee3c1","EC_0125.jpeg"
"7514",9.973958333,2.7985,"60fc2ec58ad0da367daee3c1","EC_0038.jpg"
"7515",0.807291667,2.9626,"60fc2ec58ad0da367daee3c1","EC_0241.jpg"
"7516",4.0234375,3.6426,"60fc2ec58ad0da367daee3c1","EC_0200.png"
"7517",9.192708333,2.2781,"60fc2ec58ad0da367daee3c1","EC_0115.jpg"
"7518",9.192708333,2.0958,"60fc2ec58ad0da367daee3c1","EC_0151.jpg"
"7519",1.171875,2.7443,"60fc2ec58ad0da367daee3c1","EC_0009.jpg"
"7520",9.765625,2.5096,"60fc2ec58ad0da367daee3c1","EC_0113.jpg"
"7521",6.067708333,2.3617,"60fc2ec58ad0da367daee3c1","EC_0101.jpg"
"7522",9.869791667,2.7343,"60fc2ec58ad0da367daee3c1","EC_0024.jpg"
"7523",0.638020833,2.4602,"60fc2ec58ad0da367daee3c1","EC_0049.jpg"
"7524",9.778645833,2.4009,"60fc2ec58ad0da367daee3c1","EC_0221.jpg"
"7525",8.020833333,3.1991,"60fc2ec58ad0da367daee3c1","EC_0033.jpeg"
"7526",6.458333333,2.4755,"60fc2ec58ad0da367daee3c1","EC_0056.jpg"
"7527",0.091145833,3.6802,"60fc2ec58ad0da367daee3c1","EC_0111.jpg"
"7528",9.2578125,2.3352,"60fc2ec58ad0da367daee3c1","EC_0008.jpg"
"7529",8.606770833,3.2489,"60fc2ec58ad0da367daee3c1","EC_0070.jpg"
"7530",1.041666667,2.7284,"60fc2ec58ad0da367daee3c1","EC_0184.jpg"
"7531",7.513020833,2.1941,"60fc2ec58ad0da367daee3c1","EC_0105.jpg"
"7532",6.848958333,3.0781,"60fc2ec58ad0da367daee3c1","EC_0133.jpg"
"7533",7.942708333,2.7279,"60fc2ec58ad0da367daee3c1","EC_0228.jpg"
"7534",9.635416667,4.0001,"60fc2ec58ad0da367daee3c1","EC_0044.jpg"
"7535",9.635416667,2.0463,"60fc2ec58ad0da367daee3c1","EC_0180.jpg"
"7536",9.635416667,1.8488,"60fc2ec58ad0da367daee3c1","EC_0248.jpg"
"7537",9.635416667,1.9279,"60fc2ec58ad0da367daee3c1","EC_0197.jpg"
"7538",9.635416667,1.9279,"60fc2ec58ad0da367daee3c1","EC_0020.jpg"
"7539",2.018229167,2.7628,"60fc2ec58ad0da367daee3c1","EC_0243.jpg"
"7540",3.9453125,3.2445,"60fc2ec58ad0da367daee3c1","EC_0062.jpg"
"7541",2.760416667,2.7444,"60fc2ec58ad0da367daee3c1","EC_0165.jpg"
"7542",9.7265625,2.7273,"60fc2ec58ad0da367daee3c1","EC_0079.jpg"
"7543",9.6875,2.5941,"60fc2ec58ad0da367daee3c1","EC_0116.jpg"
"7544",9.6875,2.0778,"60fc2ec58ad0da367daee3c1","EC_0099.jpg"
"7545",9.6875,1.9115,"60fc2ec58ad0da367daee3c1","EC_0120.jpg"
"7546",5.143229167,3.3456,"60fc2ec58ad0da367daee3c1","EC_0085.jpg"
"7547",9.921875,2.4176,"60fc2ec58ad0da367daee3c1","EC_0164.jpg"
"7548",9.921875,2.0449,"60fc2ec58ad0da367daee3c1","EC_0109.jpg"
"7549",9.921875,2.3776,"60fc2ec58ad0da367daee3c1","EC_0117.jpg"
"7550",9.895833333,2.3278,"60fc2ec58ad0da367daee3c1","EC_0163.jpg"
"7551",0.0390625,4.6485,"60fc2ec58ad0da367daee3c1","EC_0244.jpg"
"7552",9.713541667,3.5121,"60fc2ec58ad0da367daee3c1","EC_0250.jpg"
"7553",4.9609375,2.4618,"60fc2ec58ad0da367daee3c1","EC_0182.jpg"
"7554",0.4296875,5.0381,"60fc2ec58ad0da367daee3c1","EC_0065.jpg"
"7555",9.8046875,4.4239,"60fc2ec58ad0da367daee3c1","EC_0169.png"
"7556",8.606770833,4.8284,"60fc2ec58ad0da367daee3c1","EC_0198.jpg"
"7557",0.026041667,9.1591,"60fc2ec58ad0da367daee3c1","EC_0001.jpg"
"7558",9.036458333,3.1502,"60fc2ec58ad0da367daee3c1","EC_0102.jpg"
"7559",9.986979167,2.3784,"60fc2ec58ad0da367daee3c1","EC_0058.jpg"
"7560",5.026041667,4.7779,"60fc2ec58ad0da367daee3c1","EC_0017.jpg"
"7561",2.447265625,4.168,"60fd6618f9a377f54dcdf318","EC_0054.jpg"
"7562",6.539279514,2.6073,"60fd6618f9a377f54dcdf318","EC_0011.jpg"
"7563",4.259157986,2.905,"60fd6618f9a377f54dcdf318","EC_0149.jpg"
"7564",2.397092014,2.1225,"60fd6618f9a377f54dcdf318","EC_0240.jpg"
"7565",4.140277778,2.4733,"60fd6618f9a377f54dcdf318","EC_0196.jpg"
"7566",7.277430556,2.6902,"60fd6618f9a377f54dcdf318","EC_0168.jpeg"
"7567",4.802647569,2.5391,"60fd6618f9a377f54dcdf318","EC_0150.jpg"
"7568",7.720876736,2.5543,"60fd6618f9a377f54dcdf318","EC_0084.jpg"
"7569",8.681510417,2.1912,"60fd6618f9a377f54dcdf318","EC_0006.jpg"
"7570",0.207986111,2.7054,"60fd6618f9a377f54dcdf318","EC_0184.jpg"
"7571",0.534592014,2.5073,"60fd6618f9a377f54dcdf318","EC_0147.png"
"7572",0.740842014,3.3058,"60fd6618f9a377f54dcdf318","EC_0173.jpg"
"7573",1.414887153,2.9406,"60fd6618f9a377f54dcdf318","EC_0100.jpg"
"7574",0.549696181,2.3886,"60fd6618f9a377f54dcdf318","EC_0222.jpg"
"7575",5.268489583,4.2058,"60fd6618f9a377f54dcdf318","EC_0022.jpg"
"7576",1.187152778,3.2086,"60fd6618f9a377f54dcdf318","EC_0076.jpg"
"7577",5.548567708,2.9558,"60fd6618f9a377f54dcdf318","EC_0102.jpg"
"7578",6.817621528,2.2395,"60fd6618f9a377f54dcdf318","EC_0036.jpeg"
"7579",0.860416667,4.323,"60fd6618f9a377f54dcdf318","EC_0165.jpg"
"7580",5.968663194,2.9073,"60fd6618f9a377f54dcdf318","EC_0229.jpg"
"7581",1.853385417,6.9517,"60fd6618f9a377f54dcdf318","EC_0136.jpg"
"7582",7.646050347,2.9582,"60fd6618f9a377f54dcdf318","EC_0092.jpg"
"7583",7.646050347,2.4228,"60fd6618f9a377f54dcdf318","EC_0037.jpg"
"7584",2.152300347,2.8893,"60fd6618f9a377f54dcdf318","EC_0066.jpg"
"7585",2.334331597,1.8604,"60fd6618f9a377f54dcdf318","EC_0124.jpeg"
"7586",2.334331597,1.9404,"60fd6618f9a377f54dcdf318","EC_0016.jpg"
"7587",5.103125,3.3052,"60fd6618f9a377f54dcdf318","EC_0248.jpg"
"7588",1.756380208,2.9231,"60fd6618f9a377f54dcdf318","EC_0053.jpg"
"7589",7.774175347,4.1354,"60fd6618f9a377f54dcdf318","EC_0157.jpg"
"7590",1.483246528,3.4415,"60fd6618f9a377f54dcdf318","EC_0111.jpg"
"7591",0.955295139,2.6388,"60fd6618f9a377f54dcdf318","EC_0019.jpg"
"7592",0.955295139,4.4881,"60fd6618f9a377f54dcdf318","EC_0142.jpg"
"7593",0.955295139,2.0725,"60fd6618f9a377f54dcdf318","EC_0059.jpg"
"7594",6.344444444,2.5722,"60fd6618f9a377f54dcdf318","EC_0118.jpg"
"7595",6.344444444,1.9917,"60fd6618f9a377f54dcdf318","EC_0239.jpg"
"7596",3.573914931,2.1581,"60fd6618f9a377f54dcdf318","EC_0141.jpg"
"7597",3.562803819,2.0234,"60fd6618f9a377f54dcdf318","EC_0137.jpg"
"7598",2.486545139,2.1398,"60fd6618f9a377f54dcdf318","EC_0125.jpeg"
"7599",4.155034722,2.4585,"60fd6618f9a377f54dcdf318","EC_0094.jpg"
"7600",4.604079861,2.3079,"60fd6618f9a377f54dcdf318","EC_0038.jpg"
"7601",2.164409722,3.2569,"60fd6618f9a377f54dcdf318","EC_0245.jpg"
"7602",2.177213542,1.7398,"60fd6618f9a377f54dcdf318","EC_0138.png"
"7603",0.752994792,2.472,"60fd6618f9a377f54dcdf318","EC_0113.jpg"
"7604",0.476475694,2.6904,"60fd6618f9a377f54dcdf318","EC_0153.jpg"
"7605",9.449392361,3.0226,"60fd6618f9a377f54dcdf318","EC_0096.jpg"
"7606",5.783767361,2.5081,"60fd6618f9a377f54dcdf318","EC_0151.jpg"
"7607",2.568793403,2.1898,"60fd6618f9a377f54dcdf318","EC_0238.jpg"
"7608",3.127647569,1.872,"60fd6618f9a377f54dcdf318","EC_0101.jpg"
"7609",2.152690972,2.0722,"60fd6618f9a377f54dcdf318","EC_0099.jpg"
"7610",7.930425347,2.5888,"60fd6618f9a377f54dcdf318","EC_0079.jpg"
"7611",6.524262153,2.1885,"60fd6618f9a377f54dcdf318","EC_0116.jpg"
"7612",5.255729167,1.8902,"60fd6618f9a377f54dcdf318","EC_0250.jpg"
"7613",6.257552083,2.2233,"60fd6618f9a377f54dcdf318","EC_0236.jpg"
"7614",2.985069444,2.0067,"60fd6618f9a377f54dcdf318","EC_0055.jpg"
"7615",2.264453125,1.906,"60fd6618f9a377f54dcdf318","EC_0223.jpg"
"7616",1.403125,1.9234,"60fd6618f9a377f54dcdf318","EC_0199.jpg"
"7617",4.367534722,2.3054,"60fd6618f9a377f54dcdf318","EC_0117.jpg"
"7618",3.099739583,2.0575,"60fd6618f9a377f54dcdf318","EC_0170.jpg"
"7619",1.420269097,1.9883,"60fd6618f9a377f54dcdf318","EC_0198.jpg"
"7620",0.879383681,2.0421,"60fd6618f9a377f54dcdf318","EC_0202.jpg"
"7621",4.434071181,2.3735,"60fd6618f9a377f54dcdf318","EC_0183.jpg"
"7622",3.412413194,1.8233,"60fd6618f9a377f54dcdf318","EC_0226.jpg"
"7623",7.615755208,3.1576,"60fd6618f9a377f54dcdf318","EC_0073.jpg"
"7624",6.142230903,2.4566,"60fd6618f9a377f54dcdf318","EC_0083.jpg"
"7625",2.047352431,2.157,"60fd6618f9a377f54dcdf318","EC_0075.jpg"
"7626",1.531553819,1.8899,"60fd6618f9a377f54dcdf318","EC_0232.jpg"
"7627",2.463151042,2.4381,"60fd6618f9a377f54dcdf318","EC_0134.jpg"
"7628",1.511675347,2.238,"60fd6618f9a377f54dcdf318","EC_0241.jpg"
"7629",3.811284722,2.1556,"60fd6618f9a377f54dcdf318","EC_0228.jpg"
"7630",6.491319444,2.2232,"60fd6618f9a377f54dcdf318","EC_0014.jpg"
"7631",4.909982639,1.9064,"60fd6618f9a377f54dcdf318","EC_0132.jpg"
"7632",3.655772569,1.7741,"60fd6618f9a377f54dcdf318","EC_0017.jpg"
"7633",6.812803819,2.692,"60fd6618f9a377f54dcdf318","EC_0188.jpg"
"7634",4.661371528,2.2728,"60fd6618f9a377f54dcdf318","EC_0042.jpg"
"7635",3.540711806,2.0569,"60fd6618f9a377f54dcdf318","EC_0068.jpg"
"7636",3.959939236,1.7551,"60fd6618f9a377f54dcdf318","EC_0097.jpg"
"7637",2.273611111,1.8575,"60fd6618f9a377f54dcdf318","EC_0002.jpg"
"7638",0.816840278,2.9573,"60fd6618f9a377f54dcdf318","EC_0062.jpg"
"7639",1.625390625,1.6582,"60fd6618f9a377f54dcdf318","EC_0131.jpg"
"7640",6.265147569,2.3062,"60fd6618f9a377f54dcdf318","EC_0018.jpg"
"7641",7.612196181,2.1081,"60fd6618f9a377f54dcdf318","EC_0048.jpg"
"7642",0.70859375,2.8395,"60fd6618f9a377f54dcdf318","EC_0005.jpg"
"7643",1.732421875,2.1765,"60fd6618f9a377f54dcdf318","EC_0128.jpeg"
"7644",2.913802083,1.906,"60fd6618f9a377f54dcdf318","EC_0003.jpg"
"7645",2.646831597,2.3572,"60fd6618f9a377f54dcdf318","EC_0235.jpg"
"7646",1.900694444,1.6576,"60fd6618f9a377f54dcdf318","EC_0246.jpg"
"7647",3.718315972,2.0216,"60fd6618f9a377f54dcdf318","EC_0013.jpg"
"7648",3.359071181,1.9739,"60fd6618f9a377f54dcdf318","EC_0065.jpg"
"7649",5.256553819,2.1095,"60fd6618f9a377f54dcdf318","EC_0086.jpg"
"7650",1.678342014,2.0738,"60fd6618f9a377f54dcdf318","EC_0177.jpg"
"7651",3.672048611,1.8547,"60fd6618f9a377f54dcdf318","EC_0009.jpg"
"7652",5.025434028,1.6391,"60fd6618f9a377f54dcdf318","EC_0249.jpg"
"7653",9.026258681,2.4054,"60fd6618f9a377f54dcdf318","EC_0104.jpg"
"7654",6.192708333,1.9094,"60fd6618f9a377f54dcdf318","EC_0205.jpg"
"7655",1.67421875,2.5388,"60fd6618f9a377f54dcdf318","EC_0085.jpg"
"7656",7.483463542,2.3561,"60fd6618f9a377f54dcdf318","EC_0058.jpg"
"7657",5.691319444,1.9242,"60fd6618f9a377f54dcdf318","EC_0163.jpg"
"7658",4.142144097,1.4583,"60fd6618f9a377f54dcdf318","EC_0171.jpg"
"7659",7.028472222,2.7225,"60fd6618f9a377f54dcdf318","EC_0106.jpg"
"7660",8.048524306,3.0903,"60fd6618f9a377f54dcdf318","EC_0069.jpg"
"7661",6.743880208,2.3094,"60fd6618f9a377f54dcdf318","EC_0082.jpg"
"7662",5.175737847,1.8556,"60fd6618f9a377f54dcdf318","EC_0181.jpg"
"7663",7.108897569,2.3061,"60fd6618f9a377f54dcdf318","EC_0039.jpg"
"7664",1.941666667,2.5552,"60fd6618f9a377f54dcdf318","EC_0033.jpeg"
"7665",4.09140625,1.6765,"60fd6618f9a377f54dcdf318","EC_0148.jpg"
"7666",7.657465278,2.9235,"60fd6618f9a377f54dcdf318","EC_0080.jpg"
"7667",2.302690972,1.874,"60fd6618f9a377f54dcdf318","EC_0211.jpg"
"7668",4.431293403,1.8213,"60fd6618f9a377f54dcdf318","EC_0166.jpg"
"7669",3.011154514,3.1741,"60fd6618f9a377f54dcdf318","EC_0230.jpg"
"7670",1.293489583,2.4235,"60fd6618f9a377f54dcdf318","EC_0064.jpg"
"7671",2.224479167,2.1054,"60fd6618f9a377f54dcdf318","EC_0242.jpg"
"7672",7.341883681,2.0896,"60fd6618f9a377f54dcdf318","EC_0020.jpg"
"7673",2.733289931,2.7904,"60fd6618f9a377f54dcdf318","EC_0231.jpg"
"7674",5.110590278,1.7051,"60fd6618f9a377f54dcdf318","EC_0237.jpg"
"7675",3.774869792,1.7259,"60fd6618f9a377f54dcdf318","EC_0247.jpg"
"7676",7.367274306,2.3741,"60fd6618f9a377f54dcdf318","EC_0074.jpg"
"7677",9.645920139,2.5888,"60fd6618f9a377f54dcdf318","EC_0156.jpg"
"7678",0.890755208,2.4406,"60fd6618f9a377f54dcdf318","EC_0089.jpg"
"7679",2.5171875,2.5105,"60fd6618f9a377f54dcdf318","EC_0135.jpg"
"7680",2.116970486,2.1894,"60fd6618f9a377f54dcdf318","EC_0152.jpg"
"7681",3.499348958,2.2239,"60fd6618f9a377f54dcdf318","EC_0164.jpg"
"7682",7.053862847,3.0564,"60fd6618f9a377f54dcdf318","EC_0210.jpg"
"7683",3.078125,2.2071,"60fd6618f9a377f54dcdf318","EC_0103.jpg"
"7684",6.684201389,2.5719,"60fd6618f9a377f54dcdf318","EC_0072.jpg"
"7685",6.705598958,1.7388,"60fd6618f9a377f54dcdf318","EC_0193.png"
"7686",0.486805556,2.3215,"60fd6618f9a377f54dcdf318","EC_0154.jpg"
"7687",6.336197917,2.0069,"60fd6618f9a377f54dcdf318","EC_0010.jpg"
"7688",1.973697917,2.157,"60fd6618f9a377f54dcdf318","EC_0197.jpg"
"7689",4.1875,1.7057,"60fd6618f9a377f54dcdf318","EC_0169.png"
"7690",2.581380208,1.8735,"60fd6618f9a377f54dcdf318","EC_0115.jpg"
"7691",4.406640625,1.6966,"60fd6618f9a377f54dcdf318","EC_0109.jpg"
"7692",5.645052083,1.6548,"60fd6618f9a377f54dcdf318","EC_0088.jpg"
"7693",1.445138889,2.6881,"60fd6618f9a377f54dcdf318","EC_0158.jpg"
"7694",2.964019097,2.1403,"60fd6618f9a377f54dcdf318","EC_0044.jpg"
"7695",2.792708333,2.8396,"60fd6618f9a377f54dcdf318","EC_0194.jpg"
"7696",3.503385417,2.3729,"60fd6618f9a377f54dcdf318","EC_0034.jpg"
"7697",3.202256944,1.4455,"60fd6618f9a377f54dcdf318","EC_0182.jpg"
"7698",5.021788194,1.7892,"60fd6618f9a377f54dcdf318","EC_0050.jpg"
"7699",3.861328125,1.5558,"60fd6618f9a377f54dcdf318","EC_0172.jpg"
"7700",4.721701389,2.423,"60fd6618f9a377f54dcdf318","EC_0012.jpg"
"7701",2.989496528,1.4895,"60fd6618f9a377f54dcdf318","EC_0077.jpg"
"7702",2.4875,1.9091,"60fd6618f9a377f54dcdf318","EC_0213.jpg"
"7703",1.592491319,1.8574,"60fd6618f9a377f54dcdf318","EC_0095.jpg"
"7704",2.352126736,1.573,"60fd6618f9a377f54dcdf318","EC_0090.jpg"
"7705",2.786979167,1.4082,"60fd6618f9a377f54dcdf318","EC_0160.jpg"
"7706",6.135677083,2.8222,"60fd6618f9a377f54dcdf318","EC_0028.jpg"
"7707",2.021397569,2.3239,"60fd6618f9a377f54dcdf318","EC_0185.jpg"
"7708",9.726388889,2.7064,"60fd6618f9a377f54dcdf318","EC_0041.jpg"
"7709",1.963454861,3.3559,"60fd6618f9a377f54dcdf318","EC_0049.jpg"
"7710",4.544401042,1.9226,"60fd6618f9a377f54dcdf318","EC_0015.jpg"
"7711",2.112543403,59.4891,"60fd6618f9a377f54dcdf318","EC_0187.jpeg"
"7712",8.137673611,2.5893,"60fd6618f9a377f54dcdf318","EC_0063.jpg"
"7713",2.552907986,2.4217,"60fd6618f9a377f54dcdf318","EC_0204.jpg"
"7714",3.934157986,1.8885,"60fd6618f9a377f54dcdf318","EC_0123.jpeg"
"7715",1.945876736,2.0051,"60fd6618f9a377f54dcdf318","EC_0024.jpg"
"7716",9.424913194,3.3719,"60fd6618f9a377f54dcdf318","EC_0207.jpg"
"7717",0.74765625,2.8058,"60fd6618f9a377f54dcdf318","EC_0161.jpg"
"7718",5.965581597,1.9228,"60fd6618f9a377f54dcdf318","EC_0061.jpg"
"7719",4.302170139,1.8228,"60fd6618f9a377f54dcdf318","EC_0040.jpg"
"7720",3.162239583,2.9247,"60fd6618f9a377f54dcdf318","EC_0098.jpg"
"7721",6.642708333,2.192,"60fd6618f9a377f54dcdf318","EC_0243.jpg"
"7722",0.617925347,2.4382,"60fd6618f9a377f54dcdf318","EC_0214.jpg"
"7723",0.406901042,3.639,"60fd6618f9a377f54dcdf318","EC_0227.jpg"
"7724",3.369574653,2.2555,"60fd6618f9a377f54dcdf318","EC_0081.jpg"
"7725",3.291883681,2.1239,"60fd6618f9a377f54dcdf318","EC_0120.jpg"
"7726",3.291883681,1.589,"60fd6618f9a377f54dcdf318","EC_0244.jpg"
"7727",5.995442708,1.8386,"60fd6618f9a377f54dcdf318","EC_0057.jpeg"
"7728",6.244010417,1.6732,"60fd6618f9a377f54dcdf318","EC_0046.jpg"
"7729",2.648177083,1.657,"60fd6618f9a377f54dcdf318","EC_0119.jpg"
"7730",3.448871528,1.6726,"60fd6618f9a377f54dcdf318","EC_0140.jpg"
"7731",0.751909722,2.6929,"60fd6618f9a377f54dcdf318","EC_0121.jpg"
"7732",4.036241319,5.0545,"60fd6618f9a377f54dcdf318","EC_0200.png"
"7733",1.346397569,2.3409,"60fd6618f9a377f54dcdf318","EC_0093.jpg"
"7734",7.563151042,2.4546,"60fd6618f9a377f54dcdf318","EC_0203.jpg"
"7735",2.4828125,2.871,"60fd6618f9a377f54dcdf318","EC_0051.jpg"
"7736",1.610633681,2.4059,"60fd6618f9a377f54dcdf318","EC_0234.jpg"
"7737",2.622092014,1.9406,"60fd6618f9a377f54dcdf318","EC_0060.jpg"
"7738",6.888585069,2.5226,"60fd6618f9a377f54dcdf318","EC_0108.jpg"
"7739",7.455685764,2.1726,"60fd6618f9a377f54dcdf318","EC_0008.jpg"
"7740",0.841232639,2.2048,"60fd6618f9a377f54dcdf318","EC_0027.jpg"
"7741",1.280902778,2.2903,"60fd6618f9a377f54dcdf318","EC_0007.jpg"
"7742",5.351996528,2.1722,"60fd6618f9a377f54dcdf318","EC_0224.jpg"
"7743",3.169184028,1.7549,"60fd6618f9a377f54dcdf318","EC_0032.jpg"
"7744",4.218315972,1.6721,"60fd6618f9a377f54dcdf318","EC_0029.jpg"
"7745",1.301736111,2.4407,"60fd6618f9a377f54dcdf318","EC_0180.jpg"
"7746",7.295963542,2.3725,"60fd6618f9a377f54dcdf318","EC_0087.jpg"
"7747",2.436414931,2.2728,"60fd6618f9a377f54dcdf318","EC_0221.jpg"
"7748",1.357291667,2.4702,"60fd6618f9a377f54dcdf318","EC_0071.jpg"
"7749",1.391319444,2.2741,"60fd6618f9a377f54dcdf318","EC_0001.jpg"
"7750",2.72578125,2.6086,"60fd6618f9a377f54dcdf318","EC_0233.jpg"
"7751",0.876605903,5.2383,"60fd6618f9a377f54dcdf318","EC_0105.jpg"
"7752",6.934548611,2.3394,"60fd6618f9a377f54dcdf318","EC_0030.jpg"
"7753",0.806814236,2.6072,"60fd6618f9a377f54dcdf318","EC_0201.jpg"
"7754",2.200390625,2.1885,"60fd6618f9a377f54dcdf318","EC_0133.jpg"
"7755",1.414366319,2.4407,"60fd6618f9a377f54dcdf318","EC_0129.jpeg"
"7756",2.292925347,2.188,"60fd6618f9a377f54dcdf318","EC_0219.jpg"
"7757",3.427387153,1.9378,"60fd6618f9a377f54dcdf318","EC_0047.jpg"
"7758",5.492491319,1.9557,"60fd6618f9a377f54dcdf318","EC_0209.jpg"
"7759",1.77421875,2.4058,"60fd6618f9a377f54dcdf318","EC_0195.jpg"
"7760",1.476085069,2.4408,"60fd6618f9a377f54dcdf318","EC_0139.png"
"7761",7.268142361,2.6568,"60fd6618f9a377f54dcdf318","EC_0159.jpg"
"7762",2.421571181,2.1564,"60fd6618f9a377f54dcdf318","EC_0056.jpg"
"7763",3.407769097,1.973,"60fd6618f9a377f54dcdf318","EC_0162.jpg"
"7764",4.336892361,2.0222,"60fd6618f9a377f54dcdf318","EC_0031.jpg"
"7765",6.416536458,2.3397,"60fd6618f9a377f54dcdf318","EC_0070.jpg"
"7766",2.459114583,2.7723,"60fd6618f9a377f54dcdf318","EC_0206.png"
"7767",7.968489583,3.0076,"60fd6618f9a377f54dcdf318","EC_0174.jpg"
"7768",1.398003472,2.7069,"60fd6618f9a377f54dcdf318","EC_0067.jpg"
"7769",4.861154514,3.0237,"60fd6618f9a377f54dcdf318","EC_0167.jpg"
"7770",0.824739583,2.7568,"60fd6618f9a377f54dcdf318","EC_0176.jpg"
"7771",3.055555556,2.882,"61001c31a2048dd7cd36d392","EC_0062.jpg"
"7772",4,2.807,"61001c31a2048dd7cd36d392","EC_0167.jpg"
"7773",7.055555556,3.313,"61001c31a2048dd7cd36d392","EC_0094.jpg"
"7774",9.033333333,4.013,"61001c31a2048dd7cd36d392","EC_0038.jpg"
"7775",9.911111111,3.466,"61001c31a2048dd7cd36d392","EC_0244.jpg"
"7776",9.077777778,2.772,"61001c31a2048dd7cd36d392","EC_0032.jpg"
"7777",2.033333333,4.221,"61001c31a2048dd7cd36d392","EC_0154.jpg"
"7778",3.033333333,3.406,"61001c31a2048dd7cd36d392","EC_0053.jpg"
"7779",5.977777778,4.292,"61001c31a2048dd7cd36d392","EC_0241.jpg"
"7780",9.977777778,3.971,"61001c31a2048dd7cd36d392","EC_0104.jpg"
"7781",8.011111111,3.978,"61001c31a2048dd7cd36d392","EC_0123.jpeg"
"7782",8.977777778,2.663,"61001c31a2048dd7cd36d392","EC_0157.jpg"
"7783",6.022222222,3.318,"61001c31a2048dd7cd36d392","EC_0187.jpeg"
"7784",3.944444444,3.805,"61001c31a2048dd7cd36d392","EC_0054.jpg"
"7785",7.977777778,3.123,"61001c31a2048dd7cd36d392","EC_0017.jpg"
"7786",7.988888889,3.34,"61001c31a2048dd7cd36d392","EC_0095.jpg"
"7787",9.033333333,2.823,"61001c31a2048dd7cd36d392","EC_0106.jpg"
"7788",9.888888889,2.955,"61001c31a2048dd7cd36d392","EC_0219.jpg"
"7789",8.977777778,2.891,"61001c31a2048dd7cd36d392","EC_0001.jpg"
"7790",5.033333333,3.454,"61001c31a2048dd7cd36d392","EC_0197.jpg"
"7791",3.011111111,4.772,"61001c31a2048dd7cd36d392","EC_0242.jpg"
"7792",8.022222222,3.008,"61001c31a2048dd7cd36d392","EC_0248.jpg"
"7793",3.966666667,3.786,"61001c31a2048dd7cd36d392","EC_0061.jpg"
"7794",7.911111111,3.157,"61001c31a2048dd7cd36d392","EC_0022.jpg"
"7795",9.033333333,2.924,"61001c31a2048dd7cd36d392","EC_0205.jpg"
"7796",4.966666667,3.31,"61001c31a2048dd7cd36d392","EC_0049.jpg"
"7797",9.911111111,3.214,"61001c31a2048dd7cd36d392","EC_0105.jpg"
"7798",9,3.143,"61001c31a2048dd7cd36d392","EC_0150.jpg"
"7799",9.966666667,2.86,"61001c31a2048dd7cd36d392","EC_0156.jpg"
"7800",2.011111111,3.354,"61001c31a2048dd7cd36d392","EC_0009.jpg"
"7801",9.955555556,2.809,"61001c31a2048dd7cd36d392","EC_0029.jpg"
"7802",9.955555556,2.107,"61001c31a2048dd7cd36d392","EC_0014.jpg"
"7803",9,2.889,"61001c31a2048dd7cd36d392","EC_0008.jpg"
"7804",7,3.277,"61001c31a2048dd7cd36d392","EC_0206.png"
"7805",6.011111111,3.314,"61001c31a2048dd7cd36d392","EC_0204.jpg"
"7806",7,2.721,"61001c31a2048dd7cd36d392","EC_0172.jpg"
"7807",8.888888889,2.722,"61001c31a2048dd7cd36d392","EC_0149.jpg"
"7808",8.055555556,4.036,"61001c31a2048dd7cd36d392","EC_0098.jpg"
"7809",7.977777778,6.127,"61001c31a2048dd7cd36d392","EC_0028.jpg"
"7810",2.055555556,3.805,"61001c31a2048dd7cd36d392","EC_0005.jpg"
"7811",0.122222222,2.973,"61001c31a2048dd7cd36d392","EC_0161.jpg"
"7812",8.011111111,3.556,"61001c31a2048dd7cd36d392","EC_0194.jpg"
"7813",6.988888889,3.073,"61001c31a2048dd7cd36d392","EC_0013.jpg"
"7814",8.955555556,2.626,"61001c31a2048dd7cd36d392","EC_0223.jpg"
"7815",5.033333333,2.97,"61001c31a2048dd7cd36d392","EC_0070.jpg"
"7816",9.911111111,3.025,"61001c31a2048dd7cd36d392","EC_0041.jpg"
"7817",9.922222222,2.174,"61001c31a2048dd7cd36d392","EC_0173.jpg"
"7818",3.011111111,4.407,"61001c31a2048dd7cd36d392","EC_0164.jpg"
"7819",2.1,3.675,"61001c31a2048dd7cd36d392","EC_0199.jpg"
"7820",4.911111111,2.693,"61001c31a2048dd7cd36d392","EC_0142.jpg"
"7821",6.988888889,5.012,"61001c31a2048dd7cd36d392","EC_0090.jpg"
"7822",9.888888889,4.103,"61001c31a2048dd7cd36d392","EC_0063.jpg"
"7823",7.044444444,6.492,"61001c31a2048dd7cd36d392","EC_0140.jpg"
"7824",5.033333333,3.023,"61001c31a2048dd7cd36d392","EC_0048.jpg"
"7825",9.788888889,9.303,"61001c31a2048dd7cd36d392","EC_0069.jpg"
"7826",2.077777778,3.82,"61001c31a2048dd7cd36d392","EC_0034.jpg"
"7827",9.911111111,3.507,"61001c31a2048dd7cd36d392","EC_0236.jpg"
"7828",3.044444444,5.369,"61001c31a2048dd7cd36d392","EC_0151.jpg"
"7829",9.988888889,3.175,"61001c31a2048dd7cd36d392","EC_0067.jpg"
"7830",1.022222222,4.443,"61001c31a2048dd7cd36d392","EC_0125.jpeg"
"7831",8.011111111,2.529,"61001c31a2048dd7cd36d392","EC_0086.jpg"
"7832",9.8,2.671,"61001c31a2048dd7cd36d392","EC_0118.jpg"
"7833",5.977777778,3.213,"61001c31a2048dd7cd36d392","EC_0051.jpg"
"7834",7.011111111,2.592,"61001c31a2048dd7cd36d392","EC_0166.jpg"
"7835",7.988888889,4.259,"61001c31a2048dd7cd36d392","EC_0185.jpg"
"7836",7.966666667,2.845,"61001c31a2048dd7cd36d392","EC_0012.jpg"
"7837",8.988888889,2.463,"61001c31a2048dd7cd36d392","EC_0168.jpeg"
"7838",4.922222222,3.249,"61001c31a2048dd7cd36d392","EC_0137.jpg"
"7839",0.177777778,3.722,"61001c31a2048dd7cd36d392","EC_0103.jpg"
"7840",5,2.957,"61001c31a2048dd7cd36d392","EC_0139.png"
"7841",7.9,2.857,"61001c31a2048dd7cd36d392","EC_0200.png"
"7842",9.9,2.777,"61001c31a2048dd7cd36d392","EC_0117.jpg"
"7843",9.044444444,2.774,"61001c31a2048dd7cd36d392","EC_0213.jpg"
"7844",9.944444444,3.013,"61001c31a2048dd7cd36d392","EC_0083.jpg"
"7845",9.944444444,4.622,"61001c31a2048dd7cd36d392","EC_0096.jpg"
"7846",7.022222222,5.508,"61001c31a2048dd7cd36d392","EC_0238.jpg"
"7847",7.911111111,6.863,"61001c31a2048dd7cd36d392","EC_0158.jpg"
"7848",7.033333333,2.979,"61001c31a2048dd7cd36d392","EC_0089.jpg"
"7849",9.011111111,4.801,"61001c31a2048dd7cd36d392","EC_0138.png"
"7850",9.955555556,4.355,"61001c31a2048dd7cd36d392","EC_0072.jpg"
"7851",9.255555556,5.638,"61001c31a2048dd7cd36d392","EC_0031.jpg"
"7852",0.766666667,3.692,"61001c31a2048dd7cd36d392","EC_0184.jpg"
"7853",2.011111111,3.509,"61001c31a2048dd7cd36d392","EC_0183.jpg"
"7854",8.977777778,4.054,"61001c31a2048dd7cd36d392","EC_0109.jpg"
"7855",3.011111111,2.83,"61001c31a2048dd7cd36d392","EC_0027.jpg"
"7856",9.9,3.303,"61001c31a2048dd7cd36d392","EC_0006.jpg"
"7857",9.9,2.063,"61001c31a2048dd7cd36d392","EC_0196.jpg"
"7858",3.088888889,2.945,"61001c31a2048dd7cd36d392","EC_0243.jpg"
"7859",6.955555556,2.915,"61001c31a2048dd7cd36d392","EC_0195.jpg"
"7860",7.877777778,3.836,"61001c31a2048dd7cd36d392","EC_0224.jpg"
"7861",7.944444444,2.448,"61001c31a2048dd7cd36d392","EC_0233.jpg"
"7862",9.922222222,2.74,"61001c31a2048dd7cd36d392","EC_0020.jpg"
"7863",3.077777778,2.936,"61001c31a2048dd7cd36d392","EC_0066.jpg"
"7864",9.022222222,2.952,"61001c31a2048dd7cd36d392","EC_0245.jpg"
"7865",0.2,3.726,"61001c31a2048dd7cd36d392","EC_0077.jpg"
"7866",4.066666667,4.895,"61001c31a2048dd7cd36d392","EC_0228.jpg"
"7867",1,4.112,"61001c31a2048dd7cd36d392","EC_0198.jpg"
"7868",8.044444444,3.121,"61001c31a2048dd7cd36d392","EC_0239.jpg"
"7869",2.066666667,3.089,"61001c31a2048dd7cd36d392","EC_0074.jpg"
"7870",7.088888889,2.694,"61001c31a2048dd7cd36d392","EC_0201.jpg"
"7871",1.833333333,42.516,"61001c31a2048dd7cd36d392","EC_0249.jpg"
"7872",2.922222222,7.14,"61001c31a2048dd7cd36d392","EC_0177.jpg"
"7873",9.1,3.003,"61001c31a2048dd7cd36d392","EC_0171.jpg"
"7874",5.977777778,3.092,"61001c31a2048dd7cd36d392","EC_0235.jpg"
"7875",0.111111111,2.706,"61001c31a2048dd7cd36d392","EC_0075.jpg"
"7876",7.088888889,2.726,"61001c31a2048dd7cd36d392","EC_0120.jpg"
"7877",5.188888889,2.811,"61001c31a2048dd7cd36d392","EC_0247.jpg"
"7878",5.933333333,3.014,"61001c31a2048dd7cd36d392","EC_0163.jpg"
"7879",8.011111111,3.205,"61001c31a2048dd7cd36d392","EC_0214.jpg"
"7880",8.088888889,2.64,"61001c31a2048dd7cd36d392","EC_0002.jpg"
"7881",4,3.743,"61001c31a2048dd7cd36d392","EC_0044.jpg"
"7882",2.844444444,6.158,"61001c31a2048dd7cd36d392","EC_0085.jpg"
"7883",8.088888889,4.092,"61001c31a2048dd7cd36d392","EC_0080.jpg"
"7884",9.811111111,2.705,"61001c31a2048dd7cd36d392","EC_0108.jpg"
"7885",4.033333333,2.87,"61001c31a2048dd7cd36d392","EC_0135.jpg"
"7886",4.055555556,2.504,"61001c31a2048dd7cd36d392","EC_0084.jpg"
"7887",6.166666667,3.024,"61001c31a2048dd7cd36d392","EC_0121.jpg"
"7888",6.155555556,2.176,"61001c31a2048dd7cd36d392","EC_0211.jpg"
"7889",6.988888889,2.829,"61001c31a2048dd7cd36d392","EC_0011.jpg"
"7890",4.988888889,2.671,"61001c31a2048dd7cd36d392","EC_0181.jpg"
"7891",4,2.304,"61001c31a2048dd7cd36d392","EC_0176.jpg"
"7892",6.977777778,2.988,"61001c31a2048dd7cd36d392","EC_0042.jpg"
"7893",2.055555556,3.041,"61001c31a2048dd7cd36d392","EC_0088.jpg"
"7894",7.922222222,2.872,"61001c31a2048dd7cd36d392","EC_0237.jpg"
"7895",8.955555556,2.606,"61001c31a2048dd7cd36d392","EC_0152.jpg"
"7896",9.711111111,2.456,"61001c31a2048dd7cd36d392","EC_0003.jpg"
"7897",9.833333333,2.375,"61001c31a2048dd7cd36d392","EC_0018.jpg"
"7898",3.033333333,3.077,"61001c31a2048dd7cd36d392","EC_0016.jpg"
"7899",4.044444444,3.797,"61001c31a2048dd7cd36d392","EC_0210.jpg"
"7900",7,2.908,"61001c31a2048dd7cd36d392","EC_0231.jpg"
"7901",9.822222222,2.84,"61001c31a2048dd7cd36d392","EC_0039.jpg"
"7902",8.844444444,2.481,"61001c31a2048dd7cd36d392","EC_0240.jpg"
"7903",3.966666667,2.941,"61001c31a2048dd7cd36d392","EC_0226.jpg"
"7904",8.022222222,3.06,"61001c31a2048dd7cd36d392","EC_0101.jpg"
"7905",4.933333333,3.927,"61001c31a2048dd7cd36d392","EC_0202.jpg"
"7906",2.133333333,4.074,"61001c31a2048dd7cd36d392","EC_0111.jpg"
"7907",1.055555556,3.273,"61001c31a2048dd7cd36d392","EC_0131.jpg"
"7908",5.088888889,2.72,"61001c31a2048dd7cd36d392","EC_0203.jpg"
"7909",9.544444444,2.725,"61001c31a2048dd7cd36d392","EC_0037.jpg"
"7910",7.888888889,2.626,"61001c31a2048dd7cd36d392","EC_0030.jpg"
"7911",8.977777778,2.546,"61001c31a2048dd7cd36d392","EC_0099.jpg"
"7912",7.044444444,6.363,"61001c31a2048dd7cd36d392","EC_0165.jpg"
"7913",9.122222222,2.619,"61001c31a2048dd7cd36d392","EC_0170.jpg"
"7914",9.955555556,2.69,"61001c31a2048dd7cd36d392","EC_0019.jpg"
"7915",9.611111111,2.309,"61001c31a2048dd7cd36d392","EC_0153.jpg"
"7916",8.044444444,2.41,"61001c31a2048dd7cd36d392","EC_0119.jpg"
"7917",5.933333333,3.91,"61001c31a2048dd7cd36d392","EC_0033.jpeg"
"7918",4,2.998,"61001c31a2048dd7cd36d392","EC_0230.jpg"
"7919",6.911111111,3.954,"61001c31a2048dd7cd36d392","EC_0071.jpg"
"7920",8.011111111,3.139,"61001c31a2048dd7cd36d392","EC_0024.jpg"
"7921",7.8,2.678,"61001c31a2048dd7cd36d392","EC_0007.jpg"
"7922",3.044444444,3.473,"61001c31a2048dd7cd36d392","EC_0209.jpg"
"7923",9.966666667,3.19,"61001c31a2048dd7cd36d392","EC_0102.jpg"
"7924",9.022222222,2.626,"61001c31a2048dd7cd36d392","EC_0116.jpg"
"7925",7.955555556,2.945,"61001c31a2048dd7cd36d392","EC_0180.jpg"
"7926",4.988888889,2.712,"61001c31a2048dd7cd36d392","EC_0148.jpg"
"7927",3.877777778,3.851,"61001c31a2048dd7cd36d392","EC_0113.jpg"
"7928",9.888888889,2.778,"61001c31a2048dd7cd36d392","EC_0010.jpg"
"7929",1.9,3.387,"61001c31a2048dd7cd36d392","EC_0040.jpg"
"7930",8.066666667,2.942,"61001c31a2048dd7cd36d392","EC_0193.png"
"7931",2.211111111,2.91,"61001c31a2048dd7cd36d392","EC_0246.jpg"
"7932",9.8,2.898,"61001c31a2048dd7cd36d392","EC_0134.jpg"
"7933",6.966666667,5.86,"61001c31a2048dd7cd36d392","EC_0064.jpg"
"7934",9.155555556,3.138,"61001c31a2048dd7cd36d392","EC_0128.jpeg"
"7935",7.966666667,3.39,"61001c31a2048dd7cd36d392","EC_0188.jpg"
"7936",9.211111111,2.692,"61001c31a2048dd7cd36d392","EC_0234.jpg"
"7937",8.022222222,3.89,"61001c31a2048dd7cd36d392","EC_0115.jpg"
"7938",8.988888889,2.508,"61001c31a2048dd7cd36d392","EC_0092.jpg"
"7939",9.955555556,3.075,"61001c31a2048dd7cd36d392","EC_0207.jpg"
"7940",2.088888889,3.474,"61001c31a2048dd7cd36d392","EC_0100.jpg"
"7941",1.088888889,2.891,"61001c31a2048dd7cd36d392","EC_0058.jpg"
"7942",4.033333333,2.888,"61001c31a2048dd7cd36d392","EC_0047.jpg"
"7943",4.111111111,2.47,"61001c31a2048dd7cd36d392","EC_0059.jpg"
"7944",8.966666667,3.052,"61001c31a2048dd7cd36d392","EC_0065.jpg"
"7945",9.866666667,2.839,"61001c31a2048dd7cd36d392","EC_0081.jpg"
"7946",4.977777778,3.207,"61001c31a2048dd7cd36d392","EC_0182.jpg"
"7947",5.933333333,4.271,"61001c31a2048dd7cd36d392","EC_0141.jpg"
"7948",3.022222222,3.254,"61001c31a2048dd7cd36d392","EC_0068.jpg"
"7949",4.888888889,2.725,"61001c31a2048dd7cd36d392","EC_0250.jpg"
"7950",7.044444444,4.563,"61001c31a2048dd7cd36d392","EC_0036.jpeg"
"7951",9.1,2.821,"61001c31a2048dd7cd36d392","EC_0160.jpg"
"7952",9.077777778,3.025,"61001c31a2048dd7cd36d392","EC_0097.jpg"
"7953",0.977777778,2.929,"61001c31a2048dd7cd36d392","EC_0227.jpg"
"7954",2.933333333,3.108,"61001c31a2048dd7cd36d392","EC_0055.jpg"
"7955",9.977777778,2.942,"61001c31a2048dd7cd36d392","EC_0169.png"
"7956",6.944444444,2.827,"61001c31a2048dd7cd36d392","EC_0232.jpg"
"7957",7.911111111,2.464,"61001c31a2048dd7cd36d392","EC_0082.jpg"
"7958",1.855555556,2.837,"61001c31a2048dd7cd36d392","EC_0133.jpg"
"7959",1.922222222,3.995,"61001c31a2048dd7cd36d392","EC_0222.jpg"
"7960",8.022222222,2.963,"61001c31a2048dd7cd36d392","EC_0221.jpg"
"7961",2.944444444,3.402,"61001c31a2048dd7cd36d392","EC_0159.jpg"
"7962",9.911111111,3.224,"61001c31a2048dd7cd36d392","EC_0057.jpeg"
"7963",9.911111111,2.189,"61001c31a2048dd7cd36d392","EC_0046.jpg"
"7964",9.911111111,1.969,"61001c31a2048dd7cd36d392","EC_0073.jpg"
"7965",8,2.74,"61001c31a2048dd7cd36d392","EC_0093.jpg"
"7966",6,3.376,"61001c31a2048dd7cd36d392","EC_0147.png"
"7967",8.955555556,2.661,"61001c31a2048dd7cd36d392","EC_0229.jpg"
"7968",8.988888889,2.346,"61001c31a2048dd7cd36d392","EC_0060.jpg"
"7969",7.011111111,3.203,"61001c31a2048dd7cd36d392","EC_0087.jpg"
"7970",8.077777778,2.89,"61001c31a2048dd7cd36d392","EC_0124.jpeg"
"7971",9.822222222,3.291,"61001c31a2048dd7cd36d392","EC_0132.jpg"
"7972",8.033333333,6.731,"61001c31a2048dd7cd36d392","EC_0015.jpg"
"7973",4.9,3.603,"61001c31a2048dd7cd36d392","EC_0136.jpg"
"7974",6.988888889,3.389,"61001c31a2048dd7cd36d392","EC_0056.jpg"
"7975",0.044444444,5.923,"61001c31a2048dd7cd36d392","EC_0076.jpg"
"7976",2.8,3.357,"61001c31a2048dd7cd36d392","EC_0174.jpg"
"7977",1.9,5.938,"61001c31a2048dd7cd36d392","EC_0129.jpeg"
"7978",9.1,5.236,"61001c31a2048dd7cd36d392","EC_0050.jpg"
"7979",9.877777778,3.77,"61001c31a2048dd7cd36d392","EC_0079.jpg"
"7980",0.988888889,3.707,"61001c31a2048dd7cd36d392","EC_0162.jpg"
"7981",1.002604167,7.0131,"6108295fdd0270d7544b5a8a","EC_0242.jpg"
"7982",0,3.0541,"6108295fdd0270d7544b5a8a","EC_0019.jpg"
"7983",7.955729167,3.3385,"6108295fdd0270d7544b5a8a","EC_0007.jpg"
"7984",1.041666667,3.218,"6108295fdd0270d7544b5a8a","EC_0027.jpg"
"7985",0.924479167,3.0045,"6108295fdd0270d7544b5a8a","EC_0197.jpg"
"7986",3.997395833,3.9542,"6108295fdd0270d7544b5a8a","EC_0158.jpg"
"7987",5.924479167,5.6462,"6108295fdd0270d7544b5a8a","EC_0083.jpg"
"7988",0.026041667,4.6082,"6108295fdd0270d7544b5a8a","EC_0128.jpeg"
"7989",8.0078125,3.7129,"6108295fdd0270d7544b5a8a","EC_0230.jpg"
"7990",6.9921875,3.7196,"6108295fdd0270d7544b5a8a","EC_0031.jpg"
"7991",0.052083333,3.7375,"6108295fdd0270d7544b5a8a","EC_0013.jpg"
"7992",1.9921875,4.1194,"6108295fdd0270d7544b5a8a","EC_0229.jpg"
"7993",7.109375,3.2736,"6108295fdd0270d7544b5a8a","EC_0118.jpg"
"7994",7.994791667,3.4485,"6108295fdd0270d7544b5a8a","EC_0135.jpg"
"7995",5.963541667,4.237,"6108295fdd0270d7544b5a8a","EC_0125.jpeg"
"7996",7.981770833,4.4966,"6108295fdd0270d7544b5a8a","EC_0008.jpg"
"7997",1.067708333,3.2611,"6108295fdd0270d7544b5a8a","EC_0121.jpg"
"7998",0.989583333,4.5713,"6108295fdd0270d7544b5a8a","EC_0232.jpg"
"7999",2.994791667,3.3154,"6108295fdd0270d7544b5a8a","EC_0200.png"
"8000",1.927083333,3.2026,"6108295fdd0270d7544b5a8a","EC_0038.jpg"
"8001",3.033854167,3.6902,"6108295fdd0270d7544b5a8a","EC_0150.jpg"
"8002",3.020833333,4.2007,"6108295fdd0270d7544b5a8a","EC_0202.jpg"
"8003",6.0546875,3.9007,"6108295fdd0270d7544b5a8a","EC_0084.jpg"
"8004",2.057291667,4.3752,"6108295fdd0270d7544b5a8a","EC_0096.jpg"
"8005",1.0546875,2.9841,"6108295fdd0270d7544b5a8a","EC_0001.jpg"
"8006",9.986979167,3.3727,"6108295fdd0270d7544b5a8a","EC_0077.jpg"
"8007",2.03125,3.3908,"6108295fdd0270d7544b5a8a","EC_0106.jpg"
"8008",0.026041667,5.3699,"6108295fdd0270d7544b5a8a","EC_0058.jpg"
"8009",3.111979167,2.9656,"6108295fdd0270d7544b5a8a","EC_0250.jpg"
"8010",5,3.4884,"6108295fdd0270d7544b5a8a","EC_0177.jpg"
"8011",0.0390625,4.0291,"6108295fdd0270d7544b5a8a","EC_0108.jpg"
"8012",9.934895833,3.8583,"6108295fdd0270d7544b5a8a","EC_0207.jpg"
"8013",6.953125,3.0073,"6108295fdd0270d7544b5a8a","EC_0100.jpg"
"8014",0.2734375,3.7232,"6108295fdd0270d7544b5a8a","EC_0020.jpg"
"8015",6.080729167,2.7673,"6108295fdd0270d7544b5a8a","EC_0172.jpg"
"8016",0.0390625,3.1879,"6108295fdd0270d7544b5a8a","EC_0040.jpg"
"8017",8.033854167,3.2661,"6108295fdd0270d7544b5a8a","EC_0085.jpg"
"8018",9.114583333,2.8493,"6108295fdd0270d7544b5a8a","EC_0246.jpg"
"8019",2.747395833,3.4758,"6108295fdd0270d7544b5a8a","EC_0176.jpg"
"8020",2.916666667,2.9334,"6108295fdd0270d7544b5a8a","EC_0147.png"
"8021",1.9921875,3.2297,"6108295fdd0270d7544b5a8a","EC_0039.jpg"
"8022",9.973958333,3.3501,"6108295fdd0270d7544b5a8a","EC_0044.jpg"
"8023",5.872395833,3.8501,"6108295fdd0270d7544b5a8a","EC_0223.jpg"
"8024",0.416666667,3.69,"6108295fdd0270d7544b5a8a","EC_0214.jpg"
"8025",0,2.982,"6108295fdd0270d7544b5a8a","EC_0228.jpg"
"8026",3.125,3.4682,"6108295fdd0270d7544b5a8a","EC_0093.jpg"
"8027",0,3.9327,"6108295fdd0270d7544b5a8a","EC_0095.jpg"
"8028",0.013020833,5.4146,"6108295fdd0270d7544b5a8a","EC_0033.jpeg"
"8029",0.078125,3.1257,"6108295fdd0270d7544b5a8a","EC_0049.jpg"
"8030",5.3125,4.8322,"6108295fdd0270d7544b5a8a","EC_0199.jpg"
"8031",3.9453125,4.0178,"6108295fdd0270d7544b5a8a","EC_0075.jpg"
"8032",0.052083333,3.3266,"6108295fdd0270d7544b5a8a","EC_0055.jpg"
"8033",0.052083333,3.7815,"6108295fdd0270d7544b5a8a","EC_0161.jpg"
"8034",4.973958333,3.4763,"6108295fdd0270d7544b5a8a","EC_0046.jpg"
"8035",9.986979167,3.6158,"6108295fdd0270d7544b5a8a","EC_0247.jpg"
"8036",8.033854167,3.5769,"6108295fdd0270d7544b5a8a","EC_0003.jpg"
"8037",8.033854167,3.3609,"6108295fdd0270d7544b5a8a","EC_0102.jpg"
"8038",0.065104167,5.7898,"6108295fdd0270d7544b5a8a","EC_0032.jpg"
"8039",2.0703125,2.9888,"6108295fdd0270d7544b5a8a","EC_0203.jpg"
"8040",2.96875,3.3671,"6108295fdd0270d7544b5a8a","EC_0115.jpg"
"8041",3.984375,3.0997,"6108295fdd0270d7544b5a8a","EC_0210.jpg"
"8042",9.908854167,4.6204,"6108295fdd0270d7544b5a8a","EC_0141.jpg"
"8043",9.908854167,2.3877,"6108295fdd0270d7544b5a8a","EC_0138.png"
"8044",8.033854167,3.5684,"6108295fdd0270d7544b5a8a","EC_0002.jpg"
"8045",5.8984375,5.0855,"6108295fdd0270d7544b5a8a","EC_0099.jpg"
"8046",5.989583333,4.5511,"6108295fdd0270d7544b5a8a","EC_0087.jpg"
"8047",9.088541667,4.4135,"6108295fdd0270d7544b5a8a","EC_0245.jpg"
"8048",1.067708333,3.26,"6108295fdd0270d7544b5a8a","EC_0152.jpg"
"8049",0.104166667,3.678,"6108295fdd0270d7544b5a8a","EC_0090.jpg"
"8050",1.315104167,3.9655,"6108295fdd0270d7544b5a8a","EC_0064.jpg"
"8051",4.0234375,3.9079,"6108295fdd0270d7544b5a8a","EC_0070.jpg"
"8052",7.018229167,4.5301,"6108295fdd0270d7544b5a8a","EC_0198.jpg"
"8053",1.4453125,3.2837,"6108295fdd0270d7544b5a8a","EC_0097.jpg"
"8054",9.075520833,4.5928,"6108295fdd0270d7544b5a8a","EC_0062.jpg"
"8055",9.075520833,3.2123,"6108295fdd0270d7544b5a8a","EC_0183.jpg"
"8056",1.25,3.5669,"6108295fdd0270d7544b5a8a","EC_0071.jpg"
"8057",7.890625,3.2514,"6108295fdd0270d7544b5a8a","EC_0221.jpg"
"8058",3.0078125,2.923,"6108295fdd0270d7544b5a8a","EC_0009.jpg"
"8059",0,3.9305,"6108295fdd0270d7544b5a8a","EC_0120.jpg"
"8060",1.927083333,2.9528,"6108295fdd0270d7544b5a8a","EC_0226.jpg"
"8061",1.731770833,3.6388,"6108295fdd0270d7544b5a8a","EC_0101.jpg"
"8062",0.9375,2.6895,"6108295fdd0270d7544b5a8a","EC_0174.jpg"
"8063",2.044270833,3.0929,"6108295fdd0270d7544b5a8a","EC_0131.jpg"
"8064",9.986979167,3.2272,"6108295fdd0270d7544b5a8a","EC_0243.jpg"
"8065",0.15625,3.1207,"6108295fdd0270d7544b5a8a","EC_0047.jpg"
"8066",3.190104167,2.783,"6108295fdd0270d7544b5a8a","EC_0060.jpg"
"8067",6.2109375,3.2299,"6108295fdd0270d7544b5a8a","EC_0157.jpg"
"8068",0.052083333,3.4505,"6108295fdd0270d7544b5a8a","EC_0165.jpg"
"8069",8.059895833,3.0533,"6108295fdd0270d7544b5a8a","EC_0137.jpg"
"8070",9.986979167,4.8906,"6108295fdd0270d7544b5a8a","EC_0185.jpg"
"8071",10,4.8266,"6108295fdd0270d7544b5a8a","EC_0063.jpg"
"8072",0.989583333,4.9645,"6108295fdd0270d7544b5a8a","EC_0012.jpg"
"8073",9.973958333,6.0509,"6108295fdd0270d7544b5a8a","EC_0074.jpg"
"8074",6.497395833,3.1179,"6108295fdd0270d7544b5a8a","EC_0248.jpg"
"8075",4.700520833,3.6538,"6108295fdd0270d7544b5a8a","EC_0018.jpg"
"8076",3.2421875,3.1507,"6108295fdd0270d7544b5a8a","EC_0166.jpg"
"8077",5.520833333,3.73,"6108295fdd0270d7544b5a8a","EC_0148.jpg"
"8078",1.354166667,3.7712,"6108295fdd0270d7544b5a8a","EC_0156.jpg"
"8079",0.026041667,4.8578,"6108295fdd0270d7544b5a8a","EC_0206.png"
"8080",2.044270833,3.202,"6108295fdd0270d7544b5a8a","EC_0109.jpg"
"8081",4.244791667,5.2478,"6108295fdd0270d7544b5a8a","EC_0133.jpg"
"8082",9.466145833,7.6313,"6108295fdd0270d7544b5a8a","EC_0059.jpg"
"8083",2.916666667,3.0545,"6108295fdd0270d7544b5a8a","EC_0104.jpg"
"8084",0.052083333,3.1381,"6108295fdd0270d7544b5a8a","EC_0244.jpg"
"8085",2.044270833,6.9138,"6108295fdd0270d7544b5a8a","EC_0094.jpg"
"8086",0.1171875,6.7679,"6108295fdd0270d7544b5a8a","EC_0227.jpg"
"8087",0.026041667,4.9226,"6108295fdd0270d7544b5a8a","EC_0054.jpg"
"8088",7.96875,4.2987,"6108295fdd0270d7544b5a8a","EC_0030.jpg"
"8089",7.096354167,5.9459,"6108295fdd0270d7544b5a8a","EC_0193.png"
"8090",2.122395833,3.5663,"6108295fdd0270d7544b5a8a","EC_0173.jpg"
"8091",0.0390625,4.5743,"6108295fdd0270d7544b5a8a","EC_0119.jpg"
"8092",2.018229167,8.2502,"6108295fdd0270d7544b5a8a","EC_0034.jpg"
"8093",9.973958333,4.136,"6108295fdd0270d7544b5a8a","EC_0076.jpg"
"8094",0,5.8067,"6108295fdd0270d7544b5a8a","EC_0053.jpg"
"8095",9.322916667,4.7192,"6108295fdd0270d7544b5a8a","EC_0142.jpg"
"8096",0,4.697,"6108295fdd0270d7544b5a8a","EC_0048.jpg"
"8097",4.153645833,7.4293,"6108295fdd0270d7544b5a8a","EC_0236.jpg"
"8098",9.661458333,3.4957,"6108295fdd0270d7544b5a8a","EC_0132.jpg"
"8099",5.989583333,3.0688,"6108295fdd0270d7544b5a8a","EC_0237.jpg"
"8100",6.575520833,3.2884,"6108295fdd0270d7544b5a8a","EC_0153.jpg"
"8101",2.434895833,3.6603,"6108295fdd0270d7544b5a8a","EC_0086.jpg"
"8102",7.65625,3.5475,"6108295fdd0270d7544b5a8a","EC_0061.jpg"
"8103",0,4.3964,"6108295fdd0270d7544b5a8a","EC_0134.jpg"
"8104",6.2890625,3.8163,"6108295fdd0270d7544b5a8a","EC_0240.jpg"
"8105",8.28125,4.4757,"6108295fdd0270d7544b5a8a","EC_0016.jpg"
"8106",6.432291667,3.2536,"6108295fdd0270d7544b5a8a","EC_0182.jpg"
"8107",9.427083333,3.6008,"6108295fdd0270d7544b5a8a","EC_0231.jpg"
"8108",0.703125,3.3082,"6108295fdd0270d7544b5a8a","EC_0171.jpg"
"8109",0,8.2075,"6108295fdd0270d7544b5a8a","EC_0123.jpeg"
"8110",0,4.5631,"6108295fdd0270d7544b5a8a","EC_0041.jpg"
"8111",7.890625,3.3167,"6108295fdd0270d7544b5a8a","EC_0209.jpg"
"8112",6.393229167,5.3415,"6108295fdd0270d7544b5a8a","EC_0006.jpg"
"8113",8.229166667,4.1096,"6108295fdd0270d7544b5a8a","EC_0196.jpg"
"8114",1.705729167,4.0255,"6108295fdd0270d7544b5a8a","EC_0017.jpg"
"8115",3.450520833,4.0317,"6108295fdd0270d7544b5a8a","EC_0201.jpg"
"8116",0.768229167,6.5351,"6108295fdd0270d7544b5a8a","EC_0081.jpg"
"8117",2.96875,8.0779,"6108295fdd0270d7544b5a8a","EC_0067.jpg"
"8118",3.815104167,2.9782,"6108295fdd0270d7544b5a8a","EC_0160.jpg"
"8119",0,4.6887,"6108295fdd0270d7544b5a8a","EC_0219.jpg"
"8120",2.005208333,5.1476,"6108295fdd0270d7544b5a8a","EC_0056.jpg"
"8121",7.34375,4.1466,"6108295fdd0270d7544b5a8a","EC_0194.jpg"
"8122",1.471354167,3.1947,"6108295fdd0270d7544b5a8a","EC_0211.jpg"
"8123",5.364583333,2.9794,"6108295fdd0270d7544b5a8a","EC_0139.png"
"8124",9.388020833,3.3334,"6108295fdd0270d7544b5a8a","EC_0188.jpg"
"8125",0,4.1411,"6108295fdd0270d7544b5a8a","EC_0204.jpg"
"8126",3.059895833,4.4825,"6108295fdd0270d7544b5a8a","EC_0136.jpg"
"8127",8.28125,3.1733,"6108295fdd0270d7544b5a8a","EC_0238.jpg"
"8128",6.484375,3.1209,"6108295fdd0270d7544b5a8a","EC_0167.jpg"
"8129",9.934895833,3.5449,"6108295fdd0270d7544b5a8a","EC_0050.jpg"
"8130",0,4.0086,"6108295fdd0270d7544b5a8a","EC_0241.jpg"
"8131",7.434895833,3.9282,"6108295fdd0270d7544b5a8a","EC_0010.jpg"
"8132",0,4.4244,"6108295fdd0270d7544b5a8a","EC_0235.jpg"
"8133",1.315104167,3.1001,"6108295fdd0270d7544b5a8a","EC_0028.jpg"
"8134",9.9609375,5.1797,"6108295fdd0270d7544b5a8a","EC_0103.jpg"
"8135",4.3359375,3.387,"6108295fdd0270d7544b5a8a","EC_0154.jpg"
"8136",6.666666667,3.0222,"6108295fdd0270d7544b5a8a","EC_0222.jpg"
"8137",10,3.7865,"6108295fdd0270d7544b5a8a","EC_0037.jpg"
"8138",0,4.5226,"6108295fdd0270d7544b5a8a","EC_0129.jpeg"
"8139",0,3.9937,"6108295fdd0270d7544b5a8a","EC_0233.jpg"
"8140",1.549479167,5.1876,"6108295fdd0270d7544b5a8a","EC_0111.jpg"
"8141",1.1328125,3.2279,"6108295fdd0270d7544b5a8a","EC_0113.jpg"
"8142",0,5.0552,"6108295fdd0270d7544b5a8a","EC_0184.jpg"
"8143",0.950520833,3.2032,"6108295fdd0270d7544b5a8a","EC_0022.jpg"
"8144",5.572916667,4.9877,"6108295fdd0270d7544b5a8a","EC_0082.jpg"
"8145",4.921875,3.3942,"6108295fdd0270d7544b5a8a","EC_0169.png"
"8146",10,4.9411,"6108295fdd0270d7544b5a8a","EC_0072.jpg"
"8147",9.908854167,2.9702,"6108295fdd0270d7544b5a8a","EC_0057.jpeg"
"8148",3.059895833,4.7664,"6108295fdd0270d7544b5a8a","EC_0163.jpg"
"8149",3.411458333,3.8394,"6108295fdd0270d7544b5a8a","EC_0117.jpg"
"8150",6.25,3.8594,"6108295fdd0270d7544b5a8a","EC_0068.jpg"
"8151",9.231770833,3.9215,"6108295fdd0270d7544b5a8a","EC_0051.jpg"
"8152",7.8515625,2.9773,"6108295fdd0270d7544b5a8a","EC_0181.jpg"
"8153",9.674479167,3.398,"6108295fdd0270d7544b5a8a","EC_0149.jpg"
"8154",0.846354167,3.6829,"6108295fdd0270d7544b5a8a","EC_0024.jpg"
"8155",7.018229167,7.7353,"6108295fdd0270d7544b5a8a","EC_0080.jpg"
"8156",2.8515625,3.2016,"6108295fdd0270d7544b5a8a","EC_0224.jpg"
"8157",6.354166667,4.875,"6108295fdd0270d7544b5a8a","EC_0092.jpg"
"8158",0.078125,2.8835,"6108295fdd0270d7544b5a8a","EC_0162.jpg"
"8159",2.03125,3.721,"6108295fdd0270d7544b5a8a","EC_0042.jpg"
"8160",3.9453125,3.1732,"6108295fdd0270d7544b5a8a","EC_0180.jpg"
"8161",0.234375,3.07,"6108295fdd0270d7544b5a8a","EC_0213.jpg"
"8162",0,3.3484,"6108295fdd0270d7544b5a8a","EC_0069.jpg"
"8163",10,3.7524,"6108295fdd0270d7544b5a8a","EC_0073.jpg"
"8164",7.2265625,3.969,"6108295fdd0270d7544b5a8a","EC_0159.jpg"
"8165",0.989583333,3.4089,"6108295fdd0270d7544b5a8a","EC_0164.jpg"
"8166",7.057291667,2.9235,"6108295fdd0270d7544b5a8a","EC_0014.jpg"
"8167",0.0390625,2.8538,"6108295fdd0270d7544b5a8a","EC_0088.jpg"
"8168",2.122395833,4.5675,"6108295fdd0270d7544b5a8a","EC_0036.jpeg"
"8169",0,3.2699,"6108295fdd0270d7544b5a8a","EC_0105.jpg"
"8170",8.4375,3.915,"6108295fdd0270d7544b5a8a","EC_0151.jpg"
"8171",3.984375,2.815,"6108295fdd0270d7544b5a8a","EC_0205.jpg"
"8172",7.526041667,3.8818,"6108295fdd0270d7544b5a8a","EC_0168.jpeg"
"8173",0.46875,2.4842,"6108295fdd0270d7544b5a8a","EC_0029.jpg"
"8174",0,3.9552,"6108295fdd0270d7544b5a8a","EC_0187.jpeg"
"8175",8.645833333,3.635,"6108295fdd0270d7544b5a8a","EC_0079.jpg"
"8176",10,3.6475,"6108295fdd0270d7544b5a8a","EC_0065.jpg"
"8177",10,3.5184,"6108295fdd0270d7544b5a8a","EC_0066.jpg"
"8178",3.606770833,4.0834,"6108295fdd0270d7544b5a8a","EC_0239.jpg"
"8179",0.026041667,3.336,"6108295fdd0270d7544b5a8a","EC_0005.jpg"
"8180",3.880208333,3.0589,"6108295fdd0270d7544b5a8a","EC_0098.jpg"
"8181",8.7109375,5.4789,"6108295fdd0270d7544b5a8a","EC_0124.jpeg"
"8182",3.190104167,3.219,"6108295fdd0270d7544b5a8a","EC_0116.jpg"
"8183",0,5.2165,"6108295fdd0270d7544b5a8a","EC_0011.jpg"
"8184",0.677083333,3.2501,"6108295fdd0270d7544b5a8a","EC_0089.jpg"
"8185",0.78125,5.3218,"6108295fdd0270d7544b5a8a","EC_0195.jpg"
"8186",9.1015625,3.7014,"6108295fdd0270d7544b5a8a","EC_0140.jpg"
"8187",7.942708333,3.2188,"6108295fdd0270d7544b5a8a","EC_0249.jpg"
"8188",1.705729167,3.5935,"6108295fdd0270d7544b5a8a","EC_0234.jpg"
"8189",4.973958333,3.2327,"6108295fdd0270d7544b5a8a","EC_0170.jpg"
"8190",4.674479167,3.2002,"6108295fdd0270d7544b5a8a","EC_0015.jpg"
"8191",9.97375217,2.8765,"611eeb35a6288fcbe35bd45c","EC_0209.jpg"
"8192",6.004129367,3.0026,"611eeb35a6288fcbe35bd45c","EC_0083.jpg"
"8193",7.009249539,2.5178,"611eeb35a6288fcbe35bd45c","EC_0141.jpg"
"8194",6.991664632,3.1677,"611eeb35a6288fcbe35bd45c","EC_0092.jpg"
"8195",7.981213379,3.051,"611eeb35a6288fcbe35bd45c","EC_0034.jpg"
"8196",5.981077067,5.2654,"611eeb35a6288fcbe35bd45c","EC_0166.jpg"
"8197",6.003250461,5.4469,"611eeb35a6288fcbe35bd45c","EC_0248.jpg"
"8198",4.382231988,5.0656,"611eeb35a6288fcbe35bd45c","EC_0029.jpg"
"8199",4.95472073,3.807,"611eeb35a6288fcbe35bd45c","EC_0231.jpg"
"8200",2.968928358,3.2987,"611eeb35a6288fcbe35bd45c","EC_0113.jpg"
"8201",2.997224935,4.2889,"611eeb35a6288fcbe35bd45c","EC_0226.jpg"
"8202",6.308095974,3.6847,"611eeb35a6288fcbe35bd45c","EC_0239.jpg"
"8203",6.595385064,2.505,"611eeb35a6288fcbe35bd45c","EC_0197.jpg"
"8204",2.608347914,6.0981,"611eeb35a6288fcbe35bd45c","EC_0223.jpg"
"8205",4.277266439,2.7232,"611eeb35a6288fcbe35bd45c","EC_0105.jpg"
"8206",7.075233968,2.3621,"611eeb35a6288fcbe35bd45c","EC_0167.jpg"
"8207",8.789290365,2.199,"611eeb35a6288fcbe35bd45c","EC_0082.jpg"
"8208",6.543059625,2.8335,"611eeb35a6288fcbe35bd45c","EC_0187.jpeg"
"8209",5.008000353,3.4493,"611eeb35a6288fcbe35bd45c","EC_0142.jpg"
"8210",5.487727186,3.7669,"611eeb35a6288fcbe35bd45c","EC_0115.jpg"
"8211",6.218489583,2.3675,"611eeb35a6288fcbe35bd45c","EC_0232.jpg"
"8212",2.541559516,6.5467,"611eeb35a6288fcbe35bd45c","EC_0129.jpeg"
"8213",3.328889296,2.8323,"611eeb35a6288fcbe35bd45c","EC_0157.jpg"
"8214",5.016814507,3.2326,"611eeb35a6288fcbe35bd45c","EC_0160.jpg"
"8215",3.518589274,2.8471,"611eeb35a6288fcbe35bd45c","EC_0228.jpg"
"8216",9.100792101,2.7457,"611eeb35a6288fcbe35bd45c","EC_0196.jpg"
"8217",7.990790473,2.6162,"611eeb35a6288fcbe35bd45c","EC_0080.jpg"
"8218",1.708186171,2.7351,"611eeb35a6288fcbe35bd45c","EC_0100.jpg"
"8219",4.455304633,3.0742,"611eeb35a6288fcbe35bd45c","EC_0165.jpg"
"8220",2.265198432,3.0987,"611eeb35a6288fcbe35bd45c","EC_0219.jpg"
"8221",1.782407633,3.4341,"611eeb35a6288fcbe35bd45c","EC_0022.jpg"
"8222",7.92860989,2.4161,"611eeb35a6288fcbe35bd45c","EC_0002.jpg"
"8223",8.933681912,2.2663,"611eeb35a6288fcbe35bd45c","EC_0195.jpg"
"8224",5.323514811,6.0866,"611eeb35a6288fcbe35bd45c","EC_0070.jpg"
"8225",2.576594713,7.4934,"611eeb35a6288fcbe35bd45c","EC_0183.jpg"
"8226",2.325282796,3.2453,"611eeb35a6288fcbe35bd45c","EC_0148.jpg"
"8227",4.519020589,5.6465,"611eeb35a6288fcbe35bd45c","EC_0153.jpg"
"8228",5.315345595,3.8651,"611eeb35a6288fcbe35bd45c","EC_0182.jpg"
"8229",7.253981527,2.5788,"611eeb35a6288fcbe35bd45c","EC_0188.jpg"
"8230",8.675608995,2.7834,"611eeb35a6288fcbe35bd45c","EC_0096.jpg"
"8231",6.844688585,2.2669,"611eeb35a6288fcbe35bd45c","EC_0244.jpg"
"8232",5.464338515,2.5997,"611eeb35a6288fcbe35bd45c","EC_0118.jpg"
"8233",2.494106038,3.8002,"611eeb35a6288fcbe35bd45c","EC_0097.jpg"
"8234",1.573360189,3.0322,"611eeb35a6288fcbe35bd45c","EC_0163.jpg"
"8235",1.968033176,2.9006,"611eeb35a6288fcbe35bd45c","EC_0064.jpg"
"8236",0.994976468,3.3024,"611eeb35a6288fcbe35bd45c","EC_0033.jpeg"
"8237",1.070901828,4.0666,"611eeb35a6288fcbe35bd45c","EC_0044.jpg"
"8238",0.993804253,2.567,"611eeb35a6288fcbe35bd45c","EC_0075.jpg"
"8239",6.524310303,2.5003,"611eeb35a6288fcbe35bd45c","EC_0213.jpg"
"8240",6.971621365,2.5234,"611eeb35a6288fcbe35bd45c","EC_0060.jpg"
"8241",3.646362305,2.9613,"611eeb35a6288fcbe35bd45c","EC_0036.jpeg"
"8242",0.516181776,3.7622,"611eeb35a6288fcbe35bd45c","EC_0222.jpg"
"8243",2.366045125,4.4608,"611eeb35a6288fcbe35bd45c","EC_0180.jpg"
"8244",6.187350125,2.9174,"611eeb35a6288fcbe35bd45c","EC_0018.jpg"
"8245",3.597498915,3.4653,"611eeb35a6288fcbe35bd45c","EC_0203.jpg"
"8246",6.485247803,3.946,"611eeb35a6288fcbe35bd45c","EC_0201.jpg"
"8247",4.677931044,2.6495,"611eeb35a6288fcbe35bd45c","EC_0200.png"
"8248",7.430642361,2.9537,"611eeb35a6288fcbe35bd45c","EC_0249.jpg"
"8249",8.674981011,3.8148,"611eeb35a6288fcbe35bd45c","EC_0001.jpg"
"8250",2.39176161,2.6676,"611eeb35a6288fcbe35bd45c","EC_0205.jpg"
"8251",4.613738336,3.9843,"611eeb35a6288fcbe35bd45c","EC_0101.jpg"
"8252",6.239882406,2.7333,"611eeb35a6288fcbe35bd45c","EC_0038.jpg"
"8253",7.397528076,2.3966,"611eeb35a6288fcbe35bd45c","EC_0032.jpg"
"8254",8.744474284,4.1408,"611eeb35a6288fcbe35bd45c","EC_0108.jpg"
"8255",6.463924154,2.3153,"611eeb35a6288fcbe35bd45c","EC_0154.jpg"
"8256",8.46192627,2.3061,"611eeb35a6288fcbe35bd45c","EC_0037.jpg"
"8257",9.072087945,2.7184,"611eeb35a6288fcbe35bd45c","EC_0172.jpg"
"8258",9.352284071,2.75,"611eeb35a6288fcbe35bd45c","EC_0020.jpg"
"8259",6.954959446,3.2412,"611eeb35a6288fcbe35bd45c","EC_0133.jpg"
"8260",3.309832764,4.3992,"611eeb35a6288fcbe35bd45c","EC_0009.jpg"
"8261",7.866515435,3.7802,"611eeb35a6288fcbe35bd45c","EC_0170.jpg"
"8262",3.1377516,2.8164,"611eeb35a6288fcbe35bd45c","EC_0062.jpg"
"8263",1.65802714,3.1141,"611eeb35a6288fcbe35bd45c","EC_0111.jpg"
"8264",2.826753743,2.4328,"611eeb35a6288fcbe35bd45c","EC_0150.jpg"
"8265",8.989208984,2.3497,"611eeb35a6288fcbe35bd45c","EC_0173.jpg"
"8266",1.607377455,3.406,"611eeb35a6288fcbe35bd45c","EC_0128.jpeg"
"8267",1.632803345,3.5492,"611eeb35a6288fcbe35bd45c","EC_0125.jpeg"
"8268",4.828845215,2.8662,"611eeb35a6288fcbe35bd45c","EC_0245.jpg"
"8269",6.058603923,2.7551,"611eeb35a6288fcbe35bd45c","EC_0085.jpg"
"8270",4.86050076,3.9489,"611eeb35a6288fcbe35bd45c","EC_0016.jpg"
"8271",7.775208876,2.4913,"611eeb35a6288fcbe35bd45c","EC_0168.jpeg"
"8272",9.515481228,2.3727,"611eeb35a6288fcbe35bd45c","EC_0031.jpg"
"8273",5.00598348,3.2004,"611eeb35a6288fcbe35bd45c","EC_0207.jpg"
"8274",7.5006368,2.6565,"611eeb35a6288fcbe35bd45c","EC_0104.jpg"
"8275",9.289739312,2.3559,"611eeb35a6288fcbe35bd45c","EC_0194.jpg"
"8276",2.745587158,3.3,"611eeb35a6288fcbe35bd45c","EC_0224.jpg"
"8277",0.83692254,3.9666,"611eeb35a6288fcbe35bd45c","EC_0184.jpg"
"8278",4.207177734,2.7174,"611eeb35a6288fcbe35bd45c","EC_0250.jpg"
"8279",2.355730184,3.6844,"611eeb35a6288fcbe35bd45c","EC_0193.png"
"8280",9.877909342,2.484,"611eeb35a6288fcbe35bd45c","EC_0073.jpg"
"8281",9.054337565,2.3349,"611eeb35a6288fcbe35bd45c","EC_0098.jpg"
"8282",9.08770752,2.1832,"611eeb35a6288fcbe35bd45c","EC_0010.jpg"
"8283",4.821171061,4.5335,"611eeb35a6288fcbe35bd45c","EC_0214.jpg"
"8284",9.948609755,3.4334,"611eeb35a6288fcbe35bd45c","EC_0067.jpg"
"8285",5.595873345,2.4162,"611eeb35a6288fcbe35bd45c","EC_0017.jpg"
"8286",7.343469916,2.4452,"611eeb35a6288fcbe35bd45c","EC_0006.jpg"
"8287",10,3.2435,"611eeb35a6288fcbe35bd45c","EC_0047.jpg"
"8288",9.00670166,2.6996,"611eeb35a6288fcbe35bd45c","EC_0136.jpg"
"8289",8.727026367,3.0672,"611eeb35a6288fcbe35bd45c","EC_0063.jpg"
"8290",5.823076036,3.3666,"611eeb35a6288fcbe35bd45c","EC_0065.jpg"
"8291",7.460649278,2.1778,"611eeb35a6288fcbe35bd45c","EC_0109.jpg"
"8292",3.716668701,2.4498,"611eeb35a6288fcbe35bd45c","EC_0061.jpg"
"8293",3.786570909,2.3995,"611eeb35a6288fcbe35bd45c","EC_0240.jpg"
"8294",2.23092787,3.1685,"611eeb35a6288fcbe35bd45c","EC_0024.jpg"
"8295",8.953432888,2.5332,"611eeb35a6288fcbe35bd45c","EC_0008.jpg"
"8296",5.531730821,3.0949,"611eeb35a6288fcbe35bd45c","EC_0054.jpg"
"8297",2.155410088,2.6668,"611eeb35a6288fcbe35bd45c","EC_0242.jpg"
"8298",5.00830485,2.6983,"611eeb35a6288fcbe35bd45c","EC_0230.jpg"
"8299",7.012649875,2.8595,"611eeb35a6288fcbe35bd45c","EC_0124.jpeg"
"8300",4.556890191,3.3222,"611eeb35a6288fcbe35bd45c","EC_0116.jpg"
"8301",6.470902507,2.6616,"611eeb35a6288fcbe35bd45c","EC_0102.jpg"
"8302",6.65403578,2.1838,"611eeb35a6288fcbe35bd45c","EC_0177.jpg"
"8303",8.622435167,2.6494,"611eeb35a6288fcbe35bd45c","EC_0171.jpg"
"8304",4.4519477,2.566,"611eeb35a6288fcbe35bd45c","EC_0040.jpg"
"8305",6.608439128,2.2833,"611eeb35a6288fcbe35bd45c","EC_0015.jpg"
"8306",2.388906182,2.6004,"611eeb35a6288fcbe35bd45c","EC_0139.png"
"8307",4.92760281,2.583,"611eeb35a6288fcbe35bd45c","EC_0152.jpg"
"8308",5.311954753,3.6009,"611eeb35a6288fcbe35bd45c","EC_0071.jpg"
"8309",8.413618978,2.1823,"611eeb35a6288fcbe35bd45c","EC_0041.jpg"
"8310",6.21217041,2.3835,"611eeb35a6288fcbe35bd45c","EC_0156.jpg"
"8311",4.7440016,3.3817,"611eeb35a6288fcbe35bd45c","EC_0076.jpg"
"8312",2.934543864,4.2664,"611eeb35a6288fcbe35bd45c","EC_0227.jpg"
"8313",9.208015951,2.375,"611eeb35a6288fcbe35bd45c","EC_0229.jpg"
"8314",5.976093886,3.2084,"611eeb35a6288fcbe35bd45c","EC_0158.jpg"
"8315",6.49115465,2.2659,"611eeb35a6288fcbe35bd45c","EC_0059.jpg"
"8316",5.462020535,3.8768,"611eeb35a6288fcbe35bd45c","EC_0199.jpg"
"8317",7.804593235,2.1626,"611eeb35a6288fcbe35bd45c","EC_0074.jpg"
"8318",6.466366238,6.2828,"611eeb35a6288fcbe35bd45c","EC_0013.jpg"
"8319",5.513323296,4.2823,"611eeb35a6288fcbe35bd45c","EC_0087.jpg"
"8320",6.117485894,2.3169,"611eeb35a6288fcbe35bd45c","EC_0089.jpg"
"8321",6.546183268,2.6398,"611eeb35a6288fcbe35bd45c","EC_0056.jpg"
"8322",7.329683431,2.6634,"611eeb35a6288fcbe35bd45c","EC_0084.jpg"
"8323",6.069778781,2.5407,"611eeb35a6288fcbe35bd45c","EC_0094.jpg"
"8324",6.316493734,2.9327,"611eeb35a6288fcbe35bd45c","EC_0011.jpg"
"8325",1.197634888,2.6492,"611eeb35a6288fcbe35bd45c","EC_0161.jpg"
"8326",6.30345459,2.7668,"611eeb35a6288fcbe35bd45c","EC_0234.jpg"
"8327",7.018825955,3.1905,"611eeb35a6288fcbe35bd45c","EC_0238.jpg"
"8328",6.319404433,2.5854,"611eeb35a6288fcbe35bd45c","EC_0135.jpg"
"8329",4.916804335,2.2601,"611eeb35a6288fcbe35bd45c","EC_0176.jpg"
"8330",5.57447035,2.6893,"611eeb35a6288fcbe35bd45c","EC_0007.jpg"
"8331",6.675094265,2.6235,"611eeb35a6288fcbe35bd45c","EC_0053.jpg"
"8332",5.963276503,3.0731,"611eeb35a6288fcbe35bd45c","EC_0237.jpg"
"8333",6.175407579,4.4661,"611eeb35a6288fcbe35bd45c","EC_0121.jpg"
"8334",7.481041124,2.7256,"611eeb35a6288fcbe35bd45c","EC_0090.jpg"
"8335",7.924032932,2.2276,"611eeb35a6288fcbe35bd45c","EC_0042.jpg"
"8336",8.575737847,2.7118,"611eeb35a6288fcbe35bd45c","EC_0079.jpg"
"8337",3.982520888,2.9658,"611eeb35a6288fcbe35bd45c","EC_0027.jpg"
"8338",5.672858344,2.2495,"611eeb35a6288fcbe35bd45c","EC_0132.jpg"
"8339",7.867588298,2.8282,"611eeb35a6288fcbe35bd45c","EC_0012.jpg"
"8340",8.474570041,2.8485,"611eeb35a6288fcbe35bd45c","EC_0138.png"
"8341",6.030381266,2.7837,"611eeb35a6288fcbe35bd45c","EC_0088.jpg"
"8342",3.022726101,2.5056,"611eeb35a6288fcbe35bd45c","EC_0210.jpg"
"8343",9.606852214,4.9481,"611eeb35a6288fcbe35bd45c","EC_0185.jpg"
"8344",5.579780409,3.8381,"611eeb35a6288fcbe35bd45c","EC_0149.jpg"
"8345",8.496569824,3.5655,"611eeb35a6288fcbe35bd45c","EC_0048.jpg"
"8346",6.921155463,2.35,"611eeb35a6288fcbe35bd45c","EC_0039.jpg"
"8347",0.740739271,2.7269,"611eeb35a6288fcbe35bd45c","EC_0123.jpeg"
"8348",4.1372484,3.1766,"611eeb35a6288fcbe35bd45c","EC_0086.jpg"
"8349",4.997733561,2.6057,"611eeb35a6288fcbe35bd45c","EC_0211.jpg"
"8350",5.354075114,2.7736,"611eeb35a6288fcbe35bd45c","EC_0055.jpg"
"8351",7.667683241,2.4722,"611eeb35a6288fcbe35bd45c","EC_0221.jpg"
"8352",0.401805962,2.6763,"611eeb35a6288fcbe35bd45c","EC_0204.jpg"
"8353",8.478930664,2.9506,"611eeb35a6288fcbe35bd45c","EC_0134.jpg"
"8354",5.629010688,4.1226,"611eeb35a6288fcbe35bd45c","EC_0243.jpg"
"8355",9.00802002,2.7856,"611eeb35a6288fcbe35bd45c","EC_0050.jpg"
"8356",4.074186198,2.7673,"611eeb35a6288fcbe35bd45c","EC_0236.jpg"
"8357",1.453648885,2.3997,"611eeb35a6288fcbe35bd45c","EC_0162.jpg"
"8358",5.48187188,3.094,"611eeb35a6288fcbe35bd45c","EC_0019.jpg"
"8359",7.870480008,2.8314,"611eeb35a6288fcbe35bd45c","EC_0066.jpg"
"8360",7.294973416,2.9494,"611eeb35a6288fcbe35bd45c","EC_0247.jpg"
"8361",3.776307509,3.4,"611eeb35a6288fcbe35bd45c","EC_0151.jpg"
"8362",3.769322374,3.2496,"611eeb35a6288fcbe35bd45c","EC_0103.jpg"
"8363",9.079560004,2.1826,"611eeb35a6288fcbe35bd45c","EC_0057.jpeg"
"8364",9.234849718,2.6344,"611eeb35a6288fcbe35bd45c","EC_0081.jpg"
"8365",4.149498155,3.7109,"611eeb35a6288fcbe35bd45c","EC_0241.jpg"
"8366",5.191829427,5.4153,"611eeb35a6288fcbe35bd45c","EC_0093.jpg"
"8367",6.768069797,2.616,"611eeb35a6288fcbe35bd45c","EC_0233.jpg"
"8368",1.242633396,17.1805,"611eeb35a6288fcbe35bd45c","EC_0181.jpg"
"8369",5.44259101,2.4575,"611eeb35a6288fcbe35bd45c","EC_0068.jpg"
"8370",8.882363553,9.5988,"611eeb35a6288fcbe35bd45c","EC_0072.jpg"
"8371",8.953567166,2.7498,"611eeb35a6288fcbe35bd45c","EC_0014.jpg"
"8372",5.942016602,2.1669,"611eeb35a6288fcbe35bd45c","EC_0198.jpg"
"8373",2.598353746,2.3494,"611eeb35a6288fcbe35bd45c","EC_0049.jpg"
"8374",0.503233846,3.0169,"611eeb35a6288fcbe35bd45c","EC_0005.jpg"
"8375",1.741834174,2.3441,"611eeb35a6288fcbe35bd45c","EC_0202.jpg"
"8376",2.581803046,3.0223,"611eeb35a6288fcbe35bd45c","EC_0099.jpg"
"8377",5.169173177,2.8827,"611eeb35a6288fcbe35bd45c","EC_0030.jpg"
"8378",3.62227851,2.5405,"611eeb35a6288fcbe35bd45c","EC_0174.jpg"
"8379",4.947694227,2.3633,"611eeb35a6288fcbe35bd45c","EC_0246.jpg"
"8380",5.612414551,2.7009,"611eeb35a6288fcbe35bd45c","EC_0077.jpg"
"8381",7.938593886,2.2905,"611eeb35a6288fcbe35bd45c","EC_0235.jpg"
"8382",8.127648248,2.5896,"611eeb35a6288fcbe35bd45c","EC_0120.jpg"
"8383",8.604162598,2.0968,"611eeb35a6288fcbe35bd45c","EC_0003.jpg"
"8384",4.199022081,3.2167,"611eeb35a6288fcbe35bd45c","EC_0137.jpg"
"8385",1.937530518,3.0239,"611eeb35a6288fcbe35bd45c","EC_0140.jpg"
"8386",7.174976942,2.6737,"611eeb35a6288fcbe35bd45c","EC_0095.jpg"
"8387",8.223575168,2.5736,"611eeb35a6288fcbe35bd45c","EC_0131.jpg"
"8388",1.000501166,2.9574,"611eeb35a6288fcbe35bd45c","EC_0028.jpg"
"8389",5.84532742,3.0232,"611eeb35a6288fcbe35bd45c","EC_0051.jpg"
"8390",1.372451443,2.9575,"611eeb35a6288fcbe35bd45c","EC_0147.png"
"8391",3.916305203,2.7369,"611eeb35a6288fcbe35bd45c","EC_0069.jpg"
"8392",5.838589138,2.6563,"611eeb35a6288fcbe35bd45c","EC_0058.jpg"
"8393",8.528564453,3.7663,"611eeb35a6288fcbe35bd45c","EC_0106.jpg"
"8394",5.094717068,2.7112,"611eeb35a6288fcbe35bd45c","EC_0164.jpg"
"8395",4.222428385,3.0172,"611eeb35a6288fcbe35bd45c","EC_0046.jpg"
"8396",2.997277154,2.6596,"611eeb35a6288fcbe35bd45c","EC_0159.jpg"
"8397",8.078333876,2.3508,"611eeb35a6288fcbe35bd45c","EC_0169.png"
"8398",9.696009657,3.1562,"611eeb35a6288fcbe35bd45c","EC_0117.jpg"
"8399",7.232096354,2.717,"611eeb35a6288fcbe35bd45c","EC_0119.jpg"
"8400",1.533015951,3.123,"611eeb35a6288fcbe35bd45c","EC_0206.png"
"8401",0.966064453,3.2724,"612039d9400fae9545b3c5a8","EC_0085.jpg"
"8402",6.063769531,3.9349,"612039d9400fae9545b3c5a8","EC_0188.jpg"
"8403",5.979052734,3.0739,"612039d9400fae9545b3c5a8","EC_0068.jpg"
"8404",5.000097656,4.0087,"612039d9400fae9545b3c5a8","EC_0011.jpg"
"8405",5.957617187,3.6184,"612039d9400fae9545b3c5a8","EC_0102.jpg"
"8406",5.992089844,4.1628,"612039d9400fae9545b3c5a8","EC_0131.jpg"
"8407",7.006445313,3.5436,"612039d9400fae9545b3c5a8","EC_0037.jpg"
"8408",4.944580078,3.4156,"612039d9400fae9545b3c5a8","EC_0042.jpg"
"8409",7.028857422,3.3848,"612039d9400fae9545b3c5a8","EC_0017.jpg"
"8410",5.917089844,3.2735,"612039d9400fae9545b3c5a8","EC_0249.jpg"
"8411",5.013916016,3.2066,"612039d9400fae9545b3c5a8","EC_0195.jpg"
"8412",0.035009766,5.4381,"612039d9400fae9545b3c5a8","EC_0222.jpg"
"8413",5.016845703,3.4417,"612039d9400fae9545b3c5a8","EC_0051.jpg"
"8414",8.034814453,4.4759,"612039d9400fae9545b3c5a8","EC_0054.jpg"
"8415",6.944189453,4.4297,"612039d9400fae9545b3c5a8","EC_0089.jpg"
"8416",2.020507813,3.8389,"612039d9400fae9545b3c5a8","EC_0056.jpg"
"8417",0.047753906,4.7227,"612039d9400fae9545b3c5a8","EC_0206.png"
"8418",9.976220703,4.646,"612039d9400fae9545b3c5a8","EC_0247.jpg"
"8419",2.017382812,4.8102,"612039d9400fae9545b3c5a8","EC_0033.jpeg"
"8420",2.0828125,3.173,"612039d9400fae9545b3c5a8","EC_0005.jpg"
"8421",5.011279297,3.0264,"612039d9400fae9545b3c5a8","EC_0243.jpg"
"8422",5.011279297,2.4063,"612039d9400fae9545b3c5a8","EC_0173.jpg"
"8423",9.992138672,2.9058,"612039d9400fae9545b3c5a8","EC_0098.jpg"
"8424",9.992138672,2.2734,"612039d9400fae9545b3c5a8","EC_0069.jpg"
"8425",9.992138672,2.3786,"612039d9400fae9545b3c5a8","EC_0123.jpeg"
"8426",5.046142578,4.3403,"612039d9400fae9545b3c5a8","EC_0170.jpg"
"8427",5.046142578,2.2106,"612039d9400fae9545b3c5a8","EC_0116.jpg"
"8428",9.993017578,5.6174,"612039d9400fae9545b3c5a8","EC_0073.jpg"
"8429",9.993017578,2.0449,"612039d9400fae9545b3c5a8","EC_0010.jpg"
"8430",4.95859375,2.8945,"612039d9400fae9545b3c5a8","EC_0150.jpg"
"8431",9.983544922,3.5079,"612039d9400fae9545b3c5a8","EC_0133.jpg"
"8432",9.983544922,2.1815,"612039d9400fae9545b3c5a8","EC_0250.jpg"
"8433",9.983544922,2.1903,"612039d9400fae9545b3c5a8","EC_0079.jpg"
"8434",5.025585937,3.08,"612039d9400fae9545b3c5a8","EC_0061.jpg"
"8435",5.025585937,2.209,"612039d9400fae9545b3c5a8","EC_0121.jpg"
"8436",5.025585937,2.025,"612039d9400fae9545b3c5a8","EC_0070.jpg"
"8437",5.021142578,2.1204,"612039d9400fae9545b3c5a8","EC_0236.jpg"
"8438",3.014746094,3.1899,"612039d9400fae9545b3c5a8","EC_0009.jpg"
"8439",5.050244141,2.9098,"612039d9400fae9545b3c5a8","EC_0137.jpg"
"8440",9.9828125,3.0173,"612039d9400fae9545b3c5a8","EC_0063.jpg"
"8441",9.9828125,2.0884,"612039d9400fae9545b3c5a8","EC_0228.jpg"
"8442",4.957910156,2.9428,"612039d9400fae9545b3c5a8","EC_0084.jpg"
"8443",2.054589844,3.0461,"612039d9400fae9545b3c5a8","EC_0094.jpg"
"8444",2.054589844,2.5261,"612039d9400fae9545b3c5a8","EC_0048.jpg"
"8445",2.054589844,2.4271,"612039d9400fae9545b3c5a8","EC_0240.jpg"
"8446",7.004492188,3.6916,"612039d9400fae9545b3c5a8","EC_0202.jpg"
"8447",5.05546875,2.5966,"612039d9400fae9545b3c5a8","EC_0213.jpg"
"8448",9.885595703,3.5259,"612039d9400fae9545b3c5a8","EC_0075.jpg"
"8449",9.885595703,1.8986,"612039d9400fae9545b3c5a8","EC_0096.jpg"
"8450",0.043408203,4.6252,"612039d9400fae9545b3c5a8","EC_0067.jpg"
"8451",0.043408203,2.6782,"612039d9400fae9545b3c5a8","EC_0111.jpg"
"8452",7.927148437,3.7325,"612039d9400fae9545b3c5a8","EC_0101.jpg"
"8453",4.947167969,2.8906,"612039d9400fae9545b3c5a8","EC_0118.jpg"
"8454",4.947167969,2.1122,"612039d9400fae9545b3c5a8","EC_0071.jpg"
"8455",1.936132812,3.5006,"612039d9400fae9545b3c5a8","EC_0147.png"
"8456",5.016845703,3.1824,"612039d9400fae9545b3c5a8","EC_0199.jpg"
"8457",5.016845703,2.1237,"612039d9400fae9545b3c5a8","EC_0237.jpg"
"8458",5.016845703,1.8709,"612039d9400fae9545b3c5a8","EC_0059.jpg"
"8459",9.913183594,3.1965,"612039d9400fae9545b3c5a8","EC_0140.jpg"
"8460",2.059375,3.0931,"612039d9400fae9545b3c5a8","EC_0066.jpg"
"8461",8.033056641,3.7988,"612039d9400fae9545b3c5a8","EC_0238.jpg"
"8462",9.987792969,3.629,"612039d9400fae9545b3c5a8","EC_0030.jpg"
"8463",9.988720703,2.1186,"612039d9400fae9545b3c5a8","EC_0057.jpeg"
"8464",9.988720703,1.7711,"612039d9400fae9545b3c5a8","EC_0058.jpg"
"8465",9.988720703,2.1723,"612039d9400fae9545b3c5a8","EC_0081.jpg"
"8466",5.013818359,3.3053,"612039d9400fae9545b3c5a8","EC_0182.jpg"
"8467",8.04296875,4.1086,"612039d9400fae9545b3c5a8","EC_0172.jpg"
"8468",1.992626953,3.4394,"612039d9400fae9545b3c5a8","EC_0244.jpg"
"8469",6.982421875,2.9989,"612039d9400fae9545b3c5a8","EC_0245.jpg"
"8470",6.982421875,2.763,"612039d9400fae9545b3c5a8","EC_0090.jpg"
"8471",5.011621094,4.0958,"612039d9400fae9545b3c5a8","EC_0230.jpg"
"8472",5.022851563,3.4576,"612039d9400fae9545b3c5a8","EC_0231.jpg"
"8473",0.025830078,3.2009,"612039d9400fae9545b3c5a8","EC_0194.jpg"
"8474",1.963427734,4.9662,"612039d9400fae9545b3c5a8","EC_0080.jpg"
"8475",5.004931641,2.9215,"612039d9400fae9545b3c5a8","EC_0095.jpg"
"8476",7.083398438,3.3237,"612039d9400fae9545b3c5a8","EC_0012.jpg"
"8477",9.981787109,3.0402,"612039d9400fae9545b3c5a8","EC_0106.jpg"
"8478",9.981787109,1.8718,"612039d9400fae9545b3c5a8","EC_0041.jpg"
"8479",5.032958984,3.1255,"612039d9400fae9545b3c5a8","EC_0049.jpg"
"8480",5.032958984,2.2162,"612039d9400fae9545b3c5a8","EC_0016.jpg"
"8481",0.043652344,2.9804,"612039d9400fae9545b3c5a8","EC_0161.jpg"
"8482",9.935400391,3.1098,"612039d9400fae9545b3c5a8","EC_0138.png"
"8483",5.061132813,3.568,"612039d9400fae9545b3c5a8","EC_0082.jpg"
"8484",4.959228516,4.1413,"612039d9400fae9545b3c5a8","EC_0169.png"
"8485",4.959228516,2.6923,"612039d9400fae9545b3c5a8","EC_0103.jpg"
"8486",4.991650391,2.3548,"612039d9400fae9545b3c5a8","EC_0053.jpg"
"8487",4.991650391,2.0385,"612039d9400fae9545b3c5a8","EC_0014.jpg"
"8488",4.991650391,2.3466,"612039d9400fae9545b3c5a8","EC_0028.jpg"
"8489",7.040185547,2.795,"612039d9400fae9545b3c5a8","EC_0060.jpg"
"8490",9.972851563,4.023,"612039d9400fae9545b3c5a8","EC_0074.jpg"
"8491",5.069433594,2.9071,"612039d9400fae9545b3c5a8","EC_0115.jpg"
"8492",4.985742188,2.2926,"612039d9400fae9545b3c5a8","EC_0183.jpg"
"8493",5.979248047,3.718,"612039d9400fae9545b3c5a8","EC_0234.jpg"
"8494",4.978515625,2.6134,"612039d9400fae9545b3c5a8","EC_0154.jpg"
"8495",4.978515625,2.1586,"612039d9400fae9545b3c5a8","EC_0087.jpg"
"8496",9.968066406,3.3691,"612039d9400fae9545b3c5a8","EC_0077.jpg"
"8497",7.926367188,3.3455,"612039d9400fae9545b3c5a8","EC_0166.jpg"
"8498",9.936962891,2.5891,"612039d9400fae9545b3c5a8","EC_0193.png"
"8499",0.0234375,3.3588,"612039d9400fae9545b3c5a8","EC_0036.jpeg"
"8500",4.954980469,2.8761,"612039d9400fae9545b3c5a8","EC_0117.jpg"
"8501",4.954980469,2.229,"612039d9400fae9545b3c5a8","EC_0027.jpg"
"8502",4.954980469,2.3714,"612039d9400fae9545b3c5a8","EC_0165.jpg"
"8503",6.932324219,2.7209,"612039d9400fae9545b3c5a8","EC_0157.jpg"
"8504",5.045166016,2.6896,"612039d9400fae9545b3c5a8","EC_0176.jpg"
"8505",5.045166016,1.9864,"612039d9400fae9545b3c5a8","EC_0196.jpg"
"8506",5.020507813,3.5242,"612039d9400fae9545b3c5a8","EC_0152.jpg"
"8507",5.020507813,3.1146,"612039d9400fae9545b3c5a8","EC_0024.jpg"
"8508",5.020507813,2.7226,"612039d9400fae9545b3c5a8","EC_0072.jpg"
"8509",5.020507813,1.9234,"612039d9400fae9545b3c5a8","EC_0224.jpg"
"8510",5.020507813,2.0066,"612039d9400fae9545b3c5a8","EC_0187.jpeg"
"8511",7.962695313,2.8658,"612039d9400fae9545b3c5a8","EC_0197.jpg"
"8512",7.962695313,2.0128,"612039d9400fae9545b3c5a8","EC_0032.jpg"
"8513",0.074609375,2.9877,"612039d9400fae9545b3c5a8","EC_0128.jpeg"
"8514",4.975976563,2.7903,"612039d9400fae9545b3c5a8","EC_0008.jpg"
"8515",4.975976563,2.1886,"612039d9400fae9545b3c5a8","EC_0083.jpg"
"8516",7.996533203,4.4766,"612039d9400fae9545b3c5a8","EC_0108.jpg"
"8517",5.044824219,3.6196,"612039d9400fae9545b3c5a8","EC_0134.jpg"
"8518",6.967871094,3.0812,"612039d9400fae9545b3c5a8","EC_0233.jpg"
"8519",5.000488281,3.3814,"612039d9400fae9545b3c5a8","EC_0038.jpg"
"8520",5.991259766,3.84,"612039d9400fae9545b3c5a8","EC_0163.jpg"
"8521",4.997509766,2.7851,"612039d9400fae9545b3c5a8","EC_0229.jpg"
"8522",4.997509766,2.1222,"612039d9400fae9545b3c5a8","EC_0001.jpg"
"8523",7.055712891,3.3804,"612039d9400fae9545b3c5a8","EC_0156.jpg"
"8524",7.055712891,2.3897,"612039d9400fae9545b3c5a8","EC_0132.jpg"
"8525",5.032763672,2.6725,"612039d9400fae9545b3c5a8","EC_0164.jpg"
"8526",6.914648437,2.9422,"612039d9400fae9545b3c5a8","EC_0203.jpg"
"8527",6.914648437,2.1636,"612039d9400fae9545b3c5a8","EC_0160.jpg"
"8528",4.918994141,2.4709,"612039d9400fae9545b3c5a8","EC_0019.jpg"
"8529",6.076269531,3.3226,"612039d9400fae9545b3c5a8","EC_0149.jpg"
"8530",6.076269531,2.4276,"612039d9400fae9545b3c5a8","EC_0055.jpg"
"8531",2.016455078,2.7051,"612039d9400fae9545b3c5a8","EC_0139.png"
"8532",2.016455078,2.797,"612039d9400fae9545b3c5a8","EC_0241.jpg"
"8533",4.966210938,2.7455,"612039d9400fae9545b3c5a8","EC_0039.jpg"
"8534",4.966210938,2.1369,"612039d9400fae9545b3c5a8","EC_0034.jpg"
"8535",2.059863281,2.9728,"612039d9400fae9545b3c5a8","EC_0097.jpg"
"8536",5.008203125,2.4983,"612039d9400fae9545b3c5a8","EC_0167.jpg"
"8537",5.008203125,1.8282,"612039d9400fae9545b3c5a8","EC_0119.jpg"
"8538",5.008203125,2.455,"612039d9400fae9545b3c5a8","EC_0076.jpg"
"8539",1.906835937,2.6725,"612039d9400fae9545b3c5a8","EC_0223.jpg"
"8540",8.066845703,4.0146,"612039d9400fae9545b3c5a8","EC_0246.jpg"
"8541",4.986914063,2.5956,"612039d9400fae9545b3c5a8","EC_0086.jpg"
"8542",0.013378906,3.1894,"612039d9400fae9545b3c5a8","EC_0184.jpg"
"8543",5.005419922,2.7596,"612039d9400fae9545b3c5a8","EC_0047.jpg"
"8544",5.005419922,1.7749,"612039d9400fae9545b3c5a8","EC_0135.jpg"
"8545",8.028955078,2.8641,"612039d9400fae9545b3c5a8","EC_0242.jpg"
"8546",0.997265625,3.2684,"612039d9400fae9545b3c5a8","EC_0235.jpg"
"8547",7.96484375,2.946,"612039d9400fae9545b3c5a8","EC_0180.jpg"
"8548",7.96484375,1.7883,"612039d9400fae9545b3c5a8","EC_0248.jpg"
"8549",7.96484375,3.5409,"612039d9400fae9545b3c5a8","EC_0219.jpg"
"8550",7.96484375,2.072,"612039d9400fae9545b3c5a8","EC_0109.jpg"
"8551",0.035644531,3.6115,"612039d9400fae9545b3c5a8","EC_0148.jpg"
"8552",0.035644531,2.1728,"612039d9400fae9545b3c5a8","EC_0129.jpeg"
"8553",7.016064453,3.095,"612039d9400fae9545b3c5a8","EC_0093.jpg"
"8554",4.998828125,2.682,"612039d9400fae9545b3c5a8","EC_0142.jpg"
"8555",7.065869141,3.274,"612039d9400fae9545b3c5a8","EC_0015.jpg"
"8556",8.1,2.611,"612039d9400fae9545b3c5a8","EC_0020.jpg"
"8557",0.041015625,3.3233,"612039d9400fae9545b3c5a8","EC_0232.jpg"
"8558",9.043554687,3.446,"612039d9400fae9545b3c5a8","EC_0168.jpeg"
"8559",7.967138672,2.9984,"612039d9400fae9545b3c5a8","EC_0120.jpg"
"8560",9.923974609,2.9213,"612039d9400fae9545b3c5a8","EC_0104.jpg"
"8561",2.074169922,3.4968,"612039d9400fae9545b3c5a8","EC_0198.jpg"
"8562",5.025097656,2.3259,"612039d9400fae9545b3c5a8","EC_0100.jpg"
"8563",6.78203125,3.0015,"612039d9400fae9545b3c5a8","EC_0003.jpg"
"8564",1.017675781,3.3272,"612039d9400fae9545b3c5a8","EC_0125.jpeg"
"8565",5.015185547,2.3551,"612039d9400fae9545b3c5a8","EC_0044.jpg"
"8566",5.050488281,3.4976,"612039d9400fae9545b3c5a8","EC_0239.jpg"
"8567",7.983984375,3.4675,"612039d9400fae9545b3c5a8","EC_0205.jpg"
"8568",4.929492187,2.7806,"612039d9400fae9545b3c5a8","EC_0065.jpg"
"8569",4.929492187,2.0115,"612039d9400fae9545b3c5a8","EC_0018.jpg"
"8570",2.06484375,3.0577,"612039d9400fae9545b3c5a8","EC_0136.jpg"
"8571",4.866699219,2.7337,"612039d9400fae9545b3c5a8","EC_0113.jpg"
"8572",1.046435547,2.8279,"612039d9400fae9545b3c5a8","EC_0210.jpg"
"8573",6.906396484,2.7687,"612039d9400fae9545b3c5a8","EC_0046.jpg"
"8574",4.968164062,3.1231,"612039d9400fae9545b3c5a8","EC_0200.png"
"8575",4.968164062,1.8507,"612039d9400fae9545b3c5a8","EC_0031.jpg"
"8576",2.004101563,3.8249,"612039d9400fae9545b3c5a8","EC_0124.jpeg"
"8577",5.960351563,3.2234,"612039d9400fae9545b3c5a8","EC_0092.jpg"
"8578",5.033105469,2.4637,"612039d9400fae9545b3c5a8","EC_0088.jpg"
"8579",6.180419922,3.5924,"612039d9400fae9545b3c5a8","EC_0141.jpg"
"8580",5.003320313,2.6587,"612039d9400fae9545b3c5a8","EC_0201.jpg"
"8581",8.021630859,2.5719,"612039d9400fae9545b3c5a8","EC_0099.jpg"
"8582",2.003808594,2.9798,"612039d9400fae9545b3c5a8","EC_0211.jpg"
"8583",5.040625,2.4933,"612039d9400fae9545b3c5a8","EC_0227.jpg"
"8584",5.803808594,3.1077,"612039d9400fae9545b3c5a8","EC_0159.jpg"
"8585",4.993847656,2.1969,"612039d9400fae9545b3c5a8","EC_0221.jpg"
"8586",4.993847656,1.8465,"612039d9400fae9545b3c5a8","EC_0181.jpg"
"8587",9.945556641,2.6719,"612039d9400fae9545b3c5a8","EC_0207.jpg"
"8588",5.013037109,2.8716,"612039d9400fae9545b3c5a8","EC_0158.jpg"
"8589",0.034277344,2.8087,"612039d9400fae9545b3c5a8","EC_0162.jpg"
"8590",7.911181641,3.3794,"612039d9400fae9545b3c5a8","EC_0013.jpg"
"8591",0.076611328,4.9319,"612039d9400fae9545b3c5a8","EC_0185.jpg"
"8592",4.999902344,2.0823,"612039d9400fae9545b3c5a8","EC_0171.jpg"
"8593",4.999902344,1.7113,"612039d9400fae9545b3c5a8","EC_0153.jpg"
"8594",4.999902344,2.1417,"612039d9400fae9545b3c5a8","EC_0006.jpg"
"8595",5.019628906,3.2912,"612039d9400fae9545b3c5a8","EC_0226.jpg"
"8596",5.019628906,2.0124,"612039d9400fae9545b3c5a8","EC_0105.jpg"
"8597",0.045214844,3.1571,"612039d9400fae9545b3c5a8","EC_0204.jpg"
"8598",4.984277344,2.2324,"612039d9400fae9545b3c5a8","EC_0029.jpg"
"8599",4.984277344,2.7737,"612039d9400fae9545b3c5a8","EC_0040.jpg"
"8600",4.984277344,2.2868,"612039d9400fae9545b3c5a8","EC_0209.jpg"
"8601",1.985791016,3.8271,"612039d9400fae9545b3c5a8","EC_0007.jpg"
"8602",4.992626953,2.8154,"612039d9400fae9545b3c5a8","EC_0214.jpg"
"8603",1.036572266,3.3068,"612039d9400fae9545b3c5a8","EC_0062.jpg"
"8604",4.964599609,2.0086,"612039d9400fae9545b3c5a8","EC_0064.jpg"
"8605",4.964599609,2.191,"612039d9400fae9545b3c5a8","EC_0151.jpg"
"8606",4.964599609,2.1029,"612039d9400fae9545b3c5a8","EC_0002.jpg"
"8607",6.023876953,3.1081,"612039d9400fae9545b3c5a8","EC_0177.jpg"
"8608",7.076757812,3.0571,"612039d9400fae9545b3c5a8","EC_0022.jpg"
"8609",6.041308594,2.7946,"612039d9400fae9545b3c5a8","EC_0050.jpg"
"8610",9.896289062,3.0479,"612039d9400fae9545b3c5a8","EC_0174.jpg"
"8611",5.022222222,4.09,"612682ec747ac2d5df40f7df","EC_0105.jpg"
"8612",6.666666667,2.562,"612682ec747ac2d5df40f7df","EC_0011.jpg"
"8613",1.922222222,2.775,"612682ec747ac2d5df40f7df","EC_0076.jpg"
"8614",2.344444444,2.364,"612682ec747ac2d5df40f7df","EC_0049.jpg"
"8615",4.922222222,3.027,"612682ec747ac2d5df40f7df","EC_0022.jpg"
"8616",3.222222222,2.925,"612682ec747ac2d5df40f7df","EC_0108.jpg"
"8617",1.877777778,2.86,"612682ec747ac2d5df40f7df","EC_0111.jpg"
"8618",3.011111111,3.342,"612682ec747ac2d5df40f7df","EC_0096.jpg"
"8619",5.466666667,2.395,"612682ec747ac2d5df40f7df","EC_0223.jpg"
"8620",3.044444444,2.52,"612682ec747ac2d5df40f7df","EC_0097.jpg"
"8621",1.566666667,2.284,"612682ec747ac2d5df40f7df","EC_0176.jpg"
"8622",2.588888889,2.876,"612682ec747ac2d5df40f7df","EC_0181.jpg"
"8623",2.644444444,13.282,"612682ec747ac2d5df40f7df","EC_0024.jpg"
"8624",6.777777778,3.331,"612682ec747ac2d5df40f7df","EC_0187.jpeg"
"8625",1.211111111,2.507,"612682ec747ac2d5df40f7df","EC_0168.jpeg"
"8626",4.3,2.92,"612682ec747ac2d5df40f7df","EC_0248.jpg"
"8627",1.944444444,2.327,"612682ec747ac2d5df40f7df","EC_0197.jpg"
"8628",2.244444444,2.515,"612682ec747ac2d5df40f7df","EC_0042.jpg"
"8629",4.122222222,4.202,"612682ec747ac2d5df40f7df","EC_0213.jpg"
"8630",4.844444444,3.495,"612682ec747ac2d5df40f7df","EC_0177.jpg"
"8631",2.155555556,4.093,"612682ec747ac2d5df40f7df","EC_0154.jpg"
"8632",1.088888889,2.381,"612682ec747ac2d5df40f7df","EC_0140.jpg"
"8633",0.677777778,2.246,"612682ec747ac2d5df40f7df","EC_0030.jpg"
"8634",7.055555556,2.218,"612682ec747ac2d5df40f7df","EC_0041.jpg"
"8635",5.911111111,2.396,"612682ec747ac2d5df40f7df","EC_0103.jpg"
"8636",7.8,3.461,"612682ec747ac2d5df40f7df","EC_0235.jpg"
"8637",3.244444444,6.06,"612682ec747ac2d5df40f7df","EC_0202.jpg"
"8638",4.044444444,9.341,"612682ec747ac2d5df40f7df","EC_0070.jpg"
"8639",6.6,2.662,"612682ec747ac2d5df40f7df","EC_0044.jpg"
"8640",2.5,2.164,"612682ec747ac2d5df40f7df","EC_0135.jpg"
"8641",3.966666667,2.299,"612682ec747ac2d5df40f7df","EC_0092.jpg"
"8642",3.966666667,5.224,"612682ec747ac2d5df40f7df","EC_0020.jpg"
"8643",5.955555556,3.142,"612682ec747ac2d5df40f7df","EC_0056.jpg"
"8644",7.333333333,3.393,"612682ec747ac2d5df40f7df","EC_0138.png"
"8645",1.566666667,4.706,"612682ec747ac2d5df40f7df","EC_0015.jpg"
"8646",4.055555556,2.68,"612682ec747ac2d5df40f7df","EC_0086.jpg"
"8647",1.744444444,11.073,"612682ec747ac2d5df40f7df","EC_0142.jpg"
"8648",4.988888889,2.498,"612682ec747ac2d5df40f7df","EC_0250.jpg"
"8649",4.122222222,2.783,"612682ec747ac2d5df40f7df","EC_0219.jpg"
"8650",1.055555556,2.646,"612682ec747ac2d5df40f7df","EC_0182.jpg"
"8651",2.188888889,3.511,"612682ec747ac2d5df40f7df","EC_0200.png"
"8652",1.155555556,2.979,"612682ec747ac2d5df40f7df","EC_0017.jpg"
"8653",3.755555556,3.469,"612682ec747ac2d5df40f7df","EC_0229.jpg"
"8654",1.6,2.378,"612682ec747ac2d5df40f7df","EC_0113.jpg"
"8655",3.511111111,3.089,"612682ec747ac2d5df40f7df","EC_0141.jpg"
"8656",2.211111111,2.696,"612682ec747ac2d5df40f7df","EC_0199.jpg"
"8657",2.2,3.221,"612682ec747ac2d5df40f7df","EC_0166.jpg"
"8658",0.911111111,2.244,"612682ec747ac2d5df40f7df","EC_0071.jpg"
"8659",2.277777778,3.063,"612682ec747ac2d5df40f7df","EC_0069.jpg"
"8660",1.766666667,2.512,"612682ec747ac2d5df40f7df","EC_0238.jpg"
"8661",3.122222222,2.544,"612682ec747ac2d5df40f7df","EC_0039.jpg"
"8662",5.744444444,2.38,"612682ec747ac2d5df40f7df","EC_0057.jpeg"
"8663",7.866666667,2.598,"612682ec747ac2d5df40f7df","EC_0196.jpg"
"8664",2.911111111,3.046,"612682ec747ac2d5df40f7df","EC_0228.jpg"
"8665",3.655555556,4.691,"612682ec747ac2d5df40f7df","EC_0032.jpg"
"8666",1.155555556,3.316,"612682ec747ac2d5df40f7df","EC_0206.png"
"8667",1.155555556,1.893,"612682ec747ac2d5df40f7df","EC_0194.jpg"
"8668",1.155555556,2.243,"612682ec747ac2d5df40f7df","EC_0167.jpg"
"8669",1.155555556,2.193,"612682ec747ac2d5df40f7df","EC_0201.jpg"
"8670",1.155555556,2.774,"612682ec747ac2d5df40f7df","EC_0053.jpg"
"8671",3.122222222,3.213,"612682ec747ac2d5df40f7df","EC_0048.jpg"
"8672",6.077777778,2.671,"612682ec747ac2d5df40f7df","EC_0080.jpg"
"8673",4.855555556,3.129,"612682ec747ac2d5df40f7df","EC_0059.jpg"
"8674",6.166666667,5.046,"612682ec747ac2d5df40f7df","EC_0134.jpg"
"8675",4.8,2.544,"612682ec747ac2d5df40f7df","EC_0165.jpg"
"8676",2.222222222,3.145,"612682ec747ac2d5df40f7df","EC_0183.jpg"
"8677",1.822222222,2.463,"612682ec747ac2d5df40f7df","EC_0205.jpg"
"8678",1.611111111,2.27,"612682ec747ac2d5df40f7df","EC_0033.jpeg"
"8679",3.033333333,3.281,"612682ec747ac2d5df40f7df","EC_0211.jpg"
"8680",2.933333333,2.412,"612682ec747ac2d5df40f7df","EC_0037.jpg"
"8681",5.711111111,3.36,"612682ec747ac2d5df40f7df","EC_0231.jpg"
"8682",6.477777778,3.388,"612682ec747ac2d5df40f7df","EC_0241.jpg"
"8683",2.244444444,9.806,"612682ec747ac2d5df40f7df","EC_0084.jpg"
"8684",5.1,6.258,"612682ec747ac2d5df40f7df","EC_0115.jpg"
"8685",6.433333333,2.529,"612682ec747ac2d5df40f7df","EC_0106.jpg"
"8686",2.011111111,2.665,"612682ec747ac2d5df40f7df","EC_0195.jpg"
"8687",1.244444444,2.265,"612682ec747ac2d5df40f7df","EC_0226.jpg"
"8688",7.622222222,2.428,"612682ec747ac2d5df40f7df","EC_0031.jpg"
"8689",3.833333333,3.91,"612682ec747ac2d5df40f7df","EC_0173.jpg"
"8690",9.066666667,2.46,"612682ec747ac2d5df40f7df","EC_0038.jpg"
"8691",1.055555556,2.428,"612682ec747ac2d5df40f7df","EC_0008.jpg"
"8692",3.266666667,2.599,"612682ec747ac2d5df40f7df","EC_0055.jpg"
"8693",4.888888889,2.86,"612682ec747ac2d5df40f7df","EC_0163.jpg"
"8694",1.077777778,2.776,"612682ec747ac2d5df40f7df","EC_0090.jpg"
"8695",5.211111111,3.855,"612682ec747ac2d5df40f7df","EC_0174.jpg"
"8696",6.1,2.548,"612682ec747ac2d5df40f7df","EC_0079.jpg"
"8697",6.777777778,3.593,"612682ec747ac2d5df40f7df","EC_0139.png"
"8698",8.177777778,3.528,"612682ec747ac2d5df40f7df","EC_0157.jpg"
"8699",7.2,3.029,"612682ec747ac2d5df40f7df","EC_0104.jpg"
"8700",1.455555556,3.383,"612682ec747ac2d5df40f7df","EC_0028.jpg"
"8701",3.788888889,2.427,"612682ec747ac2d5df40f7df","EC_0003.jpg"
"8702",4.755555556,3.009,"612682ec747ac2d5df40f7df","EC_0046.jpg"
"8703",2.322222222,2.777,"612682ec747ac2d5df40f7df","EC_0246.jpg"
"8704",6.844444444,2.578,"612682ec747ac2d5df40f7df","EC_0240.jpg"
"8705",1.655555556,2.597,"612682ec747ac2d5df40f7df","EC_0072.jpg"
"8706",1.655555556,16.517,"612682ec747ac2d5df40f7df","EC_0013.jpg"
"8707",3.977777778,2.18,"612682ec747ac2d5df40f7df","EC_0051.jpg"
"8708",6.2,2.187,"612682ec747ac2d5df40f7df","EC_0088.jpg"
"8709",6,2.392,"612682ec747ac2d5df40f7df","EC_0012.jpg"
"8710",1.788888889,2.599,"612682ec747ac2d5df40f7df","EC_0147.png"
"8711",3.488888889,3.03,"612682ec747ac2d5df40f7df","EC_0184.jpg"
"8712",1.266666667,2.477,"612682ec747ac2d5df40f7df","EC_0203.jpg"
"8713",8.022222222,2.397,"612682ec747ac2d5df40f7df","EC_0063.jpg"
"8714",4.555555556,2.872,"612682ec747ac2d5df40f7df","EC_0234.jpg"
"8715",7.988888889,2.578,"612682ec747ac2d5df40f7df","EC_0010.jpg"
"8716",4.588888889,3.069,"612682ec747ac2d5df40f7df","EC_0245.jpg"
"8717",6.2,2.129,"612682ec747ac2d5df40f7df","EC_0087.jpg"
"8718",2.088888889,2.824,"612682ec747ac2d5df40f7df","EC_0236.jpg"
"8719",1.977777778,7.588,"612682ec747ac2d5df40f7df","EC_0148.jpg"
"8720",5.622222222,3.158,"612682ec747ac2d5df40f7df","EC_0018.jpg"
"8721",1.733333333,2.908,"612682ec747ac2d5df40f7df","EC_0232.jpg"
"8722",2.144444444,2.913,"612682ec747ac2d5df40f7df","EC_0036.jpeg"
"8723",2.166666667,2.429,"612682ec747ac2d5df40f7df","EC_0227.jpg"
"8724",4.055555556,3.673,"612682ec747ac2d5df40f7df","EC_0002.jpg"
"8725",2.177777778,2.343,"612682ec747ac2d5df40f7df","EC_0172.jpg"
"8726",3.955555556,2.532,"612682ec747ac2d5df40f7df","EC_0198.jpg"
"8727",9.522222222,2.694,"612682ec747ac2d5df40f7df","EC_0058.jpg"
"8728",5.6,2.746,"612682ec747ac2d5df40f7df","EC_0133.jpg"
"8729",3.644444444,2.345,"612682ec747ac2d5df40f7df","EC_0169.png"
"8730",1.344444444,4.327,"612682ec747ac2d5df40f7df","EC_0129.jpeg"
"8731",1.377777778,2.611,"612682ec747ac2d5df40f7df","EC_0124.jpeg"
"8732",5.011111111,2.278,"612682ec747ac2d5df40f7df","EC_0149.jpg"
"8733",3.633333333,6.089,"612682ec747ac2d5df40f7df","EC_0100.jpg"
"8734",1.688888889,2.839,"612682ec747ac2d5df40f7df","EC_0158.jpg"
"8735",2.044444444,2.426,"612682ec747ac2d5df40f7df","EC_0094.jpg"
"8736",1.066666667,4.791,"612682ec747ac2d5df40f7df","EC_0233.jpg"
"8737",5.077777778,4.525,"612682ec747ac2d5df40f7df","EC_0005.jpg"
"8738",6.644444444,2.213,"612682ec747ac2d5df40f7df","EC_0131.jpg"
"8739",1.966666667,2.91,"612682ec747ac2d5df40f7df","EC_0150.jpg"
"8740",2.966666667,5.191,"612682ec747ac2d5df40f7df","EC_0007.jpg"
"8741",1.711111111,2.281,"612682ec747ac2d5df40f7df","EC_0209.jpg"
"8742",6.9,3.006,"612682ec747ac2d5df40f7df","EC_0151.jpg"
"8743",6.366666667,3.023,"612682ec747ac2d5df40f7df","EC_0171.jpg"
"8744",1.911111111,4.361,"612682ec747ac2d5df40f7df","EC_0047.jpg"
"8745",1.911111111,2.427,"612682ec747ac2d5df40f7df","EC_0060.jpg"
"8746",2.477777778,2.312,"612682ec747ac2d5df40f7df","EC_0164.jpg"
"8747",4.022222222,3.742,"612682ec747ac2d5df40f7df","EC_0244.jpg"
"8748",6.222222222,3.029,"612682ec747ac2d5df40f7df","EC_0153.jpg"
"8749",9.077777778,3.171,"612682ec747ac2d5df40f7df","EC_0185.jpg"
"8750",9.077777778,2.238,"612682ec747ac2d5df40f7df","EC_0207.jpg"
"8751",5.966666667,2.69,"612682ec747ac2d5df40f7df","EC_0034.jpg"
"8752",2.5,2.657,"612682ec747ac2d5df40f7df","EC_0230.jpg"
"8753",3.355555556,3.117,"612682ec747ac2d5df40f7df","EC_0081.jpg"
"8754",1.455555556,2.653,"612682ec747ac2d5df40f7df","EC_0125.jpeg"
"8755",3.488888889,7.396,"612682ec747ac2d5df40f7df","EC_0170.jpg"
"8756",5.322222222,2.961,"612682ec747ac2d5df40f7df","EC_0074.jpg"
"8757",6.988888889,2.392,"612682ec747ac2d5df40f7df","EC_0064.jpg"
"8758",1.677777778,2.477,"612682ec747ac2d5df40f7df","EC_0116.jpg"
"8759",1.066666667,4.427,"612682ec747ac2d5df40f7df","EC_0237.jpg"
"8760",3.088888889,2.711,"612682ec747ac2d5df40f7df","EC_0136.jpg"
"8761",1.122222222,2.376,"612682ec747ac2d5df40f7df","EC_0089.jpg"
"8762",6.1,2.671,"612682ec747ac2d5df40f7df","EC_0009.jpg"
"8763",8.144444444,2.378,"612682ec747ac2d5df40f7df","EC_0001.jpg"
"8764",2.944444444,2.572,"612682ec747ac2d5df40f7df","EC_0159.jpg"
"8765",7.577777778,2.778,"612682ec747ac2d5df40f7df","EC_0082.jpg"
"8766",3.744444444,2.461,"612682ec747ac2d5df40f7df","EC_0160.jpg"
"8767",1.088888889,2.721,"612682ec747ac2d5df40f7df","EC_0128.jpeg"
"8768",2.8,2.44,"612682ec747ac2d5df40f7df","EC_0162.jpg"
"8769",2.8,2.166,"612682ec747ac2d5df40f7df","EC_0193.png"
"8770",1.411111111,2.446,"612682ec747ac2d5df40f7df","EC_0099.jpg"
"8771",0.855555556,2.247,"612682ec747ac2d5df40f7df","EC_0095.jpg"
"8772",4.366666667,2.925,"612682ec747ac2d5df40f7df","EC_0093.jpg"
"8773",8.188888889,2.461,"612682ec747ac2d5df40f7df","EC_0117.jpg"
"8774",8.188888889,2.094,"612682ec747ac2d5df40f7df","EC_0152.jpg"
"8775",9.8,2.258,"612682ec747ac2d5df40f7df","EC_0075.jpg"
"8776",2.755555556,2.123,"612682ec747ac2d5df40f7df","EC_0132.jpg"
"8777",5.966666667,3.196,"612682ec747ac2d5df40f7df","EC_0065.jpg"
"8778",1.022222222,2.342,"612682ec747ac2d5df40f7df","EC_0161.jpg"
"8779",1.255555556,3.206,"612682ec747ac2d5df40f7df","EC_0247.jpg"
"8780",2.611111111,9.791,"612682ec747ac2d5df40f7df","EC_0210.jpg"
"8781",1.411111111,7.324,"612682ec747ac2d5df40f7df","EC_0014.jpg"
"8782",4.466666667,4.139,"612682ec747ac2d5df40f7df","EC_0061.jpg"
"8783",6.888888889,2.726,"612682ec747ac2d5df40f7df","EC_0083.jpg"
"8784",8.611111111,2.515,"612682ec747ac2d5df40f7df","EC_0221.jpg"
"8785",5.466666667,2.694,"612682ec747ac2d5df40f7df","EC_0156.jpg"
"8786",7.8,2.179,"612682ec747ac2d5df40f7df","EC_0073.jpg"
"8787",5.955555556,5.384,"612682ec747ac2d5df40f7df","EC_0066.jpg"
"8788",7.933333333,3.319,"612682ec747ac2d5df40f7df","EC_0054.jpg"
"8789",1.8,10.326,"612682ec747ac2d5df40f7df","EC_0027.jpg"
"8790",2.144444444,3.163,"612682ec747ac2d5df40f7df","EC_0101.jpg"
"8791",3.711111111,3.38,"612682ec747ac2d5df40f7df","EC_0243.jpg"
"8792",1.133333333,2.191,"612682ec747ac2d5df40f7df","EC_0180.jpg"
"8793",5.022222222,3.039,"612682ec747ac2d5df40f7df","EC_0249.jpg"
"8794",1.522222222,2.377,"612682ec747ac2d5df40f7df","EC_0102.jpg"
"8795",6.466666667,2.816,"612682ec747ac2d5df40f7df","EC_0123.jpeg"
"8796",2.411111111,2.247,"612682ec747ac2d5df40f7df","EC_0040.jpg"
"8797",5.666666667,2.796,"612682ec747ac2d5df40f7df","EC_0016.jpg"
"8798",1.488888889,2.527,"612682ec747ac2d5df40f7df","EC_0118.jpg"
"8799",0.844444444,2.296,"612682ec747ac2d5df40f7df","EC_0098.jpg"
"8800",5.633333333,3.309,"612682ec747ac2d5df40f7df","EC_0019.jpg"
"8801",1.055555556,13.041,"612682ec747ac2d5df40f7df","EC_0242.jpg"
"8802",6.144444444,2.323,"612682ec747ac2d5df40f7df","EC_0222.jpg"
"8803",6.144444444,4.147,"612682ec747ac2d5df40f7df","EC_0068.jpg"
"8804",8.6,3.292,"612682ec747ac2d5df40f7df","EC_0188.jpg"
"8805",2.144444444,2.649,"612682ec747ac2d5df40f7df","EC_0121.jpg"
"8806",1.388888889,10.602,"612682ec747ac2d5df40f7df","EC_0109.jpg"
"8807",1.355555556,8.541,"612682ec747ac2d5df40f7df","EC_0224.jpg"
"8808",6.611111111,2.542,"612682ec747ac2d5df40f7df","EC_0062.jpg"
"8809",1.966666667,2.955,"612682ec747ac2d5df40f7df","EC_0239.jpg"
"8810",6.777777778,2.575,"612682ec747ac2d5df40f7df","EC_0077.jpg"
"8811",2.055555556,2.059,"612682ec747ac2d5df40f7df","EC_0214.jpg"
"8812",7.788888889,2.71,"612682ec747ac2d5df40f7df","EC_0085.jpg"
"8813",3.477777778,3.637,"612682ec747ac2d5df40f7df","EC_0120.jpg"
"8814",8.122222222,2.341,"612682ec747ac2d5df40f7df","EC_0119.jpg"
"8815",8.144444444,1.95,"612682ec747ac2d5df40f7df","EC_0137.jpg"
"8816",8.855555556,4.424,"612682ec747ac2d5df40f7df","EC_0006.jpg"
"8817",2.544444444,2.828,"612682ec747ac2d5df40f7df","EC_0029.jpg"
"8818",1.2,2.659,"612682ec747ac2d5df40f7df","EC_0067.jpg"
"8819",7.866666667,2.294,"612682ec747ac2d5df40f7df","EC_0050.jpg"
"8820",6.633333333,4.829,"612682ec747ac2d5df40f7df","EC_0204.jpg"
"8821",6.064814815,3.731,"613461a8b9035cf9b29ad84d","EC_0124.jpeg"
"8822",6.990740741,2.638,"613461a8b9035cf9b29ad84d","EC_0196.jpg"
"8823",4.527777778,3.566,"613461a8b9035cf9b29ad84d","EC_0117.jpg"
"8824",8.018518519,3.076,"613461a8b9035cf9b29ad84d","EC_0006.jpg"
"8825",0.87037037,3.023,"613461a8b9035cf9b29ad84d","EC_0139.png"
"8826",5.564814815,3.707,"613461a8b9035cf9b29ad84d","EC_0022.jpg"
"8827",4.981481481,4.727,"613461a8b9035cf9b29ad84d","EC_0245.jpg"
"8828",6.981481481,2.571,"613461a8b9035cf9b29ad84d","EC_0075.jpg"
"8829",8,3.246,"613461a8b9035cf9b29ad84d","EC_0086.jpg"
"8830",0.962962963,2.372,"613461a8b9035cf9b29ad84d","EC_0111.jpg"
"8831",2.027777778,3.004,"613461a8b9035cf9b29ad84d","EC_0236.jpg"
"8832",0,2.537,"613461a8b9035cf9b29ad84d","EC_0222.jpg"
"8833",6,2.871,"613461a8b9035cf9b29ad84d","EC_0096.jpg"
"8834",2.925925926,2.799,"613461a8b9035cf9b29ad84d","EC_0019.jpg"
"8835",4,2.745,"613461a8b9035cf9b29ad84d","EC_0237.jpg"
"8836",0.564814815,4.324,"613461a8b9035cf9b29ad84d","EC_0201.jpg"
"8837",4.009259259,5.276,"613461a8b9035cf9b29ad84d","EC_0102.jpg"
"8838",6.055555556,3.249,"613461a8b9035cf9b29ad84d","EC_0121.jpg"
"8839",6.981481481,2.844,"613461a8b9035cf9b29ad84d","EC_0050.jpg"
"8840",7.972222222,3.097,"613461a8b9035cf9b29ad84d","EC_0199.jpg"
"8841",0.981481481,2.791,"613461a8b9035cf9b29ad84d","EC_0233.jpg"
"8842",1.972222222,2.674,"613461a8b9035cf9b29ad84d","EC_0099.jpg"
"8843",0.009259259,3.624,"613461a8b9035cf9b29ad84d","EC_0162.jpg"
"8844",5.981481481,4.377,"613461a8b9035cf9b29ad84d","EC_0194.jpg"
"8845",4.972222222,2.51,"613461a8b9035cf9b29ad84d","EC_0070.jpg"
"8846",6.037037037,2.911,"613461a8b9035cf9b29ad84d","EC_0095.jpg"
"8847",8.907407407,3.824,"613461a8b9035cf9b29ad84d","EC_0058.jpg"
"8848",7.157407407,2.794,"613461a8b9035cf9b29ad84d","EC_0072.jpg"
"8849",4.527777778,3.459,"613461a8b9035cf9b29ad84d","EC_0169.png"
"8850",4.990740741,2.696,"613461a8b9035cf9b29ad84d","EC_0061.jpg"
"8851",0.916666667,2.726,"613461a8b9035cf9b29ad84d","EC_0188.jpg"
"8852",7.027777778,2.86,"613461a8b9035cf9b29ad84d","EC_0060.jpg"
"8853",5.972222222,3.883,"613461a8b9035cf9b29ad84d","EC_0170.jpg"
"8854",6.953703704,2.492,"613461a8b9035cf9b29ad84d","EC_0160.jpg"
"8855",7.962962963,3.603,"613461a8b9035cf9b29ad84d","EC_0193.png"
"8856",1.972222222,2.93,"613461a8b9035cf9b29ad84d","EC_0231.jpg"
"8857",1.064814815,2.885,"613461a8b9035cf9b29ad84d","EC_0224.jpg"
"8858",3.37037037,5.363,"613461a8b9035cf9b29ad84d","EC_0156.jpg"
"8859",7.962962963,2.606,"613461a8b9035cf9b29ad84d","EC_0174.jpg"
"8860",4.972222222,5.063,"613461a8b9035cf9b29ad84d","EC_0165.jpg"
"8861",8.972222222,2.502,"613461a8b9035cf9b29ad84d","EC_0136.jpg"
"8862",4.037037037,4.186,"613461a8b9035cf9b29ad84d","EC_0185.jpg"
"8863",4.5,4.171,"613461a8b9035cf9b29ad84d","EC_0149.jpg"
"8864",0.527777778,2.902,"613461a8b9035cf9b29ad84d","EC_0036.jpeg"
"8865",8.935185185,2.459,"613461a8b9035cf9b29ad84d","EC_0039.jpg"
"8866",5,3.82,"613461a8b9035cf9b29ad84d","EC_0229.jpg"
"8867",7.166666667,2.498,"613461a8b9035cf9b29ad84d","EC_0031.jpg"
"8868",1.944444444,3.285,"613461a8b9035cf9b29ad84d","EC_0067.jpg"
"8869",7.953703704,4.21,"613461a8b9035cf9b29ad84d","EC_0074.jpg"
"8870",6.046296296,2.823,"613461a8b9035cf9b29ad84d","EC_0027.jpg"
"8871",3.981481481,3.39,"613461a8b9035cf9b29ad84d","EC_0148.jpg"
"8872",0.055555556,2.372,"613461a8b9035cf9b29ad84d","EC_0161.jpg"
"8873",5.981481481,2.687,"613461a8b9035cf9b29ad84d","EC_0248.jpg"
"8874",7,2.731,"613461a8b9035cf9b29ad84d","EC_0153.jpg"
"8875",5.953703704,2.557,"613461a8b9035cf9b29ad84d","EC_0152.jpg"
"8876",3.601851852,2.713,"613461a8b9035cf9b29ad84d","EC_0171.jpg"
"8877",0.027777778,3.034,"613461a8b9035cf9b29ad84d","EC_0183.jpg"
"8878",8,2.798,"613461a8b9035cf9b29ad84d","EC_0011.jpg"
"8879",5.962962963,2.331,"613461a8b9035cf9b29ad84d","EC_0238.jpg"
"8880",4.990740741,2.519,"613461a8b9035cf9b29ad84d","EC_0059.jpg"
"8881",6.009259259,3.089,"613461a8b9035cf9b29ad84d","EC_0093.jpg"
"8882",6.444444444,2.752,"613461a8b9035cf9b29ad84d","EC_0003.jpg"
"8883",9.944444444,2.437,"613461a8b9035cf9b29ad84d","EC_0082.jpg"
"8884",2.944444444,2.789,"613461a8b9035cf9b29ad84d","EC_0020.jpg"
"8885",5.481481481,3.717,"613461a8b9035cf9b29ad84d","EC_0024.jpg"
"8886",1.555555556,4.413,"613461a8b9035cf9b29ad84d","EC_0081.jpg"
"8887",6.416666667,2.455,"613461a8b9035cf9b29ad84d","EC_0228.jpg"
"8888",0.648148148,2.657,"613461a8b9035cf9b29ad84d","EC_0214.jpg"
"8889",4.361111111,4.072,"613461a8b9035cf9b29ad84d","EC_0062.jpg"
"8890",1.472222222,2.606,"613461a8b9035cf9b29ad84d","EC_0040.jpg"
"8891",2.009259259,2.979,"613461a8b9035cf9b29ad84d","EC_0001.jpg"
"8892",0.916666667,3.201,"613461a8b9035cf9b29ad84d","EC_0055.jpg"
"8893",8.925925926,2.487,"613461a8b9035cf9b29ad84d","EC_0098.jpg"
"8894",5.027777778,2.692,"613461a8b9035cf9b29ad84d","EC_0221.jpg"
"8895",2.990740741,2.917,"613461a8b9035cf9b29ad84d","EC_0166.jpg"
"8896",9.990740741,4.167,"613461a8b9035cf9b29ad84d","EC_0138.png"
"8897",4.527777778,6.099,"613461a8b9035cf9b29ad84d","EC_0197.jpg"
"8898",7.981481481,2.714,"613461a8b9035cf9b29ad84d","EC_0038.jpg"
"8899",3.027777778,3.673,"613461a8b9035cf9b29ad84d","EC_0141.jpg"
"8900",0.009259259,2.403,"613461a8b9035cf9b29ad84d","EC_0235.jpg"
"8901",9.037037037,2.231,"613461a8b9035cf9b29ad84d","EC_0014.jpg"
"8902",0.898148148,2.546,"613461a8b9035cf9b29ad84d","EC_0048.jpg"
"8903",6.981481481,2.432,"613461a8b9035cf9b29ad84d","EC_0101.jpg"
"8904",8.046296296,2.342,"613461a8b9035cf9b29ad84d","EC_0172.jpg"
"8905",3.027777778,5.245,"613461a8b9035cf9b29ad84d","EC_0198.jpg"
"8906",8.092592593,3.872,"613461a8b9035cf9b29ad84d","EC_0008.jpg"
"8907",0.203703704,2.697,"613461a8b9035cf9b29ad84d","EC_0089.jpg"
"8908",9.037037037,2.875,"613461a8b9035cf9b29ad84d","EC_0223.jpg"
"8909",9.574074074,2.664,"613461a8b9035cf9b29ad84d","EC_0157.jpg"
"8910",0.083333333,4.817,"613461a8b9035cf9b29ad84d","EC_0230.jpg"
"8911",9.925925926,2.541,"613461a8b9035cf9b29ad84d","EC_0041.jpg"
"8912",3.981481481,2.691,"613461a8b9035cf9b29ad84d","EC_0119.jpg"
"8913",0.490740741,3.047,"613461a8b9035cf9b29ad84d","EC_0064.jpg"
"8914",7.314814815,3.554,"613461a8b9035cf9b29ad84d","EC_0247.jpg"
"8915",8.953703704,2.967,"613461a8b9035cf9b29ad84d","EC_0209.jpg"
"8916",5.009259259,2.739,"613461a8b9035cf9b29ad84d","EC_0219.jpg"
"8917",2.481481481,4.86,"613461a8b9035cf9b29ad84d","EC_0066.jpg"
"8918",8.537037037,3.293,"613461a8b9035cf9b29ad84d","EC_0073.jpg"
"8919",0,2.838,"613461a8b9035cf9b29ad84d","EC_0227.jpg"
"8920",9.87962963,2.225,"613461a8b9035cf9b29ad84d","EC_0137.jpg"
"8921",1.953703704,3.254,"613461a8b9035cf9b29ad84d","EC_0142.jpg"
"8922",3.925925926,4.794,"613461a8b9035cf9b29ad84d","EC_0015.jpg"
"8923",7.398148148,2.85,"613461a8b9035cf9b29ad84d","EC_0069.jpg"
"8924",3.953703704,3.034,"613461a8b9035cf9b29ad84d","EC_0083.jpg"
"8925",2,2.739,"613461a8b9035cf9b29ad84d","EC_0106.jpg"
"8926",0.944444444,7.489,"613461a8b9035cf9b29ad84d","EC_0090.jpg"
"8927",5.972222222,3.557,"613461a8b9035cf9b29ad84d","EC_0118.jpg"
"8928",0.064814815,4.877,"613461a8b9035cf9b29ad84d","EC_0063.jpg"
"8929",9.972222222,2.906,"613461a8b9035cf9b29ad84d","EC_0002.jpg"
"8930",0.12962963,2.412,"613461a8b9035cf9b29ad84d","EC_0088.jpg"
"8931",3.055555556,2.338,"613461a8b9035cf9b29ad84d","EC_0017.jpg"
"8932",8.472222222,3.03,"613461a8b9035cf9b29ad84d","EC_0177.jpg"
"8933",9.842592593,3.056,"613461a8b9035cf9b29ad84d","EC_0210.jpg"
"8934",1.833333333,3.14,"613461a8b9035cf9b29ad84d","EC_0195.jpg"
"8935",3.416666667,4.824,"613461a8b9035cf9b29ad84d","EC_0181.jpg"
"8936",7.962962963,2.71,"613461a8b9035cf9b29ad84d","EC_0150.jpg"
"8937",0.12037037,2.353,"613461a8b9035cf9b29ad84d","EC_0134.jpg"
"8938",7.537037037,3.155,"613461a8b9035cf9b29ad84d","EC_0246.jpg"
"8939",8.342592593,4.262,"613461a8b9035cf9b29ad84d","EC_0103.jpg"
"8940",5.472222222,3.105,"613461a8b9035cf9b29ad84d","EC_0125.jpeg"
"8941",0.018518519,3.23,"613461a8b9035cf9b29ad84d","EC_0012.jpg"
"8942",5.990740741,3.99,"613461a8b9035cf9b29ad84d","EC_0129.jpeg"
"8943",8,2.405,"613461a8b9035cf9b29ad84d","EC_0213.jpg"
"8944",8.972222222,3.15,"613461a8b9035cf9b29ad84d","EC_0207.jpg"
"8945",3.981481481,2.503,"613461a8b9035cf9b29ad84d","EC_0080.jpg"
"8946",0.037037037,2.627,"613461a8b9035cf9b29ad84d","EC_0123.jpeg"
"8947",6.935185185,2.304,"613461a8b9035cf9b29ad84d","EC_0135.jpg"
"8948",3.037037037,2.613,"613461a8b9035cf9b29ad84d","EC_0164.jpg"
"8949",5.981481481,3.583,"613461a8b9035cf9b29ad84d","EC_0032.jpg"
"8950",0.342592593,3.447,"613461a8b9035cf9b29ad84d","EC_0033.jpeg"
"8951",5.527777778,5.511,"613461a8b9035cf9b29ad84d","EC_0132.jpg"
"8952",2.527777778,2.78,"613461a8b9035cf9b29ad84d","EC_0244.jpg"
"8953",8,2.458,"613461a8b9035cf9b29ad84d","EC_0173.jpg"
"8954",0.055555556,3.565,"613461a8b9035cf9b29ad84d","EC_0232.jpg"
"8955",6.888888889,2.738,"613461a8b9035cf9b29ad84d","EC_0168.jpeg"
"8956",5.212962963,6.071,"613461a8b9035cf9b29ad84d","EC_0034.jpg"
"8957",0.638888889,2.657,"613461a8b9035cf9b29ad84d","EC_0049.jpg"
"8958",8.564814815,2.627,"613461a8b9035cf9b29ad84d","EC_0092.jpg"
"8959",0.027777778,2.711,"613461a8b9035cf9b29ad84d","EC_0054.jpg"
"8960",4.990740741,2.578,"613461a8b9035cf9b29ad84d","EC_0120.jpg"
"8961",0.453703704,2.526,"613461a8b9035cf9b29ad84d","EC_0203.jpg"
"8962",0.222222222,2.819,"613461a8b9035cf9b29ad84d","EC_0147.png"
"8963",6.425925926,2.568,"613461a8b9035cf9b29ad84d","EC_0018.jpg"
"8964",7.509259259,7.25,"613461a8b9035cf9b29ad84d","EC_0113.jpg"
"8965",0.027777778,2.885,"613461a8b9035cf9b29ad84d","EC_0056.jpg"
"8966",7.472222222,3.194,"613461a8b9035cf9b29ad84d","EC_0030.jpg"
"8967",6.398148148,2.499,"613461a8b9035cf9b29ad84d","EC_0100.jpg"
"8968",7.490740741,2.916,"613461a8b9035cf9b29ad84d","EC_0154.jpg"
"8969",9.009259259,2.326,"613461a8b9035cf9b29ad84d","EC_0211.jpg"
"8970",0.583333333,2.393,"613461a8b9035cf9b29ad84d","EC_0234.jpg"
"8971",1.425925926,3.159,"613461a8b9035cf9b29ad84d","EC_0013.jpg"
"8972",3.018518519,2.552,"613461a8b9035cf9b29ad84d","EC_0109.jpg"
"8973",0.324074074,3.257,"613461a8b9035cf9b29ad84d","EC_0242.jpg"
"8974",6.537037037,2.606,"613461a8b9035cf9b29ad84d","EC_0104.jpg"
"8975",7.509259259,2.524,"613461a8b9035cf9b29ad84d","EC_0044.jpg"
"8976",8.361111111,2.42,"613461a8b9035cf9b29ad84d","EC_0240.jpg"
"8977",1.981481481,2.551,"613461a8b9035cf9b29ad84d","EC_0167.jpg"
"8978",4.018518519,2.605,"613461a8b9035cf9b29ad84d","EC_0068.jpg"
"8979",7,3.292,"613461a8b9035cf9b29ad84d","EC_0105.jpg"
"8980",7.944444444,3.05,"613461a8b9035cf9b29ad84d","EC_0128.jpeg"
"8981",0.314814815,2.378,"613461a8b9035cf9b29ad84d","EC_0204.jpg"
"8982",9.009259259,2.423,"613461a8b9035cf9b29ad84d","EC_0115.jpg"
"8983",0.388888889,2.99,"613461a8b9035cf9b29ad84d","EC_0071.jpg"
"8984",6.537037037,2.765,"613461a8b9035cf9b29ad84d","EC_0016.jpg"
"8985",5.361111111,2.845,"613461a8b9035cf9b29ad84d","EC_0097.jpg"
"8986",6.37037037,3.178,"613461a8b9035cf9b29ad84d","EC_0007.jpg"
"8987",0.240740741,3.525,"613461a8b9035cf9b29ad84d","EC_0184.jpg"
"8988",3.305555556,5.946,"613461a8b9035cf9b29ad84d","EC_0239.jpg"
"8989",5.537037037,2.54,"613461a8b9035cf9b29ad84d","EC_0205.jpg"
"8990",7.5,2.878,"613461a8b9035cf9b29ad84d","EC_0140.jpg"
"8991",3.37962963,2.698,"613461a8b9035cf9b29ad84d","EC_0042.jpg"
"8992",5.537037037,3.1,"613461a8b9035cf9b29ad84d","EC_0009.jpg"
"8993",7.490740741,2.364,"613461a8b9035cf9b29ad84d","EC_0037.jpg"
"8994",2.37037037,2.945,"613461a8b9035cf9b29ad84d","EC_0182.jpg"
"8995",9.416666667,2.265,"613461a8b9035cf9b29ad84d","EC_0010.jpg"
"8996",6.5,3.764,"613461a8b9035cf9b29ad84d","EC_0202.jpg"
"8997",6.990740741,2.518,"613461a8b9035cf9b29ad84d","EC_0200.png"
"8998",9.018518519,2.964,"613461a8b9035cf9b29ad84d","EC_0087.jpg"
"8999",1.342592593,3.59,"613461a8b9035cf9b29ad84d","EC_0046.jpg"
"9000",5.990740741,2.638,"613461a8b9035cf9b29ad84d","EC_0094.jpg"
"9001",2.388888889,5.226,"613461a8b9035cf9b29ad84d","EC_0047.jpg"
"9002",4.425925926,2.942,"613461a8b9035cf9b29ad84d","EC_0176.jpg"
"9003",0,3.581,"613461a8b9035cf9b29ad84d","EC_0053.jpg"
"9004",1.546296296,2.959,"613461a8b9035cf9b29ad84d","EC_0250.jpg"
"9005",5.981481481,2.84,"613461a8b9035cf9b29ad84d","EC_0206.png"
"9006",5,2.926,"613461a8b9035cf9b29ad84d","EC_0241.jpg"
"9007",4.027777778,2.408,"613461a8b9035cf9b29ad84d","EC_0116.jpg"
"9008",6.990740741,2.994,"613461a8b9035cf9b29ad84d","EC_0249.jpg"
"9009",5.416666667,3.338,"613461a8b9035cf9b29ad84d","EC_0131.jpg"
"9010",8.462962963,2.526,"613461a8b9035cf9b29ad84d","EC_0151.jpg"
"9011",4.009259259,4.019,"613461a8b9035cf9b29ad84d","EC_0108.jpg"
"9012",5.981481481,2.849,"613461a8b9035cf9b29ad84d","EC_0180.jpg"
"9013",0.953703704,2.351,"613461a8b9035cf9b29ad84d","EC_0158.jpg"
"9014",0.518518519,2.665,"613461a8b9035cf9b29ad84d","EC_0226.jpg"
"9015",5.962962963,4.39,"613461a8b9035cf9b29ad84d","EC_0065.jpg"
"9016",0.5,3.057,"613461a8b9035cf9b29ad84d","EC_0051.jpg"
"9017",6.981481481,2.758,"613461a8b9035cf9b29ad84d","EC_0085.jpg"
"9018",5,2.51,"613461a8b9035cf9b29ad84d","EC_0028.jpg"
"9019",8.435185185,4.596,"613461a8b9035cf9b29ad84d","EC_0163.jpg"
"9020",5.981481481,3.643,"613461a8b9035cf9b29ad84d","EC_0077.jpg"
"9021",9.444444444,3.713,"613461a8b9035cf9b29ad84d","EC_0079.jpg"
"9022",0.055555556,3.545,"613461a8b9035cf9b29ad84d","EC_0133.jpg"
"9023",7,2.485,"613461a8b9035cf9b29ad84d","EC_0057.jpeg"
"9024",0,3.538,"613461a8b9035cf9b29ad84d","EC_0187.jpeg"
"9025",9.5,2.485,"613461a8b9035cf9b29ad84d","EC_0029.jpg"
"9026",0.407407407,2.711,"613461a8b9035cf9b29ad84d","EC_0084.jpg"
"9027",1.481481481,2.758,"613461a8b9035cf9b29ad84d","EC_0159.jpg"
"9028",0.342592593,2.531,"613461a8b9035cf9b29ad84d","EC_0005.jpg"
"9029",2.351851852,2.898,"613461a8b9035cf9b29ad84d","EC_0243.jpg"
"9030",0.462962963,2.583,"613461a8b9035cf9b29ad84d","EC_0076.jpg"
"9031",8.842592593,4.988,"61452bbe86c21c0347085911","EC_0151.jpg"
"9032",9.601851852,3.8887,"61452bbe86c21c0347085911","EC_0167.jpg"
"9033",9.861111111,4.1802,"61452bbe86c21c0347085911","EC_0125.jpeg"
"9034",4.046296296,6.1112,"61452bbe86c21c0347085911","EC_0094.jpg"
"9035",5.416666667,7.0467,"61452bbe86c21c0347085911","EC_0229.jpg"
"9036",9.712962963,6.6134,"61452bbe86c21c0347085911","EC_0033.jpeg"
"9037",2.925925926,5.4714,"61452bbe86c21c0347085911","EC_0223.jpg"
"9038",9.212962963,4.7489,"61452bbe86c21c0347085911","EC_0224.jpg"
"9039",8.990740741,4.1899,"61452bbe86c21c0347085911","EC_0185.jpg"
"9040",3.527777778,3.3152,"61452bbe86c21c0347085911","EC_0184.jpg"
"9041",8.824074074,4.7732,"61452bbe86c21c0347085911","EC_0116.jpg"
"9042",8,9.9663,"61452bbe86c21c0347085911","EC_0177.jpg"
"9043",3.907407407,4.0368,"61452bbe86c21c0347085911","EC_0243.jpg"
"9044",7.25,4.695,"61452bbe86c21c0347085911","EC_0131.jpg"
"9045",7.537037037,3.2905,"61452bbe86c21c0347085911","EC_0106.jpg"
"9046",0.314814815,4.3811,"61452bbe86c21c0347085911","EC_0028.jpg"
"9047",0.231481481,7.4175,"61452bbe86c21c0347085911","EC_0101.jpg"
"9048",6.462962963,5.74,"61452bbe86c21c0347085911","EC_0079.jpg"
"9049",7.259259259,3.4071,"61452bbe86c21c0347085911","EC_0093.jpg"
"9050",1.898148148,5.0329,"61452bbe86c21c0347085911","EC_0037.jpg"
"9051",8.675925926,5.727,"61452bbe86c21c0347085911","EC_0044.jpg"
"9052",0.861111111,3.7858,"61452bbe86c21c0347085911","EC_0159.jpg"
"9053",2.277777778,4.2902,"61452bbe86c21c0347085911","EC_0073.jpg"
"9054",2.351851852,3.08,"61452bbe86c21c0347085911","EC_0244.jpg"
"9055",1.981481481,2.9236,"61452bbe86c21c0347085911","EC_0210.jpg"
"9056",6.12037037,3.7815,"61452bbe86c21c0347085911","EC_0200.png"
"9057",5.805555556,2.8963,"61452bbe86c21c0347085911","EC_0198.jpg"
"9058",7.611111111,3.4325,"61452bbe86c21c0347085911","EC_0203.jpg"
"9059",3.685185185,4.0083,"61452bbe86c21c0347085911","EC_0204.jpg"
"9060",0.935185185,2.7135,"61452bbe86c21c0347085911","EC_0048.jpg"
"9061",0.944444444,3.7467,"61452bbe86c21c0347085911","EC_0154.jpg"
"9062",5.074074074,5.4404,"61452bbe86c21c0347085911","EC_0235.jpg"
"9063",8.12037037,3.648,"61452bbe86c21c0347085911","EC_0188.jpg"
"9064",8.787037037,5.9827,"61452bbe86c21c0347085911","EC_0147.png"
"9065",5.861111111,5.4155,"61452bbe86c21c0347085911","EC_0053.jpg"
"9066",7.111111111,5.7482,"61452bbe86c21c0347085911","EC_0064.jpg"
"9067",2,3.3234,"61452bbe86c21c0347085911","EC_0075.jpg"
"9068",3.638888889,4.5322,"61452bbe86c21c0347085911","EC_0065.jpg"
"9069",8.083333333,3.6774,"61452bbe86c21c0347085911","EC_0242.jpg"
"9070",4.074074074,4.0253,"61452bbe86c21c0347085911","EC_0089.jpg"
"9071",8.962962963,5.1826,"61452bbe86c21c0347085911","EC_0171.jpg"
"9072",9.768518519,2.5822,"61452bbe86c21c0347085911","EC_0176.jpg"
"9073",9.87962963,4.2821,"61452bbe86c21c0347085911","EC_0227.jpg"
"9074",9.564814815,3.3903,"61452bbe86c21c0347085911","EC_0072.jpg"
"9075",7.953703704,3.0496,"61452bbe86c21c0347085911","EC_0158.jpg"
"9076",6.148148148,5.4232,"61452bbe86c21c0347085911","EC_0180.jpg"
"9077",1.851851852,6.4233,"61452bbe86c21c0347085911","EC_0029.jpg"
"9078",0.324074074,4.7815,"61452bbe86c21c0347085911","EC_0005.jpg"
"9079",9.046296296,4.2318,"61452bbe86c21c0347085911","EC_0237.jpg"
"9080",5.203703704,5.4815,"61452bbe86c21c0347085911","EC_0056.jpg"
"9081",8.907407407,3.7458,"61452bbe86c21c0347085911","EC_0070.jpg"
"9082",7.018518519,6.7812,"61452bbe86c21c0347085911","EC_0105.jpg"
"9083",9.175925926,3.1989,"61452bbe86c21c0347085911","EC_0119.jpg"
"9084",8.527777778,6.7867,"61452bbe86c21c0347085911","EC_0241.jpg"
"9085",7.490740741,3.7821,"61452bbe86c21c0347085911","EC_0061.jpg"
"9086",8.37962963,2.974,"61452bbe86c21c0347085911","EC_0097.jpg"
"9087",0.009259259,8.6206,"61452bbe86c21c0347085911","EC_0214.jpg"
"9088",2.564814815,2.4738,"61452bbe86c21c0347085911","EC_0042.jpg"
"9089",9.611111111,4.2158,"61452bbe86c21c0347085911","EC_0003.jpg"
"9090",9.37962963,2.7932,"61452bbe86c21c0347085911","EC_0197.jpg"
"9091",9.37962963,2.3252,"61452bbe86c21c0347085911","EC_0012.jpg"
"9092",3.675925926,4.3799,"61452bbe86c21c0347085911","EC_0166.jpg"
"9093",2.185185185,4.8402,"61452bbe86c21c0347085911","EC_0246.jpg"
"9094",8.398148148,5.0651,"61452bbe86c21c0347085911","EC_0152.jpg"
"9095",9.898148148,3.6738,"61452bbe86c21c0347085911","EC_0137.jpg"
"9096",0,6.672,"61452bbe86c21c0347085911","EC_0103.jpg"
"9097",9.564814815,3.8657,"61452bbe86c21c0347085911","EC_0022.jpg"
"9098",5.842592593,3.8873,"61452bbe86c21c0347085911","EC_0162.jpg"
"9099",5.138888889,2.2406,"61452bbe86c21c0347085911","EC_0187.jpeg"
"9100",1.342592593,4.7694,"61452bbe86c21c0347085911","EC_0138.png"
"9101",2.185185185,3.5905,"61452bbe86c21c0347085911","EC_0038.jpg"
"9102",0.777777778,3.1793,"61452bbe86c21c0347085911","EC_0211.jpg"
"9103",9.694444444,5.4348,"61452bbe86c21c0347085911","EC_0031.jpg"
"9104",5.916666667,4.1497,"61452bbe86c21c0347085911","EC_0164.jpg"
"9105",1.018518519,5.3897,"61452bbe86c21c0347085911","EC_0221.jpg"
"9106",3.824074074,4.6946,"61452bbe86c21c0347085911","EC_0124.jpeg"
"9107",6.944444444,3.3159,"61452bbe86c21c0347085911","EC_0168.jpeg"
"9108",8.962962963,5.7699,"61452bbe86c21c0347085911","EC_0170.jpg"
"9109",6.416666667,2.8045,"61452bbe86c21c0347085911","EC_0108.jpg"
"9110",0.666666667,6.3563,"61452bbe86c21c0347085911","EC_0015.jpg"
"9111",6.768518519,4.6383,"61452bbe86c21c0347085911","EC_0233.jpg"
"9112",1.351851852,5.3148,"61452bbe86c21c0347085911","EC_0099.jpg"
"9113",8.101851852,3.3468,"61452bbe86c21c0347085911","EC_0182.jpg"
"9114",9.962962963,5.2059,"61452bbe86c21c0347085911","EC_0054.jpg"
"9115",2.972222222,4.6048,"61452bbe86c21c0347085911","EC_0169.png"
"9116",6.888888889,3.4883,"61452bbe86c21c0347085911","EC_0047.jpg"
"9117",6.916666667,2.4246,"61452bbe86c21c0347085911","EC_0050.jpg"
"9118",9.694444444,2.7574,"61452bbe86c21c0347085911","EC_0014.jpg"
"9119",9.37962963,2.9883,"61452bbe86c21c0347085911","EC_0087.jpg"
"9120",10,5.5221,"61452bbe86c21c0347085911","EC_0231.jpg"
"9121",3.509259259,3.5051,"61452bbe86c21c0347085911","EC_0195.jpg"
"9122",10,4.7439,"61452bbe86c21c0347085911","EC_0098.jpg"
"9123",9.722222222,3.9968,"61452bbe86c21c0347085911","EC_0172.jpg"
"9124",10,4.3635,"61452bbe86c21c0347085911","EC_0077.jpg"
"9125",8.111111111,4.0636,"61452bbe86c21c0347085911","EC_0199.jpg"
"9126",4.824074074,6.1584,"61452bbe86c21c0347085911","EC_0193.png"
"9127",6.398148148,3.7635,"61452bbe86c21c0347085911","EC_0118.jpg"
"9128",10,4.5404,"61452bbe86c21c0347085911","EC_0041.jpg"
"9129",10,3.8567,"61452bbe86c21c0347085911","EC_0007.jpg"
"9130",7.648148148,3.0887,"61452bbe86c21c0347085911","EC_0163.jpg"
"9131",9.462962963,3.1718,"61452bbe86c21c0347085911","EC_0040.jpg"
"9132",2.916666667,7.3416,"61452bbe86c21c0347085911","EC_0150.jpg"
"9133",6.111111111,3.25,"61452bbe86c21c0347085911","EC_0071.jpg"
"9134",9.990740741,7.0795,"61452bbe86c21c0347085911","EC_0104.jpg"
"9135",6.638888889,4.4726,"61452bbe86c21c0347085911","EC_0009.jpg"
"9136",3.185185185,4.3717,"61452bbe86c21c0347085911","EC_0002.jpg"
"9137",8.296296296,4.6315,"61452bbe86c21c0347085911","EC_0082.jpg"
"9138",4.916666667,7.1743,"61452bbe86c21c0347085911","EC_0226.jpg"
"9139",0.064814815,6.8464,"61452bbe86c21c0347085911","EC_0111.jpg"
"9140",8.564814815,5.1207,"61452bbe86c21c0347085911","EC_0202.jpg"
"9141",8.861111111,4.8847,"61452bbe86c21c0347085911","EC_0086.jpg"
"9142",7.722222222,3.4135,"61452bbe86c21c0347085911","EC_0008.jpg"
"9143",4.287037037,3.1292,"61452bbe86c21c0347085911","EC_0222.jpg"
"9144",0.037037037,4.2155,"61452bbe86c21c0347085911","EC_0136.jpg"
"9145",5.092592593,3.624,"61452bbe86c21c0347085911","EC_0245.jpg"
"9146",4.212962963,5.5843,"61452bbe86c21c0347085911","EC_0027.jpg"
"9147",8.453703704,3.4932,"61452bbe86c21c0347085911","EC_0232.jpg"
"9148",1.259259259,3.195,"61452bbe86c21c0347085911","EC_0149.jpg"
"9149",8.935185185,4.1726,"61452bbe86c21c0347085911","EC_0201.jpg"
"9150",7.296296296,5.3716,"61452bbe86c21c0347085911","EC_0117.jpg"
"9151",0.092592593,6.6159,"61452bbe86c21c0347085911","EC_0209.jpg"
"9152",3.212962963,3.1554,"61452bbe86c21c0347085911","EC_0161.jpg"
"9153",6.814814815,3.8809,"61452bbe86c21c0347085911","EC_0020.jpg"
"9154",2.972222222,4.7737,"61452bbe86c21c0347085911","EC_0236.jpg"
"9155",1.046296296,6.4002,"61452bbe86c21c0347085911","EC_0165.jpg"
"9156",8.018518519,6.3033,"61452bbe86c21c0347085911","EC_0183.jpg"
"9157",4.925925926,4.0603,"61452bbe86c21c0347085911","EC_0129.jpeg"
"9158",6.259259259,3.2994,"61452bbe86c21c0347085911","EC_0068.jpg"
"9159",8.166666667,3.1386,"61452bbe86c21c0347085911","EC_0092.jpg"
"9160",3.768518519,4.4967,"61452bbe86c21c0347085911","EC_0067.jpg"
"9161",6.972222222,5.4745,"61452bbe86c21c0347085911","EC_0234.jpg"
"9162",1.388888889,5.2101,"61452bbe86c21c0347085911","EC_0134.jpg"
"9163",1.953703704,2.7143,"61452bbe86c21c0347085911","EC_0049.jpg"
"9164",4.824074074,4.1486,"61452bbe86c21c0347085911","EC_0173.jpg"
"9165",5.083333333,4.8769,"61452bbe86c21c0347085911","EC_0128.jpeg"
"9166",6.740740741,3.2296,"61452bbe86c21c0347085911","EC_0142.jpg"
"9167",4.314814815,3.761,"61452bbe86c21c0347085911","EC_0205.jpg"
"9168",9.814814815,21.6604,"61452bbe86c21c0347085911","EC_0074.jpg"
"9169",9.638888889,8.3291,"61452bbe86c21c0347085911","EC_0096.jpg"
"9170",5.824074074,5.6175,"61452bbe86c21c0347085911","EC_0013.jpg"
"9171",9.953703704,4.4037,"61452bbe86c21c0347085911","EC_0081.jpg"
"9172",2.296296296,7.9016,"61452bbe86c21c0347085911","EC_0017.jpg"
"9173",9.861111111,6.9333,"61452bbe86c21c0347085911","EC_0156.jpg"
"9174",9.666666667,3.2387,"61452bbe86c21c0347085911","EC_0207.jpg"
"9175",0.916666667,8.2686,"61452bbe86c21c0347085911","EC_0109.jpg"
"9176",6.148148148,7.3999,"61452bbe86c21c0347085911","EC_0060.jpg"
"9177",8.555555556,7.5214,"61452bbe86c21c0347085911","EC_0063.jpg"
"9178",4.898148148,5.0621,"61452bbe86c21c0347085911","EC_0228.jpg"
"9179",1.064814815,4.9727,"61452bbe86c21c0347085911","EC_0113.jpg"
"9180",9.972222222,5.3055,"61452bbe86c21c0347085911","EC_0140.jpg"
"9181",0.046296296,4.2655,"61452bbe86c21c0347085911","EC_0001.jpg"
"9182",4.898148148,4.9264,"61452bbe86c21c0347085911","EC_0102.jpg"
"9183",9.981481481,5.7219,"61452bbe86c21c0347085911","EC_0248.jpg"
"9184",9.574074074,4.455,"61452bbe86c21c0347085911","EC_0123.jpeg"
"9185",8.722222222,6.5294,"61452bbe86c21c0347085911","EC_0083.jpg"
"9186",8.731481481,3.372,"61452bbe86c21c0347085911","EC_0018.jpg"
"9187",2.962962963,5.2182,"61452bbe86c21c0347085911","EC_0219.jpg"
"9188",9.314814815,3.7925,"61452bbe86c21c0347085911","EC_0062.jpg"
"9189",6.759259259,5.1716,"61452bbe86c21c0347085911","EC_0032.jpg"
"9190",0.037037037,4.4552,"61452bbe86c21c0347085911","EC_0194.jpg"
"9191",9.981481481,5.3734,"61452bbe86c21c0347085911","EC_0206.png"
"9192",9.972222222,2.7973,"61452bbe86c21c0347085911","EC_0069.jpg"
"9193",1.962962963,4.0826,"61452bbe86c21c0347085911","EC_0250.jpg"
"9194",6.694444444,3.8306,"61452bbe86c21c0347085911","EC_0051.jpg"
"9195",6.814814815,2.7388,"61452bbe86c21c0347085911","EC_0196.jpg"
"9196",3.018518519,4.9533,"61452bbe86c21c0347085911","EC_0010.jpg"
"9197",0.314814815,3.7049,"61452bbe86c21c0347085911","EC_0230.jpg"
"9198",0.046296296,3.9878,"61452bbe86c21c0347085911","EC_0213.jpg"
"9199",2.444444444,3.6646,"61452bbe86c21c0347085911","EC_0133.jpg"
"9200",1.314814815,2.2053,"61452bbe86c21c0347085911","EC_0076.jpg"
"9201",0.12962963,2.8148,"61452bbe86c21c0347085911","EC_0039.jpg"
"9202",4.962962963,9.8619,"61452bbe86c21c0347085911","EC_0132.jpg"
"9203",0.027777778,7.1959,"61452bbe86c21c0347085911","EC_0019.jpg"
"9204",6.324074074,3.3906,"61452bbe86c21c0347085911","EC_0100.jpg"
"9205",6.62962963,3.126,"61452bbe86c21c0347085911","EC_0036.jpeg"
"9206",7.435185185,2.99,"61452bbe86c21c0347085911","EC_0055.jpg"
"9207",6.138888889,3.0072,"61452bbe86c21c0347085911","EC_0046.jpg"
"9208",7.731481481,2.9403,"61452bbe86c21c0347085911","EC_0238.jpg"
"9209",5.768518519,6.4643,"61452bbe86c21c0347085911","EC_0239.jpg"
"9210",9.981481481,3.4388,"61452bbe86c21c0347085911","EC_0016.jpg"
"9211",9.935185185,3.8453,"61452bbe86c21c0347085911","EC_0174.jpg"
"9212",4.064814815,2.9568,"61452bbe86c21c0347085911","EC_0057.jpeg"
"9213",9.305555556,4.3938,"61452bbe86c21c0347085911","EC_0141.jpg"
"9214",9.203703704,2.3119,"61452bbe86c21c0347085911","EC_0120.jpg"
"9215",8.990740741,3.4386,"61452bbe86c21c0347085911","EC_0153.jpg"
"9216",9.453703704,4.418,"61452bbe86c21c0347085911","EC_0006.jpg"
"9217",8.675925926,3.2119,"61452bbe86c21c0347085911","EC_0080.jpg"
"9218",0.194444444,3.9718,"61452bbe86c21c0347085911","EC_0024.jpg"
"9219",9.907407407,8.0961,"61452bbe86c21c0347085911","EC_0181.jpg"
"9220",6.833333333,3.4053,"61452bbe86c21c0347085911","EC_0095.jpg"
"9221",6.787037037,3.0554,"61452bbe86c21c0347085911","EC_0085.jpg"
"9222",6.259259259,4.8523,"61452bbe86c21c0347085911","EC_0148.jpg"
"9223",8.444444444,3.4783,"61452bbe86c21c0347085911","EC_0247.jpg"
"9224",5.75,4.5434,"61452bbe86c21c0347085911","EC_0135.jpg"
"9225",8.953703704,2.7572,"61452bbe86c21c0347085911","EC_0034.jpg"
"9226",3.611111111,8.0789,"61452bbe86c21c0347085911","EC_0121.jpg"
"9227",8.203703704,4.2491,"61452bbe86c21c0347085911","EC_0240.jpg"
"9228",6.685185185,4.1821,"61452bbe86c21c0347085911","EC_0011.jpg"
"9229",9.916666667,3.9653,"61452bbe86c21c0347085911","EC_0160.jpg"
"9230",9.722222222,3.6155,"61452bbe86c21c0347085911","EC_0157.jpg"
"9231",9.731481481,2.6803,"61452bbe86c21c0347085911","EC_0088.jpg"
"9232",6.5,4.0071,"61452bbe86c21c0347085911","EC_0139.png"
"9233",5.453703704,2.8502,"61452bbe86c21c0347085911","EC_0030.jpg"
"9234",0.287037037,3.8235,"61452bbe86c21c0347085911","EC_0058.jpg"
"9235",2.935185185,3.5746,"61452bbe86c21c0347085911","EC_0090.jpg"
"9236",7.916666667,2.7665,"61452bbe86c21c0347085911","EC_0249.jpg"
"9237",9.009259259,6.1173,"61452bbe86c21c0347085911","EC_0084.jpg"
"9238",1.351851852,7.6163,"61452bbe86c21c0347085911","EC_0059.jpg"
"9239",3.342592593,2.9735,"61452bbe86c21c0347085911","EC_0066.jpg"
"9240",0.092592593,7.8203,"61452bbe86c21c0347085911","EC_0115.jpg"
"9241",1.015625,3.4866,"615b39c56d4a42f215089b8a","EC_0095.jpg"
"9242",2.96875,4.4085,"615b39c56d4a42f215089b8a","EC_0164.jpg"
"9243",0.052083333,3.1555,"615b39c56d4a42f215089b8a","EC_0227.jpg"
"9244",4.036458333,5.4933,"615b39c56d4a42f215089b8a","EC_0062.jpg"
"9245",9.9609375,4.7449,"615b39c56d4a42f215089b8a","EC_0029.jpg"
"9246",2.96875,3.9286,"615b39c56d4a42f215089b8a","EC_0040.jpg"
"9247",7.994791667,4.5984,"615b39c56d4a42f215089b8a","EC_0198.jpg"
"9248",4.0234375,6.1009,"615b39c56d4a42f215089b8a","EC_0103.jpg"
"9249",7.03125,3.7283,"615b39c56d4a42f215089b8a","EC_0070.jpg"
"9250",4.986979167,3.433,"615b39c56d4a42f215089b8a","EC_0205.jpg"
"9251",5.950520833,3.5053,"615b39c56d4a42f215089b8a","EC_0082.jpg"
"9252",8.046875,3.9228,"615b39c56d4a42f215089b8a","EC_0139.png"
"9253",9.010416667,3.8904,"615b39c56d4a42f215089b8a","EC_0050.jpg"
"9254",4.9609375,3.6717,"615b39c56d4a42f215089b8a","EC_0153.jpg"
"9255",7.955729167,3.6197,"615b39c56d4a42f215089b8a","EC_0057.jpeg"
"9256",2.955729167,10.0774,"615b39c56d4a42f215089b8a","EC_0056.jpg"
"9257",7.005208333,5.2889,"615b39c56d4a42f215089b8a","EC_0006.jpg"
"9258",5.963541667,4.4508,"615b39c56d4a42f215089b8a","EC_0069.jpg"
"9259",7.005208333,4.2408,"615b39c56d4a42f215089b8a","EC_0001.jpg"
"9260",6.015625,5.0032,"615b39c56d4a42f215089b8a","EC_0232.jpg"
"9261",6.9921875,2.9158,"615b39c56d4a42f215089b8a","EC_0096.jpg"
"9262",5.963541667,5.6871,"615b39c56d4a42f215089b8a","EC_0134.jpg"
"9263",3.020833333,4.4038,"615b39c56d4a42f215089b8a","EC_0187.jpeg"
"9264",0.963541667,5.02,"615b39c56d4a42f215089b8a","EC_0150.jpg"
"9265",7.03125,4.5351,"615b39c56d4a42f215089b8a","EC_0247.jpg"
"9266",8.997395833,3.9867,"615b39c56d4a42f215089b8a","EC_0167.jpg"
"9267",8.9453125,2.4776,"615b39c56d4a42f215089b8a","EC_0048.jpg"
"9268",5.989583333,3.2681,"615b39c56d4a42f215089b8a","EC_0152.jpg"
"9269",9.973958333,3.78,"615b39c56d4a42f215089b8a","EC_0063.jpg"
"9270",9.9609375,4.6782,"615b39c56d4a42f215089b8a","EC_0061.jpg"
"9271",6.953125,3.2268,"615b39c56d4a42f215089b8a","EC_0075.jpg"
"9272",7.96875,3.5117,"615b39c56d4a42f215089b8a","EC_0160.jpg"
"9273",8.984375,3.7746,"615b39c56d4a42f215089b8a","EC_0248.jpg"
"9274",8.984375,3.9218,"615b39c56d4a42f215089b8a","EC_0030.jpg"
"9275",6.002604167,3.3327,"615b39c56d4a42f215089b8a","EC_0141.jpg"
"9276",6.9140625,3.2382,"615b39c56d4a42f215089b8a","EC_0087.jpg"
"9277",5.9765625,3.7701,"615b39c56d4a42f215089b8a","EC_0100.jpg"
"9278",5,2.8861,"615b39c56d4a42f215089b8a","EC_0221.jpg"
"9279",0.0390625,3.9868,"615b39c56d4a42f215089b8a","EC_0161.jpg"
"9280",4.8828125,3.1903,"615b39c56d4a42f215089b8a","EC_0173.jpg"
"9281",6.927083333,3.1135,"615b39c56d4a42f215089b8a","EC_0123.jpeg"
"9282",4.986979167,5.2792,"615b39c56d4a42f215089b8a","EC_0177.jpg"
"9283",7.942708333,3.5966,"615b39c56d4a42f215089b8a","EC_0244.jpg"
"9284",8.111979167,4.8869,"615b39c56d4a42f215089b8a","EC_0163.jpg"
"9285",8.9453125,3.5366,"615b39c56d4a42f215089b8a","EC_0051.jpg"
"9286",4.986979167,4.2859,"615b39c56d4a42f215089b8a","EC_0222.jpg"
"9287",6.041666667,8.5163,"615b39c56d4a42f215089b8a","EC_0197.jpg"
"9288",6.979166667,4.3239,"615b39c56d4a42f215089b8a","EC_0086.jpg"
"9289",2.994791667,4.6698,"615b39c56d4a42f215089b8a","EC_0005.jpg"
"9290",6.966145833,4.2057,"615b39c56d4a42f215089b8a","EC_0101.jpg"
"9291",4.986979167,3.8392,"615b39c56d4a42f215089b8a","EC_0129.jpeg"
"9292",0,3.2167,"615b39c56d4a42f215089b8a","EC_0226.jpg"
"9293",7.005208333,3.6347,"615b39c56d4a42f215089b8a","EC_0066.jpg"
"9294",7.942708333,3.0879,"615b39c56d4a42f215089b8a","EC_0174.jpg"
"9295",8.489583333,3.5008,"615b39c56d4a42f215089b8a","EC_0042.jpg"
"9296",4.973958333,3.8382,"615b39c56d4a42f215089b8a","EC_0206.png"
"9297",5.950520833,3.8487,"615b39c56d4a42f215089b8a","EC_0249.jpg"
"9298",1.979166667,4.7542,"615b39c56d4a42f215089b8a","EC_0121.jpg"
"9299",6.015625,4.6303,"615b39c56d4a42f215089b8a","EC_0193.png"
"9300",7.942708333,3.4468,"615b39c56d4a42f215089b8a","EC_0156.jpg"
"9301",8.6328125,4.8151,"615b39c56d4a42f215089b8a","EC_0229.jpg"
"9302",8.515625,3.9831,"615b39c56d4a42f215089b8a","EC_0010.jpg"
"9303",7.96875,3.1578,"615b39c56d4a42f215089b8a","EC_0046.jpg"
"9304",2.981770833,8.7549,"615b39c56d4a42f215089b8a","EC_0165.jpg"
"9305",6.484375,5.045,"615b39c56d4a42f215089b8a","EC_0228.jpg"
"9306",0.455729167,3.7535,"615b39c56d4a42f215089b8a","EC_0237.jpg"
"9307",7.057291667,6.1024,"615b39c56d4a42f215089b8a","EC_0085.jpg"
"9308",2.9296875,10.9673,"615b39c56d4a42f215089b8a","EC_0180.jpg"
"9309",0,4.4674,"615b39c56d4a42f215089b8a","EC_0106.jpg"
"9310",7.34375,3.5667,"615b39c56d4a42f215089b8a","EC_0250.jpg"
"9311",8.658854167,4.2314,"615b39c56d4a42f215089b8a","EC_0136.jpg"
"9312",4.036458333,3.5531,"615b39c56d4a42f215089b8a","EC_0036.jpeg"
"9313",9.934895833,8.2226,"615b39c56d4a42f215089b8a","EC_0037.jpg"
"9314",2.890625,5.4286,"615b39c56d4a42f215089b8a","EC_0064.jpg"
"9315",5.9765625,2.9898,"615b39c56d4a42f215089b8a","EC_0181.jpg"
"9316",3.0078125,4.1217,"615b39c56d4a42f215089b8a","EC_0038.jpg"
"9317",9.700520833,3.5817,"615b39c56d4a42f215089b8a","EC_0049.jpg"
"9318",2.942708333,5.7066,"615b39c56d4a42f215089b8a","EC_0185.jpg"
"9319",6.966145833,5.4857,"615b39c56d4a42f215089b8a","EC_0090.jpg"
"9320",8.450520833,4.6877,"615b39c56d4a42f215089b8a","EC_0024.jpg"
"9321",4.9609375,4.8839,"615b39c56d4a42f215089b8a","EC_0182.jpg"
"9322",0,3.7732,"615b39c56d4a42f215089b8a","EC_0113.jpg"
"9323",8.5546875,4.7511,"615b39c56d4a42f215089b8a","EC_0102.jpg"
"9324",5.9375,4.0307,"615b39c56d4a42f215089b8a","EC_0132.jpg"
"9325",6.901041667,3.0546,"615b39c56d4a42f215089b8a","EC_0200.png"
"9326",4.9609375,4.584,"615b39c56d4a42f215089b8a","EC_0239.jpg"
"9327",0.052083333,5.1881,"615b39c56d4a42f215089b8a","EC_0105.jpg"
"9328",7.6171875,3.6048,"615b39c56d4a42f215089b8a","EC_0207.jpg"
"9329",8.111979167,4.2454,"615b39c56d4a42f215089b8a","EC_0068.jpg"
"9330",8.528645833,3.329,"615b39c56d4a42f215089b8a","EC_0115.jpg"
"9331",8.984375,3.1463,"615b39c56d4a42f215089b8a","EC_0047.jpg"
"9332",6.966145833,3.8882,"615b39c56d4a42f215089b8a","EC_0231.jpg"
"9333",5,6.3795,"615b39c56d4a42f215089b8a","EC_0241.jpg"
"9334",1.953125,4.6141,"615b39c56d4a42f215089b8a","EC_0176.jpg"
"9335",7.005208333,3.7933,"615b39c56d4a42f215089b8a","EC_0032.jpg"
"9336",8.984375,4.7873,"615b39c56d4a42f215089b8a","EC_0084.jpg"
"9337",7.356770833,4.0797,"615b39c56d4a42f215089b8a","EC_0125.jpeg"
"9338",5,3.0887,"615b39c56d4a42f215089b8a","EC_0166.jpg"
"9339",4.986979167,2.825,"615b39c56d4a42f215089b8a","EC_0092.jpg"
"9340",5.911458333,3.0547,"615b39c56d4a42f215089b8a","EC_0224.jpg"
"9341",6.979166667,3.866,"615b39c56d4a42f215089b8a","EC_0067.jpg"
"9342",0.0390625,6.3402,"615b39c56d4a42f215089b8a","EC_0019.jpg"
"9343",5.859375,4.0063,"615b39c56d4a42f215089b8a","EC_0003.jpg"
"9344",9.010416667,3.6185,"615b39c56d4a42f215089b8a","EC_0157.jpg"
"9345",9.986979167,3.9058,"615b39c56d4a42f215089b8a","EC_0074.jpg"
"9346",3.020833333,3.2411,"615b39c56d4a42f215089b8a","EC_0210.jpg"
"9347",7.03125,3.5483,"615b39c56d4a42f215089b8a","EC_0011.jpg"
"9348",5.013020833,6.1481,"615b39c56d4a42f215089b8a","EC_0041.jpg"
"9349",6.979166667,4.4226,"615b39c56d4a42f215089b8a","EC_0053.jpg"
"9350",8.971354167,4.3823,"615b39c56d4a42f215089b8a","EC_0028.jpg"
"9351",6.09375,4.0452,"615b39c56d4a42f215089b8a","EC_0055.jpg"
"9352",0.013020833,5.9478,"615b39c56d4a42f215089b8a","EC_0033.jpeg"
"9353",7.981770833,4.8485,"615b39c56d4a42f215089b8a","EC_0128.jpeg"
"9354",8.958333333,3.2003,"615b39c56d4a42f215089b8a","EC_0073.jpg"
"9355",1.966145833,3.6315,"615b39c56d4a42f215089b8a","EC_0015.jpg"
"9356",6.953125,3.5909,"615b39c56d4a42f215089b8a","EC_0054.jpg"
"9357",5.924479167,4.3807,"615b39c56d4a42f215089b8a","EC_0142.jpg"
"9358",9.973958333,3.3402,"615b39c56d4a42f215089b8a","EC_0002.jpg"
"9359",5.026041667,3.8021,"615b39c56d4a42f215089b8a","EC_0238.jpg"
"9360",4.9609375,5.1596,"615b39c56d4a42f215089b8a","EC_0169.png"
"9361",7.96875,5.3015,"615b39c56d4a42f215089b8a","EC_0094.jpg"
"9362",8.020833333,5.2702,"615b39c56d4a42f215089b8a","EC_0188.jpg"
"9363",8.958333333,3.8037,"615b39c56d4a42f215089b8a","EC_0138.png"
"9364",6.263020833,3.4368,"615b39c56d4a42f215089b8a","EC_0131.jpg"
"9365",9.947916667,4.2596,"615b39c56d4a42f215089b8a","EC_0135.jpg"
"9366",7.005208333,4.0162,"615b39c56d4a42f215089b8a","EC_0219.jpg"
"9367",7.9296875,4.8351,"615b39c56d4a42f215089b8a","EC_0168.jpeg"
"9368",4.986979167,3.2732,"615b39c56d4a42f215089b8a","EC_0044.jpg"
"9369",9.544270833,4.7252,"615b39c56d4a42f215089b8a","EC_0072.jpg"
"9370",6.888020833,5.8211,"615b39c56d4a42f215089b8a","EC_0199.jpg"
"9371",2.903645833,4.1163,"615b39c56d4a42f215089b8a","EC_0243.jpg"
"9372",8.463541667,3.8206,"615b39c56d4a42f215089b8a","EC_0060.jpg"
"9373",9.114583333,4.5326,"615b39c56d4a42f215089b8a","EC_0083.jpg"
"9374",8.971354167,3.5331,"615b39c56d4a42f215089b8a","EC_0016.jpg"
"9375",8.528645833,3.093,"615b39c56d4a42f215089b8a","EC_0203.jpg"
"9376",0.0390625,4.8035,"615b39c56d4a42f215089b8a","EC_0184.jpg"
"9377",7.005208333,4.9875,"615b39c56d4a42f215089b8a","EC_0009.jpg"
"9378",4.9609375,3.9596,"615b39c56d4a42f215089b8a","EC_0099.jpg"
"9379",8.059895833,6.5445,"615b39c56d4a42f215089b8a","EC_0079.jpg"
"9380",9.973958333,5.4767,"615b39c56d4a42f215089b8a","EC_0031.jpg"
"9381",9.231770833,5.5173,"615b39c56d4a42f215089b8a","EC_0119.jpg"
"9382",8.294270833,4.3198,"615b39c56d4a42f215089b8a","EC_0245.jpg"
"9383",5.0390625,3.1892,"615b39c56d4a42f215089b8a","EC_0124.jpeg"
"9384",2.981770833,4.121,"615b39c56d4a42f215089b8a","EC_0089.jpg"
"9385",2.955729167,4.4237,"615b39c56d4a42f215089b8a","EC_0211.jpg"
"9386",5.0390625,4.0514,"615b39c56d4a42f215089b8a","EC_0014.jpg"
"9387",0.026041667,4.3876,"615b39c56d4a42f215089b8a","EC_0022.jpg"
"9388",8.971354167,3.5712,"615b39c56d4a42f215089b8a","EC_0111.jpg"
"9389",9.921875,7.7139,"615b39c56d4a42f215089b8a","EC_0116.jpg"
"9390",7.018229167,3.9018,"615b39c56d4a42f215089b8a","EC_0065.jpg"
"9391",6.953125,3.3694,"615b39c56d4a42f215089b8a","EC_0071.jpg"
"9392",7.005208333,52.1855,"615b39c56d4a42f215089b8a","EC_0158.jpg"
"9393",0.950520833,3.5397,"615b39c56d4a42f215089b8a","EC_0058.jpg"
"9394",4.934895833,3.207,"615b39c56d4a42f215089b8a","EC_0059.jpg"
"9395",6.041666667,2.6821,"615b39c56d4a42f215089b8a","EC_0088.jpg"
"9396",7.473958333,2.3786,"615b39c56d4a42f215089b8a","EC_0223.jpg"
"9397",6.002604167,2.881,"615b39c56d4a42f215089b8a","EC_0140.jpg"
"9398",7.005208333,2.4091,"615b39c56d4a42f215089b8a","EC_0234.jpg"
"9399",7.9296875,3.1094,"615b39c56d4a42f215089b8a","EC_0151.jpg"
"9400",4.9609375,3.3922,"615b39c56d4a42f215089b8a","EC_0204.jpg"
"9401",5.989583333,3.8154,"615b39c56d4a42f215089b8a","EC_0242.jpg"
"9402",9.0234375,3.5779,"615b39c56d4a42f215089b8a","EC_0149.jpg"
"9403",5.065104167,5.902,"615b39c56d4a42f215089b8a","EC_0017.jpg"
"9404",6.119791667,2.6216,"615b39c56d4a42f215089b8a","EC_0034.jpg"
"9405",5.078125,2.6924,"615b39c56d4a42f215089b8a","EC_0120.jpg"
"9406",5.963541667,2.6226,"615b39c56d4a42f215089b8a","EC_0201.jpg"
"9407",8.177083333,2.624,"615b39c56d4a42f215089b8a","EC_0098.jpg"
"9408",7.9296875,2.9314,"615b39c56d4a42f215089b8a","EC_0240.jpg"
"9409",8.567708333,2.2553,"615b39c56d4a42f215089b8a","EC_0007.jpg"
"9410",0.013020833,3.2936,"615b39c56d4a42f215089b8a","EC_0162.jpg"
"9411",7.994791667,4.0515,"615b39c56d4a42f215089b8a","EC_0194.jpg"
"9412",0.065104167,2.9562,"615b39c56d4a42f215089b8a","EC_0020.jpg"
"9413",8.28125,3.1041,"615b39c56d4a42f215089b8a","EC_0018.jpg"
"9414",8.333333333,2.1896,"615b39c56d4a42f215089b8a","EC_0104.jpg"
"9415",0.1171875,4.2832,"615b39c56d4a42f215089b8a","EC_0195.jpg"
"9416",7.044270833,3.1245,"615b39c56d4a42f215089b8a","EC_0012.jpg"
"9417",0.0390625,2.9801,"615b39c56d4a42f215089b8a","EC_0108.jpg"
"9418",5.989583333,3.4445,"615b39c56d4a42f215089b8a","EC_0076.jpg"
"9419",7.877604167,2.8052,"615b39c56d4a42f215089b8a","EC_0039.jpg"
"9420",8.6328125,2.6079,"615b39c56d4a42f215089b8a","EC_0008.jpg"
"9421",4.921875,3.7185,"615b39c56d4a42f215089b8a","EC_0154.jpg"
"9422",5.1171875,2.8607,"615b39c56d4a42f215089b8a","EC_0148.jpg"
"9423",2.864583333,2.5972,"615b39c56d4a42f215089b8a","EC_0147.png"
"9424",7.291666667,2.4531,"615b39c56d4a42f215089b8a","EC_0137.jpg"
"9425",7.760416667,2.1326,"615b39c56d4a42f215089b8a","EC_0081.jpg"
"9426",8.697916667,2.2944,"615b39c56d4a42f215089b8a","EC_0118.jpg"
"9427",0.026041667,3.4863,"615b39c56d4a42f215089b8a","EC_0027.jpg"
"9428",7.109375,2.9298,"615b39c56d4a42f215089b8a","EC_0159.jpg"
"9429",0.0390625,2.9214,"615b39c56d4a42f215089b8a","EC_0196.jpg"
"9430",9.947916667,3.0066,"615b39c56d4a42f215089b8a","EC_0235.jpg"
"9431",0.078125,2.5107,"615b39c56d4a42f215089b8a","EC_0213.jpg"
"9432",9.9609375,3.368,"615b39c56d4a42f215089b8a","EC_0077.jpg"
"9433",5.078125,2.8711,"615b39c56d4a42f215089b8a","EC_0202.jpg"
"9434",6.861979167,4.6344,"615b39c56d4a42f215089b8a","EC_0236.jpg"
"9435",4.973958333,2.8748,"615b39c56d4a42f215089b8a","EC_0097.jpg"
"9436",5.8984375,2.4065,"615b39c56d4a42f215089b8a","EC_0246.jpg"
"9437",6.71875,2.7285,"615b39c56d4a42f215089b8a","EC_0183.jpg"
"9438",7.6953125,2.8046,"615b39c56d4a42f215089b8a","EC_0170.jpg"
"9439",8.28125,2.6549,"615b39c56d4a42f215089b8a","EC_0172.jpg"
"9440",7.252604167,2.5394,"615b39c56d4a42f215089b8a","EC_0013.jpg"
"9441",5.0390625,3.6771,"615b39c56d4a42f215089b8a","EC_0171.jpg"
"9442",2.278645833,2.4306,"615b39c56d4a42f215089b8a","EC_0214.jpg"
"9443",1.809895833,2.377,"615b39c56d4a42f215089b8a","EC_0109.jpg"
"9444",7.018229167,2.9229,"615b39c56d4a42f215089b8a","EC_0233.jpg"
"9445",9.947916667,5.0469,"615b39c56d4a42f215089b8a","EC_0209.jpg"
"9446",7.252604167,3.0223,"615b39c56d4a42f215089b8a","EC_0093.jpg"
"9447",8.541666667,2.438,"615b39c56d4a42f215089b8a","EC_0080.jpg"
"9448",7.877604167,2.7559,"615b39c56d4a42f215089b8a","EC_0133.jpg"
"9449",8.671875,2.286,"615b39c56d4a42f215089b8a","EC_0117.jpg"
"9450",7.7734375,3.3274,"615b39c56d4a42f215089b8a","EC_0230.jpg"
"9451",9.046598276,3.885,"6266add746005ee1ac2e801b","EC_0234.jpg"
"9452",7.919024626,7.7282,"6266add746005ee1ac2e801b","EC_0128.jpeg"
"9453",6.024577618,9.4067,"6266add746005ee1ac2e801b","EC_0180.jpg"
"9454",7.033325831,6.6061,"6266add746005ee1ac2e801b","EC_0074.jpg"
"9455",8.125558694,4.3005,"6266add746005ee1ac2e801b","EC_0160.jpg"
"9456",7.967367967,3.3163,"6266add746005ee1ac2e801b","EC_0085.jpg"
"9457",1.059984763,4.9841,"6266add746005ee1ac2e801b","EC_0076.jpg"
"9458",1.027013461,6.3913,"6266add746005ee1ac2e801b","EC_0204.jpg"
"9459",8.967148463,3.4532,"6266add746005ee1ac2e801b","EC_0141.jpg"
"9460",8.092830976,5.0697,"6266add746005ee1ac2e801b","EC_0024.jpg"
"9461",9.929006894,4.7967,"6266add746005ee1ac2e801b","EC_0038.jpg"
"9462",9.938972791,3.6164,"6266add746005ee1ac2e801b","EC_0197.jpg"
"9463",4.030966759,4.3221,"6266add746005ee1ac2e801b","EC_0134.jpg"
"9464",6.966485182,7.8859,"6266add746005ee1ac2e801b","EC_0241.jpg"
"9465",7.089817524,5.589,"6266add746005ee1ac2e801b","EC_0097.jpg"
"9466",8.018026352,3.9124,"6266add746005ee1ac2e801b","EC_0020.jpg"
"9467",5.100096862,5.1987,"6266add746005ee1ac2e801b","EC_0147.png"
"9468",3.935046991,4.6163,"6266add746005ee1ac2e801b","EC_0121.jpg"
"9469",5.087709427,4.0465,"6266add746005ee1ac2e801b","EC_0084.jpg"
"9470",6.059047381,6.1378,"6266add746005ee1ac2e801b","EC_0019.jpg"
"9471",6.048634052,8.2017,"6266add746005ee1ac2e801b","EC_0101.jpg"
"9472",8.980664412,3.0093,"6266add746005ee1ac2e801b","EC_0137.jpg"
"9473",7.034538587,5.1835,"6266add746005ee1ac2e801b","EC_0063.jpg"
"9474",8.695498308,8.3914,"6266add746005ee1ac2e801b","EC_0029.jpg"
"9475",6.091221968,4.3402,"6266add746005ee1ac2e801b","EC_0053.jpg"
"9476",6.007676919,5.2333,"6266add746005ee1ac2e801b","EC_0080.jpg"
"9477",9.91757075,2.8484,"6266add746005ee1ac2e801b","EC_0223.jpg"
"9478",8.920617898,4.7374,"6266add746005ee1ac2e801b","EC_0017.jpg"
"9479",8.029449781,3.43,"6266add746005ee1ac2e801b","EC_0055.jpg"
"9480",8.038845857,3.1958,"6266add746005ee1ac2e801b","EC_0070.jpg"
"9481",8.116962115,2.7009,"6266add746005ee1ac2e801b","EC_0039.jpg"
"9482",7.039349079,5.6669,"6266add746005ee1ac2e801b","EC_0248.jpg"
"9483",6.954747836,3.2943,"6266add746005ee1ac2e801b","EC_0205.jpg"
"9484",8.861919244,3.7325,"6266add746005ee1ac2e801b","EC_0228.jpg"
"9485",8.928207556,2.68,"6266add746005ee1ac2e801b","EC_0092.jpg"
"9486",6.982633273,5.9161,"6266add746005ee1ac2e801b","EC_0075.jpg"
"9487",7.987999916,3.8353,"6266add746005ee1ac2e801b","EC_0047.jpg"
"9488",8.871355057,3.9183,"6266add746005ee1ac2e801b","EC_0214.jpg"
"9489",8.825534185,2.7615,"6266add746005ee1ac2e801b","EC_0193.png"
"9490",0.975124439,3.5276,"6266add746005ee1ac2e801b","EC_0227.jpg"
"9491",6.924142838,5.1454,"6266add746005ee1ac2e801b","EC_0173.jpg"
"9492",4.958217939,4.7168,"6266add746005ee1ac2e801b","EC_0059.jpg"
"9493",7.122308413,3.5936,"6266add746005ee1ac2e801b","EC_0233.jpg"
"9494",6.200514634,5.0231,"6266add746005ee1ac2e801b","EC_0072.jpg"
"9495",7.367071311,3.4908,"6266add746005ee1ac2e801b","EC_0008.jpg"
"9496",4.948717753,4.9209,"6266add746005ee1ac2e801b","EC_0129.jpeg"
"9497",7.906401157,3.7846,"6266add746005ee1ac2e801b","EC_0153.jpg"
"9498",8.920184771,3.4653,"6266add746005ee1ac2e801b","EC_0014.jpg"
"9499",7.130709489,4.6482,"6266add746005ee1ac2e801b","EC_0040.jpg"
"9500",6.633110841,5.7096,"6266add746005ee1ac2e801b","EC_0159.jpg"
"9501",9.034598668,5.4288,"6266add746005ee1ac2e801b","EC_0093.jpg"
"9502",7.878288428,3.6462,"6266add746005ee1ac2e801b","EC_0050.jpg"
"9503",7.087730567,8.4086,"6266add746005ee1ac2e801b","EC_0156.jpg"
"9504",9.013745785,3.6296,"6266add746005ee1ac2e801b","EC_0149.jpg"
"9505",8.529671033,2.8498,"6266add746005ee1ac2e801b","EC_0240.jpg"
"9506",6.140499115,4.235,"6266add746005ee1ac2e801b","EC_0139.png"
"9507",6.060556571,2.8884,"6266add746005ee1ac2e801b","EC_0210.jpg"
"9508",8.159599304,3.3076,"6266add746005ee1ac2e801b","EC_0136.jpg"
"9509",5.208753745,3.9442,"6266add746005ee1ac2e801b","EC_0012.jpg"
"9510",8.989833196,3.2946,"6266add746005ee1ac2e801b","EC_0194.jpg"
"9511",8.149205844,3.2864,"6266add746005ee1ac2e801b","EC_0031.jpg"
"9512",8.956402143,3.6145,"6266add746005ee1ac2e801b","EC_0066.jpg"
"9513",7.791564465,5.8986,"6266add746005ee1ac2e801b","EC_0151.jpg"
"9514",6.081930002,3.3411,"6266add746005ee1ac2e801b","EC_0030.jpg"
"9515",7.073419094,3.9334,"6266add746005ee1ac2e801b","EC_0171.jpg"
"9516",7.22091039,5.2181,"6266add746005ee1ac2e801b","EC_0249.jpg"
"9517",9.067230225,4.1995,"6266add746005ee1ac2e801b","EC_0219.jpg"
"9518",2.968366146,5.3679,"6266add746005ee1ac2e801b","EC_0242.jpg"
"9519",2.941545645,3.4014,"6266add746005ee1ac2e801b","EC_0116.jpg"
"9520",4.950344563,3.2144,"6266add746005ee1ac2e801b","EC_0058.jpg"
"9521",7.039776643,3.9513,"6266add746005ee1ac2e801b","EC_0174.jpg"
"9522",3.999752204,4.7578,"6266add746005ee1ac2e801b","EC_0184.jpg"
"9523",7.002371947,4.0476,"6266add746005ee1ac2e801b","EC_0036.jpeg"
"9524",7.585528692,4.4022,"6266add746005ee1ac2e801b","EC_0086.jpg"
"9525",7.3320659,3.1941,"6266add746005ee1ac2e801b","EC_0062.jpg"
"9526",8.080279827,3.2922,"6266add746005ee1ac2e801b","EC_0108.jpg"
"9527",6.055784225,5.0811,"6266add746005ee1ac2e801b","EC_0033.jpeg"
"9528",7.164862951,3.7848,"6266add746005ee1ac2e801b","EC_0067.jpg"
"9529",8.01664114,3.3694,"6266add746005ee1ac2e801b","EC_0239.jpg"
"9530",7.006356716,4.068,"6266add746005ee1ac2e801b","EC_0090.jpg"
"9531",8.015393416,2.8481,"6266add746005ee1ac2e801b","EC_0098.jpg"
"9532",7.068963846,3.4535,"6266add746005ee1ac2e801b","EC_0198.jpg"
"9533",8.092648983,6.5494,"6266add746005ee1ac2e801b","EC_0048.jpg"
"9534",7.077469031,4.7515,"6266add746005ee1ac2e801b","EC_0081.jpg"
"9535",3.155562083,3.8668,"6266add746005ee1ac2e801b","EC_0034.jpg"
"9536",8.135139942,3.0624,"6266add746005ee1ac2e801b","EC_0117.jpg"
"9537",1.014059385,4.165,"6266add746005ee1ac2e801b","EC_0054.jpg"
"9538",7.895551523,2.9747,"6266add746005ee1ac2e801b","EC_0132.jpg"
"9539",7.070140839,2.7953,"6266add746005ee1ac2e801b","EC_0105.jpg"
"9540",9.599337578,3.9668,"6266add746005ee1ac2e801b","EC_0044.jpg"
"9541",5.976684093,3.4647,"6266add746005ee1ac2e801b","EC_0060.jpg"
"9542",6.417872111,6.344,"6266add746005ee1ac2e801b","EC_0165.jpg"
"9543",8.84847482,3.0938,"6266add746005ee1ac2e801b","EC_0120.jpg"
"9544",4.997529189,4.1871,"6266add746005ee1ac2e801b","EC_0056.jpg"
"9545",7.576812108,3.9689,"6266add746005ee1ac2e801b","EC_0022.jpg"
"9546",7.886548837,3.5392,"6266add746005ee1ac2e801b","EC_0106.jpg"
"9547",6.111162504,3.9589,"6266add746005ee1ac2e801b","EC_0152.jpg"
"9548",7.152187824,3.9635,"6266add746005ee1ac2e801b","EC_0148.jpg"
"9549",5.976701578,3.5931,"6266add746005ee1ac2e801b","EC_0224.jpg"
"9550",6.452706655,4.6849,"6266add746005ee1ac2e801b","EC_0094.jpg"
"9551",7.020101547,6.2346,"6266add746005ee1ac2e801b","EC_0201.jpg"
"9552",5.122229258,3.0438,"6266add746005ee1ac2e801b","EC_0211.jpg"
"9553",5.07928133,6.4084,"6266add746005ee1ac2e801b","EC_0077.jpg"
"9554",5.848286947,3.2931,"6266add746005ee1ac2e801b","EC_0037.jpg"
"9555",6.936008135,3.0571,"6266add746005ee1ac2e801b","EC_0015.jpg"
"9556",4.411944548,3.5673,"6266add746005ee1ac2e801b","EC_0226.jpg"
"9557",3.91557614,3.5525,"6266add746005ee1ac2e801b","EC_0182.jpg"
"9558",8.940244516,3.4613,"6266add746005ee1ac2e801b","EC_0096.jpg"
"9559",6.075084209,3.3595,"6266add746005ee1ac2e801b","EC_0150.jpg"
"9560",1.068323851,3.1601,"6266add746005ee1ac2e801b","EC_0195.jpg"
"9561",7.308663527,4.244,"6266add746005ee1ac2e801b","EC_0135.jpg"
"9562",6.869265238,2.9078,"6266add746005ee1ac2e801b","EC_0213.jpg"
"9563",9.114952882,3.3423,"6266add746005ee1ac2e801b","EC_0001.jpg"
"9564",5.026206175,3.6893,"6266add746005ee1ac2e801b","EC_0176.jpg"
"9565",4.93720293,2.995,"6266add746005ee1ac2e801b","EC_0046.jpg"
"9566",7.024908066,4.741,"6266add746005ee1ac2e801b","EC_0125.jpeg"
"9567",7.071096102,4.2803,"6266add746005ee1ac2e801b","EC_0051.jpg"
"9568",9.025194645,6.2245,"6266add746005ee1ac2e801b","EC_0202.jpg"
"9569",4.982120196,3.7578,"6266add746005ee1ac2e801b","EC_0095.jpg"
"9570",6.964597702,3.9964,"6266add746005ee1ac2e801b","EC_0230.jpg"
"9571",6.237442493,4.1141,"6266add746005ee1ac2e801b","EC_0237.jpg"
"9572",3.903331757,4.3098,"6266add746005ee1ac2e801b","EC_0124.jpeg"
"9573",8.082779249,4.4963,"6266add746005ee1ac2e801b","EC_0071.jpg"
"9574",6.415735086,5.5982,"6266add746005ee1ac2e801b","EC_0002.jpg"
"9575",8.125427564,4.3257,"6266add746005ee1ac2e801b","EC_0104.jpg"
"9576",8.376645247,3.2651,"6266add746005ee1ac2e801b","EC_0169.png"
"9577",6.169278622,3.4446,"6266add746005ee1ac2e801b","EC_0235.jpg"
"9578",8.069825172,2.5132,"6266add746005ee1ac2e801b","EC_0109.jpg"
"9579",8.233767351,2.6647,"6266add746005ee1ac2e801b","EC_0007.jpg"
"9580",8.263810476,2.6069,"6266add746005ee1ac2e801b","EC_0231.jpg"
"9581",5.195637544,3.1827,"6266add746005ee1ac2e801b","EC_0042.jpg"
"9582",4.90862608,5.9572,"6266add746005ee1ac2e801b","EC_0181.jpg"
"9583",5.049697558,3.6048,"6266add746005ee1ac2e801b","EC_0247.jpg"
"9584",7.082906564,3.0425,"6266add746005ee1ac2e801b","EC_0172.jpg"
"9585",6.189446449,3.0632,"6266add746005ee1ac2e801b","EC_0119.jpg"
"9586",8.004845778,2.6836,"6266add746005ee1ac2e801b","EC_0221.jpg"
"9587",8.409256935,2.8071,"6266add746005ee1ac2e801b","EC_0138.png"
"9588",8.40239048,2.7568,"6266add746005ee1ac2e801b","EC_0229.jpg"
"9589",8.249339263,2.9641,"6266add746005ee1ac2e801b","EC_0083.jpg"
"9590",5.166954994,3.8302,"6266add746005ee1ac2e801b","EC_0158.jpg"
"9591",5.271855195,3.3504,"6266add746005ee1ac2e801b","EC_0203.jpg"
"9592",1.072090069,3.4003,"6266add746005ee1ac2e801b","EC_0196.jpg"
"9593",0.313006242,2.8473,"6266add746005ee1ac2e801b","EC_0162.jpg"
"9594",6.351276239,3.1911,"6266add746005ee1ac2e801b","EC_0168.jpeg"
"9595",8.098301888,4.96,"6266add746005ee1ac2e801b","EC_0183.jpg"
"9596",5.908784866,2.8951,"6266add746005ee1ac2e801b","EC_0087.jpg"
"9597",5.259884993,2.9648,"6266add746005ee1ac2e801b","EC_0068.jpg"
"9598",4.585185051,3.2494,"6266add746005ee1ac2e801b","EC_0118.jpg"
"9599",3.476144473,2.7587,"6266add746005ee1ac2e801b","EC_0005.jpg"
"9600",7.403462728,3.8663,"6266add746005ee1ac2e801b","EC_0243.jpg"
"9601",8.686134815,3.82,"6266add746005ee1ac2e801b","EC_0163.jpg"
"9602",7.96817859,3.9838,"6266add746005ee1ac2e801b","EC_0064.jpg"
"9603",8.145932357,4.2718,"6266add746005ee1ac2e801b","EC_0200.png"
"9604",7.639665604,3.5821,"6266add746005ee1ac2e801b","EC_0028.jpg"
"9605",7.431323528,2.8274,"6266add746005ee1ac2e801b","EC_0100.jpg"
"9606",5.669662158,4.2049,"6266add746005ee1ac2e801b","EC_0209.jpg"
"9607",9.359836578,2.9132,"6266add746005ee1ac2e801b","EC_0010.jpg"
"9608",9.363625844,3.2106,"6266add746005ee1ac2e801b","EC_0157.jpg"
"9609",8.354454835,2.8952,"6266add746005ee1ac2e801b","EC_0207.jpg"
"9610",5.056187312,6.2519,"6266add746005ee1ac2e801b","EC_0206.png"
"9611",5.991849105,3.2738,"6266add746005ee1ac2e801b","EC_0250.jpg"
"9612",5.068747203,2.6557,"6266add746005ee1ac2e801b","EC_0140.jpg"
"9613",8.304700057,3.0494,"6266add746005ee1ac2e801b","EC_0065.jpg"
"9614",7.88086017,5.9006,"6266add746005ee1ac2e801b","EC_0006.jpg"
"9615",8.039120833,2.782,"6266add746005ee1ac2e801b","EC_0238.jpg"
"9616",5.094658534,4.511,"6266add746005ee1ac2e801b","EC_0222.jpg"
"9617",7.084395091,4.1306,"6266add746005ee1ac2e801b","EC_0049.jpg"
"9618",2.002061208,4.9498,"6266add746005ee1ac2e801b","EC_0164.jpg"
"9619",5.113441149,3.0848,"6266add746005ee1ac2e801b","EC_0013.jpg"
"9620",3.144243558,4.0462,"6266add746005ee1ac2e801b","EC_0103.jpg"
"9621",8.061470985,3.4982,"6266add746005ee1ac2e801b","EC_0167.jpg"
"9622",8.991016547,3.0794,"6266add746005ee1ac2e801b","EC_0003.jpg"
"9623",2.057489951,3.5563,"6266add746005ee1ac2e801b","EC_0088.jpg"
"9624",7.768257459,3.0826,"6266add746005ee1ac2e801b","EC_0115.jpg"
"9625",7.573970159,2.7998,"6266add746005ee1ac2e801b","EC_0166.jpg"
"9626",5.822548072,3.0691,"6266add746005ee1ac2e801b","EC_0142.jpg"
"9627",0.970297257,3.7489,"6266add746005ee1ac2e801b","EC_0161.jpg"
"9628",4.349882603,3.8836,"6266add746005ee1ac2e801b","EC_0069.jpg"
"9629",2.659956614,3.5176,"6266add746005ee1ac2e801b","EC_0111.jpg"
"9630",9.172349771,4.0175,"6266add746005ee1ac2e801b","EC_0177.jpg"
"9631",4.873814583,3.9554,"6266add746005ee1ac2e801b","EC_0018.jpg"
"9632",5.958551566,3.4412,"6266add746005ee1ac2e801b","EC_0199.jpg"
"9633",7.33374993,2.7483,"6266add746005ee1ac2e801b","EC_0027.jpg"
"9634",5.998132229,3.3597,"6266add746005ee1ac2e801b","EC_0236.jpg"
"9635",6.684772174,2.5966,"6266add746005ee1ac2e801b","EC_0170.jpg"
"9636",6.544147333,2.3261,"6266add746005ee1ac2e801b","EC_0154.jpg"
"9637",9.121774038,4.0093,"6266add746005ee1ac2e801b","EC_0246.jpg"
"9638",7.632202307,2.4583,"6266add746005ee1ac2e801b","EC_0245.jpg"
"9639",9.228285154,3.1261,"6266add746005ee1ac2e801b","EC_0188.jpg"
"9640",9.558350245,2.5328,"6266add746005ee1ac2e801b","EC_0131.jpg"
"9641",8.187886874,2.5856,"6266add746005ee1ac2e801b","EC_0102.jpg"
"9642",2.950471242,3.8357,"6266add746005ee1ac2e801b","EC_0185.jpg"
"9643",8.885556857,2.5478,"6266add746005ee1ac2e801b","EC_0032.jpg"
"9644",0.995022058,3.3744,"6266add746005ee1ac2e801b","EC_0133.jpg"
"9645",8.933304946,4.0264,"6266add746005ee1ac2e801b","EC_0082.jpg"
"9646",0.650197665,2.695,"6266add746005ee1ac2e801b","EC_0187.jpeg"
"9647",6.525928179,2.884,"6266add746005ee1ac2e801b","EC_0057.jpeg"
"9648",8.301811218,3.6108,"6266add746005ee1ac2e801b","EC_0073.jpg"
"9649",2.277812163,3.4996,"6266add746005ee1ac2e801b","EC_0123.jpeg"
"9650",2.084077199,3.5173,"6266add746005ee1ac2e801b","EC_0232.jpg"
"9651",7.865590254,3.0017,"6266add746005ee1ac2e801b","EC_0113.jpg"
"9652",8.260989984,3.0252,"6266add746005ee1ac2e801b","EC_0009.jpg"
"9653",7.596069177,2.9951,"6266add746005ee1ac2e801b","EC_0041.jpg"
"9654",5.388913949,4.6723,"6266add746005ee1ac2e801b","EC_0016.jpg"
"9655",2.408299843,3.714,"6266add746005ee1ac2e801b","EC_0011.jpg"
"9656",5.035644372,3.4668,"6266add746005ee1ac2e801b","EC_0079.jpg"
"9657",4.991235733,2.7086,"6266add746005ee1ac2e801b","EC_0061.jpg"
"9658",7.993109226,2.7592,"6266add746005ee1ac2e801b","EC_0089.jpg"
"9659",4.965742429,3.1587,"6266add746005ee1ac2e801b","EC_0244.jpg"
"9660",7.517186006,4.1011,"6266add746005ee1ac2e801b","EC_0099.jpg"
"9661",7.314814815,2.8356,"62728d9afbb36631896f3bcb","EC_0046.jpg"
"9662",6.388888889,3.1704,"62728d9afbb36631896f3bcb","EC_0118.jpg"
"9663",8.833334181,2.263,"62728d9afbb36631896f3bcb","EC_0020.jpg"
"9664",2.407407407,2.7505,"62728d9afbb36631896f3bcb","EC_0054.jpg"
"9665",7.185185044,2.8723,"62728d9afbb36631896f3bcb","EC_0170.jpg"
"9666",4.796296579,2.3673,"62728d9afbb36631896f3bcb","EC_0007.jpg"
"9667",6.51851866,1.9497,"62728d9afbb36631896f3bcb","EC_0138.png"
"9668",0.064814885,4.5115,"62728d9afbb36631896f3bcb","EC_0147.png"
"9669",9.379629912,3.1005,"62728d9afbb36631896f3bcb","EC_0152.jpg"
"9670",9.148148431,2.6061,"62728d9afbb36631896f3bcb","EC_0103.jpg"
"9671",6.925926208,3.1355,"62728d9afbb36631896f3bcb","EC_0051.jpg"
"9672",7.842593016,2.6154,"62728d9afbb36631896f3bcb","EC_0115.jpg"
"9673",2.15740769,3.4169,"62728d9afbb36631896f3bcb","EC_0150.jpg"
"9674",8.888888889,2.8046,"62728d9afbb36631896f3bcb","EC_0228.jpg"
"9675",6.601852134,3.7205,"62728d9afbb36631896f3bcb","EC_0205.jpg"
"9676",7.666666949,2.5364,"62728d9afbb36631896f3bcb","EC_0073.jpg"
"9677",7.620370653,1.801,"62728d9afbb36631896f3bcb","EC_0139.png"
"9678",9.027777778,2.752,"62728d9afbb36631896f3bcb","EC_0193.png"
"9679",3.583333757,3.7867,"62728d9afbb36631896f3bcb","EC_0042.jpg"
"9680",4.370370794,3.3059,"62728d9afbb36631896f3bcb","EC_0135.jpg"
"9681",9.962963528,3.3911,"62728d9afbb36631896f3bcb","EC_0041.jpg"
"9682",6.592593016,2.0607,"62728d9afbb36631896f3bcb","EC_0079.jpg"
"9683",7.750000424,1.9014,"62728d9afbb36631896f3bcb","EC_0081.jpg"
"9684",4.787037461,2.2178,"62728d9afbb36631896f3bcb","EC_0048.jpg"
"9685",6.962963387,1.7241,"62728d9afbb36631896f3bcb","EC_0160.jpg"
"9686",4.824073933,2.3341,"62728d9afbb36631896f3bcb","EC_0109.jpg"
"9687",1.916666737,1.5906,"62728d9afbb36631896f3bcb","EC_0019.jpg"
"9688",6.796296438,1.8009,"62728d9afbb36631896f3bcb","EC_0204.jpg"
"9689",4.537037037,1.7199,"62728d9afbb36631896f3bcb","EC_0250.jpg"
"9690",8.814814532,2.9028,"62728d9afbb36631896f3bcb","EC_0071.jpg"
"9691",6.907407266,1.8094,"62728d9afbb36631896f3bcb","EC_0022.jpg"
"9692",4.944444586,2.8373,"62728d9afbb36631896f3bcb","EC_0198.jpg"
"9693",9.879629347,3.1172,"62728d9afbb36631896f3bcb","EC_0010.jpg"
"9694",9.777778343,2.5517,"62728d9afbb36631896f3bcb","EC_0197.jpg"
"9695",8.75,1.606,"62728d9afbb36631896f3bcb","EC_0249.jpg"
"9696",7.166666808,1.7161,"62728d9afbb36631896f3bcb","EC_0167.jpg"
"9697",9.861111111,2.8176,"62728d9afbb36631896f3bcb","EC_0001.jpg"
"9698",8.231482329,2.2831,"62728d9afbb36631896f3bcb","EC_0106.jpg"
"9699",8.231482329,1.434,"62728d9afbb36631896f3bcb","EC_0108.jpg"
"9700",9.611111394,3.6493,"62728d9afbb36631896f3bcb","EC_0065.jpg"
"9701",9.333333616,1.3359,"62728d9afbb36631896f3bcb","EC_0159.jpg"
"9702",9.916667232,2.6839,"62728d9afbb36631896f3bcb","EC_0044.jpg"
"9703",3.694444586,2.8371,"62728d9afbb36631896f3bcb","EC_0200.png"
"9704",8.990741306,2.6998,"62728d9afbb36631896f3bcb","EC_0172.jpg"
"9705",1.824074145,3.1652,"62728d9afbb36631896f3bcb","EC_0111.jpg"
"9706",7.379630053,1.8356,"62728d9afbb36631896f3bcb","EC_0119.jpg"
"9707",7.398148289,1.4499,"62728d9afbb36631896f3bcb","EC_0156.jpg"
"9708",8.175926208,1.7173,"62728d9afbb36631896f3bcb","EC_0050.jpg"
"9709",5.787037037,2.9951,"62728d9afbb36631896f3bcb","EC_0224.jpg"
"9710",3.40740769,2.6155,"62728d9afbb36631896f3bcb","EC_0136.jpg"
"9711",2.240741165,4.3233,"62728d9afbb36631896f3bcb","EC_0153.jpg"
"9712",2.925925785,3.1718,"62728d9afbb36631896f3bcb","EC_0234.jpg"
"9713",8.583333051,3.1164,"62728d9afbb36631896f3bcb","EC_0104.jpg"
"9714",5.731481623,1.5348,"62728d9afbb36631896f3bcb","EC_0123.jpeg"
"9715",1.703703845,3.0835,"62728d9afbb36631896f3bcb","EC_0134.jpg"
"9716",2.101852276,1.5082,"62728d9afbb36631896f3bcb","EC_0214.jpg"
"9717",9.101852134,2.8499,"62728d9afbb36631896f3bcb","EC_0142.jpg"
"9718",2.666666949,2.6398,"62728d9afbb36631896f3bcb","EC_0227.jpg"
"9719",7.379630053,2.1598,"62728d9afbb36631896f3bcb","EC_0158.jpg"
"9720",2.925925785,2.8615,"62728d9afbb36631896f3bcb","EC_0226.jpg"
"9721",6.666666667,2.1525,"62728d9afbb36631896f3bcb","EC_0202.jpg"
"9722",7.601851711,2.6656,"62728d9afbb36631896f3bcb","EC_0003.jpg"
"9723",8.712963528,3.0837,"62728d9afbb36631896f3bcb","EC_0105.jpg"
"9724",6.564814956,2.8832,"62728d9afbb36631896f3bcb","EC_0213.jpg"
"9725",6.592593016,1.8249,"62728d9afbb36631896f3bcb","EC_0222.jpg"
"9726",6.111111111,3.0833,"62728d9afbb36631896f3bcb","EC_0077.jpg"
"9727",8.935185185,2.6435,"62728d9afbb36631896f3bcb","EC_0028.jpg"
"9728",0,2.9345,"62728d9afbb36631896f3bcb","EC_0124.jpeg"
"9729",6.601852134,1.8648,"62728d9afbb36631896f3bcb","EC_0017.jpg"
"9730",6.907407266,1.599,"62728d9afbb36631896f3bcb","EC_0009.jpg"
"9731",2.740740599,2.0829,"62728d9afbb36631896f3bcb","EC_0089.jpg"
"9732",8.09259344,2.2183,"62728d9afbb36631896f3bcb","EC_0075.jpg"
"9733",1.962963034,1.7057,"62728d9afbb36631896f3bcb","EC_0129.jpeg"
"9734",7.333333757,1.9481,"62728d9afbb36631896f3bcb","EC_0084.jpg"
"9735",4.12037037,2.3802,"62728d9afbb36631896f3bcb","EC_0223.jpg"
"9736",0.111111182,2.6389,"62728d9afbb36631896f3bcb","EC_0180.jpg"
"9737",7.027777919,2.3873,"62728d9afbb36631896f3bcb","EC_0209.jpg"
"9738",2.416666525,2.019,"62728d9afbb36631896f3bcb","EC_0137.jpg"
"9739",7.074074215,2.2991,"62728d9afbb36631896f3bcb","EC_0008.jpg"
"9740",1.435185185,2.0572,"62728d9afbb36631896f3bcb","EC_0177.jpg"
"9741",6.935185326,1.7306,"62728d9afbb36631896f3bcb","EC_0240.jpg"
"9742",1.361111182,1.4421,"62728d9afbb36631896f3bcb","EC_0059.jpg"
"9743",8.648148996,2.7157,"62728d9afbb36631896f3bcb","EC_0068.jpg"
"9744",6.555555838,1.2381,"62728d9afbb36631896f3bcb","EC_0235.jpg"
"9745",8.509260107,2.5011,"62728d9afbb36631896f3bcb","EC_0076.jpg"
"9746",7.175925926,2.838,"62728d9afbb36631896f3bcb","EC_0210.jpg"
"9747",1.194444586,4.1076,"62728d9afbb36631896f3bcb","EC_0248.jpg"
"9748",2.629629771,3.6001,"62728d9afbb36631896f3bcb","EC_0036.jpeg"
"9749",6.490740599,5.3864,"62728d9afbb36631896f3bcb","EC_0203.jpg"
"9750",6.972222505,1.8511,"62728d9afbb36631896f3bcb","EC_0087.jpg"
"9751",7.990741023,1.8495,"62728d9afbb36631896f3bcb","EC_0082.jpg"
"9752",0.018518589,3.0497,"62728d9afbb36631896f3bcb","EC_0174.jpg"
"9753",5.009259118,2.095,"62728d9afbb36631896f3bcb","EC_0098.jpg"
"9754",5.870370512,1.4007,"62728d9afbb36631896f3bcb","EC_0236.jpg"
"9755",6.472222364,1.4086,"62728d9afbb36631896f3bcb","EC_0096.jpg"
"9756",2.851852134,1.5499,"62728d9afbb36631896f3bcb","EC_0040.jpg"
"9757",7.76851866,2.5739,"62728d9afbb36631896f3bcb","EC_0221.jpg"
"9758",6.111111111,1.6176,"62728d9afbb36631896f3bcb","EC_0244.jpg"
"9759",2.398148289,2.3511,"62728d9afbb36631896f3bcb","EC_0102.jpg"
"9760",6.564814956,1.4666,"62728d9afbb36631896f3bcb","EC_0012.jpg"
"9761",6.54629672,1.5523,"62728d9afbb36631896f3bcb","EC_0034.jpg"
"9762",8.620370936,1.5502,"62728d9afbb36631896f3bcb","EC_0074.jpg"
"9763",8.796296296,2.4156,"62728d9afbb36631896f3bcb","EC_0229.jpg"
"9764",7.537037178,1.65,"62728d9afbb36631896f3bcb","EC_0037.jpg"
"9765",6.981481623,1.3949,"62728d9afbb36631896f3bcb","EC_0011.jpg"
"9766",3.027778202,2.7572,"62728d9afbb36631896f3bcb","EC_0165.jpg"
"9767",0.407407549,2.5869,"62728d9afbb36631896f3bcb","EC_0095.jpg"
"9768",6.490740599,2.439,"62728d9afbb36631896f3bcb","EC_0237.jpg"
"9769",6.740741023,1.253,"62728d9afbb36631896f3bcb","EC_0031.jpg"
"9770",8.166666384,1.5364,"62728d9afbb36631896f3bcb","EC_0047.jpg"
"9771",6.657407549,1.4033,"62728d9afbb36631896f3bcb","EC_0066.jpg"
"9772",7.685185185,1.5888,"62728d9afbb36631896f3bcb","EC_0239.jpg"
"9773",9.777778343,2.6384,"62728d9afbb36631896f3bcb","EC_0057.jpeg"
"9774",10,3.4168,"62728d9afbb36631896f3bcb","EC_0100.jpg"
"9775",0.768518448,2.4519,"62728d9afbb36631896f3bcb","EC_0055.jpg"
"9776",2.175925926,1.6426,"62728d9afbb36631896f3bcb","EC_0128.jpeg"
"9777",2.518518942,1.2574,"62728d9afbb36631896f3bcb","EC_0067.jpg"
"9778",8.138889737,3.4657,"62728d9afbb36631896f3bcb","EC_0199.jpg"
"9779",8.583333051,3.73,"62728d9afbb36631896f3bcb","EC_0113.jpg"
"9780",2.518518942,3.4997,"62728d9afbb36631896f3bcb","EC_0157.jpg"
"9781",9.666667514,2.7327,"62728d9afbb36631896f3bcb","EC_0169.png"
"9782",7.120370512,1.6655,"62728d9afbb36631896f3bcb","EC_0151.jpg"
"9783",7.370370229,1.2746,"62728d9afbb36631896f3bcb","EC_0188.jpg"
"9784",8.425925926,1.4336,"62728d9afbb36631896f3bcb","EC_0070.jpg"
"9785",4.481481623,1.4079,"62728d9afbb36631896f3bcb","EC_0148.jpg"
"9786",8.94444501,1.2997,"62728d9afbb36631896f3bcb","EC_0171.jpg"
"9787",4.611111394,1.7756,"62728d9afbb36631896f3bcb","EC_0194.jpg"
"9788",2.5,1.6374,"62728d9afbb36631896f3bcb","EC_0241.jpg"
"9789",8.629629347,1.9719,"62728d9afbb36631896f3bcb","EC_0092.jpg"
"9790",4.305555556,2.5078,"62728d9afbb36631896f3bcb","EC_0014.jpg"
"9791",8.06481538,1.4153,"62728d9afbb36631896f3bcb","EC_0018.jpg"
"9792",2.333333757,1.4926,"62728d9afbb36631896f3bcb","EC_0131.jpg"
"9793",8.953703421,2.4109,"62728d9afbb36631896f3bcb","EC_0242.jpg"
"9794",9.916667232,2.4658,"62728d9afbb36631896f3bcb","EC_0219.jpg"
"9795",0.009259471,2.4578,"62728d9afbb36631896f3bcb","EC_0154.jpg"
"9796",2.620370653,1.7338,"62728d9afbb36631896f3bcb","EC_0117.jpg"
"9797",7.953703845,3.1697,"62728d9afbb36631896f3bcb","EC_0083.jpg"
"9798",8.629629347,2.8335,"62728d9afbb36631896f3bcb","EC_0099.jpg"
"9799",7.444444586,1.2338,"62728d9afbb36631896f3bcb","EC_0080.jpg"
"9800",5.509259259,1.9092,"62728d9afbb36631896f3bcb","EC_0166.jpg"
"9801",7.972222787,1.5006,"62728d9afbb36631896f3bcb","EC_0121.jpg"
"9802",6.296296296,2.8878,"62728d9afbb36631896f3bcb","EC_0246.jpg"
"9803",2.138888748,1.6835,"62728d9afbb36631896f3bcb","EC_0024.jpg"
"9804",6.88888903,1.6061,"62728d9afbb36631896f3bcb","EC_0056.jpg"
"9805",3.40740769,1.9912,"62728d9afbb36631896f3bcb","EC_0247.jpg"
"9806",8.40740769,3.1336,"62728d9afbb36631896f3bcb","EC_0069.jpg"
"9807",1.916666737,2.2176,"62728d9afbb36631896f3bcb","EC_0187.jpeg"
"9808",8.129629912,3,"62728d9afbb36631896f3bcb","EC_0163.jpg"
"9809",6.555555838,2.5407,"62728d9afbb36631896f3bcb","EC_0116.jpg"
"9810",0.046296296,3.6007,"62728d9afbb36631896f3bcb","EC_0195.jpg"
"9811",7.842593016,2.4429,"62728d9afbb36631896f3bcb","EC_0231.jpg"
"9812",1.277777707,2.6749,"62728d9afbb36631896f3bcb","EC_0088.jpg"
"9813",6.740741023,1.6161,"62728d9afbb36631896f3bcb","EC_0140.jpg"
"9814",9.09259231,2.3875,"62728d9afbb36631896f3bcb","EC_0133.jpg"
"9815",1.574074074,2.8062,"62728d9afbb36631896f3bcb","EC_0063.jpg"
"9816",7.111111394,1.4528,"62728d9afbb36631896f3bcb","EC_0090.jpg"
"9817",4.907407407,1.4439,"62728d9afbb36631896f3bcb","EC_0072.jpg"
"9818",7.250000283,1.1242,"62728d9afbb36631896f3bcb","EC_0086.jpg"
"9819",2.694444303,2.0062,"62728d9afbb36631896f3bcb","EC_0238.jpg"
"9820",5.87962963,1.3834,"62728d9afbb36631896f3bcb","EC_0164.jpg"
"9821",3.842592593,1.4162,"62728d9afbb36631896f3bcb","EC_0093.jpg"
"9822",8.388889454,1.4285,"62728d9afbb36631896f3bcb","EC_0120.jpg"
"9823",2.166666808,1.758,"62728d9afbb36631896f3bcb","EC_0005.jpg"
"9824",8.129629912,3.553,"62728d9afbb36631896f3bcb","EC_0094.jpg"
"9825",7.111111394,2.3021,"62728d9afbb36631896f3bcb","EC_0064.jpg"
"9826",8.6018527,2.5992,"62728d9afbb36631896f3bcb","EC_0149.jpg"
"9827",1.805555556,1.9529,"62728d9afbb36631896f3bcb","EC_0032.jpg"
"9828",7.842593016,1.6912,"62728d9afbb36631896f3bcb","EC_0060.jpg"
"9829",6.407407831,1.506,"62728d9afbb36631896f3bcb","EC_0006.jpg"
"9830",8.712963528,1.6178,"62728d9afbb36631896f3bcb","EC_0245.jpg"
"9831",4.666666808,1.8007,"62728d9afbb36631896f3bcb","EC_0033.jpeg"
"9832",8.06481538,1.3963,"62728d9afbb36631896f3bcb","EC_0101.jpg"
"9833",8.537036754,2.3041,"62728d9afbb36631896f3bcb","EC_0182.jpg"
"9834",8.37962963,2.5812,"62728d9afbb36631896f3bcb","EC_0030.jpg"
"9835",7.111111394,1.4659,"62728d9afbb36631896f3bcb","EC_0038.jpg"
"9836",8.333333333,2.2227,"62728d9afbb36631896f3bcb","EC_0015.jpg"
"9837",7.638888889,2.4669,"62728d9afbb36631896f3bcb","EC_0201.jpg"
"9838",8.500000283,1.8652,"62728d9afbb36631896f3bcb","EC_0097.jpg"
"9839",8.814814532,2.8747,"62728d9afbb36631896f3bcb","EC_0085.jpg"
"9840",8.740741588,1.496,"62728d9afbb36631896f3bcb","EC_0207.jpg"
"9841",7.407407407,2.2503,"62728d9afbb36631896f3bcb","EC_0183.jpg"
"9842",8.935185185,1.588,"62728d9afbb36631896f3bcb","EC_0206.png"
"9843",6.833333616,1.5446,"62728d9afbb36631896f3bcb","EC_0162.jpg"
"9844",9.231481199,1.4524,"62728d9afbb36631896f3bcb","EC_0211.jpg"
"9845",9.185184903,1.5764,"62728d9afbb36631896f3bcb","EC_0185.jpg"
"9846",8.185186033,1.3262,"62728d9afbb36631896f3bcb","EC_0061.jpg"
"9847",7.101852276,1.45,"62728d9afbb36631896f3bcb","EC_0029.jpg"
"9848",2.564815239,2.5962,"62728d9afbb36631896f3bcb","EC_0062.jpg"
"9849",6.564814956,2.2459,"62728d9afbb36631896f3bcb","EC_0232.jpg"
"9850",8.43518575,2.7762,"62728d9afbb36631896f3bcb","EC_0027.jpg"
"9851",8.97222307,2.3766,"62728d9afbb36631896f3bcb","EC_0016.jpg"
"9852",8.851852417,1.5767,"62728d9afbb36631896f3bcb","EC_0132.jpg"
"9853",3.435185044,2.9496,"62728d9afbb36631896f3bcb","EC_0161.jpg"
"9854",0.944444515,2.4332,"62728d9afbb36631896f3bcb","EC_0053.jpg"
"9855",7.462962822,2.0747,"62728d9afbb36631896f3bcb","EC_0176.jpg"
"9856",6.092592875,2.1392,"62728d9afbb36631896f3bcb","EC_0013.jpg"
"9857",7.305555697,1.7334,"62728d9afbb36631896f3bcb","EC_0125.jpeg"
"9858",5.26851866,3.7744,"62728d9afbb36631896f3bcb","EC_0196.jpg"
"9859",6.935185326,2.3663,"62728d9afbb36631896f3bcb","EC_0181.jpg"
"9860",6.805555556,1.544,"62728d9afbb36631896f3bcb","EC_0049.jpg"
"9861",8.203704269,1.5529,"62728d9afbb36631896f3bcb","EC_0141.jpg"
"9862",3.314815097,1.5522,"62728d9afbb36631896f3bcb","EC_0173.jpg"
"9863",9.296297144,3.275,"62728d9afbb36631896f3bcb","EC_0002.jpg"
"9864",9.111111959,1.5962,"62728d9afbb36631896f3bcb","EC_0243.jpg"
"9865",7.194444868,1.2998,"62728d9afbb36631896f3bcb","EC_0230.jpg"
"9866",5.175926067,1.3884,"62728d9afbb36631896f3bcb","EC_0168.jpeg"
"9867",6.907407266,1.6406,"62728d9afbb36631896f3bcb","EC_0233.jpg"
"9868",1.833333263,1.2343,"62728d9afbb36631896f3bcb","EC_0184.jpg"
"9869",7.240741165,1.4464,"62728d9afbb36631896f3bcb","EC_0039.jpg"
"9870",4.768518519,1.4928,"62728d9afbb36631896f3bcb","EC_0058.jpg"
"9871",8.03125,4.1074,"62728f0c68b9ecf571a2dbd4","EC_0038.jpg"
"9872",9.025,2.7435,"62728f0c68b9ecf571a2dbd4","EC_0138.png"
"9873",3.90625,3.1888,"62728f0c68b9ecf571a2dbd4","EC_0244.jpg"
"9874",8.975,2.92,"62728f0c68b9ecf571a2dbd4","EC_0228.jpg"
"9875",6.95625,3.7384,"62728f0c68b9ecf571a2dbd4","EC_0104.jpg"
"9876",7.58125,2.6254,"62728f0c68b9ecf571a2dbd4","EC_0060.jpg"
"9877",5.54375,2.8863,"62728f0c68b9ecf571a2dbd4","EC_0031.jpg"
"9878",9.99375,2.8657,"62728f0c68b9ecf571a2dbd4","EC_0020.jpg"
"9879",6.975,3.0939,"62728f0c68b9ecf571a2dbd4","EC_0185.jpg"
"9880",3.95625,4.0784,"62728f0c68b9ecf571a2dbd4","EC_0067.jpg"
"9881",8.95,2.7243,"62728f0c68b9ecf571a2dbd4","EC_0057.jpeg"
"9882",0.95,3.1739,"62728f0c68b9ecf571a2dbd4","EC_0033.jpeg"
"9883",5.51875,4.9715,"62728f0c68b9ecf571a2dbd4","EC_0118.jpg"
"9884",3.89375,3.5474,"62728f0c68b9ecf571a2dbd4","EC_0147.png"
"9885",6.98125,3.5637,"62728f0c68b9ecf571a2dbd4","EC_0123.jpeg"
"9886",6.98125,2.6722,"62728f0c68b9ecf571a2dbd4","EC_0188.jpg"
"9887",4.04375,2.9267,"62728f0c68b9ecf571a2dbd4","EC_0182.jpg"
"9888",2.9625,9.1623,"62728f0c68b9ecf571a2dbd4","EC_0018.jpg"
"9889",3.95625,3.8848,"62728f0c68b9ecf571a2dbd4","EC_0066.jpg"
"9890",6.0125,3.1775,"62728f0c68b9ecf571a2dbd4","EC_0152.jpg"
"9891",6.9625,2.6372,"62728f0c68b9ecf571a2dbd4","EC_0229.jpg"
"9892",8.04375,2.5219,"62728f0c68b9ecf571a2dbd4","EC_0157.jpg"
"9893",6.99375,6.5167,"62728f0c68b9ecf571a2dbd4","EC_0090.jpg"
"9894",6.00625,3.4092,"62728f0c68b9ecf571a2dbd4","EC_0061.jpg"
"9895",4.98125,2.8495,"62728f0c68b9ecf571a2dbd4","EC_0028.jpg"
"9896",4.84375,2.5304,"62728f0c68b9ecf571a2dbd4","EC_0111.jpg"
"9897",7.0125,2.689,"62728f0c68b9ecf571a2dbd4","EC_0087.jpg"
"9898",8.025,2.7472,"62728f0c68b9ecf571a2dbd4","EC_0172.jpg"
"9899",5.04375,2.7298,"62728f0c68b9ecf571a2dbd4","EC_0236.jpg"
"9900",4.96875,2.2587,"62728f0c68b9ecf571a2dbd4","EC_0166.jpg"
"9901",3.98125,2.4758,"62728f0c68b9ecf571a2dbd4","EC_0048.jpg"
"9902",4.4375,2.8883,"62728f0c68b9ecf571a2dbd4","EC_0049.jpg"
"9903",4.98125,2.5336,"62728f0c68b9ecf571a2dbd4","EC_0135.jpg"
"9904",4.98125,2.1445,"62728f0c68b9ecf571a2dbd4","EC_0246.jpg"
"9905",6.03125,2.6324,"62728f0c68b9ecf571a2dbd4","EC_0242.jpg"
"9906",3,6.2703,"62728f0c68b9ecf571a2dbd4","EC_0181.jpg"
"9907",5.9625,3.1293,"62728f0c68b9ecf571a2dbd4","EC_0103.jpg"
"9908",1.96875,2.7682,"62728f0c68b9ecf571a2dbd4","EC_0019.jpg"
"9909",4.05,3.0182,"62728f0c68b9ecf571a2dbd4","EC_0017.jpg"
"9910",4.95625,2.9646,"62728f0c68b9ecf571a2dbd4","EC_0040.jpg"
"9911",6.0125,2.3363,"62728f0c68b9ecf571a2dbd4","EC_0165.jpg"
"9912",6.0375,2.5104,"62728f0c68b9ecf571a2dbd4","EC_0073.jpg"
"9913",8.14375,4.7833,"62728f0c68b9ecf571a2dbd4","EC_0106.jpg"
"9914",9.10625,2.4309,"62728f0c68b9ecf571a2dbd4","EC_0132.jpg"
"9915",6.93125,11.0657,"62728f0c68b9ecf571a2dbd4","EC_0116.jpg"
"9916",0.84375,4.839,"62728f0c68b9ecf571a2dbd4","EC_0174.jpg"
"9917",4.025,3.5816,"62728f0c68b9ecf571a2dbd4","EC_0064.jpg"
"9918",7.025,3.7003,"62728f0c68b9ecf571a2dbd4","EC_0074.jpg"
"9919",7.01875,3.4391,"62728f0c68b9ecf571a2dbd4","EC_0084.jpg"
"9920",7.96875,2.3625,"62728f0c68b9ecf571a2dbd4","EC_0092.jpg"
"9921",9.0375,3.1301,"62728f0c68b9ecf571a2dbd4","EC_0096.jpg"
"9922",7.95625,2.2488,"62728f0c68b9ecf571a2dbd4","EC_0058.jpg"
"9923",6.99375,3.4361,"62728f0c68b9ecf571a2dbd4","EC_0158.jpg"
"9924",6.05625,2.8277,"62728f0c68b9ecf571a2dbd4","EC_0211.jpg"
"9925",7.1125,2.7803,"62728f0c68b9ecf571a2dbd4","EC_0117.jpg"
"9926",5.925,3.7684,"62728f0c68b9ecf571a2dbd4","EC_0239.jpg"
"9927",4.89375,3.2757,"62728f0c68b9ecf571a2dbd4","EC_0086.jpg"
"9928",6.96875,2.3436,"62728f0c68b9ecf571a2dbd4","EC_0160.jpg"
"9929",6.9875,2.7402,"62728f0c68b9ecf571a2dbd4","EC_0163.jpg"
"9930",7.725,2.279,"62728f0c68b9ecf571a2dbd4","EC_0173.jpg"
"9931",6.96875,3.5873,"62728f0c68b9ecf571a2dbd4","EC_0156.jpg"
"9932",6.9875,1.7954,"62728f0c68b9ecf571a2dbd4","EC_0100.jpg"
"9933",4.10625,4.8573,"62728f0c68b9ecf571a2dbd4","EC_0072.jpg"
"9934",3.3375,3.6382,"62728f0c68b9ecf571a2dbd4","EC_0065.jpg"
"9935",9.9875,3.3901,"62728f0c68b9ecf571a2dbd4","EC_0108.jpg"
"9936",10,3.7573,"62728f0c68b9ecf571a2dbd4","EC_0006.jpg"
"9937",6.4875,2.8512,"62728f0c68b9ecf571a2dbd4","EC_0206.png"
"9938",3.45,21.0802,"62728f0c68b9ecf571a2dbd4","EC_0187.jpeg"
"9939",9.99375,3.9771,"62728f0c68b9ecf571a2dbd4","EC_0119.jpg"
"9940",5.975,3.3221,"62728f0c68b9ecf571a2dbd4","EC_0137.jpg"
"9941",7.1,3.1427,"62728f0c68b9ecf571a2dbd4","EC_0120.jpg"
"9942",3.3875,3.2015,"62728f0c68b9ecf571a2dbd4","EC_0222.jpg"
"9943",5.60625,3.1264,"62728f0c68b9ecf571a2dbd4","EC_0022.jpg"
"9944",7.55,12.2242,"62728f0c68b9ecf571a2dbd4","EC_0102.jpg"
"9945",7.45,8.5236,"62728f0c68b9ecf571a2dbd4","EC_0008.jpg"
"9946",6.4625,2.9328,"62728f0c68b9ecf571a2dbd4","EC_0101.jpg"
"9947",7.1,3.4248,"62728f0c68b9ecf571a2dbd4","EC_0081.jpg"
"9948",4.55,2.5368,"62728f0c68b9ecf571a2dbd4","EC_0183.jpg"
"9949",8.00625,2.8629,"62728f0c68b9ecf571a2dbd4","EC_0207.jpg"
"9950",5.94375,4.8862,"62728f0c68b9ecf571a2dbd4","EC_0113.jpg"
"9951",2.55,3.7277,"62728f0c68b9ecf571a2dbd4","EC_0125.jpeg"
"9952",7.66875,2.4432,"62728f0c68b9ecf571a2dbd4","EC_0068.jpg"
"9953",1.7125,2.6797,"62728f0c68b9ecf571a2dbd4","EC_0105.jpg"
"9954",9.98125,2.9982,"62728f0c68b9ecf571a2dbd4","EC_0003.jpg"
"9955",1.48125,3.8347,"62728f0c68b9ecf571a2dbd4","EC_0071.jpg"
"9956",5.925,3.596,"62728f0c68b9ecf571a2dbd4","EC_0148.jpg"
"9957",5.99375,5.3166,"62728f0c68b9ecf571a2dbd4","EC_0077.jpg"
"9958",6.90625,2.4941,"62728f0c68b9ecf571a2dbd4","EC_0224.jpg"
"9959",5.54375,3.1201,"62728f0c68b9ecf571a2dbd4","EC_0153.jpg"
"9960",7.01875,5.6267,"62728f0c68b9ecf571a2dbd4","EC_0041.jpg"
"9961",7.975,10.8067,"62728f0c68b9ecf571a2dbd4","EC_0079.jpg"
"9962",7.45,2.5387,"62728f0c68b9ecf571a2dbd4","EC_0082.jpg"
"9963",5.40625,2.9076,"62728f0c68b9ecf571a2dbd4","EC_0014.jpg"
"9964",9.01875,2.8305,"62728f0c68b9ecf571a2dbd4","EC_0030.jpg"
"9965",5.7,4.8191,"62728f0c68b9ecf571a2dbd4","EC_0047.jpg"
"9966",8.6125,3.968,"62728f0c68b9ecf571a2dbd4","EC_0177.jpg"
"9967",2.65,3.1159,"62728f0c68b9ecf571a2dbd4","EC_0223.jpg"
"9968",4.5125,2.3989,"62728f0c68b9ecf571a2dbd4","EC_0094.jpg"
"9969",5.9625,3.3567,"62728f0c68b9ecf571a2dbd4","EC_0237.jpg"
"9970",7.025,3.3109,"62728f0c68b9ecf571a2dbd4","EC_0089.jpg"
"9971",7.95625,3.497,"62728f0c68b9ecf571a2dbd4","EC_0059.jpg"
"9972",2.69375,3.1389,"62728f0c68b9ecf571a2dbd4","EC_0131.jpg"
"9973",2.4125,2.8647,"62728f0c68b9ecf571a2dbd4","EC_0196.jpg"
"9974",5.73125,2.268,"62728f0c68b9ecf571a2dbd4","EC_0013.jpg"
"9975",7.38125,2.6093,"62728f0c68b9ecf571a2dbd4","EC_0238.jpg"
"9976",1.25,3.2228,"62728f0c68b9ecf571a2dbd4","EC_0214.jpg"
"9977",1.975,5.0778,"62728f0c68b9ecf571a2dbd4","EC_0162.jpg"
"9978",9.43125,2.6392,"62728f0c68b9ecf571a2dbd4","EC_0098.jpg"
"9979",7.525,3.374,"62728f0c68b9ecf571a2dbd4","EC_0219.jpg"
"9980",7.83125,2.8522,"62728f0c68b9ecf571a2dbd4","EC_0083.jpg"
"9981",8.15,2.6329,"62728f0c68b9ecf571a2dbd4","EC_0070.jpg"
"9982",4.3875,3.443,"62728f0c68b9ecf571a2dbd4","EC_0133.jpg"
"9983",5.69375,2.4378,"62728f0c68b9ecf571a2dbd4","EC_0095.jpg"
"9984",7.55625,4.3102,"62728f0c68b9ecf571a2dbd4","EC_0039.jpg"
"9985",5.68125,7.1982,"62728f0c68b9ecf571a2dbd4","EC_0204.jpg"
"9986",6.0625,3.5813,"62728f0c68b9ecf571a2dbd4","EC_0168.jpeg"
"9987",8.03125,2.4346,"62728f0c68b9ecf571a2dbd4","EC_0053.jpg"
"9988",5.05625,4.3353,"62728f0c68b9ecf571a2dbd4","EC_0232.jpg"
"9989",3.3625,6.3554,"62728f0c68b9ecf571a2dbd4","EC_0001.jpg"
"9990",7.0375,2.8104,"62728f0c68b9ecf571a2dbd4","EC_0227.jpg"
"9991",2.46875,2.7581,"62728f0c68b9ecf571a2dbd4","EC_0027.jpg"
"9992",0.51875,10.5447,"62728f0c68b9ecf571a2dbd4","EC_0080.jpg"
"9993",8.4375,2.952,"62728f0c68b9ecf571a2dbd4","EC_0034.jpg"
"9994",3.23125,2.9321,"62728f0c68b9ecf571a2dbd4","EC_0097.jpg"
"9995",4.4875,5.3053,"62728f0c68b9ecf571a2dbd4","EC_0194.jpg"
"9996",2.49375,3.485,"62728f0c68b9ecf571a2dbd4","EC_0213.jpg"
"9997",8.01875,3.2323,"62728f0c68b9ecf571a2dbd4","EC_0055.jpg"
"9998",0.9625,3.3944,"62728f0c68b9ecf571a2dbd4","EC_0005.jpg"
"9999",9,2.7259,"62728f0c68b9ecf571a2dbd4","EC_0093.jpg"
"10000",4.93125,3.4201,"62728f0c68b9ecf571a2dbd4","EC_0241.jpg"
"10001",2.9,2.886,"62728f0c68b9ecf571a2dbd4","EC_0056.jpg"
"10002",6.91875,3.3859,"62728f0c68b9ecf571a2dbd4","EC_0141.jpg"
"10003",5.9875,4.5562,"62728f0c68b9ecf571a2dbd4","EC_0044.jpg"
"10004",5.025,5.3713,"62728f0c68b9ecf571a2dbd4","EC_0124.jpeg"
"10005",6.0125,2.7273,"62728f0c68b9ecf571a2dbd4","EC_0062.jpg"
"10006",5.91875,5.5666,"62728f0c68b9ecf571a2dbd4","EC_0046.jpg"
"10007",3.9625,2.6804,"62728f0c68b9ecf571a2dbd4","EC_0180.jpg"
"10008",7.075,2.5565,"62728f0c68b9ecf571a2dbd4","EC_0233.jpg"
"10009",8.9625,4.3692,"62728f0c68b9ecf571a2dbd4","EC_0011.jpg"
"10010",5.08125,4.01,"62728f0c68b9ecf571a2dbd4","EC_0234.jpg"
"10011",6.125,13.5968,"62728f0c68b9ecf571a2dbd4","EC_0036.jpeg"
"10012",8.0125,3.0506,"62728f0c68b9ecf571a2dbd4","EC_0167.jpg"
"10013",8.89375,5.3804,"62728f0c68b9ecf571a2dbd4","EC_0170.jpg"
"10014",3.00625,4.0688,"62728f0c68b9ecf571a2dbd4","EC_0129.jpeg"
"10015",7.96875,3.0656,"62728f0c68b9ecf571a2dbd4","EC_0243.jpg"
"10016",1.0625,2.8124,"62728f0c68b9ecf571a2dbd4","EC_0085.jpg"
"10017",3.98125,3.2837,"62728f0c68b9ecf571a2dbd4","EC_0231.jpg"
"10018",5.01875,3.329,"62728f0c68b9ecf571a2dbd4","EC_0128.jpeg"
"10019",6.01875,2.884,"62728f0c68b9ecf571a2dbd4","EC_0063.jpg"
"10020",6.03125,5.1962,"62728f0c68b9ecf571a2dbd4","EC_0198.jpg"
"10021",0.95,14.8938,"62728f0c68b9ecf571a2dbd4","EC_0121.jpg"
"10022",2.0375,3.4953,"62728f0c68b9ecf571a2dbd4","EC_0009.jpg"
"10023",6.98125,2.7716,"62728f0c68b9ecf571a2dbd4","EC_0149.jpg"
"10024",4.9625,3.7287,"62728f0c68b9ecf571a2dbd4","EC_0139.png"
"10025",8.04375,3.8795,"62728f0c68b9ecf571a2dbd4","EC_0197.jpg"
"10026",4.0375,3.6875,"62728f0c68b9ecf571a2dbd4","EC_0171.jpg"
"10027",7.0375,2.6027,"62728f0c68b9ecf571a2dbd4","EC_0200.png"
"10028",6.1125,3.1703,"62728f0c68b9ecf571a2dbd4","EC_0012.jpg"
"10029",7.03125,2.7388,"62728f0c68b9ecf571a2dbd4","EC_0109.jpg"
"10030",8.0375,3.1083,"62728f0c68b9ecf571a2dbd4","EC_0007.jpg"
"10031",5.96875,4.2583,"62728f0c68b9ecf571a2dbd4","EC_0142.jpg"
"10032",8.975,3.0671,"62728f0c68b9ecf571a2dbd4","EC_0140.jpg"
"10033",1,2.8635,"62728f0c68b9ecf571a2dbd4","EC_0161.jpg"
"10034",6.925,3.5222,"62728f0c68b9ecf571a2dbd4","EC_0245.jpg"
"10035",3.9125,9.9937,"62728f0c68b9ecf571a2dbd4","EC_0076.jpg"
"10036",8.00625,2.9355,"62728f0c68b9ecf571a2dbd4","EC_0115.jpg"
"10037",7.99375,5.8648,"62728f0c68b9ecf571a2dbd4","EC_0221.jpg"
"10038",6.96875,2.4103,"62728f0c68b9ecf571a2dbd4","EC_0176.jpg"
"10039",8.0125,2.4484,"62728f0c68b9ecf571a2dbd4","EC_0150.jpg"
"10040",7.0125,7.2167,"62728f0c68b9ecf571a2dbd4","EC_0032.jpg"
"10041",3.9,6.8601,"62728f0c68b9ecf571a2dbd4","EC_0054.jpg"
"10042",8.01875,2.6927,"62728f0c68b9ecf571a2dbd4","EC_0029.jpg"
"10043",5.95,6.2731,"62728f0c68b9ecf571a2dbd4","EC_0151.jpg"
"10044",6.08125,6.8937,"62728f0c68b9ecf571a2dbd4","EC_0203.jpg"
"10045",5.80625,2.6222,"62728f0c68b9ecf571a2dbd4","EC_0010.jpg"
"10046",9.04375,4.8349,"62728f0c68b9ecf571a2dbd4","EC_0159.jpg"
"10047",7.0625,7.5181,"62728f0c68b9ecf571a2dbd4","EC_0099.jpg"
"10048",6,8.8207,"62728f0c68b9ecf571a2dbd4","EC_0136.jpg"
"10049",7.95,2.505,"62728f0c68b9ecf571a2dbd4","EC_0193.png"
"10050",3.975,3.2774,"62728f0c68b9ecf571a2dbd4","EC_0201.jpg"
"10051",6.94375,2.5365,"62728f0c68b9ecf571a2dbd4","EC_0154.jpg"
"10052",5.9875,9.475,"62728f0c68b9ecf571a2dbd4","EC_0051.jpg"
"10053",10,4.0194,"62728f0c68b9ecf571a2dbd4","EC_0247.jpg"
"10054",5.98125,3.4586,"62728f0c68b9ecf571a2dbd4","EC_0184.jpg"
"10055",7.94375,7.0608,"62728f0c68b9ecf571a2dbd4","EC_0037.jpg"
"10056",6.06875,2.6011,"62728f0c68b9ecf571a2dbd4","EC_0205.jpg"
"10057",3.9625,11.8105,"62728f0c68b9ecf571a2dbd4","EC_0075.jpg"
"10058",6.98125,9.1428,"62728f0c68b9ecf571a2dbd4","EC_0024.jpg"
"10059",7.94375,2.5456,"62728f0c68b9ecf571a2dbd4","EC_0042.jpg"
"10060",4.9,10.8767,"62728f0c68b9ecf571a2dbd4","EC_0210.jpg"
"10061",4.675,2.167,"62728f0c68b9ecf571a2dbd4","EC_0235.jpg"
"10062",5.98125,5.4008,"62728f0c68b9ecf571a2dbd4","EC_0050.jpg"
"10063",6.14375,2.5178,"62728f0c68b9ecf571a2dbd4","EC_0249.jpg"
"10064",8.00625,2.7954,"62728f0c68b9ecf571a2dbd4","EC_0015.jpg"
"10065",7.43125,3.3448,"62728f0c68b9ecf571a2dbd4","EC_0164.jpg"
"10066",8,3.3268,"62728f0c68b9ecf571a2dbd4","EC_0134.jpg"
"10067",8.0375,2.6808,"62728f0c68b9ecf571a2dbd4","EC_0240.jpg"
"10068",5.975,3.596,"62728f0c68b9ecf571a2dbd4","EC_0169.png"
"10069",7.025,9.9495,"62728f0c68b9ecf571a2dbd4","EC_0069.jpg"
"10070",5.9875,2.9061,"62728f0c68b9ecf571a2dbd4","EC_0230.jpg"
"10071",6.00625,3.373,"62728f0c68b9ecf571a2dbd4","EC_0195.jpg"
"10072",7.05,2.69,"62728f0c68b9ecf571a2dbd4","EC_0248.jpg"
"10073",9.00625,2.6069,"62728f0c68b9ecf571a2dbd4","EC_0002.jpg"
"10074",8.99375,2.5409,"62728f0c68b9ecf571a2dbd4","EC_0250.jpg"
"10075",3.9625,4.24,"62728f0c68b9ecf571a2dbd4","EC_0226.jpg"
"10076",2.99375,3.2535,"62728f0c68b9ecf571a2dbd4","EC_0088.jpg"
"10077",7.04375,3.5354,"62728f0c68b9ecf571a2dbd4","EC_0202.jpg"
"10078",10,4.0777,"62728f0c68b9ecf571a2dbd4","EC_0209.jpg"
"10079",10,3.6417,"62728f0c68b9ecf571a2dbd4","EC_0199.jpg"
"10080",7.03125,2.8,"62728f0c68b9ecf571a2dbd4","EC_0016.jpg"
"10081",6.9875,3.906,"6282575ebe32fdc6268babc8","EC_0062.jpg"
"10082",4.9625,2.832,"6282575ebe32fdc6268babc8","EC_0222.jpg"
"10083",9.9375,2.974,"6282575ebe32fdc6268babc8","EC_0243.jpg"
"10084",5.95,3.698,"6282575ebe32fdc6268babc8","EC_0164.jpg"
"10085",9.975,5.135,"6282575ebe32fdc6268babc8","EC_0008.jpg"
"10086",7.1,3.474,"6282575ebe32fdc6268babc8","EC_0207.jpg"
"10087",0.0125,3.1,"6282575ebe32fdc6268babc8","EC_0069.jpg"
"10088",1.025,3.067,"6282575ebe32fdc6268babc8","EC_0123.jpeg"
"10089",8.1125,2.865,"6282575ebe32fdc6268babc8","EC_0210.jpg"
"10090",4.85,3.022,"6282575ebe32fdc6268babc8","EC_0013.jpg"
"10091",9.9875,3.448,"6282575ebe32fdc6268babc8","EC_0124.jpeg"
"10092",7.925,4.227,"6282575ebe32fdc6268babc8","EC_0051.jpg"
"10093",6.9375,4.083,"6282575ebe32fdc6268babc8","EC_0219.jpg"
"10094",5.9625,3.066,"6282575ebe32fdc6268babc8","EC_0015.jpg"
"10095",2,5.247,"6282575ebe32fdc6268babc8","EC_0238.jpg"
"10096",4.9625,3.278,"6282575ebe32fdc6268babc8","EC_0221.jpg"
"10097",9.95,3.742,"6282575ebe32fdc6268babc8","EC_0089.jpg"
"10098",9.9375,3.079,"6282575ebe32fdc6268babc8","EC_0029.jpg"
"10099",7.0875,3.68,"6282575ebe32fdc6268babc8","EC_0245.jpg"
"10100",4.9625,3.447,"6282575ebe32fdc6268babc8","EC_0228.jpg"
"10101",1.975,3.049,"6282575ebe32fdc6268babc8","EC_0201.jpg"
"10102",9.0125,2.903,"6282575ebe32fdc6268babc8","EC_0135.jpg"
"10103",1.95,3.271,"6282575ebe32fdc6268babc8","EC_0054.jpg"
"10104",9.925,3.315,"6282575ebe32fdc6268babc8","EC_0002.jpg"
"10105",8.0375,4.394,"6282575ebe32fdc6268babc8","EC_0061.jpg"
"10106",4,3.11,"6282575ebe32fdc6268babc8","EC_0176.jpg"
"10107",2.1125,4.4,"6282575ebe32fdc6268babc8","EC_0170.jpg"
"10108",8.9625,3.087,"6282575ebe32fdc6268babc8","EC_0197.jpg"
"10109",7.05,2.993,"6282575ebe32fdc6268babc8","EC_0100.jpg"
"10110",0,4.085,"6282575ebe32fdc6268babc8","EC_0120.jpg"
"10111",1.9875,3.613,"6282575ebe32fdc6268babc8","EC_0010.jpg"
"10112",6.975,3.456,"6282575ebe32fdc6268babc8","EC_0168.jpeg"
"10113",3.0125,3.393,"6282575ebe32fdc6268babc8","EC_0014.jpg"
"10114",4.95,2.792,"6282575ebe32fdc6268babc8","EC_0060.jpg"
"10115",0.05,2.815,"6282575ebe32fdc6268babc8","EC_0227.jpg"
"10116",3.0125,2.978,"6282575ebe32fdc6268babc8","EC_0173.jpg"
"10117",7.05,3.421,"6282575ebe32fdc6268babc8","EC_0036.jpeg"
"10118",0.05,3.185,"6282575ebe32fdc6268babc8","EC_0226.jpg"
"10119",3.95,4.541,"6282575ebe32fdc6268babc8","EC_0087.jpg"
"10120",0.925,3.822,"6282575ebe32fdc6268babc8","EC_0067.jpg"
"10121",3.025,2.897,"6282575ebe32fdc6268babc8","EC_0085.jpg"
"10122",3.0875,3.094,"6282575ebe32fdc6268babc8","EC_0159.jpg"
"10123",5.85,2.921,"6282575ebe32fdc6268babc8","EC_0093.jpg"
"10124",8.9875,4.189,"6282575ebe32fdc6268babc8","EC_0058.jpg"
"10125",6.05,3.433,"6282575ebe32fdc6268babc8","EC_0194.jpg"
"10126",8.85,3.584,"6282575ebe32fdc6268babc8","EC_0125.jpeg"
"10127",0.075,3.102,"6282575ebe32fdc6268babc8","EC_0141.jpg"
"10128",4.9375,3.139,"6282575ebe32fdc6268babc8","EC_0152.jpg"
"10129",7.9125,3.073,"6282575ebe32fdc6268babc8","EC_0163.jpg"
"10130",8.9,2.912,"6282575ebe32fdc6268babc8","EC_0003.jpg"
"10131",3.975,3.459,"6282575ebe32fdc6268babc8","EC_0169.png"
"10132",5.975,3.02,"6282575ebe32fdc6268babc8","EC_0237.jpg"
"10133",8.7125,2.614,"6282575ebe32fdc6268babc8","EC_0244.jpg"
"10134",7.1125,2.602,"6282575ebe32fdc6268babc8","EC_0074.jpg"
"10135",5.1,2.833,"6282575ebe32fdc6268babc8","EC_0094.jpg"
"10136",4.8875,3.752,"6282575ebe32fdc6268babc8","EC_0206.png"
"10137",3.2125,2.804,"6282575ebe32fdc6268babc8","EC_0223.jpg"
"10138",10,3.77,"6282575ebe32fdc6268babc8","EC_0044.jpg"
"10139",7.9375,2.803,"6282575ebe32fdc6268babc8","EC_0104.jpg"
"10140",8.9125,3.507,"6282575ebe32fdc6268babc8","EC_0030.jpg"
"10141",5.0375,3.35,"6282575ebe32fdc6268babc8","EC_0248.jpg"
"10142",0.0125,3.565,"6282575ebe32fdc6268babc8","EC_0032.jpg"
"10143",9.9875,3.165,"6282575ebe32fdc6268babc8","EC_0157.jpg"
"10144",2.9875,3.477,"6282575ebe32fdc6268babc8","EC_0174.jpg"
"10145",4.8875,3.083,"6282575ebe32fdc6268babc8","EC_0158.jpg"
"10146",7.925,3.031,"6282575ebe32fdc6268babc8","EC_0086.jpg"
"10147",0,3.008,"6282575ebe32fdc6268babc8","EC_0184.jpg"
"10148",1.0125,3.255,"6282575ebe32fdc6268babc8","EC_0095.jpg"
"10149",8.1625,3.692,"6282575ebe32fdc6268babc8","EC_0064.jpg"
"10150",5.0375,2.886,"6282575ebe32fdc6268babc8","EC_0188.jpg"
"10151",4.9375,3.321,"6282575ebe32fdc6268babc8","EC_0079.jpg"
"10152",8.825,2.544,"6282575ebe32fdc6268babc8","EC_0119.jpg"
"10153",9.2375,2.904,"6282575ebe32fdc6268babc8","EC_0138.png"
"10154",5.0875,2.804,"6282575ebe32fdc6268babc8","EC_0235.jpg"
"10155",7.025,5.127,"6282575ebe32fdc6268babc8","EC_0011.jpg"
"10156",7.975,3.155,"6282575ebe32fdc6268babc8","EC_0101.jpg"
"10157",6.275,2.998,"6282575ebe32fdc6268babc8","EC_0081.jpg"
"10158",7.4625,2.528,"6282575ebe32fdc6268babc8","EC_0099.jpg"
"10159",4.7375,2.648,"6282575ebe32fdc6268babc8","EC_0009.jpg"
"10160",3.975,2.644,"6282575ebe32fdc6268babc8","EC_0172.jpg"
"10161",6.075,3.029,"6282575ebe32fdc6268babc8","EC_0134.jpg"
"10162",2.4375,2.693,"6282575ebe32fdc6268babc8","EC_0027.jpg"
"10163",1.1125,3.051,"6282575ebe32fdc6268babc8","EC_0142.jpg"
"10164",8.3625,2.429,"6282575ebe32fdc6268babc8","EC_0230.jpg"
"10165",0,3.618,"6282575ebe32fdc6268babc8","EC_0131.jpg"
"10166",6.3875,3.204,"6282575ebe32fdc6268babc8","EC_0082.jpg"
"10167",8.9125,2.382,"6282575ebe32fdc6268babc8","EC_0250.jpg"
"10168",5.1125,3.705,"6282575ebe32fdc6268babc8","EC_0229.jpg"
"10169",4.1625,3.418,"6282575ebe32fdc6268babc8","EC_0118.jpg"
"10170",7.4125,2.577,"6282575ebe32fdc6268babc8","EC_0249.jpg"
"10171",9.9875,3.403,"6282575ebe32fdc6268babc8","EC_0129.jpeg"
"10172",6.4375,2.785,"6282575ebe32fdc6268babc8","EC_0205.jpg"
"10173",9.125,2.465,"6282575ebe32fdc6268babc8","EC_0167.jpg"
"10174",6.975,2.873,"6282575ebe32fdc6268babc8","EC_0034.jpg"
"10175",9.9125,2.643,"6282575ebe32fdc6268babc8","EC_0073.jpg"
"10176",4.025,2.828,"6282575ebe32fdc6268babc8","EC_0020.jpg"
"10177",8.8,3.294,"6282575ebe32fdc6268babc8","EC_0050.jpg"
"10178",3.975,3.371,"6282575ebe32fdc6268babc8","EC_0006.jpg"
"10179",5.85,3.355,"6282575ebe32fdc6268babc8","EC_0084.jpg"
"10180",5.0875,3.065,"6282575ebe32fdc6268babc8","EC_0068.jpg"
"10181",5.0375,2.821,"6282575ebe32fdc6268babc8","EC_0165.jpg"
"10182",3.1125,3.271,"6282575ebe32fdc6268babc8","EC_0242.jpg"
"10183",6.875,2.979,"6282575ebe32fdc6268babc8","EC_0181.jpg"
"10184",9.925,2.435,"6282575ebe32fdc6268babc8","EC_0137.jpg"
"10185",2.8625,2.55,"6282575ebe32fdc6268babc8","EC_0139.png"
"10186",0.05,2.704,"6282575ebe32fdc6268babc8","EC_0059.jpg"
"10187",2.975,3.304,"6282575ebe32fdc6268babc8","EC_0148.jpg"
"10188",8.075,2.466,"6282575ebe32fdc6268babc8","EC_0053.jpg"
"10189",4.9875,3.04,"6282575ebe32fdc6268babc8","EC_0151.jpg"
"10190",2.9,2.561,"6282575ebe32fdc6268babc8","EC_0075.jpg"
"10191",2.0125,2.426,"6282575ebe32fdc6268babc8","EC_0202.jpg"
"10192",8.0875,2.839,"6282575ebe32fdc6268babc8","EC_0231.jpg"
"10193",4.9125,4.281,"6282575ebe32fdc6268babc8","EC_0097.jpg"
"10194",0.975,2.796,"6282575ebe32fdc6268babc8","EC_0240.jpg"
"10195",4.975,2.887,"6282575ebe32fdc6268babc8","EC_0211.jpg"
"10196",2.7625,3.203,"6282575ebe32fdc6268babc8","EC_0195.jpg"
"10197",8.175,2.872,"6282575ebe32fdc6268babc8","EC_0166.jpg"
"10198",6.65,2.655,"6282575ebe32fdc6268babc8","EC_0246.jpg"
"10199",9.9875,3.25,"6282575ebe32fdc6268babc8","EC_0083.jpg"
"10200",7.675,3.496,"6282575ebe32fdc6268babc8","EC_0092.jpg"
"10201",2.3375,3.869,"6282575ebe32fdc6268babc8","EC_0196.jpg"
"10202",7,3.37,"6282575ebe32fdc6268babc8","EC_0077.jpg"
"10203",4.5,3.438,"6282575ebe32fdc6268babc8","EC_0031.jpg"
"10204",5.0125,2.586,"6282575ebe32fdc6268babc8","EC_0153.jpg"
"10205",7,2.915,"6282575ebe32fdc6268babc8","EC_0096.jpg"
"10206",7.825,3.136,"6282575ebe32fdc6268babc8","EC_0041.jpg"
"10207",7.8625,3.148,"6282575ebe32fdc6268babc8","EC_0088.jpg"
"10208",1.4375,3.355,"6282575ebe32fdc6268babc8","EC_0033.jpeg"
"10209",4.9625,4.526,"6282575ebe32fdc6268babc8","EC_0199.jpg"
"10210",6.0625,2.862,"6282575ebe32fdc6268babc8","EC_0128.jpeg"
"10211",5.075,2.417,"6282575ebe32fdc6268babc8","EC_0047.jpg"
"10212",4.9875,2.595,"6282575ebe32fdc6268babc8","EC_0224.jpg"
"10213",1.2375,3.167,"6282575ebe32fdc6268babc8","EC_0160.jpg"
"10214",9.9625,3.427,"6282575ebe32fdc6268babc8","EC_0024.jpg"
"10215",5.85,3.477,"6282575ebe32fdc6268babc8","EC_0193.png"
"10216",3.5,2.762,"6282575ebe32fdc6268babc8","EC_0203.jpg"
"10217",5.0375,2.863,"6282575ebe32fdc6268babc8","EC_0209.jpg"
"10218",5.2625,2.713,"6282575ebe32fdc6268babc8","EC_0214.jpg"
"10219",5.3,3.041,"6282575ebe32fdc6268babc8","EC_0098.jpg"
"10220",5.8625,2.784,"6282575ebe32fdc6268babc8","EC_0022.jpg"
"10221",6.2,2.492,"6282575ebe32fdc6268babc8","EC_0040.jpg"
"10222",5.0875,3.554,"6282575ebe32fdc6268babc8","EC_0063.jpg"
"10223",4.9875,2.815,"6282575ebe32fdc6268babc8","EC_0105.jpg"
"10224",6.425,2.452,"6282575ebe32fdc6268babc8","EC_0136.jpg"
"10225",1.3125,2.76,"6282575ebe32fdc6268babc8","EC_0204.jpg"
"10226",4.3,3.031,"6282575ebe32fdc6268babc8","EC_0018.jpg"
"10227",6.2125,2.836,"6282575ebe32fdc6268babc8","EC_0200.png"
"10228",7.4,3.006,"6282575ebe32fdc6268babc8","EC_0103.jpg"
"10229",2.9625,2.242,"6282575ebe32fdc6268babc8","EC_0113.jpg"
"10230",5.25,2.54,"6282575ebe32fdc6268babc8","EC_0154.jpg"
"10231",7.3125,2.764,"6282575ebe32fdc6268babc8","EC_0156.jpg"
"10232",7.375,2.312,"6282575ebe32fdc6268babc8","EC_0233.jpg"
"10233",7.9375,2.589,"6282575ebe32fdc6268babc8","EC_0090.jpg"
"10234",2.7,2.706,"6282575ebe32fdc6268babc8","EC_0005.jpg"
"10235",7.5,2.626,"6282575ebe32fdc6268babc8","EC_0012.jpg"
"10236",6.1875,2.61,"6282575ebe32fdc6268babc8","EC_0183.jpg"
"10237",5.075,2.836,"6282575ebe32fdc6268babc8","EC_0108.jpg"
"10238",2.85,3.566,"6282575ebe32fdc6268babc8","EC_0121.jpg"
"10239",7.1625,2.894,"6282575ebe32fdc6268babc8","EC_0187.jpeg"
"10240",8.625,3.664,"6282575ebe32fdc6268babc8","EC_0046.jpg"
"10241",6.575,2.854,"6282575ebe32fdc6268babc8","EC_0111.jpg"
"10242",7.95,3.408,"6282575ebe32fdc6268babc8","EC_0132.jpg"
"10243",4.3625,2.914,"6282575ebe32fdc6268babc8","EC_0180.jpg"
"10244",3.8375,3.182,"6282575ebe32fdc6268babc8","EC_0102.jpg"
"10245",8.4875,2.443,"6282575ebe32fdc6268babc8","EC_0117.jpg"
"10246",0.05,3.229,"6282575ebe32fdc6268babc8","EC_0038.jpg"
"10247",2.5625,2.619,"6282575ebe32fdc6268babc8","EC_0007.jpg"
"10248",4.95,3.889,"6282575ebe32fdc6268babc8","EC_0150.jpg"
"10249",7.05,3.109,"6282575ebe32fdc6268babc8","EC_0239.jpg"
"10250",7.7375,2.513,"6282575ebe32fdc6268babc8","EC_0070.jpg"
"10251",3.025,3.516,"6282575ebe32fdc6268babc8","EC_0162.jpg"
"10252",4.1125,2.537,"6282575ebe32fdc6268babc8","EC_0019.jpg"
"10253",8.325,2.535,"6282575ebe32fdc6268babc8","EC_0115.jpg"
"10254",4.825,3.479,"6282575ebe32fdc6268babc8","EC_0116.jpg"
"10255",6.5875,3.305,"6282575ebe32fdc6268babc8","EC_0171.jpg"
"10256",6.6125,2.31,"6282575ebe32fdc6268babc8","EC_0017.jpg"
"10257",2.975,3.251,"6282575ebe32fdc6268babc8","EC_0080.jpg"
"10258",0.05,4.374,"6282575ebe32fdc6268babc8","EC_0161.jpg"
"10259",9.9625,3.664,"6282575ebe32fdc6268babc8","EC_0057.jpeg"
"10260",4.9625,3.983,"6282575ebe32fdc6268babc8","EC_0185.jpg"
"10261",4.9375,3.454,"6282575ebe32fdc6268babc8","EC_0016.jpg"
"10262",2.975,2.923,"6282575ebe32fdc6268babc8","EC_0140.jpg"
"10263",9.825,2.77,"6282575ebe32fdc6268babc8","EC_0072.jpg"
"10264",8.6625,2.333,"6282575ebe32fdc6268babc8","EC_0236.jpg"
"10265",3.55,4.349,"6282575ebe32fdc6268babc8","EC_0071.jpg"
"10266",3.675,2.791,"6282575ebe32fdc6268babc8","EC_0049.jpg"
"10267",5.1625,3.056,"6282575ebe32fdc6268babc8","EC_0232.jpg"
"10268",7.4875,2.801,"6282575ebe32fdc6268babc8","EC_0149.jpg"
"10269",5.525,2.203,"6282575ebe32fdc6268babc8","EC_0198.jpg"
"10270",2.85,2.969,"6282575ebe32fdc6268babc8","EC_0133.jpg"
"10271",4.975,3.814,"6282575ebe32fdc6268babc8","EC_0076.jpg"
"10272",6.3125,2.437,"6282575ebe32fdc6268babc8","EC_0055.jpg"
"10273",5.3625,2.862,"6282575ebe32fdc6268babc8","EC_0048.jpg"
"10274",0.175,3.238,"6282575ebe32fdc6268babc8","EC_0177.jpg"
"10275",1.875,2.998,"6282575ebe32fdc6268babc8","EC_0241.jpg"
"10276",7.1,2.769,"6282575ebe32fdc6268babc8","EC_0056.jpg"
"10277",7.6375,2.619,"6282575ebe32fdc6268babc8","EC_0109.jpg"
"10278",6.2125,3.589,"6282575ebe32fdc6268babc8","EC_0065.jpg"
"10279",0.0375,3.115,"6282575ebe32fdc6268babc8","EC_0001.jpg"
"10280",2.1375,2.821,"6282575ebe32fdc6268babc8","EC_0066.jpg"
"10281",9.1125,3.123,"6282575ebe32fdc6268babc8","EC_0028.jpg"
"10282",7.8125,2.575,"6282575ebe32fdc6268babc8","EC_0182.jpg"
"10283",5.075,2.618,"6282575ebe32fdc6268babc8","EC_0213.jpg"
"10284",4.9875,3.718,"6282575ebe32fdc6268babc8","EC_0106.jpg"
"10285",5.8875,2.383,"6282575ebe32fdc6268babc8","EC_0147.png"
"10286",2.025,2.664,"6282575ebe32fdc6268babc8","EC_0042.jpg"
"10287",4.925,3.572,"6282575ebe32fdc6268babc8","EC_0247.jpg"
"10288",8.325,2.362,"6282575ebe32fdc6268babc8","EC_0037.jpg"
"10289",9.9625,2.461,"6282575ebe32fdc6268babc8","EC_0039.jpg"
"10290",8.275,2.652,"6282575ebe32fdc6268babc8","EC_0234.jpg"
"10291",6.953703562,3.5323,"6294ea611ee4f49421c6b905","EC_0072.jpg"
"10292",9.97222194,3.3936,"6294ea611ee4f49421c6b905","EC_0085.jpg"
"10293",9.962963528,4.2523,"6294ea611ee4f49421c6b905","EC_0149.jpg"
"10294",5.018518942,3.5196,"6294ea611ee4f49421c6b905","EC_0140.jpg"
"10295",2.018518448,3.0531,"6294ea611ee4f49421c6b905","EC_0151.jpg"
"10296",1.796296438,2.7023,"6294ea611ee4f49421c6b905","EC_0053.jpg"
"10297",7.018518801,3.1826,"6294ea611ee4f49421c6b905","EC_0065.jpg"
"10298",6.27777806,3.4137,"6294ea611ee4f49421c6b905","EC_0008.jpg"
"10299",0.87962963,2.8654,"6294ea611ee4f49421c6b905","EC_0088.jpg"
"10300",4.981481764,3.3161,"6294ea611ee4f49421c6b905","EC_0199.jpg"
"10301",1.981481623,3.469,"6294ea611ee4f49421c6b905","EC_0068.jpg"
"10302",1.925925855,3.6139,"6294ea611ee4f49421c6b905","EC_0159.jpg"
"10303",10,3.3188,"6294ea611ee4f49421c6b905","EC_0243.jpg"
"10304",3.77777806,4.0531,"6294ea611ee4f49421c6b905","EC_0074.jpg"
"10305",5.166666949,2.9223,"6294ea611ee4f49421c6b905","EC_0141.jpg"
"10306",9.759260107,4.4947,"6294ea611ee4f49421c6b905","EC_0031.jpg"
"10307",5.055555414,2.9141,"6294ea611ee4f49421c6b905","EC_0037.jpg"
"10308",9.157408255,2.5522,"6294ea611ee4f49421c6b905","EC_0118.jpg"
"10309",7.23148134,2.4983,"6294ea611ee4f49421c6b905","EC_0030.jpg"
"10310",1.25,4.1234,"6294ea611ee4f49421c6b905","EC_0002.jpg"
"10311",0.37037037,2.5328,"6294ea611ee4f49421c6b905","EC_0235.jpg"
"10312",9.675925926,4.6215,"6294ea611ee4f49421c6b905","EC_0056.jpg"
"10313",6.870370794,3.1149,"6294ea611ee4f49421c6b905","EC_0204.jpg"
"10314",7.490740882,3.3326,"6294ea611ee4f49421c6b905","EC_0244.jpg"
"10315",9.935185468,3.3618,"6294ea611ee4f49421c6b905","EC_0152.jpg"
"10316",7.712963246,4.8798,"6294ea611ee4f49421c6b905","EC_0094.jpg"
"10317",5.138888889,3.0973,"6294ea611ee4f49421c6b905","EC_0249.jpg"
"10318",1.185185115,3.4147,"6294ea611ee4f49421c6b905","EC_0167.jpg"
"10319",7.564815239,4.932,"6294ea611ee4f49421c6b905","EC_0129.jpeg"
"10320",8.287037037,3.0961,"6294ea611ee4f49421c6b905","EC_0223.jpg"
"10321",0.574074145,2.9865,"6294ea611ee4f49421c6b905","EC_0101.jpg"
"10322",10,4.001,"6294ea611ee4f49421c6b905","EC_0111.jpg"
"10323",0.037037178,3.4501,"6294ea611ee4f49421c6b905","EC_0161.jpg"
"10324",9.944445292,3.7613,"6294ea611ee4f49421c6b905","EC_0120.jpg"
"10325",6.166666525,4.1687,"6294ea611ee4f49421c6b905","EC_0239.jpg"
"10326",0.018518589,2.9517,"6294ea611ee4f49421c6b905","EC_0027.jpg"
"10327",8.43518575,3.101,"6294ea611ee4f49421c6b905","EC_0087.jpg"
"10328",8.731481764,2.4257,"6294ea611ee4f49421c6b905","EC_0211.jpg"
"10329",10,2.8365,"6294ea611ee4f49421c6b905","EC_0013.jpg"
"10330",8.490740458,3.1192,"6294ea611ee4f49421c6b905","EC_0132.jpg"
"10331",9.68518575,2.9715,"6294ea611ee4f49421c6b905","EC_0172.jpg"
"10332",9.97222194,3.4288,"6294ea611ee4f49421c6b905","EC_0136.jpg"
"10333",7.351851993,3.1051,"6294ea611ee4f49421c6b905","EC_0201.jpg"
"10334",10,3.721,"6294ea611ee4f49421c6b905","EC_0206.png"
"10335",0,3.9198,"6294ea611ee4f49421c6b905","EC_0246.jpg"
"10336",4.342592734,2.9192,"6294ea611ee4f49421c6b905","EC_0051.jpg"
"10337",1.675926138,4.3706,"6294ea611ee4f49421c6b905","EC_0219.jpg"
"10338",4.990740882,3.4508,"6294ea611ee4f49421c6b905","EC_0174.jpg"
"10339",3.175926208,3.0021,"6294ea611ee4f49421c6b905","EC_0185.jpg"
"10340",7.175925926,2.6362,"6294ea611ee4f49421c6b905","EC_0203.jpg"
"10341",8.824074357,2.4243,"6294ea611ee4f49421c6b905","EC_0154.jpg"
"10342",0.009259471,3.2933,"6294ea611ee4f49421c6b905","EC_0162.jpg"
"10343",8.361111394,2.5564,"6294ea611ee4f49421c6b905","EC_0016.jpg"
"10344",10,3.3344,"6294ea611ee4f49421c6b905","EC_0093.jpg"
"10345",6.694444727,2.9045,"6294ea611ee4f49421c6b905","EC_0142.jpg"
"10346",6.712962963,3.0879,"6294ea611ee4f49421c6b905","EC_0160.jpg"
"10347",1.51851866,2.938,"6294ea611ee4f49421c6b905","EC_0092.jpg"
"10348",9.481482329,3.4213,"6294ea611ee4f49421c6b905","EC_0057.jpeg"
"10349",9.925925643,2.5358,"6294ea611ee4f49421c6b905","EC_0234.jpg"
"10350",10,3.4674,"6294ea611ee4f49421c6b905","EC_0196.jpg"
"10351",1.009259401,3.3887,"6294ea611ee4f49421c6b905","EC_0006.jpg"
"10352",6.453704128,2.7523,"6294ea611ee4f49421c6b905","EC_0213.jpg"
"10353",9.490740741,3.3181,"6294ea611ee4f49421c6b905","EC_0005.jpg"
"10354",10,3.2848,"6294ea611ee4f49421c6b905","EC_0241.jpg"
"10355",0,3.3368,"6294ea611ee4f49421c6b905","EC_0113.jpg"
"10356",7.694444303,4.6361,"6294ea611ee4f49421c6b905","EC_0183.jpg"
"10357",10,4.0598,"6294ea611ee4f49421c6b905","EC_0242.jpg"
"10358",9.981481764,3.0968,"6294ea611ee4f49421c6b905","EC_0049.jpg"
"10359",9.185184903,2.7935,"6294ea611ee4f49421c6b905","EC_0095.jpg"
"10360",5.250000424,3.094,"6294ea611ee4f49421c6b905","EC_0173.jpg"
"10361",9.68518575,2.3554,"6294ea611ee4f49421c6b905","EC_0209.jpg"
"10362",8.101851852,2.4216,"6294ea611ee4f49421c6b905","EC_0119.jpg"
"10363",9.101852134,3.1866,"6294ea611ee4f49421c6b905","EC_0042.jpg"
"10364",3.185185326,2.4985,"6294ea611ee4f49421c6b905","EC_0194.jpg"
"10365",8.500000283,2.3157,"6294ea611ee4f49421c6b905","EC_0100.jpg"
"10366",10,3.2145,"6294ea611ee4f49421c6b905","EC_0123.jpeg"
"10367",0.074074003,4.2727,"6294ea611ee4f49421c6b905","EC_0064.jpg"
"10368",5.02777806,3.2475,"6294ea611ee4f49421c6b905","EC_0195.jpg"
"10369",0,5.5785,"6294ea611ee4f49421c6b905","EC_0099.jpg"
"10370",7.23148134,2.9359,"6294ea611ee4f49421c6b905","EC_0240.jpg"
"10371",10,3.5974,"6294ea611ee4f49421c6b905","EC_0128.jpeg"
"10372",4.04629672,5.0464,"6294ea611ee4f49421c6b905","EC_0079.jpg"
"10373",8.842592593,2.8859,"6294ea611ee4f49421c6b905","EC_0007.jpg"
"10374",9.425926208,3.0643,"6294ea611ee4f49421c6b905","EC_0024.jpg"
"10375",5.018518942,2.3993,"6294ea611ee4f49421c6b905","EC_0193.png"
"10376",10,4.2671,"6294ea611ee4f49421c6b905","EC_0044.jpg"
"10377",4.037036896,2.6626,"6294ea611ee4f49421c6b905","EC_0231.jpg"
"10378",7.444444586,2.1679,"6294ea611ee4f49421c6b905","EC_0182.jpg"
"10379",10,3.3106,"6294ea611ee4f49421c6b905","EC_0226.jpg"
"10380",0.898148219,2.8352,"6294ea611ee4f49421c6b905","EC_0019.jpg"
"10381",0.018518589,2.867,"6294ea611ee4f49421c6b905","EC_0228.jpg"
"10382",0,3.6858,"6294ea611ee4f49421c6b905","EC_0184.jpg"
"10383",0,3.4615,"6294ea611ee4f49421c6b905","EC_0069.jpg"
"10384",0.824074215,3.3677,"6294ea611ee4f49421c6b905","EC_0077.jpg"
"10385",0,3.1348,"6294ea611ee4f49421c6b905","EC_0097.jpg"
"10386",10,3.5033,"6294ea611ee4f49421c6b905","EC_0075.jpg"
"10387",0.37037037,3.1511,"6294ea611ee4f49421c6b905","EC_0134.jpg"
"10388",10,3.018,"6294ea611ee4f49421c6b905","EC_0009.jpg"
"10389",0.870370512,3.0515,"6294ea611ee4f49421c6b905","EC_0163.jpg"
"10390",10,3.4282,"6294ea611ee4f49421c6b905","EC_0018.jpg"
"10391",0,3.2441,"6294ea611ee4f49421c6b905","EC_0166.jpg"
"10392",5.962963104,3.2218,"6294ea611ee4f49421c6b905","EC_0083.jpg"
"10393",0,3.5536,"6294ea611ee4f49421c6b905","EC_0245.jpg"
"10394",0,3.4508,"6294ea611ee4f49421c6b905","EC_0033.jpeg"
"10395",8.870370653,2.6894,"6294ea611ee4f49421c6b905","EC_0001.jpg"
"10396",1.555555485,3.2706,"6294ea611ee4f49421c6b905","EC_0082.jpg"
"10397",10,3.1032,"6294ea611ee4f49421c6b905","EC_0062.jpg"
"10398",0,3.3863,"6294ea611ee4f49421c6b905","EC_0041.jpg"
"10399",0,3.2108,"6294ea611ee4f49421c6b905","EC_0036.jpeg"
"10400",10,3.1308,"6294ea611ee4f49421c6b905","EC_0060.jpg"
"10401",0,3.3394,"6294ea611ee4f49421c6b905","EC_0188.jpg"
"10402",5.092592593,4.796,"6294ea611ee4f49421c6b905","EC_0115.jpg"
"10403",0,2.731,"6294ea611ee4f49421c6b905","EC_0015.jpg"
"10404",4.916666525,4.2307,"6294ea611ee4f49421c6b905","EC_0238.jpg"
"10405",0,2.9662,"6294ea611ee4f49421c6b905","EC_0210.jpg"
"10406",0,2.8058,"6294ea611ee4f49421c6b905","EC_0109.jpg"
"10407",7.462962822,6.9441,"6294ea611ee4f49421c6b905","EC_0247.jpg"
"10408",0.018518589,2.8179,"6294ea611ee4f49421c6b905","EC_0086.jpg"
"10409",0,2.9506,"6294ea611ee4f49421c6b905","EC_0148.jpg"
"10410",0,3.0813,"6294ea611ee4f49421c6b905","EC_0164.jpg"
"10411",0,3.1645,"6294ea611ee4f49421c6b905","EC_0096.jpg"
"10412",0,2.852,"6294ea611ee4f49421c6b905","EC_0197.jpg"
"10413",0,3.2642,"6294ea611ee4f49421c6b905","EC_0038.jpg"
"10414",4.277778202,4.0452,"6294ea611ee4f49421c6b905","EC_0248.jpg"
"10415",0,3.0985,"6294ea611ee4f49421c6b905","EC_0205.jpg"
"10416",0,2.985,"6294ea611ee4f49421c6b905","EC_0048.jpg"
"10417",0.546296438,3.9304,"6294ea611ee4f49421c6b905","EC_0022.jpg"
"10418",6.851851852,3.3735,"6294ea611ee4f49421c6b905","EC_0181.jpg"
"10419",8.259258977,2.9148,"6294ea611ee4f49421c6b905","EC_0133.jpg"
"10420",1.148148289,3.3818,"6294ea611ee4f49421c6b905","EC_0070.jpg"
"10421",0,2.849,"6294ea611ee4f49421c6b905","EC_0150.jpg"
"10422",1.175925997,3.231,"6294ea611ee4f49421c6b905","EC_0180.jpg"
"10423",0.546296438,3.3831,"6294ea611ee4f49421c6b905","EC_0106.jpg"
"10424",0,3.6687,"6294ea611ee4f49421c6b905","EC_0011.jpg"
"10425",6.287037178,3.4343,"6294ea611ee4f49421c6b905","EC_0047.jpg"
"10426",10,3.5834,"6294ea611ee4f49421c6b905","EC_0147.png"
"10427",4.527777919,6.1213,"6294ea611ee4f49421c6b905","EC_0028.jpg"
"10428",0,2.8561,"6294ea611ee4f49421c6b905","EC_0055.jpg"
"10429",0,3.0055,"6294ea611ee4f49421c6b905","EC_0168.jpeg"
"10430",1.972222152,3.0485,"6294ea611ee4f49421c6b905","EC_0236.jpg"
"10431",0.018518589,2.8204,"6294ea611ee4f49421c6b905","EC_0207.jpg"
"10432",0.055555767,3.1991,"6294ea611ee4f49421c6b905","EC_0200.png"
"10433",0.055555767,2.5989,"6294ea611ee4f49421c6b905","EC_0214.jpg"
"10434",6.509259542,2.7652,"6294ea611ee4f49421c6b905","EC_0135.jpg"
"10435",0,3.5491,"6294ea611ee4f49421c6b905","EC_0014.jpg"
"10436",0,2.4663,"6294ea611ee4f49421c6b905","EC_0012.jpg"
"10437",10,3.8813,"6294ea611ee4f49421c6b905","EC_0125.jpeg"
"10438",7.342592875,3.0645,"6294ea611ee4f49421c6b905","EC_0058.jpg"
"10439",0,3.0474,"6294ea611ee4f49421c6b905","EC_0063.jpg"
"10440",0,4.0801,"6294ea611ee4f49421c6b905","EC_0169.png"
"10441",7.333333757,2.8909,"6294ea611ee4f49421c6b905","EC_0050.jpg"
"10442",0.63888903,2.5155,"6294ea611ee4f49421c6b905","EC_0020.jpg"
"10443",10,2.9641,"6294ea611ee4f49421c6b905","EC_0139.png"
"10444",10,2.9153,"6294ea611ee4f49421c6b905","EC_0156.jpg"
"10445",10,2.6639,"6294ea611ee4f49421c6b905","EC_0032.jpg"
"10446",10,2.6138,"6294ea611ee4f49421c6b905","EC_0104.jpg"
"10447",10,2.5641,"6294ea611ee4f49421c6b905","EC_0103.jpg"
"10448",0,2.7727,"6294ea611ee4f49421c6b905","EC_0187.jpeg"
"10449",1.305555767,4.3138,"6294ea611ee4f49421c6b905","EC_0117.jpg"
"10450",0,2.8804,"6294ea611ee4f49421c6b905","EC_0081.jpg"
"10451",0,2.9974,"6294ea611ee4f49421c6b905","EC_0202.jpg"
"10452",0,3.7227,"6294ea611ee4f49421c6b905","EC_0034.jpg"
"10453",0,4.4474,"6294ea611ee4f49421c6b905","EC_0080.jpg"
"10454",0,3.0481,"6294ea611ee4f49421c6b905","EC_0059.jpg"
"10455",0,2.8316,"6294ea611ee4f49421c6b905","EC_0098.jpg"
"10456",7.083333333,3.4557,"6294ea611ee4f49421c6b905","EC_0250.jpg"
"10457",0,2.8968,"6294ea611ee4f49421c6b905","EC_0116.jpg"
"10458",10,3.1635,"6294ea611ee4f49421c6b905","EC_0066.jpg"
"10459",3.333333333,3.116,"6294ea611ee4f49421c6b905","EC_0153.jpg"
"10460",10,4.3711,"6294ea611ee4f49421c6b905","EC_0010.jpg"
"10461",3.194444444,3.418,"6294ea611ee4f49421c6b905","EC_0230.jpg"
"10462",0.435185256,4.0387,"6294ea611ee4f49421c6b905","EC_0170.jpg"
"10463",0,2.7023,"6294ea611ee4f49421c6b905","EC_0224.jpg"
"10464",10,2.8073,"6294ea611ee4f49421c6b905","EC_0089.jpg"
"10465",10,3.589,"6294ea611ee4f49421c6b905","EC_0177.jpg"
"10466",0.796296508,2.9319,"6294ea611ee4f49421c6b905","EC_0071.jpg"
"10467",7.87037037,2.7664,"6294ea611ee4f49421c6b905","EC_0061.jpg"
"10468",0,2.9353,"6294ea611ee4f49421c6b905","EC_0232.jpg"
"10469",5.02777806,3.2318,"6294ea611ee4f49421c6b905","EC_0138.png"
"10470",2.898148431,3.3807,"6294ea611ee4f49421c6b905","EC_0039.jpg"
"10471",3.222222505,3.1148,"6294ea611ee4f49421c6b905","EC_0003.jpg"
"10472",5.157407831,3.8131,"6294ea611ee4f49421c6b905","EC_0157.jpg"
"10473",0,2.791,"6294ea611ee4f49421c6b905","EC_0222.jpg"
"10474",0,2.7191,"6294ea611ee4f49421c6b905","EC_0105.jpg"
"10475",8.06481538,3.9134,"6294ea611ee4f49421c6b905","EC_0171.jpg"
"10476",7.314814815,2.7691,"6294ea611ee4f49421c6b905","EC_0131.jpg"
"10477",0,3.0818,"6294ea611ee4f49421c6b905","EC_0029.jpg"
"10478",6.490740599,2.8816,"6294ea611ee4f49421c6b905","EC_0221.jpg"
"10479",0,2.9143,"6294ea611ee4f49421c6b905","EC_0067.jpg"
"10480",0,3.0309,"6294ea611ee4f49421c6b905","EC_0227.jpg"
"10481",0,2.8977,"6294ea611ee4f49421c6b905","EC_0054.jpg"
"10482",1.925925855,4.484,"6294ea611ee4f49421c6b905","EC_0237.jpg"
"10483",0,2.738,"6294ea611ee4f49421c6b905","EC_0017.jpg"
"10484",8.611111111,2.8634,"6294ea611ee4f49421c6b905","EC_0046.jpg"
"10485",10,3.4149,"6294ea611ee4f49421c6b905","EC_0229.jpg"
"10486",10,2.8824,"6294ea611ee4f49421c6b905","EC_0073.jpg"
"10487",0,3.2318,"6294ea611ee4f49421c6b905","EC_0084.jpg"
"10488",0,2.9572,"6294ea611ee4f49421c6b905","EC_0165.jpg"
"10489",5.055555414,2.3839,"6294ea611ee4f49421c6b905","EC_0102.jpg"
"10490",0,2.8806,"6294ea611ee4f49421c6b905","EC_0176.jpg"
"10491",0,3.4733,"6294ea611ee4f49421c6b905","EC_0124.jpeg"
"10492",0,3.0365,"6294ea611ee4f49421c6b905","EC_0040.jpg"
"10493",0.907407337,4.1483,"6294ea611ee4f49421c6b905","EC_0198.jpg"
"10494",0,2.9135,"6294ea611ee4f49421c6b905","EC_0137.jpg"
"10495",10,4.3299,"6294ea611ee4f49421c6b905","EC_0233.jpg"
"10496",10,3.8509,"6294ea611ee4f49421c6b905","EC_0090.jpg"
"10497",0,2.8148,"6294ea611ee4f49421c6b905","EC_0108.jpg"
"10498",0,2.8309,"6294ea611ee4f49421c6b905","EC_0158.jpg"
"10499",10,5.4627,"6294ea611ee4f49421c6b905","EC_0076.jpg"
"10500",0,2.9476,"6294ea611ee4f49421c6b905","EC_0121.jpg"
"10501",7.962962963,3.707,"629529f2d3b7eab4b12df976","EC_0010.jpg"
"10502",5.916666667,2.974,"629529f2d3b7eab4b12df976","EC_0061.jpg"
"10503",5.944444444,2.706,"629529f2d3b7eab4b12df976","EC_0159.jpg"
"10504",3.018518519,3.88,"629529f2d3b7eab4b12df976","EC_0067.jpg"
"10505",6.12962963,3.052,"629529f2d3b7eab4b12df976","EC_0093.jpg"
"10506",6.064814815,2.085,"629529f2d3b7eab4b12df976","EC_0231.jpg"
"10507",6.064814815,3.286,"629529f2d3b7eab4b12df976","EC_0020.jpg"
"10508",8.453703704,2.755,"629529f2d3b7eab4b12df976","EC_0162.jpg"
"10509",7.083333333,3.189,"629529f2d3b7eab4b12df976","EC_0183.jpg"
"10510",4,3.901,"629529f2d3b7eab4b12df976","EC_0106.jpg"
"10511",8.027777778,2.534,"629529f2d3b7eab4b12df976","EC_0152.jpg"
"10512",0.62962963,2.566,"629529f2d3b7eab4b12df976","EC_0227.jpg"
"10513",9.740740741,2.882,"629529f2d3b7eab4b12df976","EC_0172.jpg"
"10514",7,2.175,"629529f2d3b7eab4b12df976","EC_0153.jpg"
"10515",6.648148148,2.188,"629529f2d3b7eab4b12df976","EC_0170.jpg"
"10516",0.685185185,2.56,"629529f2d3b7eab4b12df976","EC_0234.jpg"
"10517",6.953703704,2.879,"629529f2d3b7eab4b12df976","EC_0116.jpg"
"10518",8.259259259,2.278,"629529f2d3b7eab4b12df976","EC_0160.jpg"
"10519",8.009259259,2.06,"629529f2d3b7eab4b12df976","EC_0156.jpg"
"10520",5.25,2.173,"629529f2d3b7eab4b12df976","EC_0213.jpg"
"10521",7.342592593,2.111,"629529f2d3b7eab4b12df976","EC_0250.jpg"
"10522",3.759259259,3.583,"629529f2d3b7eab4b12df976","EC_0111.jpg"
"10523",9.824074074,2.942,"629529f2d3b7eab4b12df976","EC_0008.jpg"
"10524",8.324074074,2.819,"629529f2d3b7eab4b12df976","EC_0068.jpg"
"10525",8.574074074,2.19,"629529f2d3b7eab4b12df976","EC_0057.jpeg"
"10526",7.333333333,2.635,"629529f2d3b7eab4b12df976","EC_0247.jpg"
"10527",4.935185185,2.572,"629529f2d3b7eab4b12df976","EC_0022.jpg"
"10528",7.37962963,2.266,"629529f2d3b7eab4b12df976","EC_0176.jpg"
"10529",7.25,1.922,"629529f2d3b7eab4b12df976","EC_0073.jpg"
"10530",8.138888889,2.238,"629529f2d3b7eab4b12df976","EC_0058.jpg"
"10531",8.138888889,1.977,"629529f2d3b7eab4b12df976","EC_0086.jpg"
"10532",8.138888889,2.065,"629529f2d3b7eab4b12df976","EC_0015.jpg"
"10533",6.601851852,2.959,"629529f2d3b7eab4b12df976","EC_0012.jpg"
"10534",3.231481481,2.394,"629529f2d3b7eab4b12df976","EC_0076.jpg"
"10535",7.203703704,2.364,"629529f2d3b7eab4b12df976","EC_0109.jpg"
"10536",7.87037037,3.32,"629529f2d3b7eab4b12df976","EC_0031.jpg"
"10537",6.62037037,2.512,"629529f2d3b7eab4b12df976","EC_0047.jpg"
"10538",6.805555556,2.038,"629529f2d3b7eab4b12df976","EC_0182.jpg"
"10539",6.648148148,2.323,"629529f2d3b7eab4b12df976","EC_0064.jpg"
"10540",9.935185185,3.829,"629529f2d3b7eab4b12df976","EC_0185.jpg"
"10541",8.027777778,3.632,"629529f2d3b7eab4b12df976","EC_0007.jpg"
"10542",8.018518519,1.971,"629529f2d3b7eab4b12df976","EC_0132.jpg"
"10543",8.018518519,2.084,"629529f2d3b7eab4b12df976","EC_0142.jpg"
"10544",7.083333333,2.791,"629529f2d3b7eab4b12df976","EC_0032.jpg"
"10545",3.25,3.1,"629529f2d3b7eab4b12df976","EC_0075.jpg"
"10546",9.490740741,2.792,"629529f2d3b7eab4b12df976","EC_0119.jpg"
"10547",7.990740741,5.482,"629529f2d3b7eab4b12df976","EC_0198.jpg"
"10548",5.990740741,4.837,"629529f2d3b7eab4b12df976","EC_0094.jpg"
"10549",1.990740741,4.415,"629529f2d3b7eab4b12df976","EC_0134.jpg"
"10550",5.148148148,3.291,"629529f2d3b7eab4b12df976","EC_0100.jpg"
"10551",9.907407407,3.207,"629529f2d3b7eab4b12df976","EC_0042.jpg"
"10552",5,6.27,"629529f2d3b7eab4b12df976","EC_0101.jpg"
"10553",0.055555556,3.44,"629529f2d3b7eab4b12df976","EC_0036.jpeg"
"10554",0.185185185,2.166,"629529f2d3b7eab4b12df976","EC_0174.jpg"
"10555",8.25,3.022,"629529f2d3b7eab4b12df976","EC_0173.jpg"
"10556",9.009259259,2.361,"629529f2d3b7eab4b12df976","EC_0219.jpg"
"10557",3.444444444,2.884,"629529f2d3b7eab4b12df976","EC_0120.jpg"
"10558",0.509259259,2.742,"629529f2d3b7eab4b12df976","EC_0041.jpg"
"10559",5.231481481,2.746,"629529f2d3b7eab4b12df976","EC_0154.jpg"
"10560",7.314814815,2.775,"629529f2d3b7eab4b12df976","EC_0084.jpg"
"10561",8.842592593,2.28,"629529f2d3b7eab4b12df976","EC_0181.jpg"
"10562",8.5,2.472,"629529f2d3b7eab4b12df976","EC_0104.jpg"
"10563",7.333333333,2.38,"629529f2d3b7eab4b12df976","EC_0140.jpg"
"10564",8.222222222,2.272,"629529f2d3b7eab4b12df976","EC_0211.jpg"
"10565",8.722222222,2.833,"629529f2d3b7eab4b12df976","EC_0030.jpg"
"10566",8.425925926,2.402,"629529f2d3b7eab4b12df976","EC_0006.jpg"
"10567",0.907407407,2.953,"629529f2d3b7eab4b12df976","EC_0072.jpg"
"10568",8.37962963,2.847,"629529f2d3b7eab4b12df976","EC_0014.jpg"
"10569",8.407407407,4.107,"629529f2d3b7eab4b12df976","EC_0062.jpg"
"10570",8.5,4.997,"629529f2d3b7eab4b12df976","EC_0002.jpg"
"10571",9.666666667,3.983,"629529f2d3b7eab4b12df976","EC_0080.jpg"
"10572",0.537037037,4.386,"629529f2d3b7eab4b12df976","EC_0151.jpg"
"10573",8.675925926,2.606,"629529f2d3b7eab4b12df976","EC_0195.jpg"
"10574",8.722222222,3.14,"629529f2d3b7eab4b12df976","EC_0139.png"
"10575",0.75,3.593,"629529f2d3b7eab4b12df976","EC_0005.jpg"
"10576",7.972222222,8.596,"629529f2d3b7eab4b12df976","EC_0129.jpeg"
"10577",0.638888889,3.59,"629529f2d3b7eab4b12df976","EC_0113.jpg"
"10578",8.990740741,5.492,"629529f2d3b7eab4b12df976","EC_0238.jpg"
"10579",8.972222222,1.988,"629529f2d3b7eab4b12df976","EC_0085.jpg"
"10580",9.805555556,2.306,"629529f2d3b7eab4b12df976","EC_0168.jpeg"
"10581",8.537037037,2.299,"629529f2d3b7eab4b12df976","EC_0098.jpg"
"10582",9.777777778,2.48,"629529f2d3b7eab4b12df976","EC_0059.jpg"
"10583",6.509259259,2.957,"629529f2d3b7eab4b12df976","EC_0242.jpg"
"10584",0.703703704,3.719,"629529f2d3b7eab4b12df976","EC_0048.jpg"
"10585",8.037037037,3.166,"629529f2d3b7eab4b12df976","EC_0205.jpg"
"10586",9.407407407,3.74,"629529f2d3b7eab4b12df976","EC_0123.jpeg"
"10587",1.611111111,2.945,"629529f2d3b7eab4b12df976","EC_0077.jpg"
"10588",0.888888889,3.818,"629529f2d3b7eab4b12df976","EC_0124.jpeg"
"10589",6.037037037,2.733,"629529f2d3b7eab4b12df976","EC_0016.jpg"
"10590",7.092592593,3.234,"629529f2d3b7eab4b12df976","EC_0201.jpg"
"10591",8.083333333,3.379,"629529f2d3b7eab4b12df976","EC_0060.jpg"
"10592",9.509259259,2.455,"629529f2d3b7eab4b12df976","EC_0087.jpg"
"10593",8.833333333,2.576,"629529f2d3b7eab4b12df976","EC_0239.jpg"
"10594",2.759259259,2.519,"629529f2d3b7eab4b12df976","EC_0055.jpg"
"10595",2.759259259,2.088,"629529f2d3b7eab4b12df976","EC_0088.jpg"
"10596",8.472222222,3.233,"629529f2d3b7eab4b12df976","EC_0224.jpg"
"10597",8.925925926,2.277,"629529f2d3b7eab4b12df976","EC_0115.jpg"
"10598",8.759259259,2.072,"629529f2d3b7eab4b12df976","EC_0069.jpg"
"10599",8.555555556,2.089,"629529f2d3b7eab4b12df976","EC_0226.jpg"
"10600",5.574074074,2.94,"629529f2d3b7eab4b12df976","EC_0128.jpeg"
"10601",2.111111111,3.307,"629529f2d3b7eab4b12df976","EC_0103.jpg"
"10602",4.981481481,2.123,"629529f2d3b7eab4b12df976","EC_0148.jpg"
"10603",6.962962963,2.292,"629529f2d3b7eab4b12df976","EC_0177.jpg"
"10604",9.055555556,2.433,"629529f2d3b7eab4b12df976","EC_0034.jpg"
"10605",9,2.21,"629529f2d3b7eab4b12df976","EC_0164.jpg"
"10606",9.018518519,2.233,"629529f2d3b7eab4b12df976","EC_0092.jpg"
"10607",8.675925926,2.121,"629529f2d3b7eab4b12df976","EC_0248.jpg"
"10608",0.212962963,2.757,"629529f2d3b7eab4b12df976","EC_0204.jpg"
"10609",3.148148148,2.839,"629529f2d3b7eab4b12df976","EC_0125.jpeg"
"10610",4.87962963,2.88,"629529f2d3b7eab4b12df976","EC_0243.jpg"
"10611",6.5,2.624,"629529f2d3b7eab4b12df976","EC_0009.jpg"
"10612",5.425925926,2.742,"629529f2d3b7eab4b12df976","EC_0214.jpg"
"10613",9.268518519,2.168,"629529f2d3b7eab4b12df976","EC_0003.jpg"
"10614",7.805555556,3.199,"629529f2d3b7eab4b12df976","EC_0199.jpg"
"10615",6.851851852,4.686,"629529f2d3b7eab4b12df976","EC_0169.png"
"10616",3.768518519,2.488,"629529f2d3b7eab4b12df976","EC_0187.jpeg"
"10617",8.037037037,2.448,"629529f2d3b7eab4b12df976","EC_0083.jpg"
"10618",9.777777778,3.589,"629529f2d3b7eab4b12df976","EC_0194.jpg"
"10619",8.824074074,2.405,"629529f2d3b7eab4b12df976","EC_0230.jpg"
"10620",9.018518519,3.085,"629529f2d3b7eab4b12df976","EC_0079.jpg"
"10621",7.814814815,3.935,"629529f2d3b7eab4b12df976","EC_0200.png"
"10622",8.305555556,2.306,"629529f2d3b7eab4b12df976","EC_0105.jpg"
"10623",8.583333333,3.623,"629529f2d3b7eab4b12df976","EC_0180.jpg"
"10624",1.027777778,2.962,"629529f2d3b7eab4b12df976","EC_0027.jpg"
"10625",8.444444444,2.372,"629529f2d3b7eab4b12df976","EC_0137.jpg"
"10626",8.351851852,2.278,"629529f2d3b7eab4b12df976","EC_0082.jpg"
"10627",8.925925926,2.864,"629529f2d3b7eab4b12df976","EC_0033.jpeg"
"10628",9.009259259,2.34,"629529f2d3b7eab4b12df976","EC_0165.jpg"
"10629",0.638888889,3.481,"629529f2d3b7eab4b12df976","EC_0040.jpg"
"10630",2.305555556,3.657,"629529f2d3b7eab4b12df976","EC_0089.jpg"
"10631",8.990740741,2.61,"629529f2d3b7eab4b12df976","EC_0202.jpg"
"10632",9.37962963,2.512,"629529f2d3b7eab4b12df976","EC_0001.jpg"
"10633",6.435185185,3.19,"629529f2d3b7eab4b12df976","EC_0135.jpg"
"10634",9.833333333,2.611,"629529f2d3b7eab4b12df976","EC_0221.jpg"
"10635",9.833333333,2.563,"629529f2d3b7eab4b12df976","EC_0245.jpg"
"10636",8.018518519,3.166,"629529f2d3b7eab4b12df976","EC_0196.jpg"
"10637",4.287037037,2.572,"629529f2d3b7eab4b12df976","EC_0049.jpg"
"10638",4.907407407,2.297,"629529f2d3b7eab4b12df976","EC_0013.jpg"
"10639",7.435185185,2.185,"629529f2d3b7eab4b12df976","EC_0240.jpg"
"10640",7.361111111,3.305,"629529f2d3b7eab4b12df976","EC_0232.jpg"
"10641",9.25,2.279,"629529f2d3b7eab4b12df976","EC_0039.jpg"
"10642",8.527777778,2.756,"629529f2d3b7eab4b12df976","EC_0018.jpg"
"10643",4.703703704,2.829,"629529f2d3b7eab4b12df976","EC_0037.jpg"
"10644",9.805555556,2.322,"629529f2d3b7eab4b12df976","EC_0203.jpg"
"10645",9.444444444,3.115,"629529f2d3b7eab4b12df976","EC_0167.jpg"
"10646",9.490740741,2.239,"629529f2d3b7eab4b12df976","EC_0096.jpg"
"10647",4.37962963,2.589,"629529f2d3b7eab4b12df976","EC_0074.jpg"
"10648",1.212962963,2.591,"629529f2d3b7eab4b12df976","EC_0149.jpg"
"10649",0.222222222,2.922,"629529f2d3b7eab4b12df976","EC_0081.jpg"
"10650",7.175925926,3.649,"629529f2d3b7eab4b12df976","EC_0188.jpg"
"10651",8.111111111,2.571,"629529f2d3b7eab4b12df976","EC_0184.jpg"
"10652",8.259259259,2.674,"629529f2d3b7eab4b12df976","EC_0229.jpg"
"10653",9.333333333,2.628,"629529f2d3b7eab4b12df976","EC_0063.jpg"
"10654",8.046296296,2.322,"629529f2d3b7eab4b12df976","EC_0237.jpg"
"10655",8.666666667,1.938,"629529f2d3b7eab4b12df976","EC_0095.jpg"
"10656",10,5.947,"629529f2d3b7eab4b12df976","EC_0029.jpg"
"10657",9.953703704,4.051,"629529f2d3b7eab4b12df976","EC_0209.jpg"
"10658",1.944444444,2.712,"629529f2d3b7eab4b12df976","EC_0054.jpg"
"10659",9.555555556,2.526,"629529f2d3b7eab4b12df976","EC_0017.jpg"
"10660",9.462962963,3.071,"629529f2d3b7eab4b12df976","EC_0099.jpg"
"10661",9.944444444,3.329,"629529f2d3b7eab4b12df976","EC_0157.jpg"
"10662",7.787037037,4.602,"629529f2d3b7eab4b12df976","EC_0222.jpg"
"10663",7.324074074,4.312,"629529f2d3b7eab4b12df976","EC_0117.jpg"
"10664",8.537037037,3.574,"629529f2d3b7eab4b12df976","EC_0046.jpg"
"10665",2.407407407,2.667,"629529f2d3b7eab4b12df976","EC_0056.jpg"
"10666",6.75,3.285,"629529f2d3b7eab4b12df976","EC_0236.jpg"
"10667",7.231481481,3.173,"629529f2d3b7eab4b12df976","EC_0038.jpg"
"10668",7.194444444,1.933,"629529f2d3b7eab4b12df976","EC_0050.jpg"
"10669",9.842592593,2.626,"629529f2d3b7eab4b12df976","EC_0161.jpg"
"10670",6.518518519,4.067,"629529f2d3b7eab4b12df976","EC_0241.jpg"
"10671",6.703703704,2.448,"629529f2d3b7eab4b12df976","EC_0070.jpg"
"10672",6.583333333,2.896,"629529f2d3b7eab4b12df976","EC_0141.jpg"
"10673",9.537037037,4.324,"629529f2d3b7eab4b12df976","EC_0044.jpg"
"10674",8.87962963,2.463,"629529f2d3b7eab4b12df976","EC_0147.png"
"10675",9.546296296,2.373,"629529f2d3b7eab4b12df976","EC_0197.jpg"
"10676",2.425925926,3.013,"629529f2d3b7eab4b12df976","EC_0133.jpg"
"10677",0.805555556,3.415,"629529f2d3b7eab4b12df976","EC_0019.jpg"
"10678",9.740740741,3.119,"629529f2d3b7eab4b12df976","EC_0207.jpg"
"10679",9.814814815,2.312,"629529f2d3b7eab4b12df976","EC_0051.jpg"
"10680",7.212962963,2.809,"629529f2d3b7eab4b12df976","EC_0233.jpg"
"10681",9.805555556,3.519,"629529f2d3b7eab4b12df976","EC_0102.jpg"
"10682",0.62037037,4.463,"629529f2d3b7eab4b12df976","EC_0090.jpg"
"10683",9.638888889,2.776,"629529f2d3b7eab4b12df976","EC_0166.jpg"
"10684",9.944444444,3.106,"629529f2d3b7eab4b12df976","EC_0011.jpg"
"10685",6.944444444,3.289,"629529f2d3b7eab4b12df976","EC_0097.jpg"
"10686",8.759259259,2.505,"629529f2d3b7eab4b12df976","EC_0138.png"
"10687",6.305555556,2.677,"629529f2d3b7eab4b12df976","EC_0244.jpg"
"10688",9.787037037,3.001,"629529f2d3b7eab4b12df976","EC_0028.jpg"
"10689",7.481481481,2.923,"629529f2d3b7eab4b12df976","EC_0053.jpg"
"10690",3.564814815,3.68,"629529f2d3b7eab4b12df976","EC_0131.jpg"
"10691",6.851851852,3.359,"629529f2d3b7eab4b12df976","EC_0065.jpg"
"10692",8.777777778,2.544,"629529f2d3b7eab4b12df976","EC_0158.jpg"
"10693",9.509259259,2.689,"629529f2d3b7eab4b12df976","EC_0210.jpg"
"10694",6.537037037,2.222,"629529f2d3b7eab4b12df976","EC_0246.jpg"
"10695",0.481481481,2.831,"629529f2d3b7eab4b12df976","EC_0228.jpg"
"10696",8.861111111,2.819,"629529f2d3b7eab4b12df976","EC_0249.jpg"
"10697",9.435185185,2.256,"629529f2d3b7eab4b12df976","EC_0223.jpg"
"10698",9.37962963,2.039,"629529f2d3b7eab4b12df976","EC_0150.jpg"
"10699",9.574074074,2.27,"629529f2d3b7eab4b12df976","EC_0235.jpg"
"10700",9.537037037,2.222,"629529f2d3b7eab4b12df976","EC_0163.jpg"
"10701",8.592592593,4.407,"629529f2d3b7eab4b12df976","EC_0136.jpg"
"10702",6.675925926,2.201,"629529f2d3b7eab4b12df976","EC_0171.jpg"
"10703",8.5,2.182,"629529f2d3b7eab4b12df976","EC_0066.jpg"
"10704",7.722222222,2.568,"629529f2d3b7eab4b12df976","EC_0206.png"
"10705",9.342592593,2.408,"629529f2d3b7eab4b12df976","EC_0193.png"
"10706",8.388888889,2.264,"629529f2d3b7eab4b12df976","EC_0071.jpg"
"10707",1.564814815,2.994,"629529f2d3b7eab4b12df976","EC_0108.jpg"
"10708",8.685185185,2.424,"629529f2d3b7eab4b12df976","EC_0118.jpg"
"10709",8.351851852,2.515,"629529f2d3b7eab4b12df976","EC_0024.jpg"
"10710",6.944444444,2.393,"629529f2d3b7eab4b12df976","EC_0121.jpg"
"10711",6.268518519,3.2,"629e112d75f3665c8362ab6f","EC_0197.jpg"
"10712",3.833333333,2.433,"629e112d75f3665c8362ab6f","EC_0055.jpg"
"10713",5.490740741,2.507,"629e112d75f3665c8362ab6f","EC_0210.jpg"
"10714",6.657407407,2.688,"629e112d75f3665c8362ab6f","EC_0158.jpg"
"10715",1.018518519,2.414,"629e112d75f3665c8362ab6f","EC_0059.jpg"
"10716",0.537037037,3.531,"629e112d75f3665c8362ab6f","EC_0033.jpeg"
"10717",5.435185185,2.762,"629e112d75f3665c8362ab6f","EC_0140.jpg"
"10718",3.240740741,2.44,"629e112d75f3665c8362ab6f","EC_0227.jpg"
"10719",5.351851852,3.449,"629e112d75f3665c8362ab6f","EC_0018.jpg"
"10720",6.537037037,2.72,"629e112d75f3665c8362ab6f","EC_0236.jpg"
"10721",3.953703704,2.644,"629e112d75f3665c8362ab6f","EC_0100.jpg"
"10722",5.675925926,3.268,"629e112d75f3665c8362ab6f","EC_0094.jpg"
"10723",1.175925926,3.199,"629e112d75f3665c8362ab6f","EC_0012.jpg"
"10724",1.212962963,2.406,"629e112d75f3665c8362ab6f","EC_0040.jpg"
"10725",4.240740741,3.387,"629e112d75f3665c8362ab6f","EC_0097.jpg"
"10726",4.490740741,2.686,"629e112d75f3665c8362ab6f","EC_0239.jpg"
"10727",5.509259259,3.547,"629e112d75f3665c8362ab6f","EC_0240.jpg"
"10728",5.546296296,3.256,"629e112d75f3665c8362ab6f","EC_0002.jpg"
"10729",5.898148148,6.923,"629e112d75f3665c8362ab6f","EC_0092.jpg"
"10730",5.898148148,2.122,"629e112d75f3665c8362ab6f","EC_0135.jpg"
"10731",5.25,3.671,"629e112d75f3665c8362ab6f","EC_0020.jpg"
"10732",9.287037037,3.115,"629e112d75f3665c8362ab6f","EC_0058.jpg"
"10733",7.12037037,2.686,"629e112d75f3665c8362ab6f","EC_0039.jpg"
"10734",7.564814815,2.857,"629e112d75f3665c8362ab6f","EC_0201.jpg"
"10735",6.240740741,3.102,"629e112d75f3665c8362ab6f","EC_0013.jpg"
"10736",8.333333333,3.102,"629e112d75f3665c8362ab6f","EC_0073.jpg"
"10737",1.287037037,4.191,"629e112d75f3665c8362ab6f","EC_0019.jpg"
"10738",5.490740741,3.023,"629e112d75f3665c8362ab6f","EC_0032.jpg"
"10739",4.666666667,4.838,"629e112d75f3665c8362ab6f","EC_0069.jpg"
"10740",7.592592593,3.441,"629e112d75f3665c8362ab6f","EC_0167.jpg"
"10741",6.564814815,2.446,"629e112d75f3665c8362ab6f","EC_0228.jpg"
"10742",6.759259259,1.948,"629e112d75f3665c8362ab6f","EC_0082.jpg"
"10743",6.185185185,2.239,"629e112d75f3665c8362ab6f","EC_0237.jpg"
"10744",5.435185185,4.449,"629e112d75f3665c8362ab6f","EC_0089.jpg"
"10745",4.490740741,2.462,"629e112d75f3665c8362ab6f","EC_0007.jpg"
"10746",5.787037037,2.831,"629e112d75f3665c8362ab6f","EC_0046.jpg"
"10747",6.148148148,2.664,"629e112d75f3665c8362ab6f","EC_0185.jpg"
"10748",4.740740741,2.763,"629e112d75f3665c8362ab6f","EC_0214.jpg"
"10749",5.953703704,3.208,"629e112d75f3665c8362ab6f","EC_0087.jpg"
"10750",6.138888889,4.741,"629e112d75f3665c8362ab6f","EC_0009.jpg"
"10751",7.111111111,3.155,"629e112d75f3665c8362ab6f","EC_0238.jpg"
"10752",9.259259259,2.749,"629e112d75f3665c8362ab6f","EC_0209.jpg"
"10753",5.453703704,3.546,"629e112d75f3665c8362ab6f","EC_0016.jpg"
"10754",6.398148148,2.103,"629e112d75f3665c8362ab6f","EC_0104.jpg"
"10755",6.314814815,3.732,"629e112d75f3665c8362ab6f","EC_0051.jpg"
"10756",6.824074074,2.094,"629e112d75f3665c8362ab6f","EC_0198.jpg"
"10757",9.37037037,2.437,"629e112d75f3665c8362ab6f","EC_0172.jpg"
"10758",7.277777778,3.556,"629e112d75f3665c8362ab6f","EC_0242.jpg"
"10759",8.064814815,2.338,"629e112d75f3665c8362ab6f","EC_0142.jpg"
"10760",8.824074074,3.58,"629e112d75f3665c8362ab6f","EC_0169.png"
"10761",6.481481481,3.274,"629e112d75f3665c8362ab6f","EC_0022.jpg"
"10762",7.037037037,4.374,"629e112d75f3665c8362ab6f","EC_0084.jpg"
"10763",5.916666667,3.086,"629e112d75f3665c8362ab6f","EC_0111.jpg"
"10764",1.305555556,5.213,"629e112d75f3665c8362ab6f","EC_0147.png"
"10765",4.12037037,2.545,"629e112d75f3665c8362ab6f","EC_0075.jpg"
"10766",6.018518519,2.191,"629e112d75f3665c8362ab6f","EC_0160.jpg"
"10767",6.981481481,2.146,"629e112d75f3665c8362ab6f","EC_0050.jpg"
"10768",6.277777778,2.762,"629e112d75f3665c8362ab6f","EC_0044.jpg"
"10769",7.777777778,2.663,"629e112d75f3665c8362ab6f","EC_0133.jpg"
"10770",7.583333333,2.374,"629e112d75f3665c8362ab6f","EC_0029.jpg"
"10771",5.046296296,4.323,"629e112d75f3665c8362ab6f","EC_0001.jpg"
"10772",6.518518519,4.43,"629e112d75f3665c8362ab6f","EC_0036.jpeg"
"10773",8.666666667,3.511,"629e112d75f3665c8362ab6f","EC_0137.jpg"
"10774",8.222222222,2.746,"629e112d75f3665c8362ab6f","EC_0149.jpg"
"10775",8.722222222,4.166,"629e112d75f3665c8362ab6f","EC_0074.jpg"
"10776",8.527777778,3.518,"629e112d75f3665c8362ab6f","EC_0063.jpg"
"10777",3.527777778,2.657,"629e112d75f3665c8362ab6f","EC_0056.jpg"
"10778",5.166666667,2.332,"629e112d75f3665c8362ab6f","EC_0024.jpg"
"10779",6.462962963,2.393,"629e112d75f3665c8362ab6f","EC_0117.jpg"
"10780",7.259259259,2.184,"629e112d75f3665c8362ab6f","EC_0031.jpg"
"10781",3.231481481,3.2,"629e112d75f3665c8362ab6f","EC_0048.jpg"
"10782",3.425925926,2.547,"629e112d75f3665c8362ab6f","EC_0081.jpg"
"10783",3.814814815,2.288,"629e112d75f3665c8362ab6f","EC_0174.jpg"
"10784",2.805555556,3.136,"629e112d75f3665c8362ab6f","EC_0139.png"
"10785",3.092592593,2.609,"629e112d75f3665c8362ab6f","EC_0064.jpg"
"10786",2.509259259,2.622,"629e112d75f3665c8362ab6f","EC_0038.jpg"
"10787",7.694444444,6.456,"629e112d75f3665c8362ab6f","EC_0148.jpg"
"10788",5.611111111,2.531,"629e112d75f3665c8362ab6f","EC_0115.jpg"
"10789",2.324074074,4.497,"629e112d75f3665c8362ab6f","EC_0171.jpg"
"10790",4.453703704,2.587,"629e112d75f3665c8362ab6f","EC_0041.jpg"
"10791",4.925925926,2.299,"629e112d75f3665c8362ab6f","EC_0213.jpg"
"10792",5.592592593,2.546,"629e112d75f3665c8362ab6f","EC_0136.jpg"
"10793",5.25,2.242,"629e112d75f3665c8362ab6f","EC_0176.jpg"
"10794",5.564814815,5.832,"629e112d75f3665c8362ab6f","EC_0170.jpg"
"10795",6.333333333,2.692,"629e112d75f3665c8362ab6f","EC_0229.jpg"
"10796",6.935185185,3.936,"629e112d75f3665c8362ab6f","EC_0138.png"
"10797",6.953703704,2.193,"629e112d75f3665c8362ab6f","EC_0166.jpg"
"10798",6.490740741,2.728,"629e112d75f3665c8362ab6f","EC_0249.jpg"
"10799",7.287037037,3.416,"629e112d75f3665c8362ab6f","EC_0173.jpg"
"10800",5.009259259,4.322,"629e112d75f3665c8362ab6f","EC_0151.jpg"
"10801",9.175925926,2.768,"629e112d75f3665c8362ab6f","EC_0168.jpeg"
"10802",8.962962963,3.066,"629e112d75f3665c8362ab6f","EC_0072.jpg"
"10803",6.824074074,3.242,"629e112d75f3665c8362ab6f","EC_0030.jpg"
"10804",1.824074074,2.339,"629e112d75f3665c8362ab6f","EC_0088.jpg"
"10805",4.675925926,3.289,"629e112d75f3665c8362ab6f","EC_0065.jpg"
"10806",4.472222222,3.213,"629e112d75f3665c8362ab6f","EC_0203.jpg"
"10807",3.574074074,2.226,"629e112d75f3665c8362ab6f","EC_0153.jpg"
"10808",4.509259259,4.209,"629e112d75f3665c8362ab6f","EC_0102.jpg"
"10809",4.314814815,3.031,"629e112d75f3665c8362ab6f","EC_0226.jpg"
"10810",5.074074074,2.241,"629e112d75f3665c8362ab6f","EC_0061.jpg"
"10811",6.537037037,2.344,"629e112d75f3665c8362ab6f","EC_0080.jpg"
"10812",7.564814815,3.706,"629e112d75f3665c8362ab6f","EC_0200.png"
"10813",7.509259259,2.199,"629e112d75f3665c8362ab6f","EC_0086.jpg"
"10814",6.222222222,4.109,"629e112d75f3665c8362ab6f","EC_0011.jpg"
"10815",7.046296296,2.023,"629e112d75f3665c8362ab6f","EC_0109.jpg"
"10816",1.601851852,2.733,"629e112d75f3665c8362ab6f","EC_0206.png"
"10817",2.027777778,2.899,"629e112d75f3665c8362ab6f","EC_0129.jpeg"
"10818",3.981481481,3.729,"629e112d75f3665c8362ab6f","EC_0194.jpg"
"10819",6.87037037,2.587,"629e112d75f3665c8362ab6f","EC_0099.jpg"
"10820",3.333333333,3.527,"629e112d75f3665c8362ab6f","EC_0047.jpg"
"10821",4.648148148,2.503,"629e112d75f3665c8362ab6f","EC_0116.jpg"
"10822",6.759259259,4.073,"629e112d75f3665c8362ab6f","EC_0085.jpg"
"10823",7.407407407,2.615,"629e112d75f3665c8362ab6f","EC_0141.jpg"
"10824",8.537037037,6.562,"629e112d75f3665c8362ab6f","EC_0157.jpg"
"10825",8.925925926,2.35,"629e112d75f3665c8362ab6f","EC_0057.jpeg"
"10826",1.240740741,2.56,"629e112d75f3665c8362ab6f","EC_0134.jpg"
"10827",3.037037037,2.871,"629e112d75f3665c8362ab6f","EC_0161.jpg"
"10828",4.453703704,2.319,"629e112d75f3665c8362ab6f","EC_0159.jpg"
"10829",7.101851852,3.803,"629e112d75f3665c8362ab6f","EC_0010.jpg"
"10830",7.407407407,2.24,"629e112d75f3665c8362ab6f","EC_0120.jpg"
"10831",6.472222222,3.228,"629e112d75f3665c8362ab6f","EC_0243.jpg"
"10832",7.342592593,3.809,"629e112d75f3665c8362ab6f","EC_0241.jpg"
"10833",3.111111111,2.449,"629e112d75f3665c8362ab6f","EC_0027.jpg"
"10834",6.166666667,2.629,"629e112d75f3665c8362ab6f","EC_0245.jpg"
"10835",6.509259259,2.436,"629e112d75f3665c8362ab6f","EC_0199.jpg"
"10836",7.787037037,2.151,"629e112d75f3665c8362ab6f","EC_0014.jpg"
"10837",2.546296296,5.309,"629e112d75f3665c8362ab6f","EC_0235.jpg"
"10838",4.898148148,2.268,"629e112d75f3665c8362ab6f","EC_0244.jpg"
"10839",6.851851852,2.038,"629e112d75f3665c8362ab6f","EC_0098.jpg"
"10840",7.305555556,2.22,"629e112d75f3665c8362ab6f","EC_0202.jpg"
"10841",1.722222222,2.418,"629e112d75f3665c8362ab6f","EC_0128.jpeg"
"10842",1.259259259,2.218,"629e112d75f3665c8362ab6f","EC_0054.jpg"
"10843",4.527777778,2.699,"629e112d75f3665c8362ab6f","EC_0090.jpg"
"10844",5.824074074,2.576,"629e112d75f3665c8362ab6f","EC_0083.jpg"
"10845",6.898148148,2.366,"629e112d75f3665c8362ab6f","EC_0096.jpg"
"10846",7.342592593,2.428,"629e112d75f3665c8362ab6f","EC_0077.jpg"
"10847",5.814814815,2.297,"629e112d75f3665c8362ab6f","EC_0231.jpg"
"10848",5.601851852,2.122,"629e112d75f3665c8362ab6f","EC_0182.jpg"
"10849",2.212962963,2.234,"629e112d75f3665c8362ab6f","EC_0125.jpeg"
"10850",3.240740741,2.58,"629e112d75f3665c8362ab6f","EC_0183.jpg"
"10851",4.861111111,2.313,"629e112d75f3665c8362ab6f","EC_0188.jpg"
"10852",2.25,5.351,"629e112d75f3665c8362ab6f","EC_0071.jpg"
"10853",6.592592593,2.547,"629e112d75f3665c8362ab6f","EC_0248.jpg"
"10854",8.296296296,4.061,"629e112d75f3665c8362ab6f","EC_0003.jpg"
"10855",2.009259259,2.351,"629e112d75f3665c8362ab6f","EC_0154.jpg"
"10856",5.037037037,3.101,"629e112d75f3665c8362ab6f","EC_0103.jpg"
"10857",5.351851852,2.84,"629e112d75f3665c8362ab6f","EC_0232.jpg"
"10858",5.12037037,2.4,"629e112d75f3665c8362ab6f","EC_0095.jpg"
"10859",2.611111111,3.112,"629e112d75f3665c8362ab6f","EC_0222.jpg"
"10860",4.953703704,4.344,"629e112d75f3665c8362ab6f","EC_0233.jpg"
"10861",4.101851852,4.448,"629e112d75f3665c8362ab6f","EC_0015.jpg"
"10862",8.666666667,2.587,"629e112d75f3665c8362ab6f","EC_0037.jpg"
"10863",5.027777778,2.546,"629e112d75f3665c8362ab6f","EC_0234.jpg"
"10864",5.046296296,3.88,"629e112d75f3665c8362ab6f","EC_0131.jpg"
"10865",7.398148148,2.791,"629e112d75f3665c8362ab6f","EC_0132.jpg"
"10866",7.685185185,2.693,"629e112d75f3665c8362ab6f","EC_0223.jpg"
"10867",3.305555556,3.004,"629e112d75f3665c8362ab6f","EC_0195.jpg"
"10868",6.351851852,4.184,"629e112d75f3665c8362ab6f","EC_0156.jpg"
"10869",6.231481481,3.658,"629e112d75f3665c8362ab6f","EC_0221.jpg"
"10870",7.157407407,2.428,"629e112d75f3665c8362ab6f","EC_0093.jpg"
"10871",6.37037037,2.587,"629e112d75f3665c8362ab6f","EC_0005.jpg"
"10872",5.768518519,2.221,"629e112d75f3665c8362ab6f","EC_0106.jpg"
"10873",6.287037037,2.503,"629e112d75f3665c8362ab6f","EC_0164.jpg"
"10874",2.722222222,2.491,"629e112d75f3665c8362ab6f","EC_0121.jpg"
"10875",4.805555556,2.949,"629e112d75f3665c8362ab6f","EC_0205.jpg"
"10876",3.361111111,3.416,"629e112d75f3665c8362ab6f","EC_0123.jpeg"
"10877",6.240740741,3.421,"629e112d75f3665c8362ab6f","EC_0150.jpg"
"10878",5.759259259,2.79,"629e112d75f3665c8362ab6f","EC_0067.jpg"
"10879",5.62037037,2.78,"629e112d75f3665c8362ab6f","EC_0230.jpg"
"10880",8.018518519,5.652,"629e112d75f3665c8362ab6f","EC_0008.jpg"
"10881",7.111111111,2.114,"629e112d75f3665c8362ab6f","EC_0017.jpg"
"10882",7.046296296,2,"629e112d75f3665c8362ab6f","EC_0204.jpg"
"10883",3.351851852,2.323,"629e112d75f3665c8362ab6f","EC_0211.jpg"
"10884",1.694444444,2.719,"629e112d75f3665c8362ab6f","EC_0053.jpg"
"10885",7.824074074,3.685,"629e112d75f3665c8362ab6f","EC_0219.jpg"
"10886",5.648148148,2.802,"629e112d75f3665c8362ab6f","EC_0028.jpg"
"10887",9.203703704,2.687,"629e112d75f3665c8362ab6f","EC_0207.jpg"
"10888",9.62037037,4.817,"629e112d75f3665c8362ab6f","EC_0079.jpg"
"10889",6.87037037,2.664,"629e112d75f3665c8362ab6f","EC_0152.jpg"
"10890",4.833333333,4.392,"629e112d75f3665c8362ab6f","EC_0105.jpg"
"10891",4.444444444,3.088,"629e112d75f3665c8362ab6f","EC_0165.jpg"
"10892",5.851851852,2.559,"629e112d75f3665c8362ab6f","EC_0224.jpg"
"10893",6.555555556,2.6,"629e112d75f3665c8362ab6f","EC_0076.jpg"
"10894",7.240740741,2.164,"629e112d75f3665c8362ab6f","EC_0177.jpg"
"10895",7.583333333,3.101,"629e112d75f3665c8362ab6f","EC_0163.jpg"
"10896",6.231481481,2.017,"629e112d75f3665c8362ab6f","EC_0180.jpg"
"10897",6.564814815,2.232,"629e112d75f3665c8362ab6f","EC_0062.jpg"
"10898",6.805555556,3.656,"629e112d75f3665c8362ab6f","EC_0196.jpg"
"10899",5.657407407,2.171,"629e112d75f3665c8362ab6f","EC_0070.jpg"
"10900",8.166666667,4.046,"629e112d75f3665c8362ab6f","EC_0101.jpg"
"10901",6.009259259,2.554,"629e112d75f3665c8362ab6f","EC_0181.jpg"
"10902",6.583333333,2.044,"629e112d75f3665c8362ab6f","EC_0250.jpg"
"10903",3.898148148,2.462,"629e112d75f3665c8362ab6f","EC_0049.jpg"
"10904",6.342592593,3.582,"629e112d75f3665c8362ab6f","EC_0119.jpg"
"10905",6.111111111,2.017,"629e112d75f3665c8362ab6f","EC_0108.jpg"
"10906",6.685185185,2.216,"629e112d75f3665c8362ab6f","EC_0068.jpg"
"10907",8.638888889,2.753,"629e112d75f3665c8362ab6f","EC_0034.jpg"
"10908",8.898148148,5.266,"629e112d75f3665c8362ab6f","EC_0066.jpg"
"10909",7.861111111,2.519,"629e112d75f3665c8362ab6f","EC_0118.jpg"
"10910",7.87962963,3.172,"629e112d75f3665c8362ab6f","EC_0247.jpg"
"10911",2.953703704,4.623,"629e112d75f3665c8362ab6f","EC_0193.png"
"10912",1.12962963,2.602,"629e112d75f3665c8362ab6f","EC_0184.jpg"
"10913",4.972222222,3.622,"629e112d75f3665c8362ab6f","EC_0042.jpg"
"10914",2.12037037,1.961,"629e112d75f3665c8362ab6f","EC_0187.jpeg"
"10915",3.462962963,2.678,"629e112d75f3665c8362ab6f","EC_0162.jpg"
"10916",7.62962963,2.448,"629e112d75f3665c8362ab6f","EC_0006.jpg"
"10917",8.740740741,2.45,"629e112d75f3665c8362ab6f","EC_0246.jpg"
"10918",0.611111111,2.963,"629e112d75f3665c8362ab6f","EC_0124.jpeg"
"10919",8.009259259,3.06,"629e112d75f3665c8362ab6f","EC_0060.jpg"
"10920",2.75,2.109,"629e112d75f3665c8362ab6f","EC_0113.jpg"
"10921",2.219835069,4.34096,"629e14926445a9ba0eb2e22d","EC_0165.jpg"
"10922",1.38245081,2.27728,"629e14926445a9ba0eb2e22d","EC_0001.jpg"
"10923",0.830765336,2.12466,"629e14926445a9ba0eb2e22d","EC_0118.jpg"
"10924",3.030996817,2.07624,"629e14926445a9ba0eb2e22d","EC_0181.jpg"
"10925",5.799225984,3.277665,"629e14926445a9ba0eb2e22d","EC_0160.jpg"
"10926",4.400282118,2.826995,"629e14926445a9ba0eb2e22d","EC_0159.jpg"
"10927",0.047706887,3.77953,"629e14926445a9ba0eb2e22d","EC_0184.jpg"
"10928",6.534215856,3.094755,"629e14926445a9ba0eb2e22d","EC_0167.jpg"
"10929",3.432761863,2.6478,"629e14926445a9ba0eb2e22d","EC_0239.jpg"
"10930",7.637912326,2.57838,"629e14926445a9ba0eb2e22d","EC_0245.jpg"
"10931",2.590928819,2.376615,"629e14926445a9ba0eb2e22d","EC_0113.jpg"
"10932",6.835177951,2.42708,"629e14926445a9ba0eb2e22d","EC_0077.jpg"
"10933",7.208369502,2.1629,"629e14926445a9ba0eb2e22d","EC_0082.jpg"
"10934",2.979890046,2.362935,"629e14926445a9ba0eb2e22d","EC_0235.jpg"
"10935",3.178710938,2.79162,"629e14926445a9ba0eb2e22d","EC_0120.jpg"
"10936",2.713903356,2.23053,"629e14926445a9ba0eb2e22d","EC_0238.jpg"
"10937",2.622214988,2.14444,"629e14926445a9ba0eb2e22d","EC_0173.jpg"
"10938",2.349645544,1.847315,"629e14926445a9ba0eb2e22d","EC_0222.jpg"
"10939",2.230215567,1.809855,"629e14926445a9ba0eb2e22d","EC_0185.jpg"
"10940",2.230215567,1.809185,"629e14926445a9ba0eb2e22d","EC_0153.jpg"
"10941",0.806206597,2.910555,"629e14926445a9ba0eb2e22d","EC_0187.jpeg"
"10942",0.439923322,2.144495,"629e14926445a9ba0eb2e22d","EC_0054.jpg"
"10943",0.472149884,2.409305,"629e14926445a9ba0eb2e22d","EC_0158.jpg"
"10944",0.960286458,2.277125,"629e14926445a9ba0eb2e22d","EC_0202.jpg"
"10945",6.962022569,2.56129,"629e14926445a9ba0eb2e22d","EC_0014.jpg"
"10946",6.353009259,2.479785,"629e14926445a9ba0eb2e22d","EC_0064.jpg"
"10947",2.653247975,3.895305,"629e14926445a9ba0eb2e22d","EC_0066.jpg"
"10948",0.259295428,2.565935,"629e14926445a9ba0eb2e22d","EC_0011.jpg"
"10949",0.145290799,2.692525,"629e14926445a9ba0eb2e22d","EC_0180.jpg"
"10950",2.143373843,3.377205,"629e14926445a9ba0eb2e22d","EC_0226.jpg"
"10951",2.203088831,2.42648,"629e14926445a9ba0eb2e22d","EC_0244.jpg"
"10952",1.804832176,1.791945,"629e14926445a9ba0eb2e22d","EC_0076.jpg"
"10953",1.804832176,1.694185,"629e14926445a9ba0eb2e22d","EC_0046.jpg"
"10954",1.804832176,1.578945,"629e14926445a9ba0eb2e22d","EC_0061.jpg"
"10955",1.844581887,1.861035,"629e14926445a9ba0eb2e22d","EC_0142.jpg"
"10956",0.029513889,2.725815,"629e14926445a9ba0eb2e22d","EC_0135.jpg"
"10957",0.023256655,2.20713,"629e14926445a9ba0eb2e22d","EC_0197.jpg"
"10958",0.943323206,2.26008,"629e14926445a9ba0eb2e22d","EC_0009.jpg"
"10959",6.264973958,2.260125,"629e14926445a9ba0eb2e22d","EC_0073.jpg"
"10960",9.304651331,2.193745,"629e14926445a9ba0eb2e22d","EC_0081.jpg"
"10961",3.344437211,2.54248,"629e14926445a9ba0eb2e22d","EC_0097.jpg"
"10962",6.61577691,2.57696,"629e14926445a9ba0eb2e22d","EC_0086.jpg"
"10963",2.893048322,3.07732,"629e14926445a9ba0eb2e22d","EC_0247.jpg"
"10964",4.250144676,2.663125,"629e14926445a9ba0eb2e22d","EC_0147.png"
"10965",3.622938368,2.277825,"629e14926445a9ba0eb2e22d","EC_0049.jpg"
"10966",3.000506366,2.32673,"629e14926445a9ba0eb2e22d","EC_0170.jpg"
"10967",3.000506366,1.508825,"629e14926445a9ba0eb2e22d","EC_0037.jpg"
"10968",0.66120515,3.261315,"629e14926445a9ba0eb2e22d","EC_0007.jpg"
"10969",0.24714265,2.633245,"629e14926445a9ba0eb2e22d","EC_0195.jpg"
"10970",7.302083333,5.147815,"629e14926445a9ba0eb2e22d","EC_0117.jpg"
"10971",1.996274595,2.982755,"629e14926445a9ba0eb2e22d","EC_0164.jpg"
"10972",1.21589265,2.940965,"629e14926445a9ba0eb2e22d","EC_0134.jpg"
"10973",6.096752025,2.777395,"629e14926445a9ba0eb2e22d","EC_0012.jpg"
"10974",8.55041956,2.63311,"629e14926445a9ba0eb2e22d","EC_0210.jpg"
"10975",2.56781684,2.630525,"629e14926445a9ba0eb2e22d","EC_0166.jpg"
"10976",1.499095775,2.291625,"629e14926445a9ba0eb2e22d","EC_0140.jpg"
"10977",5.658564815,3.08365,"629e14926445a9ba0eb2e22d","EC_0249.jpg"
"10978",2.987594039,2.14569,"629e14926445a9ba0eb2e22d","EC_0193.png"
"10979",7.885633681,2.591375,"629e14926445a9ba0eb2e22d","EC_0022.jpg"
"10980",8.03587963,2.37889,"629e14926445a9ba0eb2e22d","EC_0051.jpg"
"10981",7.921223958,2.07633,"629e14926445a9ba0eb2e22d","EC_0048.jpg"
"10982",9.611979167,2.428825,"629e14926445a9ba0eb2e22d","EC_0188.jpg"
"10983",6.251989294,2.779015,"629e14926445a9ba0eb2e22d","EC_0079.jpg"
"10984",1.1885489,2.54382,"629e14926445a9ba0eb2e22d","EC_0136.jpg"
"10985",5.946867766,2.27846,"629e14926445a9ba0eb2e22d","EC_0102.jpg"
"10986",3.236762153,2.03244,"629e14926445a9ba0eb2e22d","EC_0211.jpg"
"10987",0.822880498,2.56054,"629e14926445a9ba0eb2e22d","EC_0015.jpg"
"10988",1.104709201,2.210145,"629e14926445a9ba0eb2e22d","EC_0198.jpg"
"10989",6.530779803,2.959895,"629e14926445a9ba0eb2e22d","EC_0106.jpg"
"10990",3.090820313,2.54664,"629e14926445a9ba0eb2e22d","EC_0205.jpg"
"10991",1.756365741,2.310855,"629e14926445a9ba0eb2e22d","EC_0132.jpg"
"10992",1.633391204,2.94321,"629e14926445a9ba0eb2e22d","EC_0060.jpg"
"10993",0.640480324,2.7275,"629e14926445a9ba0eb2e22d","EC_0161.jpg"
"10994",1.860604745,2.044305,"629e14926445a9ba0eb2e22d","EC_0096.jpg"
"10995",0.052083333,3.016135,"629e14926445a9ba0eb2e22d","EC_0228.jpg"
"10996",0.025535301,4.59383,"629e14926445a9ba0eb2e22d","EC_0149.jpg"
"10997",0.03479456,3.164925,"629e14926445a9ba0eb2e22d","EC_0121.jpg"
"10998",8.313404225,2.461055,"629e14926445a9ba0eb2e22d","EC_0063.jpg"
"10999",5.342411748,2.34159,"629e14926445a9ba0eb2e22d","EC_0119.jpg"
"11000",0.031792535,3.627795,"629e14926445a9ba0eb2e22d","EC_0055.jpg"
"11001",8.262333623,2.81459,"629e14926445a9ba0eb2e22d","EC_0108.jpg"
"11002",1.269784433,3.22831,"629e14926445a9ba0eb2e22d","EC_0243.jpg"
"11003",7.636899595,3.092785,"629e14926445a9ba0eb2e22d","EC_0087.jpg"
"11004",0.795717593,2.676925,"629e14926445a9ba0eb2e22d","EC_0150.jpg"
"11005",5.60687934,2.62757,"629e14926445a9ba0eb2e22d","EC_0074.jpg"
"11006",7.037145544,2.745515,"629e14926445a9ba0eb2e22d","EC_0116.jpg"
"11007",0.248480903,2.89352,"629e14926445a9ba0eb2e22d","EC_0230.jpg"
"11008",0.025245949,3.717475,"629e14926445a9ba0eb2e22d","EC_0124.jpeg"
"11009",5.992440683,2.577345,"629e14926445a9ba0eb2e22d","EC_0109.jpg"
"11010",0.055193866,3.86103,"629e14926445a9ba0eb2e22d","EC_0038.jpg"
"11011",0.015769676,2.61424,"629e14926445a9ba0eb2e22d","EC_0058.jpg"
"11012",0.029513889,3.535205,"629e14926445a9ba0eb2e22d","EC_0131.jpg"
"11013",0.024739583,2.04226,"629e14926445a9ba0eb2e22d","EC_0019.jpg"
"11014",0.079644097,1.708325,"629e14926445a9ba0eb2e22d","EC_0162.jpg"
"11015",0.056676794,2.363215,"629e14926445a9ba0eb2e22d","EC_0068.jpg"
"11016",2.984375,3.711775,"629e14926445a9ba0eb2e22d","EC_0093.jpg"
"11017",6.101960359,2.913855,"629e14926445a9ba0eb2e22d","EC_0138.png"
"11018",0.136646412,3.850515,"629e14926445a9ba0eb2e22d","EC_0183.jpg"
"11019",3.838179977,2.361655,"629e14926445a9ba0eb2e22d","EC_0059.jpg"
"11020",0.043258102,4.763245,"629e14926445a9ba0eb2e22d","EC_0129.jpeg"
"11021",0.036675347,59.16349,"629e14926445a9ba0eb2e22d","EC_0088.jpg"
"11022",0.025028935,3.443385,"629e14926445a9ba0eb2e22d","EC_0053.jpg"
"11023",3.85192419,3.16417,"629e14926445a9ba0eb2e22d","EC_0092.jpg"
"11024",5.285192419,2.092675,"629e14926445a9ba0eb2e22d","EC_0172.jpg"
"11025",6.04973235,1.928555,"629e14926445a9ba0eb2e22d","EC_0250.jpg"
"11026",2.459020544,2.492985,"629e14926445a9ba0eb2e22d","EC_0105.jpg"
"11027",1.2666739,2.47971,"629e14926445a9ba0eb2e22d","EC_0214.jpg"
"11028",0.337962963,2.2248,"629e14926445a9ba0eb2e22d","EC_0115.jpg"
"11029",5.465277778,2.361315,"629e14926445a9ba0eb2e22d","EC_0017.jpg"
"11030",4.283673322,2.22555,"629e14926445a9ba0eb2e22d","EC_0237.jpg"
"11031",7.303059896,2.64276,"629e14926445a9ba0eb2e22d","EC_0008.jpg"
"11032",7.389612269,2.29764,"629e14926445a9ba0eb2e22d","EC_0072.jpg"
"11033",6.004701968,2.20921,"629e14926445a9ba0eb2e22d","EC_0080.jpg"
"11034",5.345847801,2.21231,"629e14926445a9ba0eb2e22d","EC_0100.jpg"
"11035",1.965277778,2.46064,"629e14926445a9ba0eb2e22d","EC_0089.jpg"
"11036",4.996925637,2.86679,"629e14926445a9ba0eb2e22d","EC_0016.jpg"
"11037",2.236689815,2.734665,"629e14926445a9ba0eb2e22d","EC_0236.jpg"
"11038",9.986400463,5.711545,"629e14926445a9ba0eb2e22d","EC_0157.jpg"
"11039",1.678566262,3.049205,"629e14926445a9ba0eb2e22d","EC_0094.jpg"
"11040",6.826461227,2.67743,"629e14926445a9ba0eb2e22d","EC_0036.jpeg"
"11041",5.50817419,1.99255,"629e14926445a9ba0eb2e22d","EC_0075.jpg"
"11042",9.064561632,3.0777,"629e14926445a9ba0eb2e22d","EC_0084.jpg"
"11043",3.996636285,2.777925,"629e14926445a9ba0eb2e22d","EC_0229.jpg"
"11044",8.385959201,2.61323,"629e14926445a9ba0eb2e22d","EC_0041.jpg"
"11045",6.161603009,2.54531,"629e14926445a9ba0eb2e22d","EC_0233.jpg"
"11046",7.516963252,2.02762,"629e14926445a9ba0eb2e22d","EC_0104.jpg"
"11047",4.43431713,3.147365,"629e14926445a9ba0eb2e22d","EC_0032.jpg"
"11048",2.032913773,2.680725,"629e14926445a9ba0eb2e22d","EC_0034.jpg"
"11049",7.386791088,4.111245,"629e14926445a9ba0eb2e22d","EC_0163.jpg"
"11050",5.050202546,2.459445,"629e14926445a9ba0eb2e22d","EC_0221.jpg"
"11051",5.040943287,2.225245,"629e14926445a9ba0eb2e22d","EC_0177.jpg"
"11052",6.146086516,2.50914,"629e14926445a9ba0eb2e22d","EC_0099.jpg"
"11053",7.123191551,3.09574,"629e14926445a9ba0eb2e22d","EC_0020.jpg"
"11054",7.035988137,2.581215,"629e14926445a9ba0eb2e22d","EC_0095.jpg"
"11055",3.345486111,3.017355,"629e14926445a9ba0eb2e22d","EC_0133.jpg"
"11056",5.35760272,2.54332,"629e14926445a9ba0eb2e22d","EC_0069.jpg"
"11057",1.681170428,2.711505,"629e14926445a9ba0eb2e22d","EC_0029.jpg"
"11058",5.460177951,3.110665,"629e14926445a9ba0eb2e22d","EC_0010.jpg"
"11059",2.250614873,2.40947,"629e14926445a9ba0eb2e22d","EC_0047.jpg"
"11060",5.32172309,3.261465,"629e14926445a9ba0eb2e22d","EC_0062.jpg"
"11061",4.743200231,2.625905,"629e14926445a9ba0eb2e22d","EC_0139.png"
"11062",1.616355613,3.278225,"629e14926445a9ba0eb2e22d","EC_0213.jpg"
"11063",5.53729022,3.246615,"629e14926445a9ba0eb2e22d","EC_0101.jpg"
"11064",7.381908275,3.128595,"629e14926445a9ba0eb2e22d","EC_0248.jpg"
"11065",6.688114873,2.6449,"629e14926445a9ba0eb2e22d","EC_0182.jpg"
"11066",4.408203125,3.210805,"629e14926445a9ba0eb2e22d","EC_0148.jpg"
"11067",4.417462384,2.54771,"629e14926445a9ba0eb2e22d","EC_0103.jpg"
"11068",1.961443866,2.9605,"629e14926445a9ba0eb2e22d","EC_0141.jpg"
"11069",8.238136574,3.4792,"629e14926445a9ba0eb2e22d","EC_0219.jpg"
"11070",7.805230035,2.579125,"629e14926445a9ba0eb2e22d","EC_0156.jpg"
"11071",1.911603009,3.19485,"629e14926445a9ba0eb2e22d","EC_0169.png"
"11072",0.093822338,3.99429,"629e14926445a9ba0eb2e22d","EC_0039.jpg"
"11073",0.055013021,3.07659,"629e14926445a9ba0eb2e22d","EC_0204.jpg"
"11074",0.055013021,1.831075,"629e14926445a9ba0eb2e22d","EC_0028.jpg"
"11075",7.000253183,2.784735,"629e14926445a9ba0eb2e22d","EC_0209.jpg"
"11076",4.987811053,3.76241,"629e14926445a9ba0eb2e22d","EC_0152.jpg"
"11077",6.67223669,2.362065,"629e14926445a9ba0eb2e22d","EC_0200.png"
"11078",9.972800926,3.460235,"629e14926445a9ba0eb2e22d","EC_0207.jpg"
"11079",3.24359809,2.67612,"629e14926445a9ba0eb2e22d","EC_0176.jpg"
"11080",4.783709491,3.298455,"629e14926445a9ba0eb2e22d","EC_0123.jpeg"
"11081",0.063259549,3.763585,"629e14926445a9ba0eb2e22d","EC_0044.jpg"
"11082",0.051613137,2.66137,"629e14926445a9ba0eb2e22d","EC_0013.jpg"
"11083",4.637948495,3.726925,"629e14926445a9ba0eb2e22d","EC_0151.jpg"
"11084",3.64380787,3.04482,"629e14926445a9ba0eb2e22d","EC_0234.jpg"
"11085",6.079861111,2.81313,"629e14926445a9ba0eb2e22d","EC_0246.jpg"
"11086",6.573929398,2.64703,"629e14926445a9ba0eb2e22d","EC_0070.jpg"
"11087",7.077546296,2.329055,"629e14926445a9ba0eb2e22d","EC_0168.jpeg"
"11088",0.027669271,4.38248,"629e14926445a9ba0eb2e22d","EC_0056.jpg"
"11089",0.217556424,2.61056,"629e14926445a9ba0eb2e22d","EC_0065.jpg"
"11090",0.247395833,1.859145,"629e14926445a9ba0eb2e22d","EC_0027.jpg"
"11091",9.844328704,3.062005,"629e14926445a9ba0eb2e22d","EC_0137.jpg"
"11092",0.432798032,3.112235,"629e14926445a9ba0eb2e22d","EC_0199.jpg"
"11093",0.00853588,3.78022,"629e14926445a9ba0eb2e22d","EC_0033.jpeg"
"11094",0.041087963,3.07859,"629e14926445a9ba0eb2e22d","EC_0024.jpg"
"11095",8.443287037,3.11421,"629e14926445a9ba0eb2e22d","EC_0201.jpg"
"11096",7.487123843,2.478,"629e14926445a9ba0eb2e22d","EC_0018.jpg"
"11097",2.483723958,4.11138,"629e14926445a9ba0eb2e22d","EC_0071.jpg"
"11098",6.402271412,3.46045,"629e14926445a9ba0eb2e22d","EC_0224.jpg"
"11099",4.834056713,2.864195,"629e14926445a9ba0eb2e22d","EC_0231.jpg"
"11100",3.419596354,2.645665,"629e14926445a9ba0eb2e22d","EC_0154.jpg"
"11101",0.007703993,3.66293,"629e14926445a9ba0eb2e22d","EC_0206.png"
"11102",7.194914641,3.94504,"629e14926445a9ba0eb2e22d","EC_0174.jpg"
"11103",0.009150752,4.151495,"629e14926445a9ba0eb2e22d","EC_0002.jpg"
"11104",7.227430556,3.21274,"629e14926445a9ba0eb2e22d","EC_0006.jpg"
"11105",0.047634549,4.460885,"629e14926445a9ba0eb2e22d","EC_0242.jpg"
"11106",5.898292824,4.52943,"629e14926445a9ba0eb2e22d","EC_0090.jpg"
"11107",7.028537326,2.37996,"629e14926445a9ba0eb2e22d","EC_0098.jpg"
"11108",0.004376447,3.39778,"629e14926445a9ba0eb2e22d","EC_0125.jpeg"
"11109",0.004376447,2.04334,"629e14926445a9ba0eb2e22d","EC_0232.jpg"
"11110",7.94849537,4.196285,"629e14926445a9ba0eb2e22d","EC_0042.jpg"
"11111",8.749168113,2.84248,"629e14926445a9ba0eb2e22d","EC_0203.jpg"
"11112",1.099862558,2.830825,"629e14926445a9ba0eb2e22d","EC_0085.jpg"
"11113",1.43004919,3.411945,"629e14926445a9ba0eb2e22d","EC_0241.jpg"
"11114",1.43004919,2.245615,"629e14926445a9ba0eb2e22d","EC_0005.jpg"
"11115",6.310510706,2.66866,"629e14926445a9ba0eb2e22d","EC_0031.jpg"
"11116",0.032371238,3.245285,"629e14926445a9ba0eb2e22d","EC_0194.jpg"
"11117",9.130425347,3.162335,"629e14926445a9ba0eb2e22d","EC_0030.jpg"
"11118",0.929434317,2.84191,"629e14926445a9ba0eb2e22d","EC_0227.jpg"
"11119",0.989764178,2.37753,"629e14926445a9ba0eb2e22d","EC_0240.jpg"
"11120",1.129484954,2.26085,"629e14926445a9ba0eb2e22d","EC_0067.jpg"
"11121",0.860243056,2.760195,"629e14926445a9ba0eb2e22d","EC_0111.jpg"
"11122",8.113715278,2.460295,"629e14926445a9ba0eb2e22d","EC_0057.jpeg"
"11123",0.07989728,3.03011,"629e14926445a9ba0eb2e22d","EC_0128.jpeg"
"11124",6.302806713,2.49398,"629e14926445a9ba0eb2e22d","EC_0223.jpg"
"11125",5.629593461,3.366065,"629e14926445a9ba0eb2e22d","EC_0171.jpg"
"11126",0.016854745,3.896745,"629e14926445a9ba0eb2e22d","EC_0196.jpg"
"11127",6.879231771,2.677895,"629e14926445a9ba0eb2e22d","EC_0003.jpg"
"11128",7.15661169,2.3598,"629e14926445a9ba0eb2e22d","EC_0050.jpg"
"11129",6.174406829,2.791685,"629e14926445a9ba0eb2e22d","EC_0083.jpg"
"11130",0.063765914,4.41435,"629e14926445a9ba0eb2e22d","EC_0040.jpg"
"11131",2.009259259,3.4431,"62a77211461a1cdbf07b6dd8","EC_0073.jpg"
"11132",1.962962963,2.9216,"62a77211461a1cdbf07b6dd8","EC_0250.jpg"
"11133",2.935185185,2.6227,"62a77211461a1cdbf07b6dd8","EC_0040.jpg"
"11134",0.064814815,3.2023,"62a77211461a1cdbf07b6dd8","EC_0182.jpg"
"11135",0.046296296,4.0619,"62a77211461a1cdbf07b6dd8","EC_0138.png"
"11136",0.972222222,2.5531,"62a77211461a1cdbf07b6dd8","EC_0237.jpg"
"11137",3.064814815,3.1381,"62a77211461a1cdbf07b6dd8","EC_0119.jpg"
"11138",8.064814815,3.254,"62a77211461a1cdbf07b6dd8","EC_0197.jpg"
"11139",9.037037037,2.7941,"62a77211461a1cdbf07b6dd8","EC_0093.jpg"
"11140",0.064814815,5.5763,"62a77211461a1cdbf07b6dd8","EC_0121.jpg"
"11141",1,3.0397,"62a77211461a1cdbf07b6dd8","EC_0201.jpg"
"11142",0.101851852,2.8964,"62a77211461a1cdbf07b6dd8","EC_0095.jpg"
"11143",0.962962963,2.9574,"62a77211461a1cdbf07b6dd8","EC_0065.jpg"
"11144",7.953703704,3.3716,"62a77211461a1cdbf07b6dd8","EC_0117.jpg"
"11145",0.046296296,2.9212,"62a77211461a1cdbf07b6dd8","EC_0242.jpg"
"11146",5,4.6105,"62a77211461a1cdbf07b6dd8","EC_0176.jpg"
"11147",1.009259259,2.8361,"62a77211461a1cdbf07b6dd8","EC_0221.jpg"
"11148",1.972222222,3.5946,"62a77211461a1cdbf07b6dd8","EC_0156.jpg"
"11149",5,2.9722,"62a77211461a1cdbf07b6dd8","EC_0063.jpg"
"11150",8.027777778,3.0529,"62a77211461a1cdbf07b6dd8","EC_0047.jpg"
"11151",9.037037037,2.611,"62a77211461a1cdbf07b6dd8","EC_0199.jpg"
"11152",9.037037037,2.0914,"62a77211461a1cdbf07b6dd8","EC_0053.jpg"
"11153",1.027777778,2.8437,"62a77211461a1cdbf07b6dd8","EC_0181.jpg"
"11154",1.027777778,4.1779,"62a77211461a1cdbf07b6dd8","EC_0013.jpg"
"11155",1.027777778,2.1057,"62a77211461a1cdbf07b6dd8","EC_0240.jpg"
"11156",0.074074074,2.7578,"62a77211461a1cdbf07b6dd8","EC_0036.jpeg"
"11157",0.064814815,2.5119,"62a77211461a1cdbf07b6dd8","EC_0214.jpg"
"11158",8.009259259,3.1224,"62a77211461a1cdbf07b6dd8","EC_0173.jpg"
"11159",8.953703704,2.6401,"62a77211461a1cdbf07b6dd8","EC_0172.jpg"
"11160",8.953703704,1.9914,"62a77211461a1cdbf07b6dd8","EC_0139.png"
"11161",3.064814815,2.5907,"62a77211461a1cdbf07b6dd8","EC_0244.jpg"
"11162",5.083333333,3.5201,"62a77211461a1cdbf07b6dd8","EC_0206.png"
"11163",1.009259259,3.0686,"62a77211461a1cdbf07b6dd8","EC_0118.jpg"
"11164",5.962962963,3.5798,"62a77211461a1cdbf07b6dd8","EC_0160.jpg"
"11165",8.027777778,3.1222,"62a77211461a1cdbf07b6dd8","EC_0096.jpg"
"11166",1.027777778,2.8214,"62a77211461a1cdbf07b6dd8","EC_0232.jpg"
"11167",2.046296296,3.0302,"62a77211461a1cdbf07b6dd8","EC_0081.jpg"
"11168",5.018518519,3.8863,"62a77211461a1cdbf07b6dd8","EC_0125.jpeg"
"11169",8.064814815,3.0625,"62a77211461a1cdbf07b6dd8","EC_0016.jpg"
"11170",8.916666667,2.5884,"62a77211461a1cdbf07b6dd8","EC_0082.jpg"
"11171",7.935185185,3.9933,"62a77211461a1cdbf07b6dd8","EC_0162.jpg"
"11172",8.981481481,2.8238,"62a77211461a1cdbf07b6dd8","EC_0205.jpg"
"11173",0.027777778,5.3517,"62a77211461a1cdbf07b6dd8","EC_0019.jpg"
"11174",0.027777778,2.0408,"62a77211461a1cdbf07b6dd8","EC_0089.jpg"
"11175",2.018518519,4.0967,"62a77211461a1cdbf07b6dd8","EC_0163.jpg"
"11176",0.046296296,3.0254,"62a77211461a1cdbf07b6dd8","EC_0012.jpg"
"11177",4.981481481,3.1123,"62a77211461a1cdbf07b6dd8","EC_0099.jpg"
"11178",5.037037037,3.5393,"62a77211461a1cdbf07b6dd8","EC_0132.jpg"
"11179",5.009259259,2.8528,"62a77211461a1cdbf07b6dd8","EC_0069.jpg"
"11180",0.990740741,2.8882,"62a77211461a1cdbf07b6dd8","EC_0077.jpg"
"11181",8.981481481,2.7726,"62a77211461a1cdbf07b6dd8","EC_0219.jpg"
"11182",4.981481481,2.7404,"62a77211461a1cdbf07b6dd8","EC_0046.jpg"
"11183",1.018518519,2.594,"62a77211461a1cdbf07b6dd8","EC_0042.jpg"
"11184",8,3.0444,"62a77211461a1cdbf07b6dd8","EC_0028.jpg"
"11185",1.962962963,2.8715,"62a77211461a1cdbf07b6dd8","EC_0210.jpg"
"11186",0.962962963,3.1532,"62a77211461a1cdbf07b6dd8","EC_0018.jpg"
"11187",9.953703704,2.9078,"62a77211461a1cdbf07b6dd8","EC_0193.png"
"11188",1.990740741,2.9298,"62a77211461a1cdbf07b6dd8","EC_0239.jpg"
"11189",0.953703704,2.8728,"62a77211461a1cdbf07b6dd8","EC_0068.jpg"
"11190",0.111111111,2.8102,"62a77211461a1cdbf07b6dd8","EC_0009.jpg"
"11191",4.962962963,3.752,"62a77211461a1cdbf07b6dd8","EC_0231.jpg"
"11192",1.009259259,2.5601,"62a77211461a1cdbf07b6dd8","EC_0100.jpg"
"11193",2.009259259,3.0025,"62a77211461a1cdbf07b6dd8","EC_0086.jpg"
"11194",5.037037037,2.6087,"62a77211461a1cdbf07b6dd8","EC_0049.jpg"
"11195",5.055555556,3.4416,"62a77211461a1cdbf07b6dd8","EC_0094.jpg"
"11196",7.027777778,2.6056,"62a77211461a1cdbf07b6dd8","EC_0051.jpg"
"11197",4.796296296,4.119,"62a77211461a1cdbf07b6dd8","EC_0128.jpeg"
"11198",8.055555556,3.1706,"62a77211461a1cdbf07b6dd8","EC_0200.png"
"11199",0.972222222,2.871,"62a77211461a1cdbf07b6dd8","EC_0090.jpg"
"11200",0.074074074,3.9244,"62a77211461a1cdbf07b6dd8","EC_0230.jpg"
"11201",0.074074074,2.0051,"62a77211461a1cdbf07b6dd8","EC_0131.jpg"
"11202",7.972222222,7.0937,"62a77211461a1cdbf07b6dd8","EC_0115.jpg"
"11203",7.009259259,6.7323,"62a77211461a1cdbf07b6dd8","EC_0071.jpg"
"11204",0.981481481,2.7076,"62a77211461a1cdbf07b6dd8","EC_0072.jpg"
"11205",8.962962963,3.1768,"62a77211461a1cdbf07b6dd8","EC_0030.jpg"
"11206",0.990740741,2.7537,"62a77211461a1cdbf07b6dd8","EC_0103.jpg"
"11207",8.009259259,3.0846,"62a77211461a1cdbf07b6dd8","EC_0032.jpg"
"11208",6.962962963,3.4882,"62a77211461a1cdbf07b6dd8","EC_0238.jpg"
"11209",7.981481481,3.471,"62a77211461a1cdbf07b6dd8","EC_0137.jpg"
"11210",1.027777778,3.3589,"62a77211461a1cdbf07b6dd8","EC_0076.jpg"
"11211",4.962962963,3.0114,"62a77211461a1cdbf07b6dd8","EC_0249.jpg"
"11212",1.018518519,2.7873,"62a77211461a1cdbf07b6dd8","EC_0108.jpg"
"11213",5.101851852,2.8729,"62a77211461a1cdbf07b6dd8","EC_0129.jpeg"
"11214",2.018518519,3.5456,"62a77211461a1cdbf07b6dd8","EC_0092.jpg"
"11215",9.055555556,2.778,"62a77211461a1cdbf07b6dd8","EC_0180.jpg"
"11216",7.972222222,2.6065,"62a77211461a1cdbf07b6dd8","EC_0142.jpg"
"11217",7.972222222,2.5422,"62a77211461a1cdbf07b6dd8","EC_0084.jpg"
"11218",1.037037037,3.1198,"62a77211461a1cdbf07b6dd8","EC_0037.jpg"
"11219",5.055555556,3.8864,"62a77211461a1cdbf07b6dd8","EC_0241.jpg"
"11220",1.064814815,2.9298,"62a77211461a1cdbf07b6dd8","EC_0213.jpg"
"11221",1.953703704,5.1766,"62a77211461a1cdbf07b6dd8","EC_0170.jpg"
"11222",6.972222222,3.9792,"62a77211461a1cdbf07b6dd8","EC_0101.jpg"
"11223",8.962962963,2.7238,"62a77211461a1cdbf07b6dd8","EC_0157.jpg"
"11224",1.018518519,4.5094,"62a77211461a1cdbf07b6dd8","EC_0234.jpg"
"11225",0.018518519,3.3623,"62a77211461a1cdbf07b6dd8","EC_0005.jpg"
"11226",9.981481481,3.7851,"62a77211461a1cdbf07b6dd8","EC_0151.jpg"
"11227",8.990740741,2.4679,"62a77211461a1cdbf07b6dd8","EC_0203.jpg"
"11228",1,4.6369,"62a77211461a1cdbf07b6dd8","EC_0228.jpg"
"11229",8.018518519,3.2036,"62a77211461a1cdbf07b6dd8","EC_0113.jpg"
"11230",4.953703704,2.7079,"62a77211461a1cdbf07b6dd8","EC_0050.jpg"
"11231",1.055555556,2.767,"62a77211461a1cdbf07b6dd8","EC_0057.jpeg"
"11232",8.101851852,3.7001,"62a77211461a1cdbf07b6dd8","EC_0140.jpg"
"11233",9.018518519,3.8072,"62a77211461a1cdbf07b6dd8","EC_0059.jpg"
"11234",4.972222222,4.2092,"62a77211461a1cdbf07b6dd8","EC_0196.jpg"
"11235",9.009259259,2.4724,"62a77211461a1cdbf07b6dd8","EC_0248.jpg"
"11236",1.953703704,2.8432,"62a77211461a1cdbf07b6dd8","EC_0007.jpg"
"11237",2.055555556,2.4786,"62a77211461a1cdbf07b6dd8","EC_0109.jpg"
"11238",2.055555556,2.1091,"62a77211461a1cdbf07b6dd8","EC_0222.jpg"
"11239",2.055555556,2.2414,"62a77211461a1cdbf07b6dd8","EC_0187.jpeg"
"11240",7.990740741,2.611,"62a77211461a1cdbf07b6dd8","EC_0017.jpg"
"11241",7.990740741,2.339,"62a77211461a1cdbf07b6dd8","EC_0027.jpg"
"11242",5,2.8495,"62a77211461a1cdbf07b6dd8","EC_0015.jpg"
"11243",7.972222222,3.2526,"62a77211461a1cdbf07b6dd8","EC_0006.jpg"
"11244",4.916666667,4.5816,"62a77211461a1cdbf07b6dd8","EC_0135.jpg"
"11245",4.916666667,2.6124,"62a77211461a1cdbf07b6dd8","EC_0245.jpg"
"11246",8.037037037,2.9963,"62a77211461a1cdbf07b6dd8","EC_0161.jpg"
"11247",0.990740741,2.9983,"62a77211461a1cdbf07b6dd8","EC_0075.jpg"
"11248",5.027777778,5.1284,"62a77211461a1cdbf07b6dd8","EC_0124.jpeg"
"11249",2,3.1399,"62a77211461a1cdbf07b6dd8","EC_0149.jpg"
"11250",8.981481481,2.4128,"62a77211461a1cdbf07b6dd8","EC_0062.jpg"
"11251",4.925925926,2.8867,"62a77211461a1cdbf07b6dd8","EC_0029.jpg"
"11252",8.055555556,2.5568,"62a77211461a1cdbf07b6dd8","EC_0246.jpg"
"11253",8.083333333,3.6093,"62a77211461a1cdbf07b6dd8","EC_0202.jpg"
"11254",2.046296296,3.7052,"62a77211461a1cdbf07b6dd8","EC_0165.jpg"
"11255",0.009259259,2.6721,"62a77211461a1cdbf07b6dd8","EC_0204.jpg"
"11256",1.916666667,3.3082,"62a77211461a1cdbf07b6dd8","EC_0060.jpg"
"11257",7.925925926,3.4958,"62a77211461a1cdbf07b6dd8","EC_0153.jpg"
"11258",0.972222222,2.6453,"62a77211461a1cdbf07b6dd8","EC_0074.jpg"
"11259",0.101851852,3.9036,"62a77211461a1cdbf07b6dd8","EC_0104.jpg"
"11260",8.055555556,3.921,"62a77211461a1cdbf07b6dd8","EC_0188.jpg"
"11261",7.990740741,3.8015,"62a77211461a1cdbf07b6dd8","EC_0034.jpg"
"11262",4.972222222,2.8724,"62a77211461a1cdbf07b6dd8","EC_0061.jpg"
"11263",2.083333333,3.025,"62a77211461a1cdbf07b6dd8","EC_0211.jpg"
"11264",0.046296296,3.138,"62a77211461a1cdbf07b6dd8","EC_0134.jpg"
"11265",4.925925926,3.5598,"62a77211461a1cdbf07b6dd8","EC_0087.jpg"
"11266",1.037037037,3.11,"62a77211461a1cdbf07b6dd8","EC_0022.jpg"
"11267",9,3.1712,"62a77211461a1cdbf07b6dd8","EC_0198.jpg"
"11268",8.990740741,2.8798,"62a77211461a1cdbf07b6dd8","EC_0235.jpg"
"11269",0.046296296,3.3025,"62a77211461a1cdbf07b6dd8","EC_0058.jpg"
"11270",5.009259259,6.903,"62a77211461a1cdbf07b6dd8","EC_0031.jpg"
"11271",5.009259259,3.6552,"62a77211461a1cdbf07b6dd8","EC_0159.jpg"
"11272",1.037037037,3.0039,"62a77211461a1cdbf07b6dd8","EC_0066.jpg"
"11273",0.037037037,2.9874,"62a77211461a1cdbf07b6dd8","EC_0184.jpg"
"11274",0.037037037,4.3851,"62a77211461a1cdbf07b6dd8","EC_0229.jpg"
"11275",1.972222222,2.9288,"62a77211461a1cdbf07b6dd8","EC_0106.jpg"
"11276",4.972222222,2.4954,"62a77211461a1cdbf07b6dd8","EC_0039.jpg"
"11277",7.916666667,2.7264,"62a77211461a1cdbf07b6dd8","EC_0079.jpg"
"11278",4.962962963,3.6862,"62a77211461a1cdbf07b6dd8","EC_0070.jpg"
"11279",0.074074074,4.2582,"62a77211461a1cdbf07b6dd8","EC_0236.jpg"
"11280",5.064814815,2.8534,"62a77211461a1cdbf07b6dd8","EC_0123.jpeg"
"11281",7.953703704,2.8208,"62a77211461a1cdbf07b6dd8","EC_0226.jpg"
"11282",9,4.6423,"62a77211461a1cdbf07b6dd8","EC_0247.jpg"
"11283",4.962962963,2.7738,"62a77211461a1cdbf07b6dd8","EC_0195.jpg"
"11284",1.018518519,3.3229,"62a77211461a1cdbf07b6dd8","EC_0102.jpg"
"11285",1.018518519,4.1973,"62a77211461a1cdbf07b6dd8","EC_0185.jpg"
"11286",1.018518519,2.9713,"62a77211461a1cdbf07b6dd8","EC_0011.jpg"
"11287",0.12037037,4.1997,"62a77211461a1cdbf07b6dd8","EC_0097.jpg"
"11288",5,3.6448,"62a77211461a1cdbf07b6dd8","EC_0223.jpg"
"11289",0.037037037,2.9213,"62a77211461a1cdbf07b6dd8","EC_0056.jpg"
"11290",0.037037037,2.0412,"62a77211461a1cdbf07b6dd8","EC_0001.jpg"
"11291",8.981481481,3.1091,"62a77211461a1cdbf07b6dd8","EC_0209.jpg"
"11292",0.101851852,3.1348,"62a77211461a1cdbf07b6dd8","EC_0183.jpg"
"11293",0.185185185,5.5121,"62a77211461a1cdbf07b6dd8","EC_0098.jpg"
"11294",0.055555556,3.2419,"62a77211461a1cdbf07b6dd8","EC_0038.jpg"
"11295",0.055555556,2.1064,"62a77211461a1cdbf07b6dd8","EC_0010.jpg"
"11296",9.027777778,2.9232,"62a77211461a1cdbf07b6dd8","EC_0207.jpg"
"11297",0.055555556,3.1996,"62a77211461a1cdbf07b6dd8","EC_0227.jpg"
"11298",0.055555556,1.9694,"62a77211461a1cdbf07b6dd8","EC_0233.jpg"
"11299",5,3.0632,"62a77211461a1cdbf07b6dd8","EC_0166.jpg"
"11300",4.972222222,3.4705,"62a77211461a1cdbf07b6dd8","EC_0055.jpg"
"11301",1.962962963,3.0773,"62a77211461a1cdbf07b6dd8","EC_0044.jpg"
"11302",7.990740741,2.7642,"62a77211461a1cdbf07b6dd8","EC_0154.jpg"
"11303",9.009259259,2.7378,"62a77211461a1cdbf07b6dd8","EC_0116.jpg"
"11304",4.990740741,3.2019,"62a77211461a1cdbf07b6dd8","EC_0083.jpg"
"11305",4.990740741,2.2203,"62a77211461a1cdbf07b6dd8","EC_0033.jpeg"
"11306",8.981481481,3.0207,"62a77211461a1cdbf07b6dd8","EC_0141.jpg"
"11307",0.907407407,2.3756,"62a77211461a1cdbf07b6dd8","EC_0105.jpg"
"11308",9.027777778,2.5892,"62a77211461a1cdbf07b6dd8","EC_0174.jpg"
"11309",8.972222222,2.3379,"62a77211461a1cdbf07b6dd8","EC_0133.jpg"
"11310",1.962962963,4.1176,"62a77211461a1cdbf07b6dd8","EC_0152.jpg"
"11311",0.990740741,3.1603,"62a77211461a1cdbf07b6dd8","EC_0064.jpg"
"11312",0.074074074,3.7052,"62a77211461a1cdbf07b6dd8","EC_0088.jpg"
"11313",0.083333333,3.4417,"62a77211461a1cdbf07b6dd8","EC_0171.jpg"
"11314",4.962962963,3.4913,"62a77211461a1cdbf07b6dd8","EC_0136.jpg"
"11315",6.990740741,3.772,"62a77211461a1cdbf07b6dd8","EC_0167.jpg"
"11316",0.046296296,2.7899,"62a77211461a1cdbf07b6dd8","EC_0194.jpg"
"11317",0.083333333,2.3977,"62a77211461a1cdbf07b6dd8","EC_0085.jpg"
"11318",2.027777778,3.5478,"62a77211461a1cdbf07b6dd8","EC_0150.jpg"
"11319",4.944444444,3.3987,"62a77211461a1cdbf07b6dd8","EC_0158.jpg"
"11320",9.055555556,2.864,"62a77211461a1cdbf07b6dd8","EC_0169.png"
"11321",9.055555556,3.2727,"62a77211461a1cdbf07b6dd8","EC_0168.jpeg"
"11322",0.907407407,2.4487,"62a77211461a1cdbf07b6dd8","EC_0164.jpg"
"11323",7.981481481,3.0833,"62a77211461a1cdbf07b6dd8","EC_0120.jpg"
"11324",0.990740741,2.7596,"62a77211461a1cdbf07b6dd8","EC_0041.jpg"
"11325",5.055555556,2.9612,"62a77211461a1cdbf07b6dd8","EC_0002.jpg"
"11326",5.055555556,1.9384,"62a77211461a1cdbf07b6dd8","EC_0024.jpg"
"11327",7.925925926,3.2386,"62a77211461a1cdbf07b6dd8","EC_0243.jpg"
"11328",8.990740741,3.752,"62a77211461a1cdbf07b6dd8","EC_0008.jpg"
"11329",4.962962963,2.8088,"62a77211461a1cdbf07b6dd8","EC_0014.jpg"
"11330",1.009259259,2.5234,"62a77211461a1cdbf07b6dd8","EC_0147.png"
"11331",4.953703704,2.8222,"62a77211461a1cdbf07b6dd8","EC_0148.jpg"
"11332",2.018518519,2.7791,"62a77211461a1cdbf07b6dd8","EC_0003.jpg"
"11333",1.055555556,2.4033,"62a77211461a1cdbf07b6dd8","EC_0224.jpg"
"11334",0.037037037,3.2729,"62a77211461a1cdbf07b6dd8","EC_0080.jpg"
"11335",0.037037037,2.1715,"62a77211461a1cdbf07b6dd8","EC_0054.jpg"
"11336",9.009259259,2.8462,"62a77211461a1cdbf07b6dd8","EC_0048.jpg"
"11337",7,4.9261,"62a77211461a1cdbf07b6dd8","EC_0020.jpg"
"11338",0.083333333,2.7848,"62a77211461a1cdbf07b6dd8","EC_0111.jpg"
"11339",0.083333333,2.1473,"62a77211461a1cdbf07b6dd8","EC_0067.jpg"
"11340",9.055555556,2.7921,"62a77211461a1cdbf07b6dd8","EC_0177.jpg"
"11341",8.763020833,3.1834,"62a7c4d5266dfb89bf94fec8","EC_0034.jpg"
"11342",6.809895833,2.8633,"62a7c4d5266dfb89bf94fec8","EC_0059.jpg"
"11343",7.994791667,2.5307,"62a7c4d5266dfb89bf94fec8","EC_0066.jpg"
"11344",6.940104167,3.327,"62a7c4d5266dfb89bf94fec8","EC_0013.jpg"
"11345",7.005208333,2.3101,"62a7c4d5266dfb89bf94fec8","EC_0100.jpg"
"11346",6.1328125,2.9278,"62a7c4d5266dfb89bf94fec8","EC_0229.jpg"
"11347",7.135416667,2.7917,"62a7c4d5266dfb89bf94fec8","EC_0079.jpg"
"11348",6.966145833,2.5083,"62a7c4d5266dfb89bf94fec8","EC_0101.jpg"
"11349",7.955729167,2.7122,"62a7c4d5266dfb89bf94fec8","EC_0172.jpg"
"11350",4.908854167,4.3258,"62a7c4d5266dfb89bf94fec8","EC_0048.jpg"
"11351",7.799479167,2.5968,"62a7c4d5266dfb89bf94fec8","EC_0210.jpg"
"11352",7.96875,2.3155,"62a7c4d5266dfb89bf94fec8","EC_0159.jpg"
"11353",8.9453125,2.7968,"62a7c4d5266dfb89bf94fec8","EC_0014.jpg"
"11354",8.854166667,2.8745,"62a7c4d5266dfb89bf94fec8","EC_0054.jpg"
"11355",8.90625,2.6659,"62a7c4d5266dfb89bf94fec8","EC_0124.jpeg"
"11356",7.044270833,3.1729,"62a7c4d5266dfb89bf94fec8","EC_0234.jpg"
"11357",8.958333333,3.1911,"62a7c4d5266dfb89bf94fec8","EC_0063.jpg"
"11358",9.049479167,2.4496,"62a7c4d5266dfb89bf94fec8","EC_0028.jpg"
"11359",7.955729167,2.6902,"62a7c4d5266dfb89bf94fec8","EC_0061.jpg"
"11360",9.0625,2.9411,"62a7c4d5266dfb89bf94fec8","EC_0207.jpg"
"11361",9.036458333,2.3408,"62a7c4d5266dfb89bf94fec8","EC_0040.jpg"
"11362",8.919270833,2.5604,"62a7c4d5266dfb89bf94fec8","EC_0084.jpg"
"11363",8.841145833,3.7908,"62a7c4d5266dfb89bf94fec8","EC_0087.jpg"
"11364",8.997395833,2.245,"62a7c4d5266dfb89bf94fec8","EC_0174.jpg"
"11365",8.932291667,3.8547,"62a7c4d5266dfb89bf94fec8","EC_0094.jpg"
"11366",8.984375,2.2574,"62a7c4d5266dfb89bf94fec8","EC_0156.jpg"
"11367",8.958333333,2.3767,"62a7c4d5266dfb89bf94fec8","EC_0111.jpg"
"11368",8.932291667,2.3174,"62a7c4d5266dfb89bf94fec8","EC_0187.jpeg"
"11369",8.893229167,2.3407,"62a7c4d5266dfb89bf94fec8","EC_0053.jpg"
"11370",8.033854167,2.76,"62a7c4d5266dfb89bf94fec8","EC_0060.jpg"
"11371",7.916666667,2.5099,"62a7c4d5266dfb89bf94fec8","EC_0015.jpg"
"11372",7.9296875,3.4764,"62a7c4d5266dfb89bf94fec8","EC_0082.jpg"
"11373",7.96875,2.3768,"62a7c4d5266dfb89bf94fec8","EC_0046.jpg"
"11374",6.809895833,2.1818,"62a7c4d5266dfb89bf94fec8","EC_0062.jpg"
"11375",6.09375,2.7662,"62a7c4d5266dfb89bf94fec8","EC_0056.jpg"
"11376",7.955729167,2.446,"62a7c4d5266dfb89bf94fec8","EC_0142.jpg"
"11377",6.940104167,2.4477,"62a7c4d5266dfb89bf94fec8","EC_0051.jpg"
"11378",7.825520833,2.6257,"62a7c4d5266dfb89bf94fec8","EC_0081.jpg"
"11379",7.239583333,2.3931,"62a7c4d5266dfb89bf94fec8","EC_0039.jpg"
"11380",7.760416667,2.9669,"62a7c4d5266dfb89bf94fec8","EC_0064.jpg"
"11381",7.8125,1.9429,"62a7c4d5266dfb89bf94fec8","EC_0001.jpg"
"11382",5.091145833,4.2606,"62a7c4d5266dfb89bf94fec8","EC_0036.jpeg"
"11383",6.080729167,2.7553,"62a7c4d5266dfb89bf94fec8","EC_0076.jpg"
"11384",5.846354167,3.0411,"62a7c4d5266dfb89bf94fec8","EC_0009.jpg"
"11385",7.122395833,2.8473,"62a7c4d5266dfb89bf94fec8","EC_0055.jpg"
"11386",7.838541667,2.8773,"62a7c4d5266dfb89bf94fec8","EC_0125.jpeg"
"11387",7.981770833,2.2928,"62a7c4d5266dfb89bf94fec8","EC_0067.jpg"
"11388",7.981770833,2.4077,"62a7c4d5266dfb89bf94fec8","EC_0005.jpg"
"11389",8.033854167,2.3563,"62a7c4d5266dfb89bf94fec8","EC_0185.jpg"
"11390",7.96875,3.3426,"62a7c4d5266dfb89bf94fec8","EC_0194.jpg"
"11391",7.96875,4.146,"62a7c4d5266dfb89bf94fec8","EC_0200.png"
"11392",8.932291667,2.6096,"62a7c4d5266dfb89bf94fec8","EC_0098.jpg"
"11393",7.760416667,2.4232,"62a7c4d5266dfb89bf94fec8","EC_0152.jpg"
"11394",8.046875,2.2608,"62a7c4d5266dfb89bf94fec8","EC_0083.jpg"
"11395",8.033854167,1.9155,"62a7c4d5266dfb89bf94fec8","EC_0030.jpg"
"11396",7.994791667,2.7254,"62a7c4d5266dfb89bf94fec8","EC_0164.jpg"
"11397",7.994791667,2.155,"62a7c4d5266dfb89bf94fec8","EC_0135.jpg"
"11398",7.994791667,1.8712,"62a7c4d5266dfb89bf94fec8","EC_0182.jpg"
"11399",8.984375,2.7347,"62a7c4d5266dfb89bf94fec8","EC_0103.jpg"
"11400",7.877604167,3.7578,"62a7c4d5266dfb89bf94fec8","EC_0198.jpg"
"11401",7.838541667,2.1673,"62a7c4d5266dfb89bf94fec8","EC_0139.png"
"11402",8.90625,2.3599,"62a7c4d5266dfb89bf94fec8","EC_0250.jpg"
"11403",8.880208333,1.9613,"62a7c4d5266dfb89bf94fec8","EC_0245.jpg"
"11404",8.958333333,2.4154,"62a7c4d5266dfb89bf94fec8","EC_0221.jpg"
"11405",6.927083333,6.5201,"62a7c4d5266dfb89bf94fec8","EC_0165.jpg"
"11406",7.838541667,5.9811,"62a7c4d5266dfb89bf94fec8","EC_0157.jpg"
"11407",8.984375,3.0435,"62a7c4d5266dfb89bf94fec8","EC_0151.jpg"
"11408",8.932291667,2.2606,"62a7c4d5266dfb89bf94fec8","EC_0131.jpg"
"11409",9.9609375,3.1426,"62a7c4d5266dfb89bf94fec8","EC_0209.jpg"
"11410",6.002604167,2.5743,"62a7c4d5266dfb89bf94fec8","EC_0047.jpg"
"11411",6.848958333,2.8886,"62a7c4d5266dfb89bf94fec8","EC_0027.jpg"
"11412",6.940104167,2.2829,"62a7c4d5266dfb89bf94fec8","EC_0113.jpg"
"11413",8.0859375,2.493,"62a7c4d5266dfb89bf94fec8","EC_0197.jpg"
"11414",7.174479167,2.9181,"62a7c4d5266dfb89bf94fec8","EC_0249.jpg"
"11415",7.083333333,3.2424,"62a7c4d5266dfb89bf94fec8","EC_0123.jpeg"
"11416",9.036458333,2.7768,"62a7c4d5266dfb89bf94fec8","EC_0096.jpg"
"11417",7.9296875,2.7798,"62a7c4d5266dfb89bf94fec8","EC_0137.jpg"
"11418",5.182291667,3.0617,"62a7c4d5266dfb89bf94fec8","EC_0090.jpg"
"11419",7.03125,3.8617,"62a7c4d5266dfb89bf94fec8","EC_0002.jpg"
"11420",8.333333333,2.6446,"62a7c4d5266dfb89bf94fec8","EC_0037.jpg"
"11421",7.109375,2.5072,"62a7c4d5266dfb89bf94fec8","EC_0019.jpg"
"11422",8.111979167,2.515,"62a7c4d5266dfb89bf94fec8","EC_0033.jpeg"
"11423",8.90625,2.3603,"62a7c4d5266dfb89bf94fec8","EC_0167.jpg"
"11424",8.033854167,2.4422,"62a7c4d5266dfb89bf94fec8","EC_0161.jpg"
"11425",8.033854167,2.0431,"62a7c4d5266dfb89bf94fec8","EC_0128.jpeg"
"11426",8.9453125,2.2765,"62a7c4d5266dfb89bf94fec8","EC_0077.jpg"
"11427",8.958333333,3.0652,"62a7c4d5266dfb89bf94fec8","EC_0222.jpg"
"11428",8.971354167,2.3612,"62a7c4d5266dfb89bf94fec8","EC_0106.jpg"
"11429",9.479166667,3.1072,"62a7c4d5266dfb89bf94fec8","EC_0086.jpg"
"11430",7.942708333,2.8853,"62a7c4d5266dfb89bf94fec8","EC_0016.jpg"
"11431",7.877604167,3.7031,"62a7c4d5266dfb89bf94fec8","EC_0237.jpg"
"11432",8.736979167,2.2927,"62a7c4d5266dfb89bf94fec8","EC_0219.jpg"
"11433",7.747395833,2.3037,"62a7c4d5266dfb89bf94fec8","EC_0158.jpg"
"11434",7.981770833,2.4168,"62a7c4d5266dfb89bf94fec8","EC_0117.jpg"
"11435",5,2.8312,"62a7c4d5266dfb89bf94fec8","EC_0148.jpg"
"11436",6.888020833,2.8951,"62a7c4d5266dfb89bf94fec8","EC_0022.jpg"
"11437",4.1796875,3.1093,"62a7c4d5266dfb89bf94fec8","EC_0150.jpg"
"11438",4.869791667,3.0472,"62a7c4d5266dfb89bf94fec8","EC_0049.jpg"
"11439",7.1484375,2.5455,"62a7c4d5266dfb89bf94fec8","EC_0017.jpg"
"11440",7.7734375,2.5167,"62a7c4d5266dfb89bf94fec8","EC_0236.jpg"
"11441",7.669270833,2.1914,"62a7c4d5266dfb89bf94fec8","EC_0029.jpg"
"11442",7.669270833,1.9592,"62a7c4d5266dfb89bf94fec8","EC_0088.jpg"
"11443",8.216145833,2.3093,"62a7c4d5266dfb89bf94fec8","EC_0075.jpg"
"11444",8.9453125,2.1943,"62a7c4d5266dfb89bf94fec8","EC_0160.jpg"
"11445",8.359375,2.5411,"62a7c4d5266dfb89bf94fec8","EC_0153.jpg"
"11446",8.046875,2.3226,"62a7c4d5266dfb89bf94fec8","EC_0118.jpg"
"11447",5.638020833,2.5101,"62a7c4d5266dfb89bf94fec8","EC_0214.jpg"
"11448",9.1015625,2.5768,"62a7c4d5266dfb89bf94fec8","EC_0044.jpg"
"11449",8.424479167,2.0131,"62a7c4d5266dfb89bf94fec8","EC_0203.jpg"
"11450",8.0859375,2.0835,"62a7c4d5266dfb89bf94fec8","EC_0169.png"
"11451",7.96875,3.3576,"62a7c4d5266dfb89bf94fec8","EC_0240.jpg"
"11452",8.671875,2.1753,"62a7c4d5266dfb89bf94fec8","EC_0173.jpg"
"11453",8.268229167,1.9408,"62a7c4d5266dfb89bf94fec8","EC_0020.jpg"
"11454",8.6328125,2.2217,"62a7c4d5266dfb89bf94fec8","EC_0105.jpg"
"11455",8.255208333,1.9727,"62a7c4d5266dfb89bf94fec8","EC_0163.jpg"
"11456",8.255208333,1.9406,"62a7c4d5266dfb89bf94fec8","EC_0171.jpg"
"11457",8.216145833,1.8771,"62a7c4d5266dfb89bf94fec8","EC_0042.jpg"
"11458",8.216145833,2.065,"62a7c4d5266dfb89bf94fec8","EC_0133.jpg"
"11459",8.190104167,3.2637,"62a7c4d5266dfb89bf94fec8","EC_0032.jpg"
"11460",8.294270833,1.906,"62a7c4d5266dfb89bf94fec8","EC_0010.jpg"
"11461",8.255208333,2.5172,"62a7c4d5266dfb89bf94fec8","EC_0213.jpg"
"11462",8.3984375,2.7841,"62a7c4d5266dfb89bf94fec8","EC_0093.jpg"
"11463",8.489583333,1.9988,"62a7c4d5266dfb89bf94fec8","EC_0244.jpg"
"11464",6.640625,3.0758,"62a7c4d5266dfb89bf94fec8","EC_0199.jpg"
"11465",4.856770833,2.7088,"62a7c4d5266dfb89bf94fec8","EC_0227.jpg"
"11466",8.567708333,2.6414,"62a7c4d5266dfb89bf94fec8","EC_0073.jpg"
"11467",8.567708333,2.1284,"62a7c4d5266dfb89bf94fec8","EC_0180.jpg"
"11468",8.6328125,1.9663,"62a7c4d5266dfb89bf94fec8","EC_0050.jpg"
"11469",6.822916667,2.6323,"62a7c4d5266dfb89bf94fec8","EC_0204.jpg"
"11470",8.255208333,2.1634,"62a7c4d5266dfb89bf94fec8","EC_0070.jpg"
"11471",8.619791667,2.5765,"62a7c4d5266dfb89bf94fec8","EC_0057.jpeg"
"11472",8.59375,2.1258,"62a7c4d5266dfb89bf94fec8","EC_0038.jpg"
"11473",8.580729167,2.2723,"62a7c4d5266dfb89bf94fec8","EC_0031.jpg"
"11474",8.4765625,2.4454,"62a7c4d5266dfb89bf94fec8","EC_0104.jpg"
"11475",8.854166667,2.3928,"62a7c4d5266dfb89bf94fec8","EC_0080.jpg"
"11476",8.6328125,2.2243,"62a7c4d5266dfb89bf94fec8","EC_0243.jpg"
"11477",8.6328125,2.0747,"62a7c4d5266dfb89bf94fec8","EC_0154.jpg"
"11478",8.6328125,2.0928,"62a7c4d5266dfb89bf94fec8","EC_0115.jpg"
"11479",4.8828125,3.8606,"62a7c4d5266dfb89bf94fec8","EC_0129.jpeg"
"11480",8.0078125,2.4904,"62a7c4d5266dfb89bf94fec8","EC_0170.jpg"
"11481",7.994791667,2.0544,"62a7c4d5266dfb89bf94fec8","EC_0119.jpg"
"11482",8.28125,2.9748,"62a7c4d5266dfb89bf94fec8","EC_0072.jpg"
"11483",7.916666667,2.3985,"62a7c4d5266dfb89bf94fec8","EC_0235.jpg"
"11484",8.333333333,2.3119,"62a7c4d5266dfb89bf94fec8","EC_0230.jpg"
"11485",8.359375,1.8328,"62a7c4d5266dfb89bf94fec8","EC_0097.jpg"
"11486",8.359375,1.9956,"62a7c4d5266dfb89bf94fec8","EC_0069.jpg"
"11487",9.036458333,2.4982,"62a7c4d5266dfb89bf94fec8","EC_0205.jpg"
"11488",8.841145833,2.4727,"62a7c4d5266dfb89bf94fec8","EC_0065.jpg"
"11489",8.841145833,1.9892,"62a7c4d5266dfb89bf94fec8","EC_0018.jpg"
"11490",8.841145833,2.0099,"62a7c4d5266dfb89bf94fec8","EC_0246.jpg"
"11491",7.630208333,2.28,"62a7c4d5266dfb89bf94fec8","EC_0181.jpg"
"11492",7.682291667,2.0087,"62a7c4d5266dfb89bf94fec8","EC_0147.png"
"11493",7.122395833,1.8716,"62a7c4d5266dfb89bf94fec8","EC_0184.jpg"
"11494",7.3828125,1.8531,"62a7c4d5266dfb89bf94fec8","EC_0232.jpg"
"11495",7.552083333,1.956,"62a7c4d5266dfb89bf94fec8","EC_0168.jpeg"
"11496",7.552083333,1.7059,"62a7c4d5266dfb89bf94fec8","EC_0233.jpg"
"11497",7.734375,1.8266,"62a7c4d5266dfb89bf94fec8","EC_0231.jpg"
"11498",7.786458333,2.1597,"62a7c4d5266dfb89bf94fec8","EC_0132.jpg"
"11499",7.747395833,1.7236,"62a7c4d5266dfb89bf94fec8","EC_0085.jpg"
"11500",7.7734375,1.9087,"62a7c4d5266dfb89bf94fec8","EC_0202.jpg"
"11501",7.7734375,1.9943,"62a7c4d5266dfb89bf94fec8","EC_0134.jpg"
"11502",7.760416667,1.8882,"62a7c4d5266dfb89bf94fec8","EC_0138.png"
"11503",7.747395833,1.7044,"62a7c4d5266dfb89bf94fec8","EC_0071.jpg"
"11504",7.747395833,1.9102,"62a7c4d5266dfb89bf94fec8","EC_0226.jpg"
"11505",7.7734375,1.8396,"62a7c4d5266dfb89bf94fec8","EC_0058.jpg"
"11506",7.760416667,1.8388,"62a7c4d5266dfb89bf94fec8","EC_0007.jpg"
"11507",7.8125,1.6756,"62a7c4d5266dfb89bf94fec8","EC_0242.jpg"
"11508",7.942708333,3.141,"62a7c4d5266dfb89bf94fec8","EC_0008.jpg"
"11509",7.916666667,1.6915,"62a7c4d5266dfb89bf94fec8","EC_0092.jpg"
"11510",7.890625,1.7076,"62a7c4d5266dfb89bf94fec8","EC_0176.jpg"
"11511",7.708333333,1.754,"62a7c4d5266dfb89bf94fec8","EC_0206.png"
"11512",7.669270833,1.6911,"62a7c4d5266dfb89bf94fec8","EC_0003.jpg"
"11513",7.682291667,1.628,"62a7c4d5266dfb89bf94fec8","EC_0141.jpg"
"11514",7.6953125,1.7085,"62a7c4d5266dfb89bf94fec8","EC_0201.jpg"
"11515",8.3203125,2.0725,"62a7c4d5266dfb89bf94fec8","EC_0068.jpg"
"11516",8.567708333,1.876,"62a7c4d5266dfb89bf94fec8","EC_0089.jpg"
"11517",8.489583333,1.7049,"62a7c4d5266dfb89bf94fec8","EC_0041.jpg"
"11518",8.502604167,1.6545,"62a7c4d5266dfb89bf94fec8","EC_0109.jpg"
"11519",8.502604167,1.8028,"62a7c4d5266dfb89bf94fec8","EC_0120.jpg"
"11520",8.645833333,1.8742,"62a7c4d5266dfb89bf94fec8","EC_0241.jpg"
"11521",8.59375,1.9082,"62a7c4d5266dfb89bf94fec8","EC_0248.jpg"
"11522",8.59375,2.1653,"62a7c4d5266dfb89bf94fec8","EC_0239.jpg"
"11523",8.346354167,16.2808,"62a7c4d5266dfb89bf94fec8","EC_0095.jpg"
"11524",8.619791667,2.4332,"62a7c4d5266dfb89bf94fec8","EC_0183.jpg"
"11525",7.825520833,2.6578,"62a7c4d5266dfb89bf94fec8","EC_0136.jpg"
"11526",7.825520833,2.2265,"62a7c4d5266dfb89bf94fec8","EC_0211.jpg"
"11527",7.565104167,2.1102,"62a7c4d5266dfb89bf94fec8","EC_0188.jpg"
"11528",7.760416667,2.2918,"62a7c4d5266dfb89bf94fec8","EC_0121.jpg"
"11529",7.890625,1.889,"62a7c4d5266dfb89bf94fec8","EC_0238.jpg"
"11530",7.890625,3.3876,"62a7c4d5266dfb89bf94fec8","EC_0195.jpg"
"11531",5.8984375,3.7583,"62a7c4d5266dfb89bf94fec8","EC_0247.jpg"
"11532",8.7109375,3.0273,"62a7c4d5266dfb89bf94fec8","EC_0196.jpg"
"11533",9.088541667,2.5738,"62a7c4d5266dfb89bf94fec8","EC_0012.jpg"
"11534",7.005208333,2.3758,"62a7c4d5266dfb89bf94fec8","EC_0177.jpg"
"11535",5.703125,2.5773,"62a7c4d5266dfb89bf94fec8","EC_0166.jpg"
"11536",4.986979167,2.4471,"62a7c4d5266dfb89bf94fec8","EC_0006.jpg"
"11537",6.276041667,2.4605,"62a7c4d5266dfb89bf94fec8","EC_0149.jpg"
"11538",7.786458333,2.5881,"62a7c4d5266dfb89bf94fec8","EC_0193.png"
"11539",5.677083333,2.5082,"62a7c4d5266dfb89bf94fec8","EC_0140.jpg"
"11540",4.622395833,2.5123,"62a7c4d5266dfb89bf94fec8","EC_0228.jpg"
"11541",6.705729167,2.2973,"62a7c4d5266dfb89bf94fec8","EC_0224.jpg"
"11542",6.705729167,1.9666,"62a7c4d5266dfb89bf94fec8","EC_0223.jpg"
"11543",6.705729167,2.0599,"62a7c4d5266dfb89bf94fec8","EC_0024.jpg"
"11544",7.473958333,2.8851,"62a7c4d5266dfb89bf94fec8","EC_0011.jpg"
"11545",7.200520833,3.1788,"62a7c4d5266dfb89bf94fec8","EC_0162.jpg"
"11546",6.419270833,2.1615,"62a7c4d5266dfb89bf94fec8","EC_0116.jpg"
"11547",7.278645833,2.8478,"62a7c4d5266dfb89bf94fec8","EC_0102.jpg"
"11548",7.330729167,1.8433,"62a7c4d5266dfb89bf94fec8","EC_0108.jpg"
"11549",8.203125,2.2544,"62a7c4d5266dfb89bf94fec8","EC_0099.jpg"
"11550",8.2421875,2.0896,"62a7c4d5266dfb89bf94fec8","EC_0074.jpg"
"11551",1.013888889,3.1593,"62aa265d938c612f7c8361e3","EC_0235.jpg"
"11552",8.326388889,2.8603,"62aa265d938c612f7c8361e3","EC_0165.jpg"
"11553",9.854166667,2.4366,"62aa265d938c612f7c8361e3","EC_0063.jpg"
"11554",9.993055556,2.8889,"62aa265d938c612f7c8361e3","EC_0018.jpg"
"11555",9.916666667,2.3229,"62aa265d938c612f7c8361e3","EC_0209.jpg"
"11556",6.159722222,2.454,"62aa265d938c612f7c8361e3","EC_0075.jpg"
"11557",1.979166667,2.3709,"62aa265d938c612f7c8361e3","EC_0240.jpg"
"11558",9.9375,2.922,"62aa265d938c612f7c8361e3","EC_0067.jpg"
"11559",7.944444444,4.8054,"62aa265d938c612f7c8361e3","EC_0115.jpg"
"11560",8.756944444,2.9951,"62aa265d938c612f7c8361e3","EC_0072.jpg"
"11561",9.888888889,2.3884,"62aa265d938c612f7c8361e3","EC_0210.jpg"
"11562",8.868055556,3.2505,"62aa265d938c612f7c8361e3","EC_0050.jpg"
"11563",3.493055556,2.7177,"62aa265d938c612f7c8361e3","EC_0047.jpg"
"11564",9.8125,13.1278,"62aa265d938c612f7c8361e3","EC_0093.jpg"
"11565",9.388888889,2.8648,"62aa265d938c612f7c8361e3","EC_0086.jpg"
"11566",9.222222222,2.7104,"62aa265d938c612f7c8361e3","EC_0140.jpg"
"11567",5.013888889,11.8467,"62aa265d938c612f7c8361e3","EC_0101.jpg"
"11568",8.25,1.9959,"62aa265d938c612f7c8361e3","EC_0042.jpg"
"11569",8.875,1.7896,"62aa265d938c612f7c8361e3","EC_0046.jpg"
"11570",8.305555556,2.2382,"62aa265d938c612f7c8361e3","EC_0103.jpg"
"11571",9.743055556,2.0305,"62aa265d938c612f7c8361e3","EC_0180.jpg"
"11572",6.833333333,2.7204,"62aa265d938c612f7c8361e3","EC_0064.jpg"
"11573",7.395833333,2.2218,"62aa265d938c612f7c8361e3","EC_0156.jpg"
"11574",1.756944444,2.3173,"62aa265d938c612f7c8361e3","EC_0033.jpeg"
"11575",6.8125,2.5662,"62aa265d938c612f7c8361e3","EC_0016.jpg"
"11576",7.347222222,2.3514,"62aa265d938c612f7c8361e3","EC_0119.jpg"
"11577",9.388888889,3.1244,"62aa265d938c612f7c8361e3","EC_0056.jpg"
"11578",2.506944444,2.2877,"62aa265d938c612f7c8361e3","EC_0243.jpg"
"11579",0.388888889,2.378,"62aa265d938c612f7c8361e3","EC_0242.jpg"
"11580",6.930555556,4.303,"62aa265d938c612f7c8361e3","EC_0029.jpg"
"11581",2.229166667,2.6565,"62aa265d938c612f7c8361e3","EC_0205.jpg"
"11582",9.951388889,2.7514,"62aa265d938c612f7c8361e3","EC_0039.jpg"
"11583",7.888888889,2.7722,"62aa265d938c612f7c8361e3","EC_0193.png"
"11584",2.722222222,3.1941,"62aa265d938c612f7c8361e3","EC_0187.jpeg"
"11585",4.138888889,4.0005,"62aa265d938c612f7c8361e3","EC_0161.jpg"
"11586",0.263888889,2.6944,"62aa265d938c612f7c8361e3","EC_0090.jpg"
"11587",7.298611111,4.626,"62aa265d938c612f7c8361e3","EC_0227.jpg"
"11588",8.333333333,6.4613,"62aa265d938c612f7c8361e3","EC_0057.jpeg"
"11589",8.0625,2.7569,"62aa265d938c612f7c8361e3","EC_0061.jpg"
"11590",7.805555556,3.2807,"62aa265d938c612f7c8361e3","EC_0228.jpg"
"11591",9.416666667,8.4538,"62aa265d938c612f7c8361e3","EC_0020.jpg"
"11592",7.972222222,29.9905,"62aa265d938c612f7c8361e3","EC_0196.jpg"
"11593",0.159722222,2.5408,"62aa265d938c612f7c8361e3","EC_0194.jpg"
"11594",2.090277778,9.7234,"62aa265d938c612f7c8361e3","EC_0036.jpeg"
"11595",7.1875,13.3493,"62aa265d938c612f7c8361e3","EC_0069.jpg"
"11596",7.465277778,3.9195,"62aa265d938c612f7c8361e3","EC_0142.jpg"
"11597",3.694444444,5.347,"62aa265d938c612f7c8361e3","EC_0206.png"
"11598",7.729166667,1.937,"62aa265d938c612f7c8361e3","EC_0066.jpg"
"11599",6.472222222,2.5657,"62aa265d938c612f7c8361e3","EC_0089.jpg"
"11600",9.888888889,2.4216,"62aa265d938c612f7c8361e3","EC_0030.jpg"
"11601",6.701388889,9.5399,"62aa265d938c612f7c8361e3","EC_0234.jpg"
"11602",9.9375,2.0695,"62aa265d938c612f7c8361e3","EC_0111.jpg"
"11603",8.909722222,3.186,"62aa265d938c612f7c8361e3","EC_0022.jpg"
"11604",9.430555556,2.9959,"62aa265d938c612f7c8361e3","EC_0141.jpg"
"11605",9.826388889,2.4684,"62aa265d938c612f7c8361e3","EC_0199.jpg"
"11606",9.270833333,2.1079,"62aa265d938c612f7c8361e3","EC_0120.jpg"
"11607",1.923611111,3.0267,"62aa265d938c612f7c8361e3","EC_0137.jpg"
"11608",1.527777778,2.4537,"62aa265d938c612f7c8361e3","EC_0074.jpg"
"11609",2.409722222,3.9042,"62aa265d938c612f7c8361e3","EC_0005.jpg"
"11610",7.055555556,2.1203,"62aa265d938c612f7c8361e3","EC_0166.jpg"
"11611",9.173611111,2.4233,"62aa265d938c612f7c8361e3","EC_0245.jpg"
"11612",9.243055556,2.1942,"62aa265d938c612f7c8361e3","EC_0213.jpg"
"11613",8.5,2.6034,"62aa265d938c612f7c8361e3","EC_0139.png"
"11614",9.375,2.1065,"62aa265d938c612f7c8361e3","EC_0038.jpg"
"11615",8.958333333,2.1496,"62aa265d938c612f7c8361e3","EC_0221.jpg"
"11616",2.215277778,3.6068,"62aa265d938c612f7c8361e3","EC_0138.png"
"11617",1.784722222,2.0721,"62aa265d938c612f7c8361e3","EC_0051.jpg"
"11618",8.645833333,2.686,"62aa265d938c612f7c8361e3","EC_0054.jpg"
"11619",8.861111111,2.1944,"62aa265d938c612f7c8361e3","EC_0211.jpg"
"11620",9.416666667,3.2358,"62aa265d938c612f7c8361e3","EC_0079.jpg"
"11621",7.354166667,4.3304,"62aa265d938c612f7c8361e3","EC_0099.jpg"
"11622",6.527777778,2.2883,"62aa265d938c612f7c8361e3","EC_0118.jpg"
"11623",1.680555556,3.5655,"62aa265d938c612f7c8361e3","EC_0123.jpeg"
"11624",9.576388889,2.3988,"62aa265d938c612f7c8361e3","EC_0098.jpg"
"11625",2.041666667,2.2553,"62aa265d938c612f7c8361e3","EC_0095.jpg"
"11626",9.347222222,2.4267,"62aa265d938c612f7c8361e3","EC_0083.jpg"
"11627",8.694444444,1.9294,"62aa265d938c612f7c8361e3","EC_0104.jpg"
"11628",8.875,1.8958,"62aa265d938c612f7c8361e3","EC_0017.jpg"
"11629",8.541666667,3.0165,"62aa265d938c612f7c8361e3","EC_0153.jpg"
"11630",3.597222222,2.5963,"62aa265d938c612f7c8361e3","EC_0100.jpg"
"11631",4.951388889,3.3521,"62aa265d938c612f7c8361e3","EC_0201.jpg"
"11632",8.555555556,2.3316,"62aa265d938c612f7c8361e3","EC_0062.jpg"
"11633",9.659722222,2.0942,"62aa265d938c612f7c8361e3","EC_0094.jpg"
"11634",8.111111111,2.1829,"62aa265d938c612f7c8361e3","EC_0060.jpg"
"11635",2.291666667,3.6711,"62aa265d938c612f7c8361e3","EC_0129.jpeg"
"11636",9.923611111,9.5736,"62aa265d938c612f7c8361e3","EC_0041.jpg"
"11637",9.506944444,1.9958,"62aa265d938c612f7c8361e3","EC_0154.jpg"
"11638",0.361111111,3.0802,"62aa265d938c612f7c8361e3","EC_0076.jpg"
"11639",3.215277778,3.7925,"62aa265d938c612f7c8361e3","EC_0010.jpg"
"11640",0.006944444,2.5656,"62aa265d938c612f7c8361e3","EC_0185.jpg"
"11641",9.791666667,1.9613,"62aa265d938c612f7c8361e3","EC_0246.jpg"
"11642",5,3.4125,"62aa265d938c612f7c8361e3","EC_0065.jpg"
"11643",9.451388889,5.1702,"62aa265d938c612f7c8361e3","EC_0073.jpg"
"11644",8.263888889,2.9653,"62aa265d938c612f7c8361e3","EC_0164.jpg"
"11645",8.3125,2.1138,"62aa265d938c612f7c8361e3","EC_0109.jpg"
"11646",6.75,3.0185,"62aa265d938c612f7c8361e3","EC_0226.jpg"
"11647",9.319444444,2.5465,"62aa265d938c612f7c8361e3","EC_0160.jpg"
"11648",5.472222222,4.9276,"62aa265d938c612f7c8361e3","EC_0136.jpg"
"11649",9.861111111,2.2113,"62aa265d938c612f7c8361e3","EC_0003.jpg"
"11650",6.194444444,2.9121,"62aa265d938c612f7c8361e3","EC_0181.jpg"
"11651",8.958333333,2.3238,"62aa265d938c612f7c8361e3","EC_0170.jpg"
"11652",7.805555556,7.5187,"62aa265d938c612f7c8361e3","EC_0195.jpg"
"11653",3.909722222,2.5513,"62aa265d938c612f7c8361e3","EC_0012.jpg"
"11654",8.326388889,2.0471,"62aa265d938c612f7c8361e3","EC_0149.jpg"
"11655",6.131944444,2.8039,"62aa265d938c612f7c8361e3","EC_0148.jpg"
"11656",9.104166667,2.0864,"62aa265d938c612f7c8361e3","EC_0250.jpg"
"11657",9.131944444,2.3803,"62aa265d938c612f7c8361e3","EC_0219.jpg"
"11658",9.354166667,3.8484,"62aa265d938c612f7c8361e3","EC_0172.jpg"
"11659",2.9375,4.9767,"62aa265d938c612f7c8361e3","EC_0097.jpg"
"11660",8.493055556,2.2971,"62aa265d938c612f7c8361e3","EC_0147.png"
"11661",9.361111111,3.9611,"62aa265d938c612f7c8361e3","EC_0248.jpg"
"11662",9.319444444,2.1358,"62aa265d938c612f7c8361e3","EC_0188.jpg"
"11663",9.729166667,3.1518,"62aa265d938c612f7c8361e3","EC_0106.jpg"
"11664",9.625,7.5569,"62aa265d938c612f7c8361e3","EC_0176.jpg"
"11665",7.097222222,3.3228,"62aa265d938c612f7c8361e3","EC_0102.jpg"
"11666",7.479166667,6.4926,"62aa265d938c612f7c8361e3","EC_0173.jpg"
"11667",9.611111111,2.9376,"62aa265d938c612f7c8361e3","EC_0157.jpg"
"11668",8.5625,17.9343,"62aa265d938c612f7c8361e3","EC_0237.jpg"
"11669",3.604166667,8.9228,"62aa265d938c612f7c8361e3","EC_0183.jpg"
"11670",8.625,2.0029,"62aa265d938c612f7c8361e3","EC_0159.jpg"
"11671",9.479166667,1.968,"62aa265d938c612f7c8361e3","EC_0203.jpg"
"11672",9.041666667,2.4474,"62aa265d938c612f7c8361e3","EC_0239.jpg"
"11673",2.881944444,2.6974,"62aa265d938c612f7c8361e3","EC_0105.jpg"
"11674",9.784722222,2.0881,"62aa265d938c612f7c8361e3","EC_0169.png"
"11675",9.791666667,2.3256,"62aa265d938c612f7c8361e3","EC_0011.jpg"
"11676",9.861111111,2.5746,"62aa265d938c612f7c8361e3","EC_0132.jpg"
"11677",3.145833333,2.7622,"62aa265d938c612f7c8361e3","EC_0249.jpg"
"11678",9.965277778,2.1593,"62aa265d938c612f7c8361e3","EC_0008.jpg"
"11679",4.902777778,2.9612,"62aa265d938c612f7c8361e3","EC_0124.jpeg"
"11680",8.645833333,2.2253,"62aa265d938c612f7c8361e3","EC_0049.jpg"
"11681",9.979166667,5.4879,"62aa265d938c612f7c8361e3","EC_0200.png"
"11682",8.618055556,5.16,"62aa265d938c612f7c8361e3","EC_0121.jpg"
"11683",9.6875,2.0815,"62aa265d938c612f7c8361e3","EC_0182.jpg"
"11684",8.402777778,3.1665,"62aa265d938c612f7c8361e3","EC_0135.jpg"
"11685",9.201388889,6.1154,"62aa265d938c612f7c8361e3","EC_0241.jpg"
"11686",9.534722222,2.7456,"62aa265d938c612f7c8361e3","EC_0080.jpg"
"11687",9.229166667,2.3226,"62aa265d938c612f7c8361e3","EC_0082.jpg"
"11688",8.256944444,6.009,"62aa265d938c612f7c8361e3","EC_0040.jpg"
"11689",9.673611111,2.2201,"62aa265d938c612f7c8361e3","EC_0001.jpg"
"11690",7.506944444,2.5049,"62aa265d938c612f7c8361e3","EC_0071.jpg"
"11691",9.736111111,2.5098,"62aa265d938c612f7c8361e3","EC_0116.jpg"
"11692",0.659722222,2.7275,"62aa265d938c612f7c8361e3","EC_0027.jpg"
"11693",7.236111111,2.6519,"62aa265d938c612f7c8361e3","EC_0014.jpg"
"11694",3.506944444,3.6645,"62aa265d938c612f7c8361e3","EC_0053.jpg"
"11695",9.958333333,2.7458,"62aa265d938c612f7c8361e3","EC_0108.jpg"
"11696",0.368055556,2.4818,"62aa265d938c612f7c8361e3","EC_0204.jpg"
"11697",4.25,2.4165,"62aa265d938c612f7c8361e3","EC_0151.jpg"
"11698",2.5,2.1044,"62aa265d938c612f7c8361e3","EC_0230.jpg"
"11699",9.611111111,3.7735,"62aa265d938c612f7c8361e3","EC_0015.jpg"
"11700",7.680555556,8.251,"62aa265d938c612f7c8361e3","EC_0032.jpg"
"11701",1.798611111,2.2125,"62aa265d938c612f7c8361e3","EC_0048.jpg"
"11702",8.034722222,1.8193,"62aa265d938c612f7c8361e3","EC_0158.jpg"
"11703",9.236111111,1.8778,"62aa265d938c612f7c8361e3","EC_0222.jpg"
"11704",8.284722222,2.4962,"62aa265d938c612f7c8361e3","EC_0002.jpg"
"11705",9.368055556,1.8671,"62aa265d938c612f7c8361e3","EC_0152.jpg"
"11706",9.583333333,2.4746,"62aa265d938c612f7c8361e3","EC_0092.jpg"
"11707",0.715277778,2.392,"62aa265d938c612f7c8361e3","EC_0113.jpg"
"11708",2.944444444,6.4752,"62aa265d938c612f7c8361e3","EC_0133.jpg"
"11709",6.444444444,13.3798,"62aa265d938c612f7c8361e3","EC_0088.jpg"
"11710",7.986111111,7.0163,"62aa265d938c612f7c8361e3","EC_0034.jpg"
"11711",9.569444444,1.9282,"62aa265d938c612f7c8361e3","EC_0198.jpg"
"11712",8.916666667,2.1511,"62aa265d938c612f7c8361e3","EC_0131.jpg"
"11713",7.909722222,17.4406,"62aa265d938c612f7c8361e3","EC_0174.jpg"
"11714",8.006944444,7.6709,"62aa265d938c612f7c8361e3","EC_0232.jpg"
"11715",7.513888889,6.6625,"62aa265d938c612f7c8361e3","EC_0044.jpg"
"11716",9.736111111,3.7676,"62aa265d938c612f7c8361e3","EC_0028.jpg"
"11717",8.423611111,12.5434,"62aa265d938c612f7c8361e3","EC_0207.jpg"
"11718",8.881944444,3.604,"62aa265d938c612f7c8361e3","EC_0163.jpg"
"11719",9.645833333,2.044,"62aa265d938c612f7c8361e3","EC_0058.jpg"
"11720",9.645833333,4.775,"62aa265d938c612f7c8361e3","EC_0024.jpg"
"11721",1.736111111,2.4263,"62aa265d938c612f7c8361e3","EC_0084.jpg"
"11722",0.180555556,3.3438,"62aa265d938c612f7c8361e3","EC_0184.jpg"
"11723",1.638888889,11.4881,"62aa265d938c612f7c8361e3","EC_0077.jpg"
"11724",7.673611111,3.9083,"62aa265d938c612f7c8361e3","EC_0162.jpg"
"11725",9.145833333,4.8286,"62aa265d938c612f7c8361e3","EC_0167.jpg"
"11726",7.513888889,3.4913,"62aa265d938c612f7c8361e3","EC_0125.jpeg"
"11727",8.541666667,4.0832,"62aa265d938c612f7c8361e3","EC_0168.jpeg"
"11728",9.715277778,7.1224,"62aa265d938c612f7c8361e3","EC_0229.jpg"
"11729",7.263888889,2.5095,"62aa265d938c612f7c8361e3","EC_0007.jpg"
"11730",9.458333333,2.0031,"62aa265d938c612f7c8361e3","EC_0214.jpg"
"11731",9.1875,2.0533,"62aa265d938c612f7c8361e3","EC_0055.jpg"
"11732",6.458333333,3.062,"62aa265d938c612f7c8361e3","EC_0085.jpg"
"11733",9.791666667,6.3657,"62aa265d938c612f7c8361e3","EC_0070.jpg"
"11734",7.041666667,2.3993,"62aa265d938c612f7c8361e3","EC_0037.jpg"
"11735",8.791666667,2.0162,"62aa265d938c612f7c8361e3","EC_0247.jpg"
"11736",8.868055556,2.3729,"62aa265d938c612f7c8361e3","EC_0171.jpg"
"11737",8.708333333,3.1937,"62aa265d938c612f7c8361e3","EC_0231.jpg"
"11738",8.868055556,4.303,"62aa265d938c612f7c8361e3","EC_0081.jpg"
"11739",8.861111111,15.9882,"62aa265d938c612f7c8361e3","EC_0202.jpg"
"11740",8.409722222,14.4115,"62aa265d938c612f7c8361e3","EC_0117.jpg"
"11741",8.958333333,2.5737,"62aa265d938c612f7c8361e3","EC_0233.jpg"
"11742",9.076388889,2.5027,"62aa265d938c612f7c8361e3","EC_0177.jpg"
"11743",8.868055556,2.7509,"62aa265d938c612f7c8361e3","EC_0128.jpeg"
"11744",7.791666667,11.9751,"62aa265d938c612f7c8361e3","EC_0224.jpg"
"11745",9.256944444,1.7761,"62aa265d938c612f7c8361e3","EC_0238.jpg"
"11746",9.604166667,2.6425,"62aa265d938c612f7c8361e3","EC_0006.jpg"
"11747",9.375,2.4845,"62aa265d938c612f7c8361e3","EC_0068.jpg"
"11748",5.402777778,2.3571,"62aa265d938c612f7c8361e3","EC_0059.jpg"
"11749",3.826388889,2.1974,"62aa265d938c612f7c8361e3","EC_0019.jpg"
"11750",4.8125,2.6914,"62aa265d938c612f7c8361e3","EC_0150.jpg"
"11751",7.986111111,17.976,"62aa265d938c612f7c8361e3","EC_0031.jpg"
"11752",6.798611111,2.2058,"62aa265d938c612f7c8361e3","EC_0009.jpg"
"11753",8.791666667,2.094,"62aa265d938c612f7c8361e3","EC_0134.jpg"
"11754",4.229166667,2.062,"62aa265d938c612f7c8361e3","EC_0013.jpg"
"11755",9.902777778,4.1769,"62aa265d938c612f7c8361e3","EC_0096.jpg"
"11756",7.486111111,2.503,"62aa265d938c612f7c8361e3","EC_0236.jpg"
"11757",8.555555556,3.2083,"62aa265d938c612f7c8361e3","EC_0223.jpg"
"11758",9.104166667,2.1469,"62aa265d938c612f7c8361e3","EC_0087.jpg"
"11759",6.180555556,2.4828,"62aa265d938c612f7c8361e3","EC_0244.jpg"
"11760",8.743055556,3.3016,"62aa265d938c612f7c8361e3","EC_0197.jpg"
"11761",5.010026042,3.2635,"62b0ff84054c6ca32f481c65","EC_0172.jpg"
"11762",6.982595486,3.9704,"62b0ff84054c6ca32f481c65","EC_0207.jpg"
"11763",4.098133681,4.7716,"62b0ff84054c6ca32f481c65","EC_0152.jpg"
"11764",4.886501736,3.0887,"62b0ff84054c6ca32f481c65","EC_0249.jpg"
"11765",7.981467014,3.7042,"62b0ff84054c6ca32f481c65","EC_0059.jpg"
"11766",5.936067708,3.2052,"62b0ff84054c6ca32f481c65","EC_0053.jpg"
"11767",4.943272569,3.255,"62b0ff84054c6ca32f481c65","EC_0001.jpg"
"11768",6.088715278,2.955,"62b0ff84054c6ca32f481c65","EC_0121.jpg"
"11769",6.088715278,3.2376,"62b0ff84054c6ca32f481c65","EC_0089.jpg"
"11770",9.931032986,3.5045,"62b0ff84054c6ca32f481c65","EC_0057.jpeg"
"11771",9.938151042,3.1729,"62b0ff84054c6ca32f481c65","EC_0188.jpg"
"11772",9.937673611,3.1073,"62b0ff84054c6ca32f481c65","EC_0119.jpg"
"11773",7.069618056,3.0584,"62b0ff84054c6ca32f481c65","EC_0240.jpg"
"11774",7.947395833,3.3229,"62b0ff84054c6ca32f481c65","EC_0041.jpg"
"11775",7.958680556,2.6395,"62b0ff84054c6ca32f481c65","EC_0153.jpg"
"11776",8.022135417,5.6693,"62b0ff84054c6ca32f481c65","EC_0064.jpg"
"11777",5.091536458,3.5582,"62b0ff84054c6ca32f481c65","EC_0244.jpg"
"11778",7.963194444,3.0754,"62b0ff84054c6ca32f481c65","EC_0061.jpg"
"11779",8.080381944,2.8209,"62b0ff84054c6ca32f481c65","EC_0142.jpg"
"11780",2.995920139,4.0383,"62b0ff84054c6ca32f481c65","EC_0237.jpg"
"11781",3.972916667,3.9224,"62b0ff84054c6ca32f481c65","EC_0067.jpg"
"11782",9.871180556,3.0565,"62b0ff84054c6ca32f481c65","EC_0141.jpg"
"11783",9.959418403,2.9564,"62b0ff84054c6ca32f481c65","EC_0074.jpg"
"11784",6.006727431,4.4712,"62b0ff84054c6ca32f481c65","EC_0062.jpg"
"11785",9.033854167,3.5075,"62b0ff84054c6ca32f481c65","EC_0099.jpg"
"11786",8.079557292,3.5062,"62b0ff84054c6ca32f481c65","EC_0147.png"
"11787",6.823524306,3.5215,"62b0ff84054c6ca32f481c65","EC_0173.jpg"
"11788",9.487152778,4.5234,"62b0ff84054c6ca32f481c65","EC_0138.png"
"11789",3.829427083,4.6693,"62b0ff84054c6ca32f481c65","EC_0009.jpg"
"11790",7.716579861,4.1395,"62b0ff84054c6ca32f481c65","EC_0018.jpg"
"11791",8.921571181,3.7731,"62b0ff84054c6ca32f481c65","EC_0058.jpg"
"11792",8.911241319,2.556,"62b0ff84054c6ca32f481c65","EC_0214.jpg"
"11793",5.97109375,2.4886,"62b0ff84054c6ca32f481c65","EC_0029.jpg"
"11794",9.933376736,2.8713,"62b0ff84054c6ca32f481c65","EC_0194.jpg"
"11795",9.933376736,2.1548,"62b0ff84054c6ca32f481c65","EC_0248.jpg"
"11796",9.961501736,4.6695,"62b0ff84054c6ca32f481c65","EC_0013.jpg"
"11797",4.990190972,3.7388,"62b0ff84054c6ca32f481c65","EC_0165.jpg"
"11798",9.092534722,3.6082,"62b0ff84054c6ca32f481c65","EC_0209.jpg"
"11799",9.003862847,3.0557,"62b0ff84054c6ca32f481c65","EC_0102.jpg"
"11800",9.003862847,1.7444,"62b0ff84054c6ca32f481c65","EC_0201.jpg"
"11801",7.965277778,2.8564,"62b0ff84054c6ca32f481c65","EC_0149.jpg"
"11802",7.965277778,2.6249,"62b0ff84054c6ca32f481c65","EC_0020.jpg"
"11803",9.54140625,3.7744,"62b0ff84054c6ca32f481c65","EC_0193.png"
"11804",6.899392361,4.1527,"62b0ff84054c6ca32f481c65","EC_0205.jpg"
"11805",8.818055556,3.985,"62b0ff84054c6ca32f481c65","EC_0046.jpg"
"11806",9.852690972,4.7715,"62b0ff84054c6ca32f481c65","EC_0038.jpg"
"11807",8.998524306,3.1906,"62b0ff84054c6ca32f481c65","EC_0104.jpg"
"11808",9.889149306,7.3215,"62b0ff84054c6ca32f481c65","EC_0033.jpeg"
"11809",7.027517361,3.2889,"62b0ff84054c6ca32f481c65","EC_0250.jpg"
"11810",9.015407986,2.5774,"62b0ff84054c6ca32f481c65","EC_0093.jpg"
"11811",5.234852431,3.6064,"62b0ff84054c6ca32f481c65","EC_0161.jpg"
"11812",6.946397569,3.4063,"62b0ff84054c6ca32f481c65","EC_0246.jpg"
"11813",6.979817708,2.256,"62b0ff84054c6ca32f481c65","EC_0167.jpg"
"11814",6.970703125,2.6902,"62b0ff84054c6ca32f481c65","EC_0245.jpg"
"11815",8.951866319,2.6567,"62b0ff84054c6ca32f481c65","EC_0159.jpg"
"11816",8.775390625,2.1708,"62b0ff84054c6ca32f481c65","EC_0156.jpg"
"11817",6.129079861,2.3715,"62b0ff84054c6ca32f481c65","EC_0137.jpg"
"11818",8.829644097,7.1368,"62b0ff84054c6ca32f481c65","EC_0095.jpg"
"11819",8.899001736,2.9906,"62b0ff84054c6ca32f481c65","EC_0162.jpg"
"11820",8.899001736,1.9083,"62b0ff84054c6ca32f481c65","EC_0042.jpg"
"11821",5.447395833,2.5222,"62b0ff84054c6ca32f481c65","EC_0128.jpeg"
"11822",3.017057292,3.5533,"62b0ff84054c6ca32f481c65","EC_0005.jpg"
"11823",7.675520833,2.6389,"62b0ff84054c6ca32f481c65","EC_0106.jpg"
"11824",9.999131944,3.8581,"62b0ff84054c6ca32f481c65","EC_0073.jpg"
"11825",5.913411458,3.3731,"62b0ff84054c6ca32f481c65","EC_0163.jpg"
"11826",9.913671875,4.5708,"62b0ff84054c6ca32f481c65","EC_0243.jpg"
"11827",8.984201389,3.4269,"62b0ff84054c6ca32f481c65","EC_0024.jpg"
"11828",8.152951389,4.0889,"62b0ff84054c6ca32f481c65","EC_0096.jpg"
"11829",9.006163194,2.6241,"62b0ff84054c6ca32f481c65","EC_0028.jpg"
"11830",5.067708333,3.2214,"62b0ff84054c6ca32f481c65","EC_0187.jpeg"
"11831",8.688064236,3.9196,"62b0ff84054c6ca32f481c65","EC_0164.jpg"
"11832",9.002473958,4.771,"62b0ff84054c6ca32f481c65","EC_0094.jpg"
"11833",9.939279514,3.639,"62b0ff84054c6ca32f481c65","EC_0132.jpg"
"11834",9.862847222,2.2565,"62b0ff84054c6ca32f481c65","EC_0197.jpg"
"11835",9.701128472,2.5235,"62b0ff84054c6ca32f481c65","EC_0079.jpg"
"11836",6.988715278,2.772,"62b0ff84054c6ca32f481c65","EC_0040.jpg"
"11837",9.566623264,2.4893,"62b0ff84054c6ca32f481c65","EC_0080.jpg"
"11838",9.577647569,2.2726,"62b0ff84054c6ca32f481c65","EC_0008.jpg"
"11839",7.86015625,2.721,"62b0ff84054c6ca32f481c65","EC_0183.jpg"
"11840",5.862977431,3.2901,"62b0ff84054c6ca32f481c65","EC_0060.jpg"
"11841",9.009895833,2.5443,"62b0ff84054c6ca32f481c65","EC_0116.jpg"
"11842",9.699088542,4.8343,"62b0ff84054c6ca32f481c65","EC_0075.jpg"
"11843",2.974262153,5.1348,"62b0ff84054c6ca32f481c65","EC_0129.jpeg"
"11844",3.785243056,2.339,"62b0ff84054c6ca32f481c65","EC_0184.jpg"
"11845",9.667881944,2.5714,"62b0ff84054c6ca32f481c65","EC_0034.jpg"
"11846",7.361414931,1.8735,"62b0ff84054c6ca32f481c65","EC_0012.jpg"
"11847",9.799869792,2.874,"62b0ff84054c6ca32f481c65","EC_0044.jpg"
"11848",9.804253472,4.5376,"62b0ff84054c6ca32f481c65","EC_0022.jpg"
"11849",9.152473958,1.8209,"62b0ff84054c6ca32f481c65","EC_0133.jpg"
"11850",4.872222222,4.0561,"62b0ff84054c6ca32f481c65","EC_0239.jpg"
"11851",4.872222222,6.2884,"62b0ff84054c6ca32f481c65","EC_0238.jpg"
"11852",6.732899306,3.224,"62b0ff84054c6ca32f481c65","EC_0125.jpeg"
"11853",6.732899306,1.7403,"62b0ff84054c6ca32f481c65","EC_0109.jpg"
"11854",8.052170139,3.69,"62b0ff84054c6ca32f481c65","EC_0148.jpg"
"11855",4.968229167,2.4726,"62b0ff84054c6ca32f481c65","EC_0224.jpg"
"11856",9.606293403,10.9877,"62b0ff84054c6ca32f481c65","EC_0010.jpg"
"11857",9.606293403,2.7553,"62b0ff84054c6ca32f481c65","EC_0117.jpg"
"11858",9.95,3.273,"62b0ff84054c6ca32f481c65","EC_0098.jpg"
"11859",9.95,2.0542,"62b0ff84054c6ca32f481c65","EC_0242.jpg"
"11860",7.099522569,3.8211,"62b0ff84054c6ca32f481c65","EC_0170.jpg"
"11861",8.852126736,5.6069,"62b0ff84054c6ca32f481c65","EC_0199.jpg"
"11862",9.918576389,2.3882,"62b0ff84054c6ca32f481c65","EC_0050.jpg"
"11863",7.046006944,2.9383,"62b0ff84054c6ca32f481c65","EC_0118.jpg"
"11864",5.190538194,7.5702,"62b0ff84054c6ca32f481c65","EC_0136.jpg"
"11865",1.019748264,3.8371,"62b0ff84054c6ca32f481c65","EC_0206.png"
"11866",2.085590278,2.811,"62b0ff84054c6ca32f481c65","EC_0176.jpg"
"11867",9.852083333,2.6567,"62b0ff84054c6ca32f481c65","EC_0030.jpg"
"11868",7.990972222,2.9068,"62b0ff84054c6ca32f481c65","EC_0213.jpg"
"11869",9.990625,2.4722,"62b0ff84054c6ca32f481c65","EC_0003.jpg"
"11870",9.100390625,3.3404,"62b0ff84054c6ca32f481c65","EC_0134.jpg"
"11871",8.850737847,2.6913,"62b0ff84054c6ca32f481c65","EC_0068.jpg"
"11872",9.110894097,5.1214,"62b0ff84054c6ca32f481c65","EC_0084.jpg"
"11873",9.110894097,2.0727,"62b0ff84054c6ca32f481c65","EC_0066.jpg"
"11874",9.956206597,2.5887,"62b0ff84054c6ca32f481c65","EC_0085.jpg"
"11875",9.901388889,2.5401,"62b0ff84054c6ca32f481c65","EC_0140.jpg"
"11876",9.903862847,2.8911,"62b0ff84054c6ca32f481c65","EC_0077.jpg"
"11877",8.053255208,2.8072,"62b0ff84054c6ca32f481c65","EC_0177.jpg"
"11878",9.080555556,4.0368,"62b0ff84054c6ca32f481c65","EC_0082.jpg"
"11879",9.080555556,2.7063,"62b0ff84054c6ca32f481c65","EC_0055.jpg"
"11880",9.916796875,3.1897,"62b0ff84054c6ca32f481c65","EC_0123.jpeg"
"11881",9.035807292,3.4532,"62b0ff84054c6ca32f481c65","EC_0157.jpg"
"11882",6.638585069,4.1253,"62b0ff84054c6ca32f481c65","EC_0111.jpg"
"11883",8.881119792,3.4065,"62b0ff84054c6ca32f481c65","EC_0032.jpg"
"11884",2.840364583,4.2748,"62b0ff84054c6ca32f481c65","EC_0241.jpg"
"11885",5.187760417,4.273,"62b0ff84054c6ca32f481c65","EC_0139.png"
"11886",5.187760417,1.7737,"62b0ff84054c6ca32f481c65","EC_0181.jpg"
"11887",7.105555556,3.5395,"62b0ff84054c6ca32f481c65","EC_0039.jpg"
"11888",7.105555556,3.0084,"62b0ff84054c6ca32f481c65","EC_0071.jpg"
"11889",9.981944444,4.1543,"62b0ff84054c6ca32f481c65","EC_0031.jpg"
"11890",9.981944444,3.606,"62b0ff84054c6ca32f481c65","EC_0016.jpg"
"11891",9.790147569,6.1394,"62b0ff84054c6ca32f481c65","EC_0011.jpg"
"11892",7.110460069,2.6231,"62b0ff84054c6ca32f481c65","EC_0234.jpg"
"11893",6.141189236,7.4374,"62b0ff84054c6ca32f481c65","EC_0171.jpg"
"11894",6.968229167,2.4566,"62b0ff84054c6ca32f481c65","EC_0223.jpg"
"11895",8.821354167,4.0375,"62b0ff84054c6ca32f481c65","EC_0090.jpg"
"11896",3.865928819,3.7044,"62b0ff84054c6ca32f481c65","EC_0166.jpg"
"11897",8.343706597,3.206,"62b0ff84054c6ca32f481c65","EC_0174.jpg"
"11898",6.851128472,4.7212,"62b0ff84054c6ca32f481c65","EC_0232.jpg"
"11899",2.926345486,3.1391,"62b0ff84054c6ca32f481c65","EC_0086.jpg"
"11900",6.976953125,3.6028,"62b0ff84054c6ca32f481c65","EC_0019.jpg"
"11901",2.035894097,3.9207,"62b0ff84054c6ca32f481c65","EC_0113.jpg"
"11902",8.263975694,3.5202,"62b0ff84054c6ca32f481c65","EC_0120.jpg"
"11903",7.951215278,3.8842,"62b0ff84054c6ca32f481c65","EC_0151.jpg"
"11904",8.066970486,5.1187,"62b0ff84054c6ca32f481c65","EC_0198.jpg"
"11905",9.598914931,3.338,"62b0ff84054c6ca32f481c65","EC_0203.jpg"
"11906",9.997048611,2.8928,"62b0ff84054c6ca32f481c65","EC_0006.jpg"
"11907",7.979166667,4.2178,"62b0ff84054c6ca32f481c65","EC_0069.jpg"
"11908",8.546571181,4.2235,"62b0ff84054c6ca32f481c65","EC_0048.jpg"
"11909",9.896701389,4.9535,"62b0ff84054c6ca32f481c65","EC_0185.jpg"
"11910",9.963020833,6.287,"62b0ff84054c6ca32f481c65","EC_0247.jpg"
"11911",5.953342014,4.6891,"62b0ff84054c6ca32f481c65","EC_0200.png"
"11912",8.165842014,3.0394,"62b0ff84054c6ca32f481c65","EC_0105.jpg"
"11913",2.964192708,5.1529,"62b0ff84054c6ca32f481c65","EC_0056.jpg"
"11914",7.822873264,3.5052,"62b0ff84054c6ca32f481c65","EC_0131.jpg"
"11915",9.055598958,4.5706,"62b0ff84054c6ca32f481c65","EC_0168.jpeg"
"11916",1.974045139,8.4556,"62b0ff84054c6ca32f481c65","EC_0097.jpg"
"11917",7.053862847,3.6562,"62b0ff84054c6ca32f481c65","EC_0210.jpg"
"11918",7.057552083,3.1218,"62b0ff84054c6ca32f481c65","EC_0202.jpg"
"11919",7.057552083,2.5572,"62b0ff84054c6ca32f481c65","EC_0070.jpg"
"11920",5.969357639,5.3544,"62b0ff84054c6ca32f481c65","EC_0015.jpg"
"11921",9.843185764,3.0739,"62b0ff84054c6ca32f481c65","EC_0219.jpg"
"11922",1.981684028,4.7698,"62b0ff84054c6ca32f481c65","EC_0124.jpeg"
"11923",9.826953125,4.6547,"62b0ff84054c6ca32f481c65","EC_0103.jpg"
"11924",4.066319444,3.4058,"62b0ff84054c6ca32f481c65","EC_0054.jpg"
"11925",9.926779514,3.2059,"62b0ff84054c6ca32f481c65","EC_0231.jpg"
"11926",1.957508681,4.0016,"62b0ff84054c6ca32f481c65","EC_0222.jpg"
"11927",4.789409722,3.1889,"62b0ff84054c6ca32f481c65","EC_0158.jpg"
"11928",7.973567708,5.8573,"62b0ff84054c6ca32f481c65","EC_0065.jpg"
"11929",4.032942708,3.6571,"62b0ff84054c6ca32f481c65","EC_0195.jpg"
"11930",5.895529514,3.0085,"62b0ff84054c6ca32f481c65","EC_0088.jpg"
"11931",4.983506944,5.4718,"62b0ff84054c6ca32f481c65","EC_0233.jpg"
"11932",8.899262153,3.5515,"62b0ff84054c6ca32f481c65","EC_0087.jpg"
"11933",6.250043403,2.5576,"62b0ff84054c6ca32f481c65","EC_0226.jpg"
"11934",9.976605903,3.3275,"62b0ff84054c6ca32f481c65","EC_0221.jpg"
"11935",6.043012153,3.991,"62b0ff84054c6ca32f481c65","EC_0036.jpeg"
"11936",7.808420139,4.225,"62b0ff84054c6ca32f481c65","EC_0135.jpg"
"11937",9.907335069,4.353,"62b0ff84054c6ca32f481c65","EC_0014.jpg"
"11938",8.473871528,13.5385,"62b0ff84054c6ca32f481c65","EC_0230.jpg"
"11939",5.136631944,3.0225,"62b0ff84054c6ca32f481c65","EC_0160.jpg"
"11940",4.993315972,3.0071,"62b0ff84054c6ca32f481c65","EC_0100.jpg"
"11941",8.112847222,3.6583,"62b0ff84054c6ca32f481c65","EC_0108.jpg"
"11942",8.112847222,2.2735,"62b0ff84054c6ca32f481c65","EC_0049.jpg"
"11943",2.986675347,3.0231,"62b0ff84054c6ca32f481c65","EC_0027.jpg"
"11944",2.096354167,6.5705,"62b0ff84054c6ca32f481c65","EC_0229.jpg"
"11945",6.307204861,4.6686,"62b0ff84054c6ca32f481c65","EC_0211.jpg"
"11946",9.809418403,2.8064,"62b0ff84054c6ca32f481c65","EC_0072.jpg"
"11947",7.992664931,3.4235,"62b0ff84054c6ca32f481c65","EC_0063.jpg"
"11948",5.138194444,2.8739,"62b0ff84054c6ca32f481c65","EC_0236.jpg"
"11949",7.049696181,5.2565,"62b0ff84054c6ca32f481c65","EC_0076.jpg"
"11950",7.049696181,1.6889,"62b0ff84054c6ca32f481c65","EC_0051.jpg"
"11951",7.863975694,3.1371,"62b0ff84054c6ca32f481c65","EC_0081.jpg"
"11952",5.084895833,3.6238,"62b0ff84054c6ca32f481c65","EC_0017.jpg"
"11953",5.927907986,3.4344,"62b0ff84054c6ca32f481c65","EC_0047.jpg"
"11954",7.3734375,6.2881,"62b0ff84054c6ca32f481c65","EC_0092.jpg"
"11955",9.358506944,3.4071,"62b0ff84054c6ca32f481c65","EC_0037.jpg"
"11956",7.042534722,2.9721,"62b0ff84054c6ca32f481c65","EC_0182.jpg"
"11957",9.984939236,2.6726,"62b0ff84054c6ca32f481c65","EC_0228.jpg"
"11958",8.872395833,2.2392,"62b0ff84054c6ca32f481c65","EC_0180.jpg"
"11959",9.972309028,3.8021,"62b0ff84054c6ca32f481c65","EC_0083.jpg"
"11960",7.127604167,4.3717,"62b0ff84054c6ca32f481c65","EC_0150.jpg"
"11961",6.070746528,2.4074,"62b0ff84054c6ca32f481c65","EC_0235.jpg"
"11962",4.016710069,5.336,"62b0ff84054c6ca32f481c65","EC_0154.jpg"
"11963",1.039105903,3.8538,"62b0ff84054c6ca32f481c65","EC_0227.jpg"
"11964",7.926302083,4.0036,"62b0ff84054c6ca32f481c65","EC_0115.jpg"
"11965",3.163368056,3.7578,"62b0ff84054c6ca32f481c65","EC_0169.png"
"11966",4.982855903,3.4716,"62b0ff84054c6ca32f481c65","EC_0007.jpg"
"11967",4.982855903,2.2225,"62b0ff84054c6ca32f481c65","EC_0101.jpg"
"11968",6.891623264,3.1777,"62b0ff84054c6ca32f481c65","EC_0196.jpg"
"11969",5.344270833,4.7541,"62b0ff84054c6ca32f481c65","EC_0204.jpg"
"11970",7.299609375,5.9881,"62b0ff84054c6ca32f481c65","EC_0002.jpg"
"11971",4.842592593,4.3659,"62bdad093f129a724c4dd7b2","EC_0125.jpeg"
"11972",3.722222222,2.6769,"62bdad093f129a724c4dd7b2","EC_0005.jpg"
"11973",6.398148148,2.6637,"62bdad093f129a724c4dd7b2","EC_0128.jpeg"
"11974",6.509259259,2.315,"62bdad093f129a724c4dd7b2","EC_0142.jpg"
"11975",2.407407407,2.5003,"62bdad093f129a724c4dd7b2","EC_0123.jpeg"
"11976",4.981481481,2.4787,"62bdad093f129a724c4dd7b2","EC_0049.jpg"
"11977",5.064814815,3.2622,"62bdad093f129a724c4dd7b2","EC_0015.jpg"
"11978",7.074074074,2.6932,"62bdad093f129a724c4dd7b2","EC_0058.jpg"
"11979",7.083333333,1.9053,"62bdad093f129a724c4dd7b2","EC_0213.jpg"
"11980",7.101851852,2.3026,"62bdad093f129a724c4dd7b2","EC_0183.jpg"
"11981",2.87962963,4.1317,"62bdad093f129a724c4dd7b2","EC_0063.jpg"
"11982",5.981481481,2.4466,"62bdad093f129a724c4dd7b2","EC_0037.jpg"
"11983",6.259259259,2.2352,"62bdad093f129a724c4dd7b2","EC_0233.jpg"
"11984",6.027777778,3.0733,"62bdad093f129a724c4dd7b2","EC_0089.jpg"
"11985",5.064814815,4.6403,"62bdad093f129a724c4dd7b2","EC_0236.jpg"
"11986",3,3.0592,"62bdad093f129a724c4dd7b2","EC_0065.jpg"
"11987",2.287037037,1.8491,"62bdad093f129a724c4dd7b2","EC_0240.jpg"
"11988",3.444444444,1.758,"62bdad093f129a724c4dd7b2","EC_0067.jpg"
"11989",9.324074074,2.5356,"62bdad093f129a724c4dd7b2","EC_0104.jpg"
"11990",6.342592593,2.5308,"62bdad093f129a724c4dd7b2","EC_0101.jpg"
"11991",6.657407407,2.3139,"62bdad093f129a724c4dd7b2","EC_0097.jpg"
"11992",8.175925926,2.0895,"62bdad093f129a724c4dd7b2","EC_0188.jpg"
"11993",8.425925926,2.0058,"62bdad093f129a724c4dd7b2","EC_0056.jpg"
"11994",5.814814815,2.6417,"62bdad093f129a724c4dd7b2","EC_0099.jpg"
"11995",5.064814815,3.9558,"62bdad093f129a724c4dd7b2","EC_0129.jpeg"
"11996",6.046296296,4.6941,"62bdad093f129a724c4dd7b2","EC_0185.jpg"
"11997",7.972222222,2.04,"62bdad093f129a724c4dd7b2","EC_0174.jpg"
"11998",8.25,1.7909,"62bdad093f129a724c4dd7b2","EC_0235.jpg"
"11999",6.166666667,2.2872,"62bdad093f129a724c4dd7b2","EC_0204.jpg"
"12000",6.37037037,2.2267,"62bdad093f129a724c4dd7b2","EC_0222.jpg"
"12001",6.194444444,1.7148,"62bdad093f129a724c4dd7b2","EC_0059.jpg"
"12002",7.564814815,2.26,"62bdad093f129a724c4dd7b2","EC_0006.jpg"
"12003",8.305555556,2.962,"62bdad093f129a724c4dd7b2","EC_0031.jpg"
"12004",8,2.5245,"62bdad093f129a724c4dd7b2","EC_0080.jpg"
"12005",6.185185185,2.7395,"62bdad093f129a724c4dd7b2","EC_0082.jpg"
"12006",6.712962963,2.0686,"62bdad093f129a724c4dd7b2","EC_0051.jpg"
"12007",2.583333333,2.6386,"62bdad093f129a724c4dd7b2","EC_0041.jpg"
"12008",1.833333333,2.6403,"62bdad093f129a724c4dd7b2","EC_0199.jpg"
"12009",6.518518519,2.1037,"62bdad093f129a724c4dd7b2","EC_0050.jpg"
"12010",5.092592593,2.5476,"62bdad093f129a724c4dd7b2","EC_0039.jpg"
"12011",6.75,2.0847,"62bdad093f129a724c4dd7b2","EC_0042.jpg"
"12012",5.018518519,2.3423,"62bdad093f129a724c4dd7b2","EC_0060.jpg"
"12013",6.314814815,2.0461,"62bdad093f129a724c4dd7b2","EC_0160.jpg"
"12014",4.305555556,2.1067,"62bdad093f129a724c4dd7b2","EC_0237.jpg"
"12015",6.268518519,2.0117,"62bdad093f129a724c4dd7b2","EC_0182.jpg"
"12016",7.092592593,1.663,"62bdad093f129a724c4dd7b2","EC_0248.jpg"
"12017",5.722222222,2.1878,"62bdad093f129a724c4dd7b2","EC_0211.jpg"
"12018",7.046296296,1.7973,"62bdad093f129a724c4dd7b2","EC_0219.jpg"
"12019",7.694444444,1.5865,"62bdad093f129a724c4dd7b2","EC_0068.jpg"
"12020",2.416666667,2.8781,"62bdad093f129a724c4dd7b2","EC_0038.jpg"
"12021",2.805555556,2.1546,"62bdad093f129a724c4dd7b2","EC_0195.jpg"
"12022",4.916666667,2.1199,"62bdad093f129a724c4dd7b2","EC_0012.jpg"
"12023",1.768518519,3.184,"62bdad093f129a724c4dd7b2","EC_0214.jpg"
"12024",4.953703704,3.8861,"62bdad093f129a724c4dd7b2","EC_0239.jpg"
"12025",3.018518519,2.4272,"62bdad093f129a724c4dd7b2","EC_0028.jpg"
"12026",7.481481481,2.6413,"62bdad093f129a724c4dd7b2","EC_0086.jpg"
"12027",6.925925926,2.0313,"62bdad093f129a724c4dd7b2","EC_0120.jpg"
"12028",5.555555556,1.9962,"62bdad093f129a724c4dd7b2","EC_0047.jpg"
"12029",2.814814815,2.0323,"62bdad093f129a724c4dd7b2","EC_0193.png"
"12030",7.648148148,2.2178,"62bdad093f129a724c4dd7b2","EC_0102.jpg"
"12031",6.990740741,2.4992,"62bdad093f129a724c4dd7b2","EC_0083.jpg"
"12032",6.546296296,1.9928,"62bdad093f129a724c4dd7b2","EC_0167.jpg"
"12033",6.287037037,1.8776,"62bdad093f129a724c4dd7b2","EC_0169.png"
"12034",2.324074074,3.2804,"62bdad093f129a724c4dd7b2","EC_0124.jpeg"
"12035",2.398148148,2.3429,"62bdad093f129a724c4dd7b2","EC_0196.jpg"
"12036",1.842592593,2.8552,"62bdad093f129a724c4dd7b2","EC_0165.jpg"
"12037",8.342592593,2.2388,"62bdad093f129a724c4dd7b2","EC_0157.jpg"
"12038",6.305555556,2.6132,"62bdad093f129a724c4dd7b2","EC_0018.jpg"
"12039",2.472222222,2.2448,"62bdad093f129a724c4dd7b2","EC_0048.jpg"
"12040",7.685185185,2.4137,"62bdad093f129a724c4dd7b2","EC_0010.jpg"
"12041",6.518518519,2.0579,"62bdad093f129a724c4dd7b2","EC_0135.jpg"
"12042",4.111111111,2.9281,"62bdad093f129a724c4dd7b2","EC_0014.jpg"
"12043",4.296296296,2.3118,"62bdad093f129a724c4dd7b2","EC_0231.jpg"
"12044",4.851851852,2.1976,"62bdad093f129a724c4dd7b2","EC_0223.jpg"
"12045",9.898148148,2.4971,"62bdad093f129a724c4dd7b2","EC_0057.jpeg"
"12046",2.537037037,2.4953,"62bdad093f129a724c4dd7b2","EC_0243.jpg"
"12047",4.87037037,2.1725,"62bdad093f129a724c4dd7b2","EC_0166.jpg"
"12048",1.787037037,2.6595,"62bdad093f129a724c4dd7b2","EC_0094.jpg"
"12049",0.583333333,3.5716,"62bdad093f129a724c4dd7b2","EC_0024.jpg"
"12050",1.740740741,2.845,"62bdad093f129a724c4dd7b2","EC_0206.png"
"12051",2.296296296,2.0467,"62bdad093f129a724c4dd7b2","EC_0224.jpg"
"12052",0,5.5326,"62bdad093f129a724c4dd7b2","EC_0111.jpg"
"12053",1.722222222,2.274,"62bdad093f129a724c4dd7b2","EC_0105.jpg"
"12054",7.444444444,2.2293,"62bdad093f129a724c4dd7b2","EC_0032.jpg"
"12055",0.25,3.3848,"62bdad093f129a724c4dd7b2","EC_0171.jpg"
"12056",0.148148148,3.2409,"62bdad093f129a724c4dd7b2","EC_0040.jpg"
"12057",7.814814815,2.5619,"62bdad093f129a724c4dd7b2","EC_0007.jpg"
"12058",8.416666667,2.3929,"62bdad093f129a724c4dd7b2","EC_0152.jpg"
"12059",7.574074074,1.9193,"62bdad093f129a724c4dd7b2","EC_0170.jpg"
"12060",8.194444444,1.9719,"62bdad093f129a724c4dd7b2","EC_0118.jpg"
"12061",8.62962963,1.8171,"62bdad093f129a724c4dd7b2","EC_0075.jpg"
"12062",7.055555556,2.0459,"62bdad093f129a724c4dd7b2","EC_0121.jpg"
"12063",5.731481481,1.5667,"62bdad093f129a724c4dd7b2","EC_0198.jpg"
"12064",2.861111111,1.7959,"62bdad093f129a724c4dd7b2","EC_0079.jpg"
"12065",8.25,2.2896,"62bdad093f129a724c4dd7b2","EC_0106.jpg"
"12066",8.111111111,1.576,"62bdad093f129a724c4dd7b2","EC_0163.jpg"
"12067",8.083333333,1.6322,"62bdad093f129a724c4dd7b2","EC_0246.jpg"
"12068",1.305555556,2.4337,"62bdad093f129a724c4dd7b2","EC_0154.jpg"
"12069",6.324074074,2.1547,"62bdad093f129a724c4dd7b2","EC_0088.jpg"
"12070",0.25,3.4828,"62bdad093f129a724c4dd7b2","EC_0027.jpg"
"12071",8.324074074,3.0355,"62bdad093f129a724c4dd7b2","EC_0092.jpg"
"12072",0.324074074,3.072,"62bdad093f129a724c4dd7b2","EC_0033.jpeg"
"12073",7.675925926,2.0125,"62bdad093f129a724c4dd7b2","EC_0156.jpg"
"12074",7.824074074,1.7836,"62bdad093f129a724c4dd7b2","EC_0119.jpg"
"12075",7.101851852,2.1857,"62bdad093f129a724c4dd7b2","EC_0054.jpg"
"12076",0.953703704,2.0625,"62bdad093f129a724c4dd7b2","EC_0029.jpg"
"12077",5.972222222,2.1271,"62bdad093f129a724c4dd7b2","EC_0210.jpg"
"12078",0.712962963,2.3363,"62bdad093f129a724c4dd7b2","EC_0108.jpg"
"12079",7.287037037,2.8742,"62bdad093f129a724c4dd7b2","EC_0232.jpg"
"12080",7.194444444,2.3323,"62bdad093f129a724c4dd7b2","EC_0230.jpg"
"12081",7.546296296,1.7052,"62bdad093f129a724c4dd7b2","EC_0250.jpg"
"12082",7.583333333,1.7287,"62bdad093f129a724c4dd7b2","EC_0017.jpg"
"12083",1.694444444,2.2052,"62bdad093f129a724c4dd7b2","EC_0073.jpg"
"12084",6.787037037,1.8123,"62bdad093f129a724c4dd7b2","EC_0084.jpg"
"12085",7.351851852,1.6921,"62bdad093f129a724c4dd7b2","EC_0207.jpg"
"12086",8.666666667,1.5749,"62bdad093f129a724c4dd7b2","EC_0030.jpg"
"12087",6.601851852,1.6368,"62bdad093f129a724c4dd7b2","EC_0238.jpg"
"12088",2.407407407,1.4733,"62bdad093f129a724c4dd7b2","EC_0153.jpg"
"12089",6.962962963,1.4021,"62bdad093f129a724c4dd7b2","EC_0228.jpg"
"12090",8.305555556,1.6205,"62bdad093f129a724c4dd7b2","EC_0096.jpg"
"12091",3.87962963,2.4206,"62bdad093f129a724c4dd7b2","EC_0064.jpg"
"12092",1.953703704,1.3948,"62bdad093f129a724c4dd7b2","EC_0087.jpg"
"12093",2.388888889,2.3533,"62bdad093f129a724c4dd7b2","EC_0159.jpg"
"12094",8.388888889,2.3015,"62bdad093f129a724c4dd7b2","EC_0074.jpg"
"12095",2.435185185,1.6897,"62bdad093f129a724c4dd7b2","EC_0034.jpg"
"12096",7.425925926,1.9896,"62bdad093f129a724c4dd7b2","EC_0036.jpeg"
"12097",6.601851852,2.9578,"62bdad093f129a724c4dd7b2","EC_0194.jpg"
"12098",2.037037037,2.5648,"62bdad093f129a724c4dd7b2","EC_0069.jpg"
"12099",6.518518519,2.1947,"62bdad093f129a724c4dd7b2","EC_0009.jpg"
"12100",7.787037037,1.7306,"62bdad093f129a724c4dd7b2","EC_0100.jpg"
"12101",7.75,1.8698,"62bdad093f129a724c4dd7b2","EC_0241.jpg"
"12102",2.027777778,2.6065,"62bdad093f129a724c4dd7b2","EC_0062.jpg"
"12103",2.925925926,2.0653,"62bdad093f129a724c4dd7b2","EC_0002.jpg"
"12104",7.240740741,1.8916,"62bdad093f129a724c4dd7b2","EC_0053.jpg"
"12105",9.916666667,2.9389,"62bdad093f129a724c4dd7b2","EC_0176.jpg"
"12106",9.87037037,2.5016,"62bdad093f129a724c4dd7b2","EC_0209.jpg"
"12107",2.351851852,2.1971,"62bdad093f129a724c4dd7b2","EC_0177.jpg"
"12108",8.953703704,2.0273,"62bdad093f129a724c4dd7b2","EC_0172.jpg"
"12109",9.203703704,1.8657,"62bdad093f129a724c4dd7b2","EC_0072.jpg"
"12110",6.157407407,2.0447,"62bdad093f129a724c4dd7b2","EC_0011.jpg"
"12111",1.833333333,1.7818,"62bdad093f129a724c4dd7b2","EC_0205.jpg"
"12112",4.842592593,1.9858,"62bdad093f129a724c4dd7b2","EC_0081.jpg"
"12113",7.37037037,1.4316,"62bdad093f129a724c4dd7b2","EC_0140.jpg"
"12114",9.5,1.6593,"62bdad093f129a724c4dd7b2","EC_0200.png"
"12115",7.518518519,2.3258,"62bdad093f129a724c4dd7b2","EC_0133.jpg"
"12116",8.777777778,1.7895,"62bdad093f129a724c4dd7b2","EC_0247.jpg"
"12117",9.425925926,1.7474,"62bdad093f129a724c4dd7b2","EC_0001.jpg"
"12118",10,2.5565,"62bdad093f129a724c4dd7b2","EC_0077.jpg"
"12119",1.537037037,4.3261,"62bdad093f129a724c4dd7b2","EC_0184.jpg"
"12120",4.898148148,2.4392,"62bdad093f129a724c4dd7b2","EC_0117.jpg"
"12121",7.740740741,2.378,"62bdad093f129a724c4dd7b2","EC_0150.jpg"
"12122",8.12962963,1.6835,"62bdad093f129a724c4dd7b2","EC_0046.jpg"
"12123",6.638888889,1.461,"62bdad093f129a724c4dd7b2","EC_0151.jpg"
"12124",7.527777778,1.9874,"62bdad093f129a724c4dd7b2","EC_0061.jpg"
"12125",1.324074074,2.4999,"62bdad093f129a724c4dd7b2","EC_0095.jpg"
"12126",8.388888889,2.1093,"62bdad093f129a724c4dd7b2","EC_0016.jpg"
"12127",8.435185185,1.7768,"62bdad093f129a724c4dd7b2","EC_0197.jpg"
"12128",8.796296296,1.8023,"62bdad093f129a724c4dd7b2","EC_0158.jpg"
"12129",0.296296296,2.9157,"62bdad093f129a724c4dd7b2","EC_0147.png"
"12130",7.888888889,2.2671,"62bdad093f129a724c4dd7b2","EC_0131.jpg"
"12131",6.527777778,2.405,"62bdad093f129a724c4dd7b2","EC_0090.jpg"
"12132",5.5,1.8775,"62bdad093f129a724c4dd7b2","EC_0203.jpg"
"12133",7.916666667,1.6346,"62bdad093f129a724c4dd7b2","EC_0134.jpg"
"12134",6.87037037,1.9254,"62bdad093f129a724c4dd7b2","EC_0008.jpg"
"12135",9.212962963,2.2641,"62bdad093f129a724c4dd7b2","EC_0244.jpg"
"12136",3.037037037,2.4977,"62bdad093f129a724c4dd7b2","EC_0202.jpg"
"12137",5.907407407,2.78,"62bdad093f129a724c4dd7b2","EC_0162.jpg"
"12138",2.824074074,1.7669,"62bdad093f129a724c4dd7b2","EC_0066.jpg"
"12139",7.009259259,2.7775,"62bdad093f129a724c4dd7b2","EC_0221.jpg"
"12140",6.388888889,1.7879,"62bdad093f129a724c4dd7b2","EC_0044.jpg"
"12141",2.064814815,2.1528,"62bdad093f129a724c4dd7b2","EC_0161.jpg"
"12142",7.601851852,2.9961,"62bdad093f129a724c4dd7b2","EC_0141.jpg"
"12143",8.583333333,1.7512,"62bdad093f129a724c4dd7b2","EC_0093.jpg"
"12144",7.972222222,2.381,"62bdad093f129a724c4dd7b2","EC_0229.jpg"
"12145",9.296296296,1.7293,"62bdad093f129a724c4dd7b2","EC_0173.jpg"
"12146",7.675925926,1.982,"62bdad093f129a724c4dd7b2","EC_0013.jpg"
"12147",2.138888889,2.1409,"62bdad093f129a724c4dd7b2","EC_0115.jpg"
"12148",2.268518519,1.8608,"62bdad093f129a724c4dd7b2","EC_0249.jpg"
"12149",7.694444444,2.1523,"62bdad093f129a724c4dd7b2","EC_0181.jpg"
"12150",8.25,1.9191,"62bdad093f129a724c4dd7b2","EC_0180.jpg"
"12151",9.268518519,2.2453,"62bdad093f129a724c4dd7b2","EC_0245.jpg"
"12152",8.185185185,1.6357,"62bdad093f129a724c4dd7b2","EC_0187.jpeg"
"12153",6.12962963,1.41,"62bdad093f129a724c4dd7b2","EC_0227.jpg"
"12154",9.574074074,1.6551,"62bdad093f129a724c4dd7b2","EC_0242.jpg"
"12155",8.203703704,1.648,"62bdad093f129a724c4dd7b2","EC_0055.jpg"
"12156",1.37037037,1.4627,"62bdad093f129a724c4dd7b2","EC_0138.png"
"12157",8.592592593,1.9638,"62bdad093f129a724c4dd7b2","EC_0085.jpg"
"12158",3.583333333,1.6996,"62bdad093f129a724c4dd7b2","EC_0098.jpg"
"12159",7.787037037,1.8646,"62bdad093f129a724c4dd7b2","EC_0136.jpg"
"12160",8.064814815,1.874,"62bdad093f129a724c4dd7b2","EC_0168.jpeg"
"12161",9.259259259,1.7003,"62bdad093f129a724c4dd7b2","EC_0020.jpg"
"12162",9.268518519,1.7324,"62bdad093f129a724c4dd7b2","EC_0071.jpg"
"12163",8.842592593,1.7487,"62bdad093f129a724c4dd7b2","EC_0116.jpg"
"12164",6.907407407,1.762,"62bdad093f129a724c4dd7b2","EC_0137.jpg"
"12165",2.777777778,2.8875,"62bdad093f129a724c4dd7b2","EC_0148.jpg"
"12166",2.722222222,1.6358,"62bdad093f129a724c4dd7b2","EC_0201.jpg"
"12167",0.87037037,1.7194,"62bdad093f129a724c4dd7b2","EC_0022.jpg"
"12168",3.055555556,1.4991,"62bdad093f129a724c4dd7b2","EC_0019.jpg"
"12169",8.990740741,2.2582,"62bdad093f129a724c4dd7b2","EC_0070.jpg"
"12170",3.324074074,2.2949,"62bdad093f129a724c4dd7b2","EC_0139.png"
"12171",7.75,2.0865,"62bdad093f129a724c4dd7b2","EC_0132.jpg"
"12172",9.805555556,1.2929,"62bdad093f129a724c4dd7b2","EC_0164.jpg"
"12173",7.203703704,1.3636,"62bdad093f129a724c4dd7b2","EC_0109.jpg"
"12174",0.925925926,1.3268,"62bdad093f129a724c4dd7b2","EC_0103.jpg"
"12175",7.731481481,1.6063,"62bdad093f129a724c4dd7b2","EC_0149.jpg"
"12176",2.444444444,2.1142,"62bdad093f129a724c4dd7b2","EC_0113.jpg"
"12177",8.518518519,2.7324,"62bdad093f129a724c4dd7b2","EC_0226.jpg"
"12178",9.537037037,2.1712,"62bdad093f129a724c4dd7b2","EC_0234.jpg"
"12179",8.259259259,1.6997,"62bdad093f129a724c4dd7b2","EC_0076.jpg"
"12180",9.083333333,1.8801,"62bdad093f129a724c4dd7b2","EC_0003.jpg"
"12181",7.116570978,3.2989,"62c396eed1893e06fdad4574","EC_0152.jpg"
"12182",8.970826284,2.8499,"62c396eed1893e06fdad4574","EC_0057.jpeg"
"12183",7.975787493,3.3241,"62c396eed1893e06fdad4574","EC_0001.jpg"
"12184",3.987992346,3.7346,"62c396eed1893e06fdad4574","EC_0066.jpg"
"12185",5.066261556,2.5163,"62c396eed1893e06fdad4574","EC_0096.jpg"
"12186",6.30388999,2.5713,"62c396eed1893e06fdad4574","EC_0089.jpg"
"12187",6.941219213,2.4669,"62c396eed1893e06fdad4574","EC_0109.jpg"
"12188",5.998325858,2.8496,"62c396eed1893e06fdad4574","EC_0182.jpg"
"12189",9.521759003,3.5314,"62c396eed1893e06fdad4574","EC_0002.jpg"
"12190",7.472722306,3.0859,"62c396eed1893e06fdad4574","EC_0140.jpg"
"12191",8.052096561,3.0026,"62c396eed1893e06fdad4574","EC_0167.jpg"
"12192",6.088183642,3.517,"62c396eed1893e06fdad4574","EC_0136.jpg"
"12193",3.619100881,5.7962,"62c396eed1893e06fdad4574","EC_0185.jpg"
"12194",4.479103131,2.8255,"62c396eed1893e06fdad4574","EC_0086.jpg"
"12195",5.057786031,2.7734,"62c396eed1893e06fdad4574","EC_0245.jpg"
"12196",5.03845519,2.6338,"62c396eed1893e06fdad4574","EC_0120.jpg"
"12197",6.484796771,2.7967,"62c396eed1893e06fdad4574","EC_0166.jpg"
"12198",5.518526096,2.8512,"62c396eed1893e06fdad4574","EC_0169.png"
"12199",6.453180831,16.1976,"62c396eed1893e06fdad4574","EC_0062.jpg"
"12200",7.035848252,3.8741,"62c396eed1893e06fdad4574","EC_0219.jpg"
"12201",7.502744216,2.4072,"62c396eed1893e06fdad4574","EC_0079.jpg"
"12202",7.034178065,2.7862,"62c396eed1893e06fdad4574","EC_0194.jpg"
"12203",7.968462736,2.9338,"62c396eed1893e06fdad4574","EC_0047.jpg"
"12204",8.457405031,2.9582,"62c396eed1893e06fdad4574","EC_0064.jpg"
"12205",8.01389709,12.2989,"62c396eed1893e06fdad4574","EC_0009.jpg"
"12206",6.480978525,4.1862,"62c396eed1893e06fdad4574","EC_0184.jpg"
"12207",5.501585968,8.9831,"62c396eed1893e06fdad4574","EC_0069.jpg"
"12208",6.004092532,6.4205,"62c396eed1893e06fdad4574","EC_0008.jpg"
"12209",6.523657172,2.759,"62c396eed1893e06fdad4574","EC_0224.jpg"
"12210",7.464940947,3.0075,"62c396eed1893e06fdad4574","EC_0165.jpg"
"12211",4.974268916,3.1614,"62c396eed1893e06fdad4574","EC_0171.jpg"
"12212",4.997406513,3.6329,"62c396eed1893e06fdad4574","EC_0240.jpg"
"12213",6.046008747,3.5087,"62c396eed1893e06fdad4574","EC_0173.jpg"
"12214",6.499123473,2.8502,"62c396eed1893e06fdad4574","EC_0098.jpg"
"12215",9.992681864,7.9362,"62c396eed1893e06fdad4574","EC_0174.jpg"
"12216",6.967149568,3.6408,"62c396eed1893e06fdad4574","EC_0236.jpg"
"12217",5.527520164,2.903,"62c396eed1893e06fdad4574","EC_0149.jpg"
"12218",4.987472585,3.0643,"62c396eed1893e06fdad4574","EC_0099.jpg"
"12219",6.385708257,3.121,"62c396eed1893e06fdad4574","EC_0059.jpg"
"12220",7.517546763,3.9086,"62c396eed1893e06fdad4574","EC_0124.jpeg"
"12221",6.003050947,3.7073,"62c396eed1893e06fdad4574","EC_0030.jpg"
"12222",7.015907397,3.659,"62c396eed1893e06fdad4574","EC_0187.jpeg"
"12223",6.490838103,7.0591,"62c396eed1893e06fdad4574","EC_0022.jpg"
"12224",6.025417662,3.3254,"62c396eed1893e06fdad4574","EC_0193.png"
"12225",7.02453005,9.2568,"62c396eed1893e06fdad4574","EC_0041.jpg"
"12226",7.52772402,2.7106,"62c396eed1893e06fdad4574","EC_0070.jpg"
"12227",7.972331,3.7577,"62c396eed1893e06fdad4574","EC_0046.jpg"
"12228",8.032633464,3.4364,"62c396eed1893e06fdad4574","EC_0228.jpg"
"12229",6.503620338,3.3027,"62c396eed1893e06fdad4574","EC_0105.jpg"
"12230",6.97668403,8.3536,"62c396eed1893e06fdad4574","EC_0060.jpg"
"12231",5.526362321,2.7434,"62c396eed1893e06fdad4574","EC_0203.jpg"
"12232",5.526362321,178.9214,"62c396eed1893e06fdad4574","EC_0049.jpg"
"12233",3.512042311,3.9101,"62c396eed1893e06fdad4574","EC_0036.jpeg"
"12234",3.97528867,3.4236,"62c396eed1893e06fdad4574","EC_0233.jpg"
"12235",4.980456921,3.964,"62c396eed1893e06fdad4574","EC_0121.jpg"
"12236",5.496008314,3.3838,"62c396eed1893e06fdad4574","EC_0241.jpg"
"12237",6.002675814,2.7834,"62c396eed1893e06fdad4574","EC_0226.jpg"
"12238",6.994053702,6.6676,"62c396eed1893e06fdad4574","EC_0014.jpg"
"12239",5.528706395,3.3577,"62c396eed1893e06fdad4574","EC_0101.jpg"
"12240",6.031198766,3.6915,"62c396eed1893e06fdad4574","EC_0012.jpg"
"12241",7.518317982,6.6265,"62c396eed1893e06fdad4574","EC_0039.jpg"
"12242",3.516985618,5.83,"62c396eed1893e06fdad4574","EC_0161.jpg"
"12243",4.032727281,2.977,"62c396eed1893e06fdad4574","EC_0085.jpg"
"12244",5.511966,5.436,"62c396eed1893e06fdad4574","EC_0055.jpg"
"12245",5.015594719,3.4086,"62c396eed1893e06fdad4574","EC_0063.jpg"
"12246",5.49144352,17.3226,"62c396eed1893e06fdad4574","EC_0172.jpg"
"12247",6.513307557,4.436,"62c396eed1893e06fdad4574","EC_0056.jpg"
"12248",4.019195117,4.9755,"62c396eed1893e06fdad4574","EC_0177.jpg"
"12249",5.009702765,3.6862,"62c396eed1893e06fdad4574","EC_0210.jpg"
"12250",5.99748546,3.6221,"62c396eed1893e06fdad4574","EC_0250.jpg"
"12251",7.49335778,8.1056,"62c396eed1893e06fdad4574","EC_0231.jpg"
"12252",8.01274533,10.1632,"62c396eed1893e06fdad4574","EC_0156.jpg"
"12253",3.469874994,26.8526,"62c396eed1893e06fdad4574","EC_0237.jpg"
"12254",3.046585032,5.7539,"62c396eed1893e06fdad4574","EC_0118.jpg"
"12255",1.981067003,6.1254,"62c396eed1893e06fdad4574","EC_0162.jpg"
"12256",3.998725021,4.0371,"62c396eed1893e06fdad4574","EC_0170.jpg"
"12257",5.035836018,2.7412,"62c396eed1893e06fdad4574","EC_0142.jpg"
"12258",6.977775633,3.3417,"62c396eed1893e06fdad4574","EC_0108.jpg"
"12259",3.512901061,210.621,"62c396eed1893e06fdad4574","EC_0032.jpg"
"12260",7.951161331,161.0605,"62c396eed1893e06fdad4574","EC_0073.jpg"
"12261",6.477644911,2.7645,"62c396eed1893e06fdad4574","EC_0005.jpg"
"12262",7.475302053,2.5849,"62c396eed1893e06fdad4574","EC_0031.jpg"
"12263",4.669274618,2.8391,"62c396eed1893e06fdad4574","EC_0044.jpg"
"12264",6.050044637,2.5731,"62c396eed1893e06fdad4574","EC_0164.jpg"
"12265",6.582586177,2.8649,"62c396eed1893e06fdad4574","EC_0084.jpg"
"12266",6.072964251,2.5311,"62c396eed1893e06fdad4574","EC_0065.jpg"
"12267",7.023076156,4.319,"62c396eed1893e06fdad4574","EC_0148.jpg"
"12268",8.392612461,3.124,"62c396eed1893e06fdad4574","EC_0249.jpg"
"12269",8.037948186,3.1588,"62c396eed1893e06fdad4574","EC_0247.jpg"
"12270",9.395149037,3.0267,"62c396eed1893e06fdad4574","EC_0235.jpg"
"12271",4.986445194,9.272,"62c396eed1893e06fdad4574","EC_0153.jpg"
"12272",6.46729935,2.7909,"62c396eed1893e06fdad4574","EC_0018.jpg"
"12273",7.007267171,3.0516,"62c396eed1893e06fdad4574","EC_0048.jpg"
"12274",7.535677516,4.0812,"62c396eed1893e06fdad4574","EC_0094.jpg"
"12275",7.533389542,2.5963,"62c396eed1893e06fdad4574","EC_0168.jpeg"
"12276",6.524560195,2.9924,"62c396eed1893e06fdad4574","EC_0067.jpg"
"12277",7.003635478,2.8988,"62c396eed1893e06fdad4574","EC_0150.jpg"
"12278",5.949150753,6.1187,"62c396eed1893e06fdad4574","EC_0202.jpg"
"12279",5.423231157,4.3002,"62c396eed1893e06fdad4574","EC_0053.jpg"
"12280",6.031839533,3.8824,"62c396eed1893e06fdad4574","EC_0214.jpg"
"12281",7.483260956,4.4618,"62c396eed1893e06fdad4574","EC_0003.jpg"
"12282",7.012682605,12.5616,"62c396eed1893e06fdad4574","EC_0037.jpg"
"12283",7.996830903,5.2634,"62c396eed1893e06fdad4574","EC_0092.jpg"
"12284",8.473884523,3.9256,"62c396eed1893e06fdad4574","EC_0134.jpg"
"12285",6.56603301,3.0844,"62c396eed1893e06fdad4574","EC_0242.jpg"
"12286",5.008007569,25.5196,"62c396eed1893e06fdad4574","EC_0199.jpg"
"12287",6.999234593,6.4676,"62c396eed1893e06fdad4574","EC_0137.jpg"
"12288",8.006288987,3.4218,"62c396eed1893e06fdad4574","EC_0081.jpg"
"12289",5.572757151,3.631,"62c396eed1893e06fdad4574","EC_0097.jpg"
"12290",5.99470542,3.3466,"62c396eed1893e06fdad4574","EC_0132.jpg"
"12291",6.010116966,4.4971,"62c396eed1893e06fdad4574","EC_0027.jpg"
"12292",7.524601967,4.691,"62c396eed1893e06fdad4574","EC_0010.jpg"
"12293",7.003885567,42.3621,"62c396eed1893e06fdad4574","EC_0090.jpg"
"12294",7.49156728,3.525,"62c396eed1893e06fdad4574","EC_0129.jpeg"
"12295",7.979200327,3.3177,"62c396eed1893e06fdad4574","EC_0040.jpg"
"12296",6.559415798,4.8369,"62c396eed1893e06fdad4574","EC_0180.jpg"
"12297",5.545543447,7.1941,"62c396eed1893e06fdad4574","EC_0147.png"
"12298",7.02717423,3.1508,"62c396eed1893e06fdad4574","EC_0205.jpg"
"12299",8.63349923,236.1969,"62c396eed1893e06fdad4574","EC_0029.jpg"
"12300",7.999382484,8.9166,"62c396eed1893e06fdad4574","EC_0082.jpg"
"12301",7.548457723,3.4105,"62c396eed1893e06fdad4574","EC_0088.jpg"
"12302",8.444050296,1.9553,"62c396eed1893e06fdad4574","EC_0138.png"
"12303",9.009091197,15.4997,"62c396eed1893e06fdad4574","EC_0050.jpg"
"12304",8.585034747,2.7007,"62c396eed1893e06fdad4574","EC_0054.jpg"
"12305",6.997087886,32.2801,"62c396eed1893e06fdad4574","EC_0234.jpg"
"12306",7.979728217,5.4632,"62c396eed1893e06fdad4574","EC_0007.jpg"
"12307",7.598440988,34.6376,"62c396eed1893e06fdad4574","EC_0087.jpg"
"12308",8.511557341,5.2246,"62c396eed1893e06fdad4574","EC_0157.jpg"
"12309",7.534166169,3.1773,"62c396eed1893e06fdad4574","EC_0013.jpg"
"12310",8.474121094,58.1744,"62c396eed1893e06fdad4574","EC_0020.jpg"
"12311",8.017637406,3.602,"62c396eed1893e06fdad4574","EC_0061.jpg"
"12312",7.530691791,2.957,"62c396eed1893e06fdad4574","EC_0204.jpg"
"12313",8.465904032,3.0686,"62c396eed1893e06fdad4574","EC_0160.jpg"
"12314",8.006315959,2.998,"62c396eed1893e06fdad4574","EC_0072.jpg"
"12315",9.013530327,3.4728,"62c396eed1893e06fdad4574","EC_0163.jpg"
"12316",7.54075866,2.924,"62c396eed1893e06fdad4574","EC_0131.jpg"
"12317",8.519484477,2.7703,"62c396eed1893e06fdad4574","EC_0075.jpg"
"12318",6.573911479,2.3847,"62c396eed1893e06fdad4574","EC_0068.jpg"
"12319",4.637359247,3.0314,"62c396eed1893e06fdad4574","EC_0139.png"
"12320",5.432435096,2.1286,"62c396eed1893e06fdad4574","EC_0222.jpg"
"12321",6.961433352,2.8182,"62c396eed1893e06fdad4574","EC_0128.jpeg"
"12322",6.024324031,2.8769,"62c396eed1893e06fdad4574","EC_0019.jpg"
"12323",6.464412516,2.2219,"62c396eed1893e06fdad4574","EC_0230.jpg"
"12324",7.508305648,2.4652,"62c396eed1893e06fdad4574","EC_0125.jpeg"
"12325",7.962766797,2.4357,"62c396eed1893e06fdad4574","EC_0223.jpg"
"12326",5.665859083,2.685,"62c396eed1893e06fdad4574","EC_0093.jpg"
"12327",6.010640124,2.8417,"62c396eed1893e06fdad4574","EC_0239.jpg"
"12328",6.54731083,2.2865,"62c396eed1893e06fdad4574","EC_0200.png"
"12329",4.895454821,2.6486,"62c396eed1893e06fdad4574","EC_0176.jpg"
"12330",5.947741469,2.7571,"62c396eed1893e06fdad4574","EC_0221.jpg"
"12331",7.010316226,5.8049,"62c396eed1893e06fdad4574","EC_0244.jpg"
"12332",7.530124195,3.916,"62c396eed1893e06fdad4574","EC_0104.jpg"
"12333",6.037431381,6.186,"62c396eed1893e06fdad4574","EC_0076.jpg"
"12334",9.414728953,6.3778,"62c396eed1893e06fdad4574","EC_0058.jpg"
"12335",7.988892953,4.4761,"62c396eed1893e06fdad4574","EC_0038.jpg"
"12336",1.012895992,7.7701,"62c396eed1893e06fdad4574","EC_0195.jpg"
"12337",4.485208336,12.8881,"62c396eed1893e06fdad4574","EC_0209.jpg"
"12338",5.512552356,3.4712,"62c396eed1893e06fdad4574","EC_0015.jpg"
"12339",5.997582792,11.204,"62c396eed1893e06fdad4574","EC_0246.jpg"
"12340",6.547108056,6.9144,"62c396eed1893e06fdad4574","EC_0102.jpg"
"12341",7.520432245,10.5306,"62c396eed1893e06fdad4574","EC_0183.jpg"
"12342",7.981345683,3.1392,"62c396eed1893e06fdad4574","EC_0034.jpg"
"12343",7.001177174,3.5374,"62c396eed1893e06fdad4574","EC_0116.jpg"
"12344",8.461573401,3.459,"62c396eed1893e06fdad4574","EC_0083.jpg"
"12345",8.997163994,4.7281,"62c396eed1893e06fdad4574","EC_0033.jpeg"
"12346",6.005743118,4.713,"62c396eed1893e06fdad4574","EC_0213.jpg"
"12347",7.513897496,3.6305,"62c396eed1893e06fdad4574","EC_0188.jpg"
"12348",5.998258031,5.8214,"62c396eed1893e06fdad4574","EC_0024.jpg"
"12349",6.996368712,4.0988,"62c396eed1893e06fdad4574","EC_0243.jpg"
"12350",6.505316209,4.868,"62c396eed1893e06fdad4574","EC_0103.jpg"
"12351",5.576555795,5.7634,"62c396eed1893e06fdad4574","EC_0181.jpg"
"12352",6.49006418,4.1384,"62c396eed1893e06fdad4574","EC_0100.jpg"
"12353",7.012607579,3.7063,"62c396eed1893e06fdad4574","EC_0196.jpg"
"12354",8.501059024,3.977,"62c396eed1893e06fdad4574","EC_0123.jpeg"
"12355",7.992122477,3.4002,"62c396eed1893e06fdad4574","EC_0115.jpg"
"12356",7.555181729,4.2255,"62c396eed1893e06fdad4574","EC_0229.jpg"
"12357",6.992127344,3.9291,"62c396eed1893e06fdad4574","EC_0158.jpg"
"12358",8.014310074,4.3459,"62c396eed1893e06fdad4574","EC_0197.jpg"
"12359",7.485331285,3.391,"62c396eed1893e06fdad4574","EC_0151.jpg"
"12360",8.515848052,5.9267,"62c396eed1893e06fdad4574","EC_0117.jpg"
"12361",8.010359349,3.7135,"62c396eed1893e06fdad4574","EC_0011.jpg"
"12362",6.011885836,4.0592,"62c396eed1893e06fdad4574","EC_0080.jpg"
"12363",5.561086796,2.9075,"62c396eed1893e06fdad4574","EC_0232.jpg"
"12364",6.985956236,2.8635,"62c396eed1893e06fdad4574","EC_0141.jpg"
"12365",6.529628885,4.2911,"62c396eed1893e06fdad4574","EC_0042.jpg"
"12366",6.999163622,5.8517,"62c396eed1893e06fdad4574","EC_0111.jpg"
"12367",8.01284131,14.9389,"62c396eed1893e06fdad4574","EC_0119.jpg"
"12368",7.537228066,4.1829,"62c396eed1893e06fdad4574","EC_0106.jpg"
"12369",6.015464132,3.0236,"62c396eed1893e06fdad4574","EC_0227.jpg"
"12370",6.98206364,3.5062,"62c396eed1893e06fdad4574","EC_0051.jpg"
"12371",5.021487687,4.2433,"62c396eed1893e06fdad4574","EC_0206.png"
"12372",8.007771945,3.3022,"62c396eed1893e06fdad4574","EC_0159.jpg"
"12373",8.473824367,3.7045,"62c396eed1893e06fdad4574","EC_0207.jpg"
"12374",7.479725919,3.7507,"62c396eed1893e06fdad4574","EC_0201.jpg"
"12375",7.959222973,6.4088,"62c396eed1893e06fdad4574","EC_0238.jpg"
"12376",9.036716533,3.1164,"62c396eed1893e06fdad4574","EC_0095.jpg"
"12377",7.451029933,3.407,"62c396eed1893e06fdad4574","EC_0028.jpg"
"12378",7.001258284,3.5489,"62c396eed1893e06fdad4574","EC_0154.jpg"
"12379",8.006103786,4.9453,"62c396eed1893e06fdad4574","EC_0016.jpg"
"12380",5.556951546,3.0105,"62c396eed1893e06fdad4574","EC_0017.jpg"
"12381",6.511740109,5.5843,"62c396eed1893e06fdad4574","EC_0074.jpg"
"12382",7.549830507,9.0023,"62c396eed1893e06fdad4574","EC_0211.jpg"
"12383",8.47795083,4.5078,"62c396eed1893e06fdad4574","EC_0248.jpg"
"12384",8.022583278,4.024,"62c396eed1893e06fdad4574","EC_0077.jpg"
"12385",9.482835535,4.3425,"62c396eed1893e06fdad4574","EC_0006.jpg"
"12386",8.017647068,8.4678,"62c396eed1893e06fdad4574","EC_0133.jpg"
"12387",2.532870102,9.4522,"62c396eed1893e06fdad4574","EC_0113.jpg"
"12388",5.448265033,5.5204,"62c396eed1893e06fdad4574","EC_0135.jpg"
"12389",4.534023957,4.4323,"62c396eed1893e06fdad4574","EC_0071.jpg"
"12390",6.983798715,9.9552,"62c396eed1893e06fdad4574","EC_0198.jpg"
