I_RT,b1_RT,b2_RT,I_Acc,b1_Acc,b2_Acc,condition
2.93314715239316,-0.308320499892932,-0.173479292592478,0.484252603912116,-0.00231799135012947,0.694639195766433,XOR
2.51753097015792,-0.402680614580284,-0.193475621949833,0.47121933278456,-0.0511254366371185,0.655726145952636,OR
