I_RT,b1_RT,b2_RT,I_Acc,b1_Acc,b2_Acc,condition
2.69839029276039,-0.349263071905192,-0.184321283207358,0.475445492840111,-0.0104768855682291,0.674288442800669,XOR
2.6982901057961,-0.349092498793148,-0.185152840684192,0.477063462602829,-0.0107444582797842,0.671593440742013,OR
