I_RT,b1_RT,b2_RT,I_Acc,b1_Acc,b2_Acc,condition
2.89063716904556,-0.288722799174246,-0.191612119084979,0.484587451565042,0.0264522055434067,0.718408622753651,XOR
2.58105105327909,-0.422667160366353,-0.17290855408674,0.462142185010063,-0.0151000149840279,0.639698875839702,OR
