I_RT,b1_RT,b2_RT,I_Acc,b1_Acc,b2_Acc,condition
2.8834021156467,-0.321084525365646,-0.180825624423649,0.479258884354169,0.00429437730647125,0.686275301044173,XOR
2.55411784068811,-0.374213171630459,-0.187521885655411,0.473320315853278,-0.0107670877949291,0.66047904699784,OR
