I_RT,b1_RT,b2_RT,I_Acc,b1_Acc,b2_Acc,condition
2.91764156156773,-0.305495843379338,-0.19449496984902,0.477362045629787,0.0249151010814068,0.698475859140667,XOR
2.53557345148667,-0.422501922368856,-0.183613857450195,0.469006040837048,0.00929650380153306,0.668414511515555,OR
